scenario_id,optimizer,step,predicted_objective
0,Adam,1,-1.5794093608856201
0,Adam,2,-1.587578296661377
0,Adam,3,-1.5956106185913086
0,Adam,4,-1.6034893989562988
0,Adam,5,-1.611206293106079
0,Adam,6,-1.6187400817871094
0,Adam,7,-1.626082420349121
0,Adam,8,-1.6332212686538696
0,Adam,9,-1.640148401260376
0,Adam,10,-1.646854281425476
0,Adam,11,-1.6533359289169312
0,Adam,12,-1.659582495689392
0,Adam,13,-1.665594458580017
0,Adam,14,-1.671367883682251
0,Adam,15,-1.676903247833252
0,Adam,16,-1.6822021007537842
0,Adam,17,-1.687265157699585
0,Adam,18,-1.692095398902893
0,Adam,19,-1.696697473526001
0,Adam,20,-1.7010759115219116
0,Adam,21,-1.705238938331604
0,Adam,22,-1.7091882228851318
0,Adam,23,-1.7129358053207397
0,Adam,24,-1.7164857387542725
0,Adam,25,-1.719848394393921
0,Adam,26,-1.7230288982391357
0,Adam,27,-1.7260375022888184
0,Adam,28,-1.7288801670074463
0,Adam,29,-1.7315673828125
0,Adam,30,-1.7341058254241943
0,Adam,31,-1.7365036010742188
0,Adam,32,-1.7387675046920776
0,Adam,33,-1.740906000137329
0,Adam,34,-1.7429252862930298
0,Adam,35,-1.74483323097229
0,Adam,36,-1.74663507938385
0,Adam,37,-1.7483371496200562
0,Adam,38,-1.7499476671218872
0,Adam,39,-1.751469373703003
0,Adam,40,-1.7529085874557495
0,Adam,41,-1.7542704343795776
0,Adam,42,-1.7555607557296753
0,Adam,43,-1.7567812204360962
0,Adam,44,-1.7579392194747925
0,Adam,45,-1.7590383291244507
0,Adam,46,-1.760079026222229
0,Adam,47,-1.7610688209533691
0,Adam,48,-1.7620086669921875
0,Adam,49,-1.7629014253616333
0,Adam,50,-1.763751745223999
0,Adam,51,-1.764561414718628
0,Adam,52,-1.7653318643569946
0,Adam,53,-1.766066312789917
0,Adam,54,-1.7667673826217651
0,Adam,55,-1.7674369812011719
0,Adam,56,-1.768074870109558
0,Adam,57,-1.7686853408813477
0,Adam,58,-1.769269585609436
0,Adam,59,-1.7698285579681396
0,Adam,60,-1.770364761352539
0,LBFGS,1,-1.7228641510009766
0,LBFGS,2,-1.7632997035980225
0,LBFGS,3,-1.7767341136932373
0,LBFGS,4,-1.7842402458190918
0,LBFGS,5,-1.7880823612213135
0,LBFGS,6,-1.7901874780654907
0,LBFGS,7,-1.7913494110107422
0,LBFGS,8,-1.791995882987976
0,LBFGS,9,-1.792356252670288
0,LBFGS,10,-1.7925580739974976
0,LBFGS,11,-1.7926706075668335
0,LBFGS,12,-1.792733907699585
0,LBFGS,13,-1.7927684783935547
0,LBFGS,14,-1.7927887439727783
0,LBFGS,15,-1.792798399925232
0,LBFGS,16,-1.792805552482605
0,LBFGS,17,-1.7928069829940796
0,LBFGS,18,-1.792810320854187
0,LBFGS,19,-1.7928111553192139
0,LBFGS,20,-1.7928115129470825
0,LBFGS,21,-1.792811632156372
0,LBFGS,22,-1.792811632156372
0,LBFGS,23,-1.792811632156372
0,LBFGS,24,-1.792811632156372
0,LBFGS,25,-1.792811632156372
0,LBFGS,26,-1.792811632156372
0,LBFGS,27,-1.792811632156372
0,LBFGS,28,-1.792811632156372
0,LBFGS,29,-1.792811632156372
0,LBFGS,30,-1.792811632156372
0,LBFGS,31,-1.792811632156372
0,LBFGS,32,-1.792811632156372
0,LBFGS,33,-1.792811632156372
0,LBFGS,34,-1.792811632156372
0,LBFGS,35,-1.792811632156372
0,LBFGS,36,-1.792811632156372
0,LBFGS,37,-1.792811632156372
0,LBFGS,38,-1.792811632156372
0,LBFGS,39,-1.792811632156372
0,LBFGS,40,-1.792811632156372
0,LBFGS,41,-1.792811632156372
0,LBFGS,42,-1.792811632156372
0,LBFGS,43,-1.792811632156372
0,LBFGS,44,-1.792811632156372
0,LBFGS,45,-1.792811632156372
0,LBFGS,46,-1.792811632156372
0,LBFGS,47,-1.792811632156372
0,LBFGS,48,-1.792811632156372
0,LBFGS,49,-1.792811632156372
0,LBFGS,50,-1.792811632156372
0,LBFGS,51,-1.792811632156372
0,LBFGS,52,-1.792811632156372
0,LBFGS,53,-1.792811632156372
0,LBFGS,54,-1.792811632156372
0,LBFGS,55,-1.792811632156372
0,LBFGS,56,-1.792811632156372
0,LBFGS,57,-1.792811632156372
0,LBFGS,58,-1.792811632156372
0,LBFGS,59,-1.792811632156372
0,LBFGS,60,-1.792811632156372
0,PSO,1,-1.7220386266708374
0,PSO,2,-1.7822617292404175
0,PSO,3,-1.7928118705749512
0,PSO,4,-1.7928118705749512
0,PSO,5,-1.7928118705749512
0,PSO,6,-1.7928118705749512
0,PSO,7,-1.7928118705749512
0,PSO,8,-1.7928118705749512
0,PSO,9,-1.7928118705749512
0,PSO,10,-1.7928118705749512
0,PSO,11,-1.7928118705749512
0,PSO,12,-1.7928118705749512
0,PSO,13,-1.7928118705749512
0,PSO,14,-1.7928118705749512
0,PSO,15,-1.7928118705749512
0,PSO,16,-1.7928118705749512
0,PSO,17,-1.7928118705749512
0,PSO,18,-1.7928118705749512
0,PSO,19,-1.7928118705749512
0,PSO,20,-1.7928118705749512
0,PSO,21,-1.7928118705749512
0,PSO,22,-1.7928118705749512
0,PSO,23,-1.7928118705749512
0,PSO,24,-1.7928118705749512
0,PSO,25,-1.7928118705749512
0,PSO,26,-1.7928118705749512
0,PSO,27,-1.7928118705749512
0,PSO,28,-1.7928118705749512
0,PSO,29,-1.7928118705749512
0,PSO,30,-1.7928118705749512
0,PSO,31,-1.7928118705749512
0,PSO,32,-1.7928118705749512
0,PSO,33,-1.7928118705749512
0,PSO,34,-1.7928118705749512
0,PSO,35,-1.7928118705749512
0,PSO,36,-1.7928118705749512
0,PSO,37,-1.7928118705749512
0,PSO,38,-1.7928118705749512
0,PSO,39,-1.7928118705749512
0,PSO,40,-1.7928118705749512
0,PSO,41,-1.7928118705749512
0,PSO,42,-1.7928118705749512
0,PSO,43,-1.7928118705749512
0,PSO,44,-1.7928118705749512
0,PSO,45,-1.7928118705749512
0,PSO,46,-1.7928118705749512
0,PSO,47,-1.7928118705749512
0,PSO,48,-1.7928118705749512
0,PSO,49,-1.7928118705749512
0,PSO,50,-1.7928118705749512
0,PSO,51,-1.7928118705749512
0,PSO,52,-1.7928118705749512
0,PSO,53,-1.7928118705749512
0,PSO,54,-1.7928118705749512
0,PSO,55,-1.7928118705749512
0,PSO,56,-1.7928118705749512
0,PSO,57,-1.7928118705749512
0,PSO,58,-1.7928118705749512
0,PSO,59,-1.7928118705749512
0,PSO,60,-1.7928118705749512
0,DE,1,-1.685980200767517
0,DE,2,-1.687817931175232
0,DE,3,-1.7458573579788208
0,DE,4,-1.7458573579788208
0,DE,5,-1.7458573579788208
0,DE,6,-1.7468736171722412
0,DE,7,-1.7610853910446167
0,DE,8,-1.7628271579742432
0,DE,9,-1.7664304971694946
0,DE,10,-1.7721716165542603
0,DE,11,-1.7790786027908325
0,DE,12,-1.7790786027908325
0,DE,13,-1.7790786027908325
0,DE,14,-1.7790786027908325
0,DE,15,-1.782986044883728
0,DE,16,-1.782986044883728
0,DE,17,-1.7836799621582031
0,DE,18,-1.786739706993103
0,DE,19,-1.786739706993103
0,DE,20,-1.786739706993103
0,DE,21,-1.786947250366211
0,DE,22,-1.7882481813430786
0,DE,23,-1.7897578477859497
0,DE,24,-1.7905492782592773
0,DE,25,-1.7905492782592773
0,DE,26,-1.7905492782592773
0,DE,27,-1.7905718088150024
0,DE,28,-1.7905718088150024
0,DE,29,-1.7905718088150024
0,DE,30,-1.7905718088150024
0,DE,31,-1.7905718088150024
0,DE,32,-1.7905818223953247
0,DE,33,-1.7905818223953247
0,DE,34,-1.7905818223953247
0,DE,35,-1.7905818223953247
0,DE,36,-1.7908707857131958
0,DE,37,-1.7908707857131958
0,DE,38,-1.7908707857131958
0,DE,39,-1.7908707857131958
0,DE,40,-1.791298270225525
0,DE,41,-1.7914667129516602
0,DE,42,-1.7914667129516602
0,DE,43,-1.791517972946167
0,DE,44,-1.791517972946167
0,DE,45,-1.7916529178619385
0,DE,46,-1.7921051979064941
0,DE,47,-1.7921051979064941
0,DE,48,-1.7921268939971924
0,DE,49,-1.792131781578064
0,DE,50,-1.7921879291534424
0,DE,51,-1.7921879291534424
0,DE,52,-1.7921879291534424
0,DE,53,-1.7921879291534424
0,DE,54,-1.7921879291534424
0,DE,55,-1.7923113107681274
0,DE,56,-1.7923113107681274
0,DE,57,-1.7923113107681274
0,DE,58,-1.7923113107681274
0,DE,59,-1.7924607992172241
0,DE,60,-1.7924607992172241
0,PSO+LBFGS,1,-1.7389247417449951
0,PSO+LBFGS,2,-1.783124566078186
0,PSO+LBFGS,3,-1.7928118705749512
0,PSO+LBFGS,4,-1.7928118705749512
0,PSO+LBFGS,5,-1.7928118705749512
0,PSO+LBFGS,6,-1.7928118705749512
0,PSO+LBFGS,7,-1.7928118705749512
0,PSO+LBFGS,8,-1.7928118705749512
0,PSO+LBFGS,9,-1.7928118705749512
0,PSO+LBFGS,10,-1.7928118705749512
0,PSO+LBFGS,11,-1.7928118705749512
0,PSO+LBFGS,12,-1.7928118705749512
0,PSO+LBFGS,13,-1.7928118705749512
0,PSO+LBFGS,14,-1.7928118705749512
0,PSO+LBFGS,15,-1.7928118705749512
0,PSO+LBFGS,16,-1.7928118705749512
0,PSO+LBFGS,17,-1.7928118705749512
0,PSO+LBFGS,18,-1.7928118705749512
0,PSO+LBFGS,19,-1.7928118705749512
0,PSO+LBFGS,20,-1.7928118705749512
0,PSO+LBFGS,21,-1.7928118705749512
0,PSO+LBFGS,22,-1.7928118705749512
0,PSO+LBFGS,23,-1.7928118705749512
0,PSO+LBFGS,24,-1.7928118705749512
0,PSO+LBFGS,25,-1.7928118705749512
0,PSO+LBFGS,26,-1.7928118705749512
0,PSO+LBFGS,27,-1.7928118705749512
0,PSO+LBFGS,28,-1.7928118705749512
0,PSO+LBFGS,29,-1.7928118705749512
0,PSO+LBFGS,30,-1.7928118705749512
0,PSO+LBFGS,31,-1.7928118705749512
0,PSO+LBFGS,32,-1.7928118705749512
0,PSO+LBFGS,33,-1.7928118705749512
0,PSO+LBFGS,34,-1.7928118705749512
0,PSO+LBFGS,35,-1.7928118705749512
0,PSO+LBFGS,36,-1.7928118705749512
0,PSO+LBFGS,37,-1.7928118705749512
0,PSO+LBFGS,38,-1.7928118705749512
0,PSO+LBFGS,39,-1.7928118705749512
0,PSO+LBFGS,40,-1.7928118705749512
0,PSO+LBFGS,41,-1.7928115129470825
0,PSO+LBFGS,42,-1.7928115129470825
0,PSO+LBFGS,43,-1.7928115129470825
0,PSO+LBFGS,44,-1.7928115129470825
0,PSO+LBFGS,45,-1.7928115129470825
0,PSO+LBFGS,46,-1.7928115129470825
0,PSO+LBFGS,47,-1.7928115129470825
0,PSO+LBFGS,48,-1.7928115129470825
0,PSO+LBFGS,49,-1.7928115129470825
0,PSO+LBFGS,50,-1.7928115129470825
0,PSO+LBFGS,51,-1.7928115129470825
0,PSO+LBFGS,52,-1.7928115129470825
0,PSO+LBFGS,53,-1.7928115129470825
0,PSO+LBFGS,54,-1.7928115129470825
0,PSO+LBFGS,55,-1.7928115129470825
0,PSO+LBFGS,56,-1.7928115129470825
0,PSO+LBFGS,57,-1.7928115129470825
0,PSO+LBFGS,58,-1.7928115129470825
0,PSO+LBFGS,59,-1.7928115129470825
0,PSO+LBFGS,60,-1.7928115129470825
1,Adam,1,-1.6374971866607666
1,Adam,2,-1.6445298194885254
1,Adam,3,-1.6514605283737183
1,Adam,4,-1.6582789421081543
1,Adam,5,-1.664972186088562
1,Adam,6,-1.6715290546417236
1,Adam,7,-1.6779354810714722
1,Adam,8,-1.68418288230896
1,Adam,9,-1.6902645826339722
1,Adam,10,-1.696168303489685
1,Adam,11,-1.7018896341323853
1,Adam,12,-1.707419514656067
1,Adam,13,-1.7127606868743896
1,Adam,14,-1.7179033756256104
1,Adam,15,-1.7228472232818604
1,Adam,16,-1.7275936603546143
1,Adam,17,-1.7321420907974243
1,Adam,18,-1.7364929914474487
1,Adam,19,-1.7406495809555054
1,Adam,20,-1.7446162700653076
1,Adam,21,-1.7483919858932495
1,Adam,22,-1.7519882917404175
1,Adam,23,-1.7554054260253906
1,Adam,24,-1.7586498260498047
1,Adam,25,-1.7617299556732178
1,Adam,26,-1.764648675918579
1,Adam,27,-1.7674133777618408
1,Adam,28,-1.770034670829773
1,Adam,29,-1.7725107669830322
1,Adam,30,-1.774856686592102
1,Adam,31,-1.7770743370056152
1,Adam,32,-1.7791696786880493
1,Adam,33,-1.7811521291732788
1,Adam,34,-1.783025860786438
1,Adam,35,-1.7847973108291626
1,Adam,36,-1.7864713668823242
1,Adam,37,-1.7880533933639526
1,Adam,38,-1.7895513772964478
1,Adam,39,-1.7909679412841797
1,Adam,40,-1.7923071384429932
1,Adam,41,-1.7935762405395508
1,Adam,42,-1.794777274131775
1,Adam,43,-1.795914888381958
1,Adam,44,-1.7969921827316284
1,Adam,45,-1.798013687133789
1,Adam,46,-1.7989827394485474
1,Adam,47,-1.7999022006988525
1,Adam,48,-1.800776481628418
1,Adam,49,-1.8016066551208496
1,Adam,50,-1.802396297454834
1,Adam,51,-1.8031458854675293
1,Adam,52,-1.8038631677627563
1,Adam,53,-1.8045432567596436
1,Adam,54,-1.8051936626434326
1,Adam,55,-1.8058122396469116
1,Adam,56,-1.8064043521881104
1,Adam,57,-1.8069692850112915
1,Adam,58,-1.8075097799301147
1,Adam,59,-1.8080265522003174
1,Adam,60,-1.808519959449768
1,LBFGS,1,-1.7538204193115234
1,LBFGS,2,-1.8040781021118164
1,LBFGS,3,-1.8143686056137085
1,LBFGS,4,-1.8211044073104858
1,LBFGS,5,-1.8244390487670898
1,LBFGS,6,-1.826329231262207
1,LBFGS,7,-1.827376365661621
1,LBFGS,8,-1.827963948249817
1,LBFGS,9,-1.8282932043075562
1,LBFGS,10,-1.828477144241333
1,LBFGS,11,-1.8285785913467407
1,LBFGS,12,-1.8286361694335938
1,LBFGS,13,-1.8286664485931396
1,LBFGS,14,-1.8286856412887573
1,LBFGS,15,-1.828695297241211
1,LBFGS,16,-1.8286991119384766
1,LBFGS,17,-1.8287036418914795
1,LBFGS,18,-1.8287053108215332
1,LBFGS,19,-1.8287055492401123
1,LBFGS,20,-1.8287062644958496
1,LBFGS,21,-1.8287062644958496
1,LBFGS,22,-1.8287062644958496
1,LBFGS,23,-1.8287062644958496
1,LBFGS,24,-1.8287062644958496
1,LBFGS,25,-1.8287062644958496
1,LBFGS,26,-1.8287062644958496
1,LBFGS,27,-1.8287062644958496
1,LBFGS,28,-1.8287062644958496
1,LBFGS,29,-1.8287062644958496
1,LBFGS,30,-1.8287062644958496
1,LBFGS,31,-1.8287062644958496
1,LBFGS,32,-1.8287062644958496
1,LBFGS,33,-1.8287062644958496
1,LBFGS,34,-1.8287062644958496
1,LBFGS,35,-1.8287062644958496
1,LBFGS,36,-1.8287062644958496
1,LBFGS,37,-1.8287062644958496
1,LBFGS,38,-1.8287062644958496
1,LBFGS,39,-1.8287062644958496
1,LBFGS,40,-1.8287062644958496
1,LBFGS,41,-1.8287062644958496
1,LBFGS,42,-1.8287062644958496
1,LBFGS,43,-1.8287062644958496
1,LBFGS,44,-1.8287062644958496
1,LBFGS,45,-1.8287062644958496
1,LBFGS,46,-1.8287062644958496
1,LBFGS,47,-1.8287062644958496
1,LBFGS,48,-1.8287062644958496
1,LBFGS,49,-1.8287062644958496
1,LBFGS,50,-1.8287062644958496
1,LBFGS,51,-1.8287062644958496
1,LBFGS,52,-1.8287062644958496
1,LBFGS,53,-1.8287062644958496
1,LBFGS,54,-1.8287062644958496
1,LBFGS,55,-1.8287062644958496
1,LBFGS,56,-1.8287062644958496
1,LBFGS,57,-1.8287062644958496
1,LBFGS,58,-1.8287062644958496
1,LBFGS,59,-1.8287062644958496
1,LBFGS,60,-1.8287062644958496
1,PSO,1,-1.7836953401565552
1,PSO,2,-1.8183095455169678
1,PSO,3,-1.8267320394515991
1,PSO,4,-1.8285162448883057
1,PSO,5,-1.8287065029144287
1,PSO,6,-1.8287065029144287
1,PSO,7,-1.8287065029144287
1,PSO,8,-1.8287065029144287
1,PSO,9,-1.8287065029144287
1,PSO,10,-1.8287065029144287
1,PSO,11,-1.8287065029144287
1,PSO,12,-1.8287065029144287
1,PSO,13,-1.8287065029144287
1,PSO,14,-1.8287065029144287
1,PSO,15,-1.8287065029144287
1,PSO,16,-1.8287065029144287
1,PSO,17,-1.8287065029144287
1,PSO,18,-1.8287065029144287
1,PSO,19,-1.8287065029144287
1,PSO,20,-1.8287065029144287
1,PSO,21,-1.8287065029144287
1,PSO,22,-1.8287065029144287
1,PSO,23,-1.8287065029144287
1,PSO,24,-1.8287065029144287
1,PSO,25,-1.8287065029144287
1,PSO,26,-1.8287065029144287
1,PSO,27,-1.8287065029144287
1,PSO,28,-1.8287065029144287
1,PSO,29,-1.8287065029144287
1,PSO,30,-1.8287065029144287
1,PSO,31,-1.8287065029144287
1,PSO,32,-1.8287065029144287
1,PSO,33,-1.8287065029144287
1,PSO,34,-1.8287065029144287
1,PSO,35,-1.8287065029144287
1,PSO,36,-1.8287065029144287
1,PSO,37,-1.8287065029144287
1,PSO,38,-1.8287065029144287
1,PSO,39,-1.8287065029144287
1,PSO,40,-1.8287065029144287
1,PSO,41,-1.8287065029144287
1,PSO,42,-1.8287065029144287
1,PSO,43,-1.8287065029144287
1,PSO,44,-1.8287065029144287
1,PSO,45,-1.8287065029144287
1,PSO,46,-1.8287065029144287
1,PSO,47,-1.8287065029144287
1,PSO,48,-1.8287065029144287
1,PSO,49,-1.8287065029144287
1,PSO,50,-1.8287065029144287
1,PSO,51,-1.8287065029144287
1,PSO,52,-1.8287065029144287
1,PSO,53,-1.8287065029144287
1,PSO,54,-1.8287065029144287
1,PSO,55,-1.8287065029144287
1,PSO,56,-1.8287065029144287
1,PSO,57,-1.8287065029144287
1,PSO,58,-1.8287065029144287
1,PSO,59,-1.8287065029144287
1,PSO,60,-1.8287065029144287
1,DE,1,-1.736745834350586
1,DE,2,-1.736745834350586
1,DE,3,-1.814453363418579
1,DE,4,-1.814453363418579
1,DE,5,-1.814453363418579
1,DE,6,-1.814453363418579
1,DE,7,-1.814453363418579
1,DE,8,-1.814453363418579
1,DE,9,-1.814453363418579
1,DE,10,-1.814453363418579
1,DE,11,-1.8217551708221436
1,DE,12,-1.8217551708221436
1,DE,13,-1.8224377632141113
1,DE,14,-1.8224377632141113
1,DE,15,-1.8224377632141113
1,DE,16,-1.8226473331451416
1,DE,17,-1.8226473331451416
1,DE,18,-1.8240388631820679
1,DE,19,-1.8240388631820679
1,DE,20,-1.8240388631820679
1,DE,21,-1.8240388631820679
1,DE,22,-1.824955701828003
1,DE,23,-1.824955701828003
1,DE,24,-1.824955701828003
1,DE,25,-1.824955701828003
1,DE,26,-1.8255127668380737
1,DE,27,-1.825838565826416
1,DE,28,-1.8270641565322876
1,DE,29,-1.8270641565322876
1,DE,30,-1.8270641565322876
1,DE,31,-1.8270641565322876
1,DE,32,-1.8270641565322876
1,DE,33,-1.8270641565322876
1,DE,34,-1.8270641565322876
1,DE,35,-1.8270641565322876
1,DE,36,-1.8275398015975952
1,DE,37,-1.8275398015975952
1,DE,38,-1.8275398015975952
1,DE,39,-1.8275398015975952
1,DE,40,-1.8279292583465576
1,DE,41,-1.8279292583465576
1,DE,42,-1.8279292583465576
1,DE,43,-1.8279292583465576
1,DE,44,-1.8279292583465576
1,DE,45,-1.8279292583465576
1,DE,46,-1.8279320001602173
1,DE,47,-1.8280582427978516
1,DE,48,-1.8280582427978516
1,DE,49,-1.8280582427978516
1,DE,50,-1.8280582427978516
1,DE,51,-1.8281967639923096
1,DE,52,-1.8283371925354004
1,DE,53,-1.8284156322479248
1,DE,54,-1.8284518718719482
1,DE,55,-1.8284518718719482
1,DE,56,-1.8284518718719482
1,DE,57,-1.8284518718719482
1,DE,58,-1.8284692764282227
1,DE,59,-1.8285467624664307
1,DE,60,-1.8286240100860596
1,PSO+LBFGS,1,-1.771178960800171
1,PSO+LBFGS,2,-1.8012769222259521
1,PSO+LBFGS,3,-1.822879672050476
1,PSO+LBFGS,4,-1.8287065029144287
1,PSO+LBFGS,5,-1.8287065029144287
1,PSO+LBFGS,6,-1.8287065029144287
1,PSO+LBFGS,7,-1.8287065029144287
1,PSO+LBFGS,8,-1.8287065029144287
1,PSO+LBFGS,9,-1.8287065029144287
1,PSO+LBFGS,10,-1.8287065029144287
1,PSO+LBFGS,11,-1.8287065029144287
1,PSO+LBFGS,12,-1.8287065029144287
1,PSO+LBFGS,13,-1.8287065029144287
1,PSO+LBFGS,14,-1.8287065029144287
1,PSO+LBFGS,15,-1.8287065029144287
1,PSO+LBFGS,16,-1.8287065029144287
1,PSO+LBFGS,17,-1.8287065029144287
1,PSO+LBFGS,18,-1.8287065029144287
1,PSO+LBFGS,19,-1.8287065029144287
1,PSO+LBFGS,20,-1.8287065029144287
1,PSO+LBFGS,21,-1.8287065029144287
1,PSO+LBFGS,22,-1.8287065029144287
1,PSO+LBFGS,23,-1.8287065029144287
1,PSO+LBFGS,24,-1.8287065029144287
1,PSO+LBFGS,25,-1.8287065029144287
1,PSO+LBFGS,26,-1.8287065029144287
1,PSO+LBFGS,27,-1.8287065029144287
1,PSO+LBFGS,28,-1.8287065029144287
1,PSO+LBFGS,29,-1.8287065029144287
1,PSO+LBFGS,30,-1.8287065029144287
1,PSO+LBFGS,31,-1.8287065029144287
1,PSO+LBFGS,32,-1.8287065029144287
1,PSO+LBFGS,33,-1.8287065029144287
1,PSO+LBFGS,34,-1.8287065029144287
1,PSO+LBFGS,35,-1.8287065029144287
1,PSO+LBFGS,36,-1.8287065029144287
1,PSO+LBFGS,37,-1.8287065029144287
1,PSO+LBFGS,38,-1.8287065029144287
1,PSO+LBFGS,39,-1.8287065029144287
1,PSO+LBFGS,40,-1.8287065029144287
1,PSO+LBFGS,41,-1.8287065029144287
1,PSO+LBFGS,42,-1.8287065029144287
1,PSO+LBFGS,43,-1.8287065029144287
1,PSO+LBFGS,44,-1.8287065029144287
1,PSO+LBFGS,45,-1.8287065029144287
1,PSO+LBFGS,46,-1.8287065029144287
1,PSO+LBFGS,47,-1.8287065029144287
1,PSO+LBFGS,48,-1.8287065029144287
1,PSO+LBFGS,49,-1.8287065029144287
1,PSO+LBFGS,50,-1.8287065029144287
1,PSO+LBFGS,51,-1.8287065029144287
1,PSO+LBFGS,52,-1.8287065029144287
1,PSO+LBFGS,53,-1.8287065029144287
1,PSO+LBFGS,54,-1.8287065029144287
1,PSO+LBFGS,55,-1.8287065029144287
1,PSO+LBFGS,56,-1.8287065029144287
1,PSO+LBFGS,57,-1.8287065029144287
1,PSO+LBFGS,58,-1.8287065029144287
1,PSO+LBFGS,59,-1.8287065029144287
1,PSO+LBFGS,60,-1.8287065029144287
2,Adam,1,-1.7750451564788818
2,Adam,2,-1.7800588607788086
2,Adam,3,-1.784969687461853
2,Adam,4,-1.7897735834121704
2,Adam,5,-1.7944573163986206
2,Adam,6,-1.7990156412124634
2,Adam,7,-1.8034417629241943
2,Adam,8,-1.8077278137207031
2,Adam,9,-1.8118687868118286
2,Adam,10,-1.8158636093139648
2,Adam,11,-1.8197072744369507
2,Adam,12,-1.8233964443206787
2,Adam,13,-1.8269333839416504
2,Adam,14,-1.8303139209747314
2,Adam,15,-1.8335435390472412
2,Adam,16,-1.8366233110427856
2,Adam,17,-1.8395532369613647
2,Adam,18,-1.8423374891281128
2,Adam,19,-1.844981074333191
2,Adam,20,-1.8474889993667603
2,Adam,21,-1.8498631715774536
2,Adam,22,-1.852110743522644
2,Adam,23,-1.8542333841323853
2,Adam,24,-1.8562415838241577
2,Adam,25,-1.8581359386444092
2,Adam,26,-1.8599238395690918
2,Adam,27,-1.8616117238998413
2,Adam,28,-1.8632017374038696
2,Adam,29,-1.8647006750106812
2,Adam,30,-1.866114616394043
2,Adam,31,-1.8674479722976685
2,Adam,32,-1.8687043190002441
2,Adam,33,-1.8698883056640625
2,Adam,34,-1.8710038661956787
2,Adam,35,-1.8720554113388062
2,Adam,36,-1.8730478286743164
2,Adam,37,-1.8739838600158691
2,Adam,38,-1.8748685121536255
2,Adam,39,-1.875702142715454
2,Adam,40,-1.8764897584915161
2,Adam,41,-1.8772351741790771
2,Adam,42,-1.8779382705688477
2,Adam,43,-1.8786042928695679
2,Adam,44,-1.879235863685608
2,Adam,45,-1.8798327445983887
2,Adam,46,-1.8803991079330444
2,Adam,47,-1.880934476852417
2,Adam,48,-1.8814443349838257
2,Adam,49,-1.8819280862808228
2,Adam,50,-1.8823871612548828
2,Adam,51,-1.8828247785568237
2,Adam,52,-1.883239507675171
2,Adam,53,-1.883636236190796
2,Adam,54,-1.884014368057251
2,Adam,55,-1.8843728303909302
2,Adam,56,-1.884716510772705
2,Adam,57,-1.8850452899932861
2,Adam,58,-1.8853579759597778
2,Adam,59,-1.8856587409973145
2,Adam,60,-1.8859442472457886
2,LBFGS,1,-1.8608982563018799
2,LBFGS,2,-1.8823127746582031
2,LBFGS,3,-1.889643669128418
2,LBFGS,4,-1.8934541940689087
2,LBFGS,5,-1.8953979015350342
2,LBFGS,6,-1.8964422941207886
2,LBFGS,7,-1.8970049619674683
2,LBFGS,8,-1.8973125219345093
2,LBFGS,9,-1.8974814414978027
2,LBFGS,10,-1.897570252418518
2,LBFGS,11,-1.8976000547409058
2,LBFGS,12,-1.8976519107818604
2,LBFGS,13,-1.89766526222229
2,LBFGS,14,-1.8976763486862183
2,LBFGS,15,-1.8976811170578003
2,LBFGS,16,-1.897682785987854
2,LBFGS,17,-1.8976856470108032
2,LBFGS,18,-1.8976882696151733
2,LBFGS,19,-1.897688388824463
2,LBFGS,20,-1.8976891040802002
2,LBFGS,21,-1.8976891040802002
2,LBFGS,22,-1.8976894617080688
2,LBFGS,23,-1.8976894617080688
2,LBFGS,24,-1.8976894617080688
2,LBFGS,25,-1.8976894617080688
2,LBFGS,26,-1.8976894617080688
2,LBFGS,27,-1.8976894617080688
2,LBFGS,28,-1.8976894617080688
2,LBFGS,29,-1.8976894617080688
2,LBFGS,30,-1.8976894617080688
2,LBFGS,31,-1.8976894617080688
2,LBFGS,32,-1.8976894617080688
2,LBFGS,33,-1.8976894617080688
2,LBFGS,34,-1.8976894617080688
2,LBFGS,35,-1.8976894617080688
2,LBFGS,36,-1.8976894617080688
2,LBFGS,37,-1.8976894617080688
2,LBFGS,38,-1.8976894617080688
2,LBFGS,39,-1.8976894617080688
2,LBFGS,40,-1.8976894617080688
2,LBFGS,41,-1.8976894617080688
2,LBFGS,42,-1.8976894617080688
2,LBFGS,43,-1.8976894617080688
2,LBFGS,44,-1.8976894617080688
2,LBFGS,45,-1.8976894617080688
2,LBFGS,46,-1.8976894617080688
2,LBFGS,47,-1.8976894617080688
2,LBFGS,48,-1.8976894617080688
2,LBFGS,49,-1.8976894617080688
2,LBFGS,50,-1.8976894617080688
2,LBFGS,51,-1.8976894617080688
2,LBFGS,52,-1.8976894617080688
2,LBFGS,53,-1.8976894617080688
2,LBFGS,54,-1.8976894617080688
2,LBFGS,55,-1.8976894617080688
2,LBFGS,56,-1.8976894617080688
2,LBFGS,57,-1.8976894617080688
2,LBFGS,58,-1.8976894617080688
2,LBFGS,59,-1.8976894617080688
2,LBFGS,60,-1.8976894617080688
2,PSO,1,-1.876967191696167
2,PSO,2,-1.8884652853012085
2,PSO,3,-1.8959100246429443
2,PSO,4,-1.8976268768310547
2,PSO,5,-1.8976268768310547
2,PSO,6,-1.8976268768310547
2,PSO,7,-1.8976268768310547
2,PSO,8,-1.8976411819458008
2,PSO,9,-1.8976459503173828
2,PSO,10,-1.8976787328720093
2,PSO,11,-1.8976829051971436
2,PSO,12,-1.897687554359436
2,PSO,13,-1.8976882696151733
2,PSO,14,-1.897688865661621
2,PSO,15,-1.897688865661621
2,PSO,16,-1.8976889848709106
2,PSO,17,-1.8976893424987793
2,PSO,18,-1.8976893424987793
2,PSO,19,-1.8976893424987793
2,PSO,20,-1.8976893424987793
2,PSO,21,-1.8976893424987793
2,PSO,22,-1.8976893424987793
2,PSO,23,-1.8976893424987793
2,PSO,24,-1.8976893424987793
2,PSO,25,-1.8976893424987793
2,PSO,26,-1.8976893424987793
2,PSO,27,-1.8976893424987793
2,PSO,28,-1.8976893424987793
2,PSO,29,-1.8976893424987793
2,PSO,30,-1.8976893424987793
2,PSO,31,-1.8976893424987793
2,PSO,32,-1.8976893424987793
2,PSO,33,-1.8976893424987793
2,PSO,34,-1.8976893424987793
2,PSO,35,-1.8976894617080688
2,PSO,36,-1.8976894617080688
2,PSO,37,-1.8976894617080688
2,PSO,38,-1.8976894617080688
2,PSO,39,-1.8976894617080688
2,PSO,40,-1.8976894617080688
2,PSO,41,-1.8976894617080688
2,PSO,42,-1.8976894617080688
2,PSO,43,-1.8976894617080688
2,PSO,44,-1.8976894617080688
2,PSO,45,-1.8976894617080688
2,PSO,46,-1.8976894617080688
2,PSO,47,-1.8976894617080688
2,PSO,48,-1.8976894617080688
2,PSO,49,-1.8976894617080688
2,PSO,50,-1.8976895809173584
2,PSO,51,-1.8976895809173584
2,PSO,52,-1.8976895809173584
2,PSO,53,-1.8976895809173584
2,PSO,54,-1.8976895809173584
2,PSO,55,-1.8976895809173584
2,PSO,56,-1.8976895809173584
2,PSO,57,-1.8976895809173584
2,PSO,58,-1.8976895809173584
2,PSO,59,-1.8976895809173584
2,PSO,60,-1.8976895809173584
2,DE,1,-1.8638559579849243
2,DE,2,-1.8638559579849243
2,DE,3,-1.8707531690597534
2,DE,4,-1.8759088516235352
2,DE,5,-1.8759088516235352
2,DE,6,-1.8788490295410156
2,DE,7,-1.881612777709961
2,DE,8,-1.883968710899353
2,DE,9,-1.8852604627609253
2,DE,10,-1.8926414251327515
2,DE,11,-1.8926414251327515
2,DE,12,-1.8959836959838867
2,DE,13,-1.8959836959838867
2,DE,14,-1.8959836959838867
2,DE,15,-1.8959836959838867
2,DE,16,-1.8959836959838867
2,DE,17,-1.8959836959838867
2,DE,18,-1.8959836959838867
2,DE,19,-1.8959836959838867
2,DE,20,-1.8959836959838867
2,DE,21,-1.8959836959838867
2,DE,22,-1.8959836959838867
2,DE,23,-1.8959836959838867
2,DE,24,-1.8959908485412598
2,DE,25,-1.8959908485412598
2,DE,26,-1.8960305452346802
2,DE,27,-1.8965500593185425
2,DE,28,-1.89693021774292
2,DE,29,-1.89693021774292
2,DE,30,-1.89693021774292
2,DE,31,-1.8971140384674072
2,DE,32,-1.897282361984253
2,DE,33,-1.897282361984253
2,DE,34,-1.897282361984253
2,DE,35,-1.897282361984253
2,DE,36,-1.897282361984253
2,DE,37,-1.897282361984253
2,DE,38,-1.897300362586975
2,DE,39,-1.8973037004470825
2,DE,40,-1.8973075151443481
2,DE,41,-1.8974064588546753
2,DE,42,-1.8975708484649658
2,DE,43,-1.8975708484649658
2,DE,44,-1.8975708484649658
2,DE,45,-1.8975708484649658
2,DE,46,-1.8975708484649658
2,DE,47,-1.8975708484649658
2,DE,48,-1.897595763206482
2,DE,49,-1.897595763206482
2,DE,50,-1.8975982666015625
2,DE,51,-1.8976317644119263
2,DE,52,-1.8976317644119263
2,DE,53,-1.8976317644119263
2,DE,54,-1.8976448774337769
2,DE,55,-1.8976460695266724
2,DE,56,-1.8976536989212036
2,DE,57,-1.8976536989212036
2,DE,58,-1.89767324924469
2,DE,59,-1.89767324924469
2,DE,60,-1.89767324924469
2,PSO+LBFGS,1,-1.85384202003479
2,PSO+LBFGS,2,-1.8843218088150024
2,PSO+LBFGS,3,-1.8877853155136108
2,PSO+LBFGS,4,-1.895150899887085
2,PSO+LBFGS,5,-1.897579550743103
2,PSO+LBFGS,6,-1.897579550743103
2,PSO+LBFGS,7,-1.8975882530212402
2,PSO+LBFGS,8,-1.8975882530212402
2,PSO+LBFGS,9,-1.8975882530212402
2,PSO+LBFGS,10,-1.8975882530212402
2,PSO+LBFGS,11,-1.8975882530212402
2,PSO+LBFGS,12,-1.8975882530212402
2,PSO+LBFGS,13,-1.8975882530212402
2,PSO+LBFGS,14,-1.8975882530212402
2,PSO+LBFGS,15,-1.8975882530212402
2,PSO+LBFGS,16,-1.8975882530212402
2,PSO+LBFGS,17,-1.8975882530212402
2,PSO+LBFGS,18,-1.8975884914398193
2,PSO+LBFGS,19,-1.8975884914398193
2,PSO+LBFGS,20,-1.8975884914398193
2,PSO+LBFGS,21,-1.8975884914398193
2,PSO+LBFGS,22,-1.8975884914398193
2,PSO+LBFGS,23,-1.8975884914398193
2,PSO+LBFGS,24,-1.8975884914398193
2,PSO+LBFGS,25,-1.8975884914398193
2,PSO+LBFGS,26,-1.8975884914398193
2,PSO+LBFGS,27,-1.8975884914398193
2,PSO+LBFGS,28,-1.8975884914398193
2,PSO+LBFGS,29,-1.8975884914398193
2,PSO+LBFGS,30,-1.8975884914398193
2,PSO+LBFGS,31,-1.8975884914398193
2,PSO+LBFGS,32,-1.8975884914398193
2,PSO+LBFGS,33,-1.8975884914398193
2,PSO+LBFGS,34,-1.8975884914398193
2,PSO+LBFGS,35,-1.8975884914398193
2,PSO+LBFGS,36,-1.8975884914398193
2,PSO+LBFGS,37,-1.8975884914398193
2,PSO+LBFGS,38,-1.8975884914398193
2,PSO+LBFGS,39,-1.8975886106491089
2,PSO+LBFGS,40,-1.8975886106491089
2,PSO+LBFGS,41,-1.8975882530212402
2,PSO+LBFGS,42,-1.8975882530212402
2,PSO+LBFGS,43,-1.8975882530212402
2,PSO+LBFGS,44,-1.8975882530212402
2,PSO+LBFGS,45,-1.8975882530212402
2,PSO+LBFGS,46,-1.8975882530212402
2,PSO+LBFGS,47,-1.8975882530212402
2,PSO+LBFGS,48,-1.8975882530212402
2,PSO+LBFGS,49,-1.8975882530212402
2,PSO+LBFGS,50,-1.8975882530212402
2,PSO+LBFGS,51,-1.8975882530212402
2,PSO+LBFGS,52,-1.8975882530212402
2,PSO+LBFGS,53,-1.8975882530212402
2,PSO+LBFGS,54,-1.8975882530212402
2,PSO+LBFGS,55,-1.8975882530212402
2,PSO+LBFGS,56,-1.8975882530212402
2,PSO+LBFGS,57,-1.8975882530212402
2,PSO+LBFGS,58,-1.8975882530212402
2,PSO+LBFGS,59,-1.8975882530212402
2,PSO+LBFGS,60,-1.8975882530212402
3,Adam,1,-1.3339322805404663
3,Adam,2,-1.3435115814208984
3,Adam,3,-1.3529424667358398
3,Adam,4,-1.362208604812622
3,Adam,5,-1.3712995052337646
3,Adam,6,-1.3801929950714111
3,Adam,7,-1.3888747692108154
3,Adam,8,-1.3973326683044434
3,Adam,9,-1.4055538177490234
3,Adam,10,-1.4135258197784424
3,Adam,11,-1.4212449789047241
3,Adam,12,-1.4287009239196777
3,Adam,13,-1.4358872175216675
3,Adam,14,-1.4428043365478516
3,Adam,15,-1.4494465589523315
3,Adam,16,-1.4558159112930298
3,Adam,17,-1.4619115591049194
3,Adam,18,-1.4677377939224243
3,Adam,19,-1.4732977151870728
3,Adam,20,-1.4785959720611572
3,Adam,21,-1.4836386442184448
3,Adam,22,-1.4884341955184937
3,Adam,23,-1.4929871559143066
3,Adam,24,-1.497307538986206
3,Adam,25,-1.5014045238494873
3,Adam,26,-1.5052858591079712
3,Adam,27,-1.508959412574768
3,Adam,28,-1.5124366283416748
3,Adam,29,-1.5157248973846436
3,Adam,30,-1.5188337564468384
3,Adam,31,-1.5217725038528442
3,Adam,32,-1.5245532989501953
3,Adam,33,-1.5271778106689453
3,Adam,34,-1.5296601057052612
3,Adam,35,-1.5320072174072266
3,Adam,36,-1.5342226028442383
3,Adam,37,-1.5363203287124634
3,Adam,38,-1.538303256034851
3,Adam,39,-1.540176272392273
3,Adam,40,-1.5419520139694214
3,Adam,41,-1.5436304807662964
3,Adam,42,-1.545224666595459
3,Adam,43,-1.546730875968933
3,Adam,44,-1.5481584072113037
3,Adam,45,-1.549514651298523
3,Adam,46,-1.5508003234863281
3,Adam,47,-1.5520213842391968
3,Adam,48,-1.5531833171844482
3,Adam,49,-1.5542864799499512
3,Adam,50,-1.555336594581604
3,Adam,51,-1.5563355684280396
3,Adam,52,-1.5572870969772339
3,Adam,53,-1.5581952333450317
3,Adam,54,-1.5590612888336182
3,Adam,55,-1.5598876476287842
3,Adam,56,-1.5606753826141357
3,Adam,57,-1.5614310503005981
3,Adam,58,-1.5621508359909058
3,Adam,59,-1.5628434419631958
3,Adam,60,-1.5635044574737549
3,LBFGS,1,-1.3807145357131958
3,LBFGS,2,-1.5626018047332764
3,LBFGS,3,-1.571471929550171
3,LBFGS,4,-1.5816234350204468
3,LBFGS,5,-1.585703730583191
3,LBFGS,6,-1.5880934000015259
3,LBFGS,7,-1.5893821716308594
3,LBFGS,8,-1.5901026725769043
3,LBFGS,9,-1.5905001163482666
3,LBFGS,10,-1.590722918510437
3,LBFGS,11,-1.5908442735671997
3,LBFGS,12,-1.5909135341644287
3,LBFGS,13,-1.5909504890441895
3,LBFGS,14,-1.590972900390625
3,LBFGS,15,-1.59098482131958
3,LBFGS,16,-1.5909910202026367
3,LBFGS,17,-1.59099280834198
3,LBFGS,18,-1.5909967422485352
3,LBFGS,19,-1.590997338294983
3,LBFGS,20,-1.5909976959228516
3,LBFGS,21,-1.5909976959228516
3,LBFGS,22,-1.5909976959228516
3,LBFGS,23,-1.5909976959228516
3,LBFGS,24,-1.5909976959228516
3,LBFGS,25,-1.5909976959228516
3,LBFGS,26,-1.5909976959228516
3,LBFGS,27,-1.5909976959228516
3,LBFGS,28,-1.5909976959228516
3,LBFGS,29,-1.5909976959228516
3,LBFGS,30,-1.5909976959228516
3,LBFGS,31,-1.5909976959228516
3,LBFGS,32,-1.5909976959228516
3,LBFGS,33,-1.5909976959228516
3,LBFGS,34,-1.5909976959228516
3,LBFGS,35,-1.5909976959228516
3,LBFGS,36,-1.5909976959228516
3,LBFGS,37,-1.5909976959228516
3,LBFGS,38,-1.5909976959228516
3,LBFGS,39,-1.5909976959228516
3,LBFGS,40,-1.5909976959228516
3,LBFGS,41,-1.5909976959228516
3,LBFGS,42,-1.5909976959228516
3,LBFGS,43,-1.5909976959228516
3,LBFGS,44,-1.5909976959228516
3,LBFGS,45,-1.5909976959228516
3,LBFGS,46,-1.5909976959228516
3,LBFGS,47,-1.5909976959228516
3,LBFGS,48,-1.5909976959228516
3,LBFGS,49,-1.5909976959228516
3,LBFGS,50,-1.5909976959228516
3,LBFGS,51,-1.5909976959228516
3,LBFGS,52,-1.5909976959228516
3,LBFGS,53,-1.5909976959228516
3,LBFGS,54,-1.5909976959228516
3,LBFGS,55,-1.5909976959228516
3,LBFGS,56,-1.5909976959228516
3,LBFGS,57,-1.5909976959228516
3,LBFGS,58,-1.5909976959228516
3,LBFGS,59,-1.5909976959228516
3,LBFGS,60,-1.5909976959228516
3,PSO,1,-1.496500849723816
3,PSO,2,-1.5278490781784058
3,PSO,3,-1.5641279220581055
3,PSO,4,-1.5805634260177612
3,PSO,5,-1.5909583568572998
3,PSO,6,-1.5909978151321411
3,PSO,7,-1.5909978151321411
3,PSO,8,-1.5909978151321411
3,PSO,9,-1.5909978151321411
3,PSO,10,-1.5909978151321411
3,PSO,11,-1.5909978151321411
3,PSO,12,-1.5909978151321411
3,PSO,13,-1.5909978151321411
3,PSO,14,-1.5909978151321411
3,PSO,15,-1.5909978151321411
3,PSO,16,-1.5909978151321411
3,PSO,17,-1.5909978151321411
3,PSO,18,-1.5909978151321411
3,PSO,19,-1.5909978151321411
3,PSO,20,-1.5909978151321411
3,PSO,21,-1.5909978151321411
3,PSO,22,-1.5909978151321411
3,PSO,23,-1.5909978151321411
3,PSO,24,-1.5909978151321411
3,PSO,25,-1.5909978151321411
3,PSO,26,-1.5909978151321411
3,PSO,27,-1.5909978151321411
3,PSO,28,-1.5909978151321411
3,PSO,29,-1.5909978151321411
3,PSO,30,-1.5909978151321411
3,PSO,31,-1.5909978151321411
3,PSO,32,-1.5909978151321411
3,PSO,33,-1.5909978151321411
3,PSO,34,-1.5909978151321411
3,PSO,35,-1.5909978151321411
3,PSO,36,-1.5909978151321411
3,PSO,37,-1.5909978151321411
3,PSO,38,-1.5909978151321411
3,PSO,39,-1.5909978151321411
3,PSO,40,-1.5909978151321411
3,PSO,41,-1.5909978151321411
3,PSO,42,-1.5909978151321411
3,PSO,43,-1.5909978151321411
3,PSO,44,-1.5909978151321411
3,PSO,45,-1.5909978151321411
3,PSO,46,-1.5909978151321411
3,PSO,47,-1.5909978151321411
3,PSO,48,-1.5909978151321411
3,PSO,49,-1.5909978151321411
3,PSO,50,-1.5909978151321411
3,PSO,51,-1.5909978151321411
3,PSO,52,-1.5909978151321411
3,PSO,53,-1.5909978151321411
3,PSO,54,-1.5909978151321411
3,PSO,55,-1.5909978151321411
3,PSO,56,-1.5909978151321411
3,PSO,57,-1.5909978151321411
3,PSO,58,-1.5909978151321411
3,PSO,59,-1.5909978151321411
3,PSO,60,-1.5909978151321411
3,DE,1,-1.495735764503479
3,DE,2,-1.5107901096343994
3,DE,3,-1.5431305170059204
3,DE,4,-1.5431305170059204
3,DE,5,-1.5431305170059204
3,DE,6,-1.5552440881729126
3,DE,7,-1.5722415447235107
3,DE,8,-1.5722415447235107
3,DE,9,-1.5722415447235107
3,DE,10,-1.5722415447235107
3,DE,11,-1.5733500719070435
3,DE,12,-1.5733500719070435
3,DE,13,-1.576098918914795
3,DE,14,-1.576098918914795
3,DE,15,-1.576098918914795
3,DE,16,-1.5821038484573364
3,DE,17,-1.5823322534561157
3,DE,18,-1.5851091146469116
3,DE,19,-1.5851514339447021
3,DE,20,-1.5851514339447021
3,DE,21,-1.5851514339447021
3,DE,22,-1.5851514339447021
3,DE,23,-1.5866299867630005
3,DE,24,-1.5866299867630005
3,DE,25,-1.586816668510437
3,DE,26,-1.586816668510437
3,DE,27,-1.587113857269287
3,DE,28,-1.5880573987960815
3,DE,29,-1.5880573987960815
3,DE,30,-1.589235544204712
3,DE,31,-1.589235544204712
3,DE,32,-1.589235544204712
3,DE,33,-1.5894081592559814
3,DE,34,-1.5899791717529297
3,DE,35,-1.5899791717529297
3,DE,36,-1.5899791717529297
3,DE,37,-1.5899906158447266
3,DE,38,-1.59022855758667
3,DE,39,-1.59022855758667
3,DE,40,-1.5903056859970093
3,DE,41,-1.5903183221817017
3,DE,42,-1.590441107749939
3,DE,43,-1.5904837846755981
3,DE,44,-1.5904837846755981
3,DE,45,-1.5905705690383911
3,DE,46,-1.5905705690383911
3,DE,47,-1.5905705690383911
3,DE,48,-1.5906238555908203
3,DE,49,-1.5906565189361572
3,DE,50,-1.5907219648361206
3,DE,51,-1.5907561779022217
3,DE,52,-1.5907561779022217
3,DE,53,-1.5907561779022217
3,DE,54,-1.5907808542251587
3,DE,55,-1.5907808542251587
3,DE,56,-1.5909373760223389
3,DE,57,-1.5909373760223389
3,DE,58,-1.5909515619277954
3,DE,59,-1.5909515619277954
3,DE,60,-1.5909515619277954
3,PSO+LBFGS,1,-1.5046223402023315
3,PSO+LBFGS,2,-1.5648186206817627
3,PSO+LBFGS,3,-1.5873249769210815
3,PSO+LBFGS,4,-1.5909978151321411
3,PSO+LBFGS,5,-1.5909978151321411
3,PSO+LBFGS,6,-1.5909978151321411
3,PSO+LBFGS,7,-1.5909978151321411
3,PSO+LBFGS,8,-1.5909978151321411
3,PSO+LBFGS,9,-1.5909978151321411
3,PSO+LBFGS,10,-1.5909978151321411
3,PSO+LBFGS,11,-1.5909978151321411
3,PSO+LBFGS,12,-1.5909978151321411
3,PSO+LBFGS,13,-1.5909978151321411
3,PSO+LBFGS,14,-1.5909978151321411
3,PSO+LBFGS,15,-1.5909978151321411
3,PSO+LBFGS,16,-1.5909978151321411
3,PSO+LBFGS,17,-1.5909978151321411
3,PSO+LBFGS,18,-1.5909978151321411
3,PSO+LBFGS,19,-1.5909978151321411
3,PSO+LBFGS,20,-1.5909978151321411
3,PSO+LBFGS,21,-1.5909978151321411
3,PSO+LBFGS,22,-1.5909978151321411
3,PSO+LBFGS,23,-1.5909978151321411
3,PSO+LBFGS,24,-1.5909978151321411
3,PSO+LBFGS,25,-1.5909978151321411
3,PSO+LBFGS,26,-1.5909978151321411
3,PSO+LBFGS,27,-1.5909978151321411
3,PSO+LBFGS,28,-1.5909978151321411
3,PSO+LBFGS,29,-1.5909978151321411
3,PSO+LBFGS,30,-1.5909978151321411
3,PSO+LBFGS,31,-1.5909978151321411
3,PSO+LBFGS,32,-1.5909978151321411
3,PSO+LBFGS,33,-1.5909978151321411
3,PSO+LBFGS,34,-1.5909978151321411
3,PSO+LBFGS,35,-1.5909978151321411
3,PSO+LBFGS,36,-1.5909978151321411
3,PSO+LBFGS,37,-1.5909978151321411
3,PSO+LBFGS,38,-1.5909978151321411
3,PSO+LBFGS,39,-1.5909978151321411
3,PSO+LBFGS,40,-1.5909978151321411
3,PSO+LBFGS,41,-1.5909978151321411
3,PSO+LBFGS,42,-1.5909978151321411
3,PSO+LBFGS,43,-1.5909978151321411
3,PSO+LBFGS,44,-1.5909978151321411
3,PSO+LBFGS,45,-1.5909978151321411
3,PSO+LBFGS,46,-1.5909978151321411
3,PSO+LBFGS,47,-1.5909978151321411
3,PSO+LBFGS,48,-1.5909978151321411
3,PSO+LBFGS,49,-1.5909978151321411
3,PSO+LBFGS,50,-1.5909978151321411
3,PSO+LBFGS,51,-1.5909978151321411
3,PSO+LBFGS,52,-1.5909978151321411
3,PSO+LBFGS,53,-1.5909978151321411
3,PSO+LBFGS,54,-1.5909978151321411
3,PSO+LBFGS,55,-1.5909978151321411
3,PSO+LBFGS,56,-1.5909978151321411
3,PSO+LBFGS,57,-1.5909978151321411
3,PSO+LBFGS,58,-1.5909978151321411
3,PSO+LBFGS,59,-1.5909978151321411
3,PSO+LBFGS,60,-1.5909978151321411
4,Adam,1,-0.9111093878746033
4,Adam,2,-0.9183540344238281
4,Adam,3,-0.9254667162895203
4,Adam,4,-0.9324321746826172
4,Adam,5,-0.9392458200454712
4,Adam,6,-0.9458936452865601
4,Adam,7,-0.9523766040802002
4,Adam,8,-0.958683967590332
4,Adam,9,-0.9648159146308899
4,Adam,10,-0.9707670211791992
4,Adam,11,-0.9765315651893616
4,Adam,12,-0.982105553150177
4,Adam,13,-0.9874856472015381
4,Adam,14,-0.9926673173904419
4,Adam,15,-0.9976516366004944
4,Adam,16,-1.0024360418319702
4,Adam,17,-1.0070223808288574
4,Adam,18,-1.011409878730774
4,Adam,19,-1.0156030654907227
4,Adam,20,-1.0196020603179932
4,Adam,21,-1.0234140157699585
4,Adam,22,-1.0270408391952515
4,Adam,23,-1.0304900407791138
4,Adam,24,-1.0337644815444946
4,Adam,25,-1.0368715524673462
4,Adam,26,-1.03981614112854
4,Adam,27,-1.0426074266433716
4,Adam,28,-1.045249581336975
4,Adam,29,-1.047748327255249
4,Adam,30,-1.0501126050949097
4,Adam,31,-1.0523478984832764
4,Adam,32,-1.0544618368148804
4,Adam,33,-1.0564603805541992
4,Adam,34,-1.0583490133285522
4,Adam,35,-1.0601335763931274
4,Adam,36,-1.061821460723877
4,Adam,37,-1.0634187459945679
4,Adam,38,-1.0649281740188599
4,Adam,39,-1.0663567781448364
4,Adam,40,-1.067708969116211
4,Adam,41,-1.0689890384674072
4,Adam,42,-1.0702025890350342
4,Adam,43,-1.071351408958435
4,Adam,44,-1.0724406242370605
4,Adam,45,-1.0734753608703613
4,Adam,46,-1.0744564533233643
4,Adam,47,-1.0753886699676514
4,Adam,48,-1.0762734413146973
4,Adam,49,-1.07711660861969
4,Adam,50,-1.0779179334640503
4,Adam,51,-1.078681468963623
4,Adam,52,-1.079408884048462
4,Adam,53,-1.080100655555725
4,Adam,54,-1.0807632207870483
4,Adam,55,-1.0813932418823242
4,Adam,56,-1.0819965600967407
4,Adam,57,-1.0825735330581665
4,Adam,58,-1.0831243991851807
4,Adam,59,-1.0836524963378906
4,Adam,60,-1.084157943725586
4,LBFGS,1,-1.0340627431869507
4,LBFGS,2,-1.0773625373840332
4,LBFGS,3,-1.0898940563201904
4,LBFGS,4,-1.0972189903259277
4,LBFGS,5,-1.100826382637024
4,LBFGS,6,-1.1027520895004272
4,LBFGS,7,-1.1037957668304443
4,LBFGS,8,-1.1043676137924194
4,LBFGS,9,-1.1046831607818604
4,LBFGS,10,-1.104857325553894
4,LBFGS,11,-1.1049542427062988
4,LBFGS,12,-1.1050071716308594
4,LBFGS,13,-1.1050173044204712
4,LBFGS,14,-1.1050446033477783
4,LBFGS,15,-1.1050580739974976
4,LBFGS,16,-1.1050633192062378
4,LBFGS,17,-1.1050689220428467
4,LBFGS,18,-1.1050715446472168
4,LBFGS,19,-1.1050736904144287
4,LBFGS,20,-1.1050745248794556
4,LBFGS,21,-1.1050747632980347
4,LBFGS,22,-1.1050748825073242
4,LBFGS,23,-1.1050748825073242
4,LBFGS,24,-1.1050748825073242
4,LBFGS,25,-1.1050748825073242
4,LBFGS,26,-1.1050748825073242
4,LBFGS,27,-1.1050748825073242
4,LBFGS,28,-1.1050748825073242
4,LBFGS,29,-1.1050748825073242
4,LBFGS,30,-1.1050748825073242
4,LBFGS,31,-1.1050748825073242
4,LBFGS,32,-1.1050748825073242
4,LBFGS,33,-1.1050748825073242
4,LBFGS,34,-1.1050748825073242
4,LBFGS,35,-1.1050748825073242
4,LBFGS,36,-1.1050748825073242
4,LBFGS,37,-1.1050748825073242
4,LBFGS,38,-1.1050748825073242
4,LBFGS,39,-1.1050748825073242
4,LBFGS,40,-1.1050748825073242
4,LBFGS,41,-1.1050748825073242
4,LBFGS,42,-1.1050748825073242
4,LBFGS,43,-1.1050748825073242
4,LBFGS,44,-1.1050748825073242
4,LBFGS,45,-1.1050748825073242
4,LBFGS,46,-1.1050748825073242
4,LBFGS,47,-1.1050748825073242
4,LBFGS,48,-1.1050748825073242
4,LBFGS,49,-1.1050748825073242
4,LBFGS,50,-1.1050748825073242
4,LBFGS,51,-1.1050748825073242
4,LBFGS,52,-1.1050748825073242
4,LBFGS,53,-1.1050748825073242
4,LBFGS,54,-1.1050748825073242
4,LBFGS,55,-1.1050748825073242
4,LBFGS,56,-1.1050748825073242
4,LBFGS,57,-1.1050748825073242
4,LBFGS,58,-1.1050748825073242
4,LBFGS,59,-1.1050748825073242
4,LBFGS,60,-1.1050748825073242
4,PSO,1,-1.0604561567306519
4,PSO,2,-1.0943044424057007
4,PSO,3,-1.104945421218872
4,PSO,4,-1.1050724983215332
4,PSO,5,-1.1050746440887451
4,PSO,6,-1.1050746440887451
4,PSO,7,-1.1050747632980347
4,PSO,8,-1.1050747632980347
4,PSO,9,-1.1050747632980347
4,PSO,10,-1.1050748825073242
4,PSO,11,-1.1050748825073242
4,PSO,12,-1.1050748825073242
4,PSO,13,-1.1050748825073242
4,PSO,14,-1.1050748825073242
4,PSO,15,-1.1050748825073242
4,PSO,16,-1.1050748825073242
4,PSO,17,-1.1050748825073242
4,PSO,18,-1.1050748825073242
4,PSO,19,-1.1050748825073242
4,PSO,20,-1.1050748825073242
4,PSO,21,-1.1050748825073242
4,PSO,22,-1.1050748825073242
4,PSO,23,-1.1050748825073242
4,PSO,24,-1.1050748825073242
4,PSO,25,-1.1050748825073242
4,PSO,26,-1.1050748825073242
4,PSO,27,-1.1050748825073242
4,PSO,28,-1.1050748825073242
4,PSO,29,-1.1050748825073242
4,PSO,30,-1.1050748825073242
4,PSO,31,-1.1050748825073242
4,PSO,32,-1.1050748825073242
4,PSO,33,-1.1050748825073242
4,PSO,34,-1.1050748825073242
4,PSO,35,-1.1050748825073242
4,PSO,36,-1.1050748825073242
4,PSO,37,-1.1050748825073242
4,PSO,38,-1.1050748825073242
4,PSO,39,-1.1050748825073242
4,PSO,40,-1.1050748825073242
4,PSO,41,-1.1050748825073242
4,PSO,42,-1.1050748825073242
4,PSO,43,-1.1050748825073242
4,PSO,44,-1.1050748825073242
4,PSO,45,-1.1050748825073242
4,PSO,46,-1.1050748825073242
4,PSO,47,-1.1050748825073242
4,PSO,48,-1.1050748825073242
4,PSO,49,-1.1050748825073242
4,PSO,50,-1.1050748825073242
4,PSO,51,-1.1050748825073242
4,PSO,52,-1.1050748825073242
4,PSO,53,-1.1050748825073242
4,PSO,54,-1.1050748825073242
4,PSO,55,-1.1050750017166138
4,PSO,56,-1.1050750017166138
4,PSO,57,-1.1050750017166138
4,PSO,58,-1.1050750017166138
4,PSO,59,-1.1050750017166138
4,PSO,60,-1.1050750017166138
4,DE,1,-1.0378321409225464
4,DE,2,-1.0378321409225464
4,DE,3,-1.0378321409225464
4,DE,4,-1.0567935705184937
4,DE,5,-1.0776619911193848
4,DE,6,-1.0831239223480225
4,DE,7,-1.0831239223480225
4,DE,8,-1.0831239223480225
4,DE,9,-1.0831239223480225
4,DE,10,-1.0831239223480225
4,DE,11,-1.0831239223480225
4,DE,12,-1.0903453826904297
4,DE,13,-1.0919266939163208
4,DE,14,-1.0919266939163208
4,DE,15,-1.0969237089157104
4,DE,16,-1.0969237089157104
4,DE,17,-1.0980873107910156
4,DE,18,-1.0985264778137207
4,DE,19,-1.10072922706604
4,DE,20,-1.10072922706604
4,DE,21,-1.10072922706604
4,DE,22,-1.1018915176391602
4,DE,23,-1.1021028757095337
4,DE,24,-1.1021028757095337
4,DE,25,-1.1030163764953613
4,DE,26,-1.1030163764953613
4,DE,27,-1.1030163764953613
4,DE,28,-1.1039435863494873
4,DE,29,-1.1039435863494873
4,DE,30,-1.1039435863494873
4,DE,31,-1.1039435863494873
4,DE,32,-1.1039435863494873
4,DE,33,-1.1039435863494873
4,DE,34,-1.1039435863494873
4,DE,35,-1.1039435863494873
4,DE,36,-1.1047229766845703
4,DE,37,-1.1047229766845703
4,DE,38,-1.1047229766845703
4,DE,39,-1.1047229766845703
4,DE,40,-1.1047229766845703
4,DE,41,-1.1047229766845703
4,DE,42,-1.1048091650009155
4,DE,43,-1.1048091650009155
4,DE,44,-1.1048091650009155
4,DE,45,-1.1048091650009155
4,DE,46,-1.1048091650009155
4,DE,47,-1.1048704385757446
4,DE,48,-1.1048704385757446
4,DE,49,-1.1048704385757446
4,DE,50,-1.104884386062622
4,DE,51,-1.104884386062622
4,DE,52,-1.10489022731781
4,DE,53,-1.1049046516418457
4,DE,54,-1.1049243211746216
4,DE,55,-1.1049830913543701
4,DE,56,-1.1049950122833252
4,DE,57,-1.1050078868865967
4,DE,58,-1.1050078868865967
4,DE,59,-1.1050078868865967
4,DE,60,-1.1050397157669067
4,PSO+LBFGS,1,-1.0470843315124512
4,PSO+LBFGS,2,-1.0779447555541992
4,PSO+LBFGS,3,-1.1029934883117676
4,PSO+LBFGS,4,-1.1049073934555054
4,PSO+LBFGS,5,-1.1050368547439575
4,PSO+LBFGS,6,-1.1050747632980347
4,PSO+LBFGS,7,-1.1050747632980347
4,PSO+LBFGS,8,-1.1050747632980347
4,PSO+LBFGS,9,-1.1050747632980347
4,PSO+LBFGS,10,-1.1050747632980347
4,PSO+LBFGS,11,-1.1050747632980347
4,PSO+LBFGS,12,-1.1050747632980347
4,PSO+LBFGS,13,-1.1050747632980347
4,PSO+LBFGS,14,-1.1050747632980347
4,PSO+LBFGS,15,-1.1050747632980347
4,PSO+LBFGS,16,-1.1050747632980347
4,PSO+LBFGS,17,-1.1050747632980347
4,PSO+LBFGS,18,-1.1050747632980347
4,PSO+LBFGS,19,-1.1050747632980347
4,PSO+LBFGS,20,-1.1050747632980347
4,PSO+LBFGS,21,-1.1050747632980347
4,PSO+LBFGS,22,-1.1050747632980347
4,PSO+LBFGS,23,-1.1050747632980347
4,PSO+LBFGS,24,-1.1050748825073242
4,PSO+LBFGS,25,-1.1050748825073242
4,PSO+LBFGS,26,-1.1050748825073242
4,PSO+LBFGS,27,-1.1050748825073242
4,PSO+LBFGS,28,-1.1050748825073242
4,PSO+LBFGS,29,-1.1050748825073242
4,PSO+LBFGS,30,-1.1050748825073242
4,PSO+LBFGS,31,-1.1050748825073242
4,PSO+LBFGS,32,-1.1050748825073242
4,PSO+LBFGS,33,-1.1050748825073242
4,PSO+LBFGS,34,-1.1050748825073242
4,PSO+LBFGS,35,-1.1050748825073242
4,PSO+LBFGS,36,-1.1050748825073242
4,PSO+LBFGS,37,-1.1050748825073242
4,PSO+LBFGS,38,-1.1050748825073242
4,PSO+LBFGS,39,-1.1050748825073242
4,PSO+LBFGS,40,-1.1050748825073242
4,PSO+LBFGS,41,-1.1050748825073242
4,PSO+LBFGS,42,-1.1050748825073242
4,PSO+LBFGS,43,-1.1050748825073242
4,PSO+LBFGS,44,-1.1050748825073242
4,PSO+LBFGS,45,-1.1050748825073242
4,PSO+LBFGS,46,-1.1050748825073242
4,PSO+LBFGS,47,-1.1050748825073242
4,PSO+LBFGS,48,-1.1050748825073242
4,PSO+LBFGS,49,-1.1050748825073242
4,PSO+LBFGS,50,-1.1050748825073242
4,PSO+LBFGS,51,-1.1050748825073242
4,PSO+LBFGS,52,-1.1050748825073242
4,PSO+LBFGS,53,-1.1050748825073242
4,PSO+LBFGS,54,-1.1050748825073242
4,PSO+LBFGS,55,-1.1050748825073242
4,PSO+LBFGS,56,-1.1050748825073242
4,PSO+LBFGS,57,-1.1050748825073242
4,PSO+LBFGS,58,-1.1050748825073242
4,PSO+LBFGS,59,-1.1050748825073242
4,PSO+LBFGS,60,-1.1050748825073242
5,Adam,1,-1.088915467262268
5,Adam,2,-1.0952545404434204
5,Adam,3,-1.101491928100586
5,Adam,4,-1.107620358467102
5,Adam,5,-1.1136244535446167
5,Adam,6,-1.119498372077942
5,Adam,7,-1.125228762626648
5,Adam,8,-1.1308053731918335
5,Adam,9,-1.1362247467041016
5,Adam,10,-1.1414793729782104
5,Adam,11,-1.146559715270996
5,Adam,12,-1.1514674425125122
5,Adam,13,-1.1561936140060425
5,Adam,14,-1.160739541053772
5,Adam,15,-1.1651067733764648
5,Adam,16,-1.1692897081375122
5,Adam,17,-1.1732957363128662
5,Adam,18,-1.1771230697631836
5,Adam,19,-1.1807732582092285
5,Adam,20,-1.18425452709198
5,Adam,21,-1.1875678300857544
5,Adam,22,-1.1907179355621338
5,Adam,23,-1.193711280822754
5,Adam,24,-1.1965525150299072
5,Adam,25,-1.1992465257644653
5,Adam,26,-1.2018005847930908
5,Adam,27,-1.204219102859497
5,Adam,28,-1.206508994102478
5,Adam,29,-1.208676815032959
5,Adam,30,-1.2107276916503906
5,Adam,31,-1.2126660346984863
5,Adam,32,-1.214500904083252
5,Adam,33,-1.216235637664795
5,Adam,34,-1.21787691116333
5,Adam,35,-1.219427466392517
5,Adam,36,-1.2208961248397827
5,Adam,37,-1.222282886505127
5,Adam,38,-1.2235976457595825
5,Adam,39,-1.224840521812439
5,Adam,40,-1.2260186672210693
5,Adam,41,-1.227134108543396
5,Adam,42,-1.2281922101974487
5,Adam,43,-1.2291933298110962
5,Adam,44,-1.230146050453186
5,Adam,45,-1.2310476303100586
5,Adam,46,-1.2319048643112183
5,Adam,47,-1.2327194213867188
5,Adam,48,-1.2334949970245361
5,Adam,49,-1.2342325448989868
5,Adam,50,-1.2349321842193604
5,Adam,51,-1.2356019020080566
5,Adam,52,-1.2362375259399414
5,Adam,53,-1.2368440628051758
5,Adam,54,-1.2374249696731567
5,Adam,55,-1.2379790544509888
5,Adam,56,-1.2385079860687256
5,Adam,57,-1.2390135526657104
5,Adam,58,-1.2394969463348389
5,Adam,59,-1.239959716796875
5,Adam,60,-1.2404050827026367
5,LBFGS,1,-1.2076538801193237
5,LBFGS,2,-1.2370221614837646
5,LBFGS,3,-1.2469685077667236
5,LBFGS,4,-1.2522423267364502
5,LBFGS,5,-1.2550225257873535
5,LBFGS,6,-1.2565579414367676
5,LBFGS,7,-1.2574089765548706
5,LBFGS,8,-1.2578753232955933
5,LBFGS,9,-1.258026123046875
5,LBFGS,10,-1.2582244873046875
5,LBFGS,11,-1.258341908454895
5,LBFGS,12,-1.2584010362625122
5,LBFGS,13,-1.2584353685379028
5,LBFGS,14,-1.2584537267684937
5,LBFGS,15,-1.2584632635116577
5,LBFGS,16,-1.2584688663482666
5,LBFGS,17,-1.2584712505340576
5,LBFGS,18,-1.2584750652313232
5,LBFGS,19,-1.258475422859192
5,LBFGS,20,-1.2584757804870605
5,LBFGS,21,-1.25847589969635
5,LBFGS,22,-1.2584760189056396
5,LBFGS,23,-1.2584760189056396
5,LBFGS,24,-1.2584760189056396
5,LBFGS,25,-1.2584760189056396
5,LBFGS,26,-1.2584760189056396
5,LBFGS,27,-1.2584760189056396
5,LBFGS,28,-1.2584760189056396
5,LBFGS,29,-1.2584760189056396
5,LBFGS,30,-1.2584760189056396
5,LBFGS,31,-1.2584760189056396
5,LBFGS,32,-1.2584760189056396
5,LBFGS,33,-1.2584760189056396
5,LBFGS,34,-1.2584760189056396
5,LBFGS,35,-1.2584760189056396
5,LBFGS,36,-1.2584760189056396
5,LBFGS,37,-1.2584760189056396
5,LBFGS,38,-1.2584760189056396
5,LBFGS,39,-1.2584760189056396
5,LBFGS,40,-1.2584760189056396
5,LBFGS,41,-1.2584760189056396
5,LBFGS,42,-1.2584760189056396
5,LBFGS,43,-1.2584760189056396
5,LBFGS,44,-1.2584760189056396
5,LBFGS,45,-1.2584760189056396
5,LBFGS,46,-1.2584760189056396
5,LBFGS,47,-1.2584760189056396
5,LBFGS,48,-1.2584760189056396
5,LBFGS,49,-1.2584760189056396
5,LBFGS,50,-1.2584760189056396
5,LBFGS,51,-1.2584760189056396
5,LBFGS,52,-1.2584760189056396
5,LBFGS,53,-1.2584760189056396
5,LBFGS,54,-1.2584760189056396
5,LBFGS,55,-1.2584760189056396
5,LBFGS,56,-1.2584760189056396
5,LBFGS,57,-1.2584760189056396
5,LBFGS,58,-1.2584760189056396
5,LBFGS,59,-1.2584760189056396
5,LBFGS,60,-1.2584760189056396
5,PSO,1,-1.2096792459487915
5,PSO,2,-1.2283446788787842
5,PSO,3,-1.2402637004852295
5,PSO,4,-1.2483268976211548
5,PSO,5,-1.255169153213501
5,PSO,6,-1.2584562301635742
5,PSO,7,-1.2584741115570068
5,PSO,8,-1.2584755420684814
5,PSO,9,-1.2584760189056396
5,PSO,10,-1.2584760189056396
5,PSO,11,-1.2584760189056396
5,PSO,12,-1.2584760189056396
5,PSO,13,-1.2584760189056396
5,PSO,14,-1.2584760189056396
5,PSO,15,-1.2584760189056396
5,PSO,16,-1.2584760189056396
5,PSO,17,-1.2584760189056396
5,PSO,18,-1.2584760189056396
5,PSO,19,-1.2584761381149292
5,PSO,20,-1.2584761381149292
5,PSO,21,-1.2584761381149292
5,PSO,22,-1.2584761381149292
5,PSO,23,-1.2584761381149292
5,PSO,24,-1.2584761381149292
5,PSO,25,-1.2584761381149292
5,PSO,26,-1.2584761381149292
5,PSO,27,-1.2584761381149292
5,PSO,28,-1.2584761381149292
5,PSO,29,-1.2584761381149292
5,PSO,30,-1.2584761381149292
5,PSO,31,-1.2584761381149292
5,PSO,32,-1.2584761381149292
5,PSO,33,-1.2584761381149292
5,PSO,34,-1.2584761381149292
5,PSO,35,-1.2584761381149292
5,PSO,36,-1.2584761381149292
5,PSO,37,-1.2584761381149292
5,PSO,38,-1.2584761381149292
5,PSO,39,-1.2584761381149292
5,PSO,40,-1.2584761381149292
5,PSO,41,-1.2584761381149292
5,PSO,42,-1.2584761381149292
5,PSO,43,-1.2584761381149292
5,PSO,44,-1.2584761381149292
5,PSO,45,-1.2584762573242188
5,PSO,46,-1.2584762573242188
5,PSO,47,-1.2584762573242188
5,PSO,48,-1.2584762573242188
5,PSO,49,-1.2584762573242188
5,PSO,50,-1.2584762573242188
5,PSO,51,-1.2584762573242188
5,PSO,52,-1.2584762573242188
5,PSO,53,-1.2584762573242188
5,PSO,54,-1.2584762573242188
5,PSO,55,-1.2584762573242188
5,PSO,56,-1.2584762573242188
5,PSO,57,-1.2584762573242188
5,PSO,58,-1.2584762573242188
5,PSO,59,-1.2584762573242188
5,PSO,60,-1.2584762573242188
5,DE,1,-1.2097302675247192
5,DE,2,-1.2097302675247192
5,DE,3,-1.216593861579895
5,DE,4,-1.21955144405365
5,DE,5,-1.21955144405365
5,DE,6,-1.233025312423706
5,DE,7,-1.2351691722869873
5,DE,8,-1.2364548444747925
5,DE,9,-1.2415200471878052
5,DE,10,-1.244577169418335
5,DE,11,-1.2450004816055298
5,DE,12,-1.2484595775604248
5,DE,13,-1.2490408420562744
5,DE,14,-1.2507838010787964
5,DE,15,-1.2507838010787964
5,DE,16,-1.2541522979736328
5,DE,17,-1.2541522979736328
5,DE,18,-1.2541522979736328
5,DE,19,-1.2541522979736328
5,DE,20,-1.2541522979736328
5,DE,21,-1.2549318075180054
5,DE,22,-1.2549318075180054
5,DE,23,-1.255731463432312
5,DE,24,-1.255731463432312
5,DE,25,-1.2564584016799927
5,DE,26,-1.256697416305542
5,DE,27,-1.256697416305542
5,DE,28,-1.2567846775054932
5,DE,29,-1.2570019960403442
5,DE,30,-1.2578543424606323
5,DE,31,-1.258017659187317
5,DE,32,-1.258017659187317
5,DE,33,-1.258017659187317
5,DE,34,-1.258017659187317
5,DE,35,-1.258017659187317
5,DE,36,-1.258017659187317
5,DE,37,-1.258017659187317
5,DE,38,-1.258017659187317
5,DE,39,-1.2580468654632568
5,DE,40,-1.2580468654632568
5,DE,41,-1.2580468654632568
5,DE,42,-1.2580540180206299
5,DE,43,-1.258223533630371
5,DE,44,-1.258223533630371
5,DE,45,-1.258223533630371
5,DE,46,-1.258223533630371
5,DE,47,-1.258223533630371
5,DE,48,-1.2582406997680664
5,DE,49,-1.2583322525024414
5,DE,50,-1.258367657661438
5,DE,51,-1.2584024667739868
5,DE,52,-1.2584024667739868
5,DE,53,-1.2584024667739868
5,DE,54,-1.2584038972854614
5,DE,55,-1.2584038972854614
5,DE,56,-1.258431077003479
5,DE,57,-1.2584394216537476
5,DE,58,-1.2584394216537476
5,DE,59,-1.2584394216537476
5,DE,60,-1.2584394216537476
5,PSO+LBFGS,1,-1.202796459197998
5,PSO+LBFGS,2,-1.2375937700271606
5,PSO+LBFGS,3,-1.2562528848648071
5,PSO+LBFGS,4,-1.2575724124908447
5,PSO+LBFGS,5,-1.2583047151565552
5,PSO+LBFGS,6,-1.2584761381149292
5,PSO+LBFGS,7,-1.2584761381149292
5,PSO+LBFGS,8,-1.2584761381149292
5,PSO+LBFGS,9,-1.2584761381149292
5,PSO+LBFGS,10,-1.2584761381149292
5,PSO+LBFGS,11,-1.2584761381149292
5,PSO+LBFGS,12,-1.2584761381149292
5,PSO+LBFGS,13,-1.2584761381149292
5,PSO+LBFGS,14,-1.2584761381149292
5,PSO+LBFGS,15,-1.2584761381149292
5,PSO+LBFGS,16,-1.2584761381149292
5,PSO+LBFGS,17,-1.2584761381149292
5,PSO+LBFGS,18,-1.2584761381149292
5,PSO+LBFGS,19,-1.2584761381149292
5,PSO+LBFGS,20,-1.2584761381149292
5,PSO+LBFGS,21,-1.2584761381149292
5,PSO+LBFGS,22,-1.2584761381149292
5,PSO+LBFGS,23,-1.2584761381149292
5,PSO+LBFGS,24,-1.2584762573242188
5,PSO+LBFGS,25,-1.2584762573242188
5,PSO+LBFGS,26,-1.2584762573242188
5,PSO+LBFGS,27,-1.2584762573242188
5,PSO+LBFGS,28,-1.2584762573242188
5,PSO+LBFGS,29,-1.2584762573242188
5,PSO+LBFGS,30,-1.2584762573242188
5,PSO+LBFGS,31,-1.2584762573242188
5,PSO+LBFGS,32,-1.2584762573242188
5,PSO+LBFGS,33,-1.2584762573242188
5,PSO+LBFGS,34,-1.2584762573242188
5,PSO+LBFGS,35,-1.2584762573242188
5,PSO+LBFGS,36,-1.2584762573242188
5,PSO+LBFGS,37,-1.2584762573242188
5,PSO+LBFGS,38,-1.2584762573242188
5,PSO+LBFGS,39,-1.2584762573242188
5,PSO+LBFGS,40,-1.2584762573242188
5,PSO+LBFGS,41,-1.2584760189056396
5,PSO+LBFGS,42,-1.2584760189056396
5,PSO+LBFGS,43,-1.2584760189056396
5,PSO+LBFGS,44,-1.2584760189056396
5,PSO+LBFGS,45,-1.2584760189056396
5,PSO+LBFGS,46,-1.2584760189056396
5,PSO+LBFGS,47,-1.2584760189056396
5,PSO+LBFGS,48,-1.2584760189056396
5,PSO+LBFGS,49,-1.2584760189056396
5,PSO+LBFGS,50,-1.2584760189056396
5,PSO+LBFGS,51,-1.2584760189056396
5,PSO+LBFGS,52,-1.2584760189056396
5,PSO+LBFGS,53,-1.2584760189056396
5,PSO+LBFGS,54,-1.2584760189056396
5,PSO+LBFGS,55,-1.2584760189056396
5,PSO+LBFGS,56,-1.2584760189056396
5,PSO+LBFGS,57,-1.2584760189056396
5,PSO+LBFGS,58,-1.2584760189056396
5,PSO+LBFGS,59,-1.2584760189056396
5,PSO+LBFGS,60,-1.2584760189056396
6,Adam,1,-1.4638290405273438
6,Adam,2,-1.4713932275772095
6,Adam,3,-1.47883141040802
6,Adam,4,-1.486132264137268
6,Adam,5,-1.4932833909988403
6,Adam,6,-1.5002726316452026
6,Adam,7,-1.5070970058441162
6,Adam,8,-1.513746976852417
6,Adam,9,-1.5202181339263916
6,Adam,10,-1.5264989137649536
6,Adam,11,-1.5325820446014404
6,Adam,12,-1.5384653806686401
6,Adam,13,-1.5441421270370483
6,Adam,14,-1.5496079921722412
6,Adam,15,-1.5548640489578247
6,Adam,16,-1.5599076747894287
6,Adam,17,-1.5647364854812622
6,Adam,18,-1.5693577527999878
6,Adam,19,-1.5737714767456055
6,Adam,20,-1.577976942062378
6,Adam,21,-1.5819854736328125
6,Adam,22,-1.585797905921936
6,Adam,23,-1.5894203186035156
6,Adam,24,-1.592861533164978
6,Adam,25,-1.5961244106292725
6,Adam,26,-1.5992189645767212
6,Adam,27,-1.602151870727539
6,Adam,28,-1.604929804801941
6,Adam,29,-1.6075578927993774
6,Adam,30,-1.6100472211837769
6,Adam,31,-1.6124000549316406
6,Adam,32,-1.6146275997161865
6,Adam,33,-1.616734266281128
6,Adam,34,-1.6187266111373901
6,Adam,35,-1.6206101179122925
6,Adam,36,-1.6223900318145752
6,Adam,37,-1.6240755319595337
6,Adam,38,-1.6256693601608276
6,Adam,39,-1.6271765232086182
6,Adam,40,-1.6286035776138306
6,Adam,41,-1.6299543380737305
6,Adam,42,-1.631234884262085
6,Adam,43,-1.6324489116668701
6,Adam,44,-1.6335976123809814
6,Adam,45,-1.6346908807754517
6,Adam,46,-1.6357240676879883
6,Adam,47,-1.6367082595825195
6,Adam,48,-1.637643814086914
6,Adam,49,-1.6385325193405151
6,Adam,50,-1.639378309249878
6,Adam,51,-1.640182375907898
6,Adam,52,-1.6409505605697632
6,Adam,53,-1.6416810750961304
6,Adam,54,-1.6423779726028442
6,Adam,55,-1.643043041229248
6,Adam,56,-1.6436774730682373
6,Adam,57,-1.6442846059799194
6,Adam,58,-1.6448649168014526
6,Adam,59,-1.6454209089279175
6,Adam,60,-1.6459531784057617
6,LBFGS,1,-1.609885811805725
6,LBFGS,2,-1.6441880464553833
6,LBFGS,3,-1.654794454574585
6,LBFGS,4,-1.661009430885315
6,LBFGS,5,-1.6640946865081787
6,LBFGS,6,-1.6657555103302002
6,LBFGS,7,-1.6666576862335205
6,LBFGS,8,-1.6671514511108398
6,LBFGS,9,-1.667354702949524
6,LBFGS,10,-1.6675715446472168
6,LBFGS,11,-1.6676563024520874
6,LBFGS,12,-1.667703628540039
6,LBFGS,13,-1.6677254438400269
6,LBFGS,14,-1.6677500009536743
6,LBFGS,15,-1.6677569150924683
6,LBFGS,16,-1.6677616834640503
6,LBFGS,17,-1.667763352394104
6,LBFGS,18,-1.6677664518356323
6,LBFGS,19,-1.6677672863006592
6,LBFGS,20,-1.6677672863006592
6,LBFGS,21,-1.6677672863006592
6,LBFGS,22,-1.6677672863006592
6,LBFGS,23,-1.6677672863006592
6,LBFGS,24,-1.6677672863006592
6,LBFGS,25,-1.6677672863006592
6,LBFGS,26,-1.6677672863006592
6,LBFGS,27,-1.6677672863006592
6,LBFGS,28,-1.6677672863006592
6,LBFGS,29,-1.6677672863006592
6,LBFGS,30,-1.6677672863006592
6,LBFGS,31,-1.6677672863006592
6,LBFGS,32,-1.6677672863006592
6,LBFGS,33,-1.6677672863006592
6,LBFGS,34,-1.6677672863006592
6,LBFGS,35,-1.6677672863006592
6,LBFGS,36,-1.6677672863006592
6,LBFGS,37,-1.6677672863006592
6,LBFGS,38,-1.6677672863006592
6,LBFGS,39,-1.6677672863006592
6,LBFGS,40,-1.6677672863006592
6,LBFGS,41,-1.6677672863006592
6,LBFGS,42,-1.6677672863006592
6,LBFGS,43,-1.6677672863006592
6,LBFGS,44,-1.6677672863006592
6,LBFGS,45,-1.6677672863006592
6,LBFGS,46,-1.6677672863006592
6,LBFGS,47,-1.6677672863006592
6,LBFGS,48,-1.6677672863006592
6,LBFGS,49,-1.6677672863006592
6,LBFGS,50,-1.6677672863006592
6,LBFGS,51,-1.6677672863006592
6,LBFGS,52,-1.6677672863006592
6,LBFGS,53,-1.6677672863006592
6,LBFGS,54,-1.6677672863006592
6,LBFGS,55,-1.6677672863006592
6,LBFGS,56,-1.6677672863006592
6,LBFGS,57,-1.6677672863006592
6,LBFGS,58,-1.6677672863006592
6,LBFGS,59,-1.6677672863006592
6,LBFGS,60,-1.6677672863006592
6,PSO,1,-1.6325966119766235
6,PSO,2,-1.6672013998031616
6,PSO,3,-1.6672016382217407
6,PSO,4,-1.6672016382217407
6,PSO,5,-1.6672016382217407
6,PSO,6,-1.6672016382217407
6,PSO,7,-1.6672016382217407
6,PSO,8,-1.6672016382217407
6,PSO,9,-1.6672016382217407
6,PSO,10,-1.6672016382217407
6,PSO,11,-1.6672016382217407
6,PSO,12,-1.6672016382217407
6,PSO,13,-1.6672017574310303
6,PSO,14,-1.6672017574310303
6,PSO,15,-1.6672017574310303
6,PSO,16,-1.6672017574310303
6,PSO,17,-1.6672017574310303
6,PSO,18,-1.6672017574310303
6,PSO,19,-1.6672017574310303
6,PSO,20,-1.6672017574310303
6,PSO,21,-1.6672017574310303
6,PSO,22,-1.6672017574310303
6,PSO,23,-1.6672017574310303
6,PSO,24,-1.6672017574310303
6,PSO,25,-1.6672017574310303
6,PSO,26,-1.6672017574310303
6,PSO,27,-1.6672017574310303
6,PSO,28,-1.6672017574310303
6,PSO,29,-1.6672018766403198
6,PSO,30,-1.6672018766403198
6,PSO,31,-1.6672018766403198
6,PSO,32,-1.6672018766403198
6,PSO,33,-1.6672018766403198
6,PSO,34,-1.6672018766403198
6,PSO,35,-1.6672018766403198
6,PSO,36,-1.6672018766403198
6,PSO,37,-1.6672018766403198
6,PSO,38,-1.6672018766403198
6,PSO,39,-1.6672018766403198
6,PSO,40,-1.6672018766403198
6,PSO,41,-1.6672018766403198
6,PSO,42,-1.6672018766403198
6,PSO,43,-1.6672018766403198
6,PSO,44,-1.6672018766403198
6,PSO,45,-1.6672018766403198
6,PSO,46,-1.6672018766403198
6,PSO,47,-1.6672018766403198
6,PSO,48,-1.6672018766403198
6,PSO,49,-1.6672018766403198
6,PSO,50,-1.6672018766403198
6,PSO,51,-1.6672018766403198
6,PSO,52,-1.6672018766403198
6,PSO,53,-1.6672018766403198
6,PSO,54,-1.6672018766403198
6,PSO,55,-1.6672018766403198
6,PSO,56,-1.6672018766403198
6,PSO,57,-1.6672018766403198
6,PSO,58,-1.6672018766403198
6,PSO,59,-1.6672018766403198
6,PSO,60,-1.6672018766403198
6,DE,1,-1.6072107553482056
6,DE,2,-1.6072107553482056
6,DE,3,-1.6300665140151978
6,DE,4,-1.6300665140151978
6,DE,5,-1.6399732828140259
6,DE,6,-1.6399732828140259
6,DE,7,-1.6400859355926514
6,DE,8,-1.642146348953247
6,DE,9,-1.650093674659729
6,DE,10,-1.650093674659729
6,DE,11,-1.650093674659729
6,DE,12,-1.651113510131836
6,DE,13,-1.6553962230682373
6,DE,14,-1.6578487157821655
6,DE,15,-1.6646289825439453
6,DE,16,-1.6646289825439453
6,DE,17,-1.6646289825439453
6,DE,18,-1.6646289825439453
6,DE,19,-1.6646289825439453
6,DE,20,-1.6657594442367554
6,DE,21,-1.6657594442367554
6,DE,22,-1.6657594442367554
6,DE,23,-1.6663521528244019
6,DE,24,-1.6663835048675537
6,DE,25,-1.6663835048675537
6,DE,26,-1.6663835048675537
6,DE,27,-1.6666806936264038
6,DE,28,-1.6668226718902588
6,DE,29,-1.6668226718902588
6,DE,30,-1.6671608686447144
6,DE,31,-1.6674518585205078
6,DE,32,-1.6674518585205078
6,DE,33,-1.6674518585205078
6,DE,34,-1.6676274538040161
6,DE,35,-1.6676274538040161
6,DE,36,-1.6676274538040161
6,DE,37,-1.6676274538040161
6,DE,38,-1.6676274538040161
6,DE,39,-1.6676274538040161
6,DE,40,-1.6676318645477295
6,DE,41,-1.667657732963562
6,DE,42,-1.6676794290542603
6,DE,43,-1.6676794290542603
6,DE,44,-1.6676830053329468
6,DE,45,-1.6676830053329468
6,DE,46,-1.667715072631836
6,DE,47,-1.667721152305603
6,DE,48,-1.66774582862854
6,DE,49,-1.667749047279358
6,DE,50,-1.667749047279358
6,DE,51,-1.667749047279358
6,DE,52,-1.6677491664886475
6,DE,53,-1.6677536964416504
6,DE,54,-1.6677571535110474
6,DE,55,-1.6677579879760742
6,DE,56,-1.6677629947662354
6,DE,57,-1.6677629947662354
6,DE,58,-1.6677629947662354
6,DE,59,-1.6677629947662354
6,DE,60,-1.6677629947662354
6,PSO+LBFGS,1,-1.6437219381332397
6,PSO+LBFGS,2,-1.6644943952560425
6,PSO+LBFGS,3,-1.667157769203186
6,PSO+LBFGS,4,-1.6672002077102661
6,PSO+LBFGS,5,-1.667201042175293
6,PSO+LBFGS,6,-1.6672016382217407
6,PSO+LBFGS,7,-1.6672016382217407
6,PSO+LBFGS,8,-1.6672016382217407
6,PSO+LBFGS,9,-1.6672016382217407
6,PSO+LBFGS,10,-1.6672016382217407
6,PSO+LBFGS,11,-1.6672016382217407
6,PSO+LBFGS,12,-1.6672016382217407
6,PSO+LBFGS,13,-1.6672016382217407
6,PSO+LBFGS,14,-1.6672016382217407
6,PSO+LBFGS,15,-1.6672018766403198
6,PSO+LBFGS,16,-1.6672018766403198
6,PSO+LBFGS,17,-1.6672018766403198
6,PSO+LBFGS,18,-1.6672018766403198
6,PSO+LBFGS,19,-1.6672018766403198
6,PSO+LBFGS,20,-1.6672018766403198
6,PSO+LBFGS,21,-1.6672018766403198
6,PSO+LBFGS,22,-1.6672018766403198
6,PSO+LBFGS,23,-1.6672018766403198
6,PSO+LBFGS,24,-1.6672018766403198
6,PSO+LBFGS,25,-1.6672018766403198
6,PSO+LBFGS,26,-1.6672018766403198
6,PSO+LBFGS,27,-1.6672018766403198
6,PSO+LBFGS,28,-1.6672018766403198
6,PSO+LBFGS,29,-1.6672018766403198
6,PSO+LBFGS,30,-1.6672018766403198
6,PSO+LBFGS,31,-1.6672018766403198
6,PSO+LBFGS,32,-1.6672018766403198
6,PSO+LBFGS,33,-1.6672018766403198
6,PSO+LBFGS,34,-1.6672018766403198
6,PSO+LBFGS,35,-1.6672018766403198
6,PSO+LBFGS,36,-1.6672018766403198
6,PSO+LBFGS,37,-1.6672018766403198
6,PSO+LBFGS,38,-1.6672018766403198
6,PSO+LBFGS,39,-1.6672018766403198
6,PSO+LBFGS,40,-1.6672018766403198
6,PSO+LBFGS,41,-1.6672016382217407
6,PSO+LBFGS,42,-1.6672016382217407
6,PSO+LBFGS,43,-1.6672016382217407
6,PSO+LBFGS,44,-1.6672016382217407
6,PSO+LBFGS,45,-1.6672016382217407
6,PSO+LBFGS,46,-1.6672016382217407
6,PSO+LBFGS,47,-1.6672016382217407
6,PSO+LBFGS,48,-1.6672016382217407
6,PSO+LBFGS,49,-1.6672016382217407
6,PSO+LBFGS,50,-1.6672016382217407
6,PSO+LBFGS,51,-1.6672016382217407
6,PSO+LBFGS,52,-1.6672016382217407
6,PSO+LBFGS,53,-1.6672016382217407
6,PSO+LBFGS,54,-1.6672016382217407
6,PSO+LBFGS,55,-1.6672016382217407
6,PSO+LBFGS,56,-1.6672016382217407
6,PSO+LBFGS,57,-1.6672016382217407
6,PSO+LBFGS,58,-1.6672016382217407
6,PSO+LBFGS,59,-1.6672016382217407
6,PSO+LBFGS,60,-1.6672016382217407
7,Adam,1,0.23164692521095276
7,Adam,2,0.2160801887512207
7,Adam,3,0.20063383877277374
7,Adam,4,0.18533770740032196
7,Adam,5,0.1702108234167099
7,Adam,6,0.1552942395210266
7,Adam,7,0.14061413705348969
7,Adam,8,0.12619119882583618
7,Adam,9,0.11205049604177475
7,Adam,10,0.0982210710644722
7,Adam,11,0.08471715450286865
7,Adam,12,0.07156723737716675
7,Adam,13,0.058783452957868576
7,Adam,14,0.04638194665312767
7,Adam,15,0.03436676412820816
7,Adam,16,0.022756386548280716
7,Adam,17,0.01155606284737587
7,Adam,18,0.0007684226147830486
7,Adam,19,-0.00960186030715704
7,Adam,20,-0.019559767097234726
7,Adam,21,-0.029099203646183014
7,Adam,22,-0.03823613375425339
7,Adam,23,-0.04696435108780861
7,Adam,24,-0.05530063062906265
7,Adam,25,-0.06324321776628494
7,Adam,26,-0.07081393897533417
7,Adam,27,-0.07801663130521774
7,Adam,28,-0.08486555516719818
7,Adam,29,-0.0913756787776947
7,Adam,30,-0.09755292534828186
7,Adam,31,-0.10341908037662506
7,Adam,32,-0.10897707939147949
7,Adam,33,-0.11424985527992249
7,Adam,34,-0.11924916505813599
7,Adam,35,-0.12398335337638855
7,Adam,36,-0.12847185134887695
7,Adam,37,-0.13272550702095032
7,Adam,38,-0.13675080239772797
7,Adam,39,-0.14056673645973206
7,Adam,40,-0.1441834270954132
7,Adam,41,-0.14760591089725494
7,Adam,42,-0.15085235238075256
7,Adam,43,-0.1539318710565567
7,Adam,44,-0.15685170888900757
7,Adam,45,-0.15962345898151398
7,Adam,46,-0.16225430369377136
7,Adam,47,-0.16474784910678864
7,Adam,48,-0.16712172329425812
7,Adam,49,-0.16937296092510223
7,Adam,50,-0.1715223640203476
7,Adam,51,-0.1735595315694809
7,Adam,52,-0.17549970746040344
7,Adam,53,-0.17735235393047333
7,Adam,54,-0.1791163980960846
7,Adam,55,-0.18079636991024017
7,Adam,56,-0.18240123987197876
7,Adam,57,-0.18393385410308838
7,Adam,58,-0.18539386987686157
7,Adam,59,-0.18679453432559967
7,Adam,60,-0.18813535571098328
7,LBFGS,1,0.06526197493076324
7,LBFGS,2,-0.17289133369922638
7,LBFGS,3,-0.1967959851026535
7,LBFGS,4,-0.2216455042362213
7,LBFGS,5,-0.23010148108005524
7,LBFGS,6,-0.23494082689285278
7,LBFGS,7,-0.23750120401382446
7,LBFGS,8,-0.23892447352409363
7,LBFGS,9,-0.23971328139305115
7,LBFGS,10,-0.2401522845029831
7,LBFGS,11,-0.24039676785469055
7,LBFGS,12,-0.24053405225276947
7,LBFGS,13,-0.24060605466365814
7,LBFGS,14,-0.24065189063549042
7,LBFGS,15,-0.24067586660385132
7,LBFGS,16,-0.24068467319011688
7,LBFGS,17,-0.2406948059797287
7,LBFGS,18,-0.24069848656654358
7,LBFGS,19,-0.24070042371749878
7,LBFGS,20,-0.2407008558511734
7,LBFGS,21,-0.24070124328136444
7,LBFGS,22,-0.24070124328136444
7,LBFGS,23,-0.24070124328136444
7,LBFGS,24,-0.24070124328136444
7,LBFGS,25,-0.24070124328136444
7,LBFGS,26,-0.24070124328136444
7,LBFGS,27,-0.24070124328136444
7,LBFGS,28,-0.24070124328136444
7,LBFGS,29,-0.24070124328136444
7,LBFGS,30,-0.24070124328136444
7,LBFGS,31,-0.24070124328136444
7,LBFGS,32,-0.24070124328136444
7,LBFGS,33,-0.24070124328136444
7,LBFGS,34,-0.24070124328136444
7,LBFGS,35,-0.24070124328136444
7,LBFGS,36,-0.24070124328136444
7,LBFGS,37,-0.24070124328136444
7,LBFGS,38,-0.24070124328136444
7,LBFGS,39,-0.24070124328136444
7,LBFGS,40,-0.24070124328136444
7,LBFGS,41,-0.24070124328136444
7,LBFGS,42,-0.24070124328136444
7,LBFGS,43,-0.24070124328136444
7,LBFGS,44,-0.24070124328136444
7,LBFGS,45,-0.24070124328136444
7,LBFGS,46,-0.24070124328136444
7,LBFGS,47,-0.24070124328136444
7,LBFGS,48,-0.24070124328136444
7,LBFGS,49,-0.24070124328136444
7,LBFGS,50,-0.24070124328136444
7,LBFGS,51,-0.24070124328136444
7,LBFGS,52,-0.24070124328136444
7,LBFGS,53,-0.24070124328136444
7,LBFGS,54,-0.24070124328136444
7,LBFGS,55,-0.24070124328136444
7,LBFGS,56,-0.24070124328136444
7,LBFGS,57,-0.24070124328136444
7,LBFGS,58,-0.24070124328136444
7,LBFGS,59,-0.24070124328136444
7,LBFGS,60,-0.24070124328136444
7,PSO,1,-0.16258011758327484
7,PSO,2,-0.22273974120616913
7,PSO,3,-0.24070164561271667
7,PSO,4,-0.24070164561271667
7,PSO,5,-0.24070164561271667
7,PSO,6,-0.24070164561271667
7,PSO,7,-0.24070164561271667
7,PSO,8,-0.24070164561271667
7,PSO,9,-0.24070164561271667
7,PSO,10,-0.24070164561271667
7,PSO,11,-0.24070164561271667
7,PSO,12,-0.24070164561271667
7,PSO,13,-0.24070164561271667
7,PSO,14,-0.24070164561271667
7,PSO,15,-0.24070164561271667
7,PSO,16,-0.24070164561271667
7,PSO,17,-0.24070164561271667
7,PSO,18,-0.24070164561271667
7,PSO,19,-0.24070164561271667
7,PSO,20,-0.24070164561271667
7,PSO,21,-0.24070164561271667
7,PSO,22,-0.24070164561271667
7,PSO,23,-0.24070164561271667
7,PSO,24,-0.24070164561271667
7,PSO,25,-0.24070164561271667
7,PSO,26,-0.24070164561271667
7,PSO,27,-0.24070164561271667
7,PSO,28,-0.24070164561271667
7,PSO,29,-0.24070164561271667
7,PSO,30,-0.24070164561271667
7,PSO,31,-0.24070164561271667
7,PSO,32,-0.24070164561271667
7,PSO,33,-0.24070164561271667
7,PSO,34,-0.24070164561271667
7,PSO,35,-0.24070164561271667
7,PSO,36,-0.24070164561271667
7,PSO,37,-0.24070164561271667
7,PSO,38,-0.24070164561271667
7,PSO,39,-0.24070164561271667
7,PSO,40,-0.24070164561271667
7,PSO,41,-0.24070164561271667
7,PSO,42,-0.24070164561271667
7,PSO,43,-0.24070164561271667
7,PSO,44,-0.24070164561271667
7,PSO,45,-0.24070164561271667
7,PSO,46,-0.24070164561271667
7,PSO,47,-0.24070164561271667
7,PSO,48,-0.24070164561271667
7,PSO,49,-0.24070164561271667
7,PSO,50,-0.24070164561271667
7,PSO,51,-0.24070164561271667
7,PSO,52,-0.24070164561271667
7,PSO,53,-0.24070164561271667
7,PSO,54,-0.24070164561271667
7,PSO,55,-0.24070164561271667
7,PSO,56,-0.24070164561271667
7,PSO,57,-0.24070164561271667
7,PSO,58,-0.24070164561271667
7,PSO,59,-0.24070164561271667
7,PSO,60,-0.24070164561271667
7,DE,1,-0.08971494436264038
7,DE,2,-0.16641494631767273
7,DE,3,-0.16641494631767273
7,DE,4,-0.16641494631767273
7,DE,5,-0.19170287251472473
7,DE,6,-0.19170287251472473
7,DE,7,-0.19170287251472473
7,DE,8,-0.19170287251472473
7,DE,9,-0.19170287251472473
7,DE,10,-0.19170287251472473
7,DE,11,-0.20958256721496582
7,DE,12,-0.20958256721496582
7,DE,13,-0.20958256721496582
7,DE,14,-0.21348309516906738
7,DE,15,-0.21348309516906738
7,DE,16,-0.21348309516906738
7,DE,17,-0.21628132462501526
7,DE,18,-0.22216016054153442
7,DE,19,-0.22216016054153442
7,DE,20,-0.22302600741386414
7,DE,21,-0.2264983355998993
7,DE,22,-0.2264983355998993
7,DE,23,-0.22752992808818817
7,DE,24,-0.231845885515213
7,DE,25,-0.231845885515213
7,DE,26,-0.231845885515213
7,DE,27,-0.2329997420310974
7,DE,28,-0.23343905806541443
7,DE,29,-0.23477905988693237
7,DE,30,-0.23477905988693237
7,DE,31,-0.23477905988693237
7,DE,32,-0.23477905988693237
7,DE,33,-0.23477905988693237
7,DE,34,-0.23704057931900024
7,DE,35,-0.23704057931900024
7,DE,36,-0.23704057931900024
7,DE,37,-0.23704057931900024
7,DE,38,-0.23704057931900024
7,DE,39,-0.23704057931900024
7,DE,40,-0.23704057931900024
7,DE,41,-0.23759226500988007
7,DE,42,-0.23759226500988007
7,DE,43,-0.23759226500988007
7,DE,44,-0.23799817264080048
7,DE,45,-0.23799817264080048
7,DE,46,-0.23799817264080048
7,DE,47,-0.23889638483524323
7,DE,48,-0.23889638483524323
7,DE,49,-0.23889638483524323
7,DE,50,-0.2389121949672699
7,DE,51,-0.23980915546417236
7,DE,52,-0.23980915546417236
7,DE,53,-0.2402675747871399
7,DE,54,-0.24027690291404724
7,DE,55,-0.24027690291404724
7,DE,56,-0.24027690291404724
7,DE,57,-0.24027690291404724
7,DE,58,-0.24034735560417175
7,DE,59,-0.24034735560417175
7,DE,60,-0.24034735560417175
7,PSO+LBFGS,1,-0.09836377203464508
7,PSO+LBFGS,2,-0.18127523362636566
7,PSO+LBFGS,3,-0.20695793628692627
7,PSO+LBFGS,4,-0.22691641747951508
7,PSO+LBFGS,5,-0.23728202283382416
7,PSO+LBFGS,6,-0.24070164561271667
7,PSO+LBFGS,7,-0.24070164561271667
7,PSO+LBFGS,8,-0.24070164561271667
7,PSO+LBFGS,9,-0.24070164561271667
7,PSO+LBFGS,10,-0.24070164561271667
7,PSO+LBFGS,11,-0.24070164561271667
7,PSO+LBFGS,12,-0.24070164561271667
7,PSO+LBFGS,13,-0.24070164561271667
7,PSO+LBFGS,14,-0.24070164561271667
7,PSO+LBFGS,15,-0.24070164561271667
7,PSO+LBFGS,16,-0.24070164561271667
7,PSO+LBFGS,17,-0.24070164561271667
7,PSO+LBFGS,18,-0.24070164561271667
7,PSO+LBFGS,19,-0.24070164561271667
7,PSO+LBFGS,20,-0.24070164561271667
7,PSO+LBFGS,21,-0.24070164561271667
7,PSO+LBFGS,22,-0.24070164561271667
7,PSO+LBFGS,23,-0.24070164561271667
7,PSO+LBFGS,24,-0.24070164561271667
7,PSO+LBFGS,25,-0.24070164561271667
7,PSO+LBFGS,26,-0.24070164561271667
7,PSO+LBFGS,27,-0.24070164561271667
7,PSO+LBFGS,28,-0.24070164561271667
7,PSO+LBFGS,29,-0.24070164561271667
7,PSO+LBFGS,30,-0.24070164561271667
7,PSO+LBFGS,31,-0.24070164561271667
7,PSO+LBFGS,32,-0.24070164561271667
7,PSO+LBFGS,33,-0.24070164561271667
7,PSO+LBFGS,34,-0.24070164561271667
7,PSO+LBFGS,35,-0.24070164561271667
7,PSO+LBFGS,36,-0.24070164561271667
7,PSO+LBFGS,37,-0.24070164561271667
7,PSO+LBFGS,38,-0.24070164561271667
7,PSO+LBFGS,39,-0.24070164561271667
7,PSO+LBFGS,40,-0.24070164561271667
7,PSO+LBFGS,41,-0.24070128798484802
7,PSO+LBFGS,42,-0.24070128798484802
7,PSO+LBFGS,43,-0.24070128798484802
7,PSO+LBFGS,44,-0.24070128798484802
7,PSO+LBFGS,45,-0.24070128798484802
7,PSO+LBFGS,46,-0.24070128798484802
7,PSO+LBFGS,47,-0.24070128798484802
7,PSO+LBFGS,48,-0.24070128798484802
7,PSO+LBFGS,49,-0.24070128798484802
7,PSO+LBFGS,50,-0.24070128798484802
7,PSO+LBFGS,51,-0.24070128798484802
7,PSO+LBFGS,52,-0.24070128798484802
7,PSO+LBFGS,53,-0.24070128798484802
7,PSO+LBFGS,54,-0.24070128798484802
7,PSO+LBFGS,55,-0.24070128798484802
7,PSO+LBFGS,56,-0.24070128798484802
7,PSO+LBFGS,57,-0.24070128798484802
7,PSO+LBFGS,58,-0.24070128798484802
7,PSO+LBFGS,59,-0.24070128798484802
7,PSO+LBFGS,60,-0.24070128798484802
8,Adam,1,-1.7527190446853638
8,Adam,2,-1.7600504159927368
8,Adam,3,-1.7672549486160278
8,Adam,4,-1.7743263244628906
8,Adam,5,-1.781247615814209
8,Adam,6,-1.788008213043213
8,Adam,7,-1.7945966720581055
8,Adam,8,-1.8010053634643555
8,Adam,9,-1.8072246313095093
8,Adam,10,-1.8132489919662476
8,Adam,11,-1.8190721273422241
8,Adam,12,-1.824690818786621
8,Adam,13,-1.830102562904358
8,Adam,14,-1.8353041410446167
8,Adam,15,-1.8402984142303467
8,Adam,16,-1.8450849056243896
8,Adam,17,-1.8496650457382202
8,Adam,18,-1.8540436029434204
8,Adam,19,-1.8582221269607544
8,Adam,20,-1.8622057437896729
8,Adam,21,-1.8659988641738892
8,Adam,22,-1.8696091175079346
8,Adam,23,-1.8730376958847046
8,Adam,24,-1.8762973546981812
8,Adam,25,-1.879390001296997
8,Adam,26,-1.8823210000991821
8,Adam,27,-1.8851019144058228
8,Adam,28,-1.887734293937683
8,Adam,29,-1.8902297019958496
8,Adam,30,-1.8925901651382446
8,Adam,31,-1.8948243856430054
8,Adam,32,-1.8969398736953735
8,Adam,33,-1.898938536643982
8,Adam,34,-1.9008322954177856
8,Adam,35,-1.902621865272522
8,Adam,36,-1.9043140411376953
8,Adam,37,-1.9059157371520996
8,Adam,38,-1.9074288606643677
8,Adam,39,-1.908862829208374
8,Adam,40,-1.9102188348770142
8,Adam,41,-1.9115033149719238
8,Adam,42,-1.912717580795288
8,Adam,43,-1.9138715267181396
8,Adam,44,-1.9149625301361084
8,Adam,45,-1.915997862815857
8,Adam,46,-1.9169787168502808
8,Adam,47,-1.9179128408432007
8,Adam,48,-1.9187979698181152
8,Adam,49,-1.919641375541687
8,Adam,50,-1.920443058013916
8,Adam,51,-1.9212056398391724
8,Adam,52,-1.9219337701797485
8,Adam,53,-1.9226276874542236
8,Adam,54,-1.923288106918335
8,Adam,55,-1.9239213466644287
8,Adam,56,-1.924524188041687
8,Adam,57,-1.9251010417938232
8,Adam,58,-1.9256525039672852
8,Adam,59,-1.9261810779571533
8,Adam,60,-1.9266880750656128
8,LBFGS,1,-1.8914682865142822
8,LBFGS,2,-1.9252030849456787
8,LBFGS,3,-1.935186743736267
8,LBFGS,4,-1.941019892692566
8,LBFGS,5,-1.943935751914978
8,LBFGS,6,-1.9455336332321167
8,LBFGS,7,-1.9464011192321777
8,LBFGS,8,-1.9468791484832764
8,LBFGS,9,-1.9471440315246582
8,LBFGS,10,-1.9472498893737793
8,LBFGS,11,-1.9473637342453003
8,LBFGS,12,-1.9474129676818848
8,LBFGS,13,-1.9474352598190308
8,LBFGS,14,-1.9474542140960693
8,LBFGS,15,-1.9474635124206543
8,LBFGS,16,-1.947467565536499
8,LBFGS,17,-1.947471261024475
8,LBFGS,18,-1.947473168373108
8,LBFGS,19,-1.9474735260009766
8,LBFGS,20,-1.9474736452102661
8,LBFGS,21,-1.9474736452102661
8,LBFGS,22,-1.9474736452102661
8,LBFGS,23,-1.9474736452102661
8,LBFGS,24,-1.9474736452102661
8,LBFGS,25,-1.9474736452102661
8,LBFGS,26,-1.9474736452102661
8,LBFGS,27,-1.9474736452102661
8,LBFGS,28,-1.9474736452102661
8,LBFGS,29,-1.9474736452102661
8,LBFGS,30,-1.9474736452102661
8,LBFGS,31,-1.9474736452102661
8,LBFGS,32,-1.9474736452102661
8,LBFGS,33,-1.9474736452102661
8,LBFGS,34,-1.9474736452102661
8,LBFGS,35,-1.9474736452102661
8,LBFGS,36,-1.9474736452102661
8,LBFGS,37,-1.9474736452102661
8,LBFGS,38,-1.9474736452102661
8,LBFGS,39,-1.9474736452102661
8,LBFGS,40,-1.9474736452102661
8,LBFGS,41,-1.9474736452102661
8,LBFGS,42,-1.9474736452102661
8,LBFGS,43,-1.9474736452102661
8,LBFGS,44,-1.9474736452102661
8,LBFGS,45,-1.9474736452102661
8,LBFGS,46,-1.9474736452102661
8,LBFGS,47,-1.9474736452102661
8,LBFGS,48,-1.9474736452102661
8,LBFGS,49,-1.9474736452102661
8,LBFGS,50,-1.9474736452102661
8,LBFGS,51,-1.9474736452102661
8,LBFGS,52,-1.9474736452102661
8,LBFGS,53,-1.9474736452102661
8,LBFGS,54,-1.9474736452102661
8,LBFGS,55,-1.9474736452102661
8,LBFGS,56,-1.9474736452102661
8,LBFGS,57,-1.9474736452102661
8,LBFGS,58,-1.9474736452102661
8,LBFGS,59,-1.9474736452102661
8,LBFGS,60,-1.9474736452102661
8,PSO,1,-1.9093884229660034
8,PSO,2,-1.9357736110687256
8,PSO,3,-1.9357736110687256
8,PSO,4,-1.938241958618164
8,PSO,5,-1.943078875541687
8,PSO,6,-1.9461714029312134
8,PSO,7,-1.9471317529678345
8,PSO,8,-1.947333812713623
8,PSO,9,-1.9473775625228882
8,PSO,10,-1.9474732875823975
8,PSO,11,-1.9474732875823975
8,PSO,12,-1.9474732875823975
8,PSO,13,-1.9474732875823975
8,PSO,14,-1.9474732875823975
8,PSO,15,-1.9474732875823975
8,PSO,16,-1.9474732875823975
8,PSO,17,-1.9474732875823975
8,PSO,18,-1.9474732875823975
8,PSO,19,-1.9474732875823975
8,PSO,20,-1.9474732875823975
8,PSO,21,-1.9474732875823975
8,PSO,22,-1.9474732875823975
8,PSO,23,-1.9474736452102661
8,PSO,24,-1.9474736452102661
8,PSO,25,-1.9474736452102661
8,PSO,26,-1.9474736452102661
8,PSO,27,-1.9474737644195557
8,PSO,28,-1.9474737644195557
8,PSO,29,-1.9474737644195557
8,PSO,30,-1.9474737644195557
8,PSO,31,-1.9474737644195557
8,PSO,32,-1.9474737644195557
8,PSO,33,-1.9474737644195557
8,PSO,34,-1.9474737644195557
8,PSO,35,-1.9474737644195557
8,PSO,36,-1.9474738836288452
8,PSO,37,-1.9474738836288452
8,PSO,38,-1.9474738836288452
8,PSO,39,-1.9474738836288452
8,PSO,40,-1.9474738836288452
8,PSO,41,-1.9474738836288452
8,PSO,42,-1.9474738836288452
8,PSO,43,-1.9474738836288452
8,PSO,44,-1.9474738836288452
8,PSO,45,-1.9474738836288452
8,PSO,46,-1.9474738836288452
8,PSO,47,-1.9474738836288452
8,PSO,48,-1.9474738836288452
8,PSO,49,-1.9474738836288452
8,PSO,50,-1.9474738836288452
8,PSO,51,-1.9474738836288452
8,PSO,52,-1.9474738836288452
8,PSO,53,-1.9474738836288452
8,PSO,54,-1.9474738836288452
8,PSO,55,-1.9474738836288452
8,PSO,56,-1.9474738836288452
8,PSO,57,-1.9474738836288452
8,PSO,58,-1.9474738836288452
8,PSO,59,-1.9474738836288452
8,PSO,60,-1.9474738836288452
8,DE,1,-1.9068278074264526
8,DE,2,-1.9280061721801758
8,DE,3,-1.9369937181472778
8,DE,4,-1.9369937181472778
8,DE,5,-1.9369937181472778
8,DE,6,-1.9417723417282104
8,DE,7,-1.9417723417282104
8,DE,8,-1.9417723417282104
8,DE,9,-1.9417723417282104
8,DE,10,-1.9417723417282104
8,DE,11,-1.9417723417282104
8,DE,12,-1.9417723417282104
8,DE,13,-1.942580223083496
8,DE,14,-1.942751407623291
8,DE,15,-1.9429216384887695
8,DE,16,-1.9438469409942627
8,DE,17,-1.9443457126617432
8,DE,18,-1.9451721906661987
8,DE,19,-1.9451721906661987
8,DE,20,-1.9451721906661987
8,DE,21,-1.945738673210144
8,DE,22,-1.945786952972412
8,DE,23,-1.945786952972412
8,DE,24,-1.9457879066467285
8,DE,25,-1.9457968473434448
8,DE,26,-1.9464025497436523
8,DE,27,-1.9464699029922485
8,DE,28,-1.9468176364898682
8,DE,29,-1.9470986127853394
8,DE,30,-1.9472641944885254
8,DE,31,-1.9472641944885254
8,DE,32,-1.947293758392334
8,DE,33,-1.947293758392334
8,DE,34,-1.947293758392334
8,DE,35,-1.947293758392334
8,DE,36,-1.9473516941070557
8,DE,37,-1.9473612308502197
8,DE,38,-1.9473612308502197
8,DE,39,-1.9473612308502197
8,DE,40,-1.9473612308502197
8,DE,41,-1.9473637342453003
8,DE,42,-1.9473844766616821
8,DE,43,-1.9474328756332397
8,DE,44,-1.9474328756332397
8,DE,45,-1.9474328756332397
8,DE,46,-1.9474328756332397
8,DE,47,-1.9474328756332397
8,DE,48,-1.9474328756332397
8,DE,49,-1.9474328756332397
8,DE,50,-1.9474387168884277
8,DE,51,-1.9474387168884277
8,DE,52,-1.9474520683288574
8,DE,53,-1.9474656581878662
8,DE,54,-1.9474656581878662
8,DE,55,-1.9474656581878662
8,DE,56,-1.9474656581878662
8,DE,57,-1.9474656581878662
8,DE,58,-1.9474656581878662
8,DE,59,-1.9474656581878662
8,DE,60,-1.9474701881408691
8,PSO+LBFGS,1,-1.866575002670288
8,PSO+LBFGS,2,-1.9137362241744995
8,PSO+LBFGS,3,-1.9463415145874023
8,PSO+LBFGS,4,-1.9472723007202148
8,PSO+LBFGS,5,-1.9472723007202148
8,PSO+LBFGS,6,-1.947434663772583
8,PSO+LBFGS,7,-1.9474468231201172
8,PSO+LBFGS,8,-1.9474726915359497
8,PSO+LBFGS,9,-1.9474726915359497
8,PSO+LBFGS,10,-1.9474726915359497
8,PSO+LBFGS,11,-1.9474726915359497
8,PSO+LBFGS,12,-1.9474726915359497
8,PSO+LBFGS,13,-1.9474726915359497
8,PSO+LBFGS,14,-1.9474726915359497
8,PSO+LBFGS,15,-1.9474732875823975
8,PSO+LBFGS,16,-1.9474732875823975
8,PSO+LBFGS,17,-1.947473406791687
8,PSO+LBFGS,18,-1.947473406791687
8,PSO+LBFGS,19,-1.947473406791687
8,PSO+LBFGS,20,-1.9474736452102661
8,PSO+LBFGS,21,-1.9474736452102661
8,PSO+LBFGS,22,-1.9474736452102661
8,PSO+LBFGS,23,-1.9474736452102661
8,PSO+LBFGS,24,-1.9474737644195557
8,PSO+LBFGS,25,-1.9474737644195557
8,PSO+LBFGS,26,-1.9474737644195557
8,PSO+LBFGS,27,-1.9474737644195557
8,PSO+LBFGS,28,-1.9474737644195557
8,PSO+LBFGS,29,-1.9474737644195557
8,PSO+LBFGS,30,-1.9474737644195557
8,PSO+LBFGS,31,-1.9474737644195557
8,PSO+LBFGS,32,-1.9474737644195557
8,PSO+LBFGS,33,-1.9474737644195557
8,PSO+LBFGS,34,-1.9474737644195557
8,PSO+LBFGS,35,-1.9474738836288452
8,PSO+LBFGS,36,-1.9474738836288452
8,PSO+LBFGS,37,-1.9474738836288452
8,PSO+LBFGS,38,-1.9474738836288452
8,PSO+LBFGS,39,-1.9474738836288452
8,PSO+LBFGS,40,-1.9474738836288452
8,PSO+LBFGS,41,-1.947473406791687
8,PSO+LBFGS,42,-1.947473406791687
8,PSO+LBFGS,43,-1.947473406791687
8,PSO+LBFGS,44,-1.947473406791687
8,PSO+LBFGS,45,-1.947473406791687
8,PSO+LBFGS,46,-1.947473406791687
8,PSO+LBFGS,47,-1.947473406791687
8,PSO+LBFGS,48,-1.947473406791687
8,PSO+LBFGS,49,-1.947473406791687
8,PSO+LBFGS,50,-1.947473406791687
8,PSO+LBFGS,51,-1.947473406791687
8,PSO+LBFGS,52,-1.947473406791687
8,PSO+LBFGS,53,-1.947473406791687
8,PSO+LBFGS,54,-1.947473406791687
8,PSO+LBFGS,55,-1.947473406791687
8,PSO+LBFGS,56,-1.947473406791687
8,PSO+LBFGS,57,-1.947473406791687
8,PSO+LBFGS,58,-1.947473406791687
8,PSO+LBFGS,59,-1.947473406791687
8,PSO+LBFGS,60,-1.947473406791687
9,Adam,1,-1.2974212169647217
9,Adam,2,-1.3018194437026978
9,Adam,3,-1.3061338663101196
9,Adam,4,-1.3103561401367188
9,Adam,5,-1.3144831657409668
9,Adam,6,-1.3185031414031982
9,Adam,7,-1.3224139213562012
9,Adam,8,-1.3262052536010742
9,Adam,9,-1.3298770189285278
9,Adam,10,-1.3334245681762695
9,Adam,11,-1.3368442058563232
9,Adam,12,-1.340137243270874
9,Adam,13,-1.3432984352111816
9,Adam,14,-1.3463304042816162
9,Adam,15,-1.3492344617843628
9,Adam,16,-1.3520119190216064
9,Adam,17,-1.3546644449234009
9,Adam,18,-1.3571937084197998
9,Adam,19,-1.359605073928833
9,Adam,20,-1.3619003295898438
9,Adam,21,-1.3640813827514648
9,Adam,22,-1.3661563396453857
9,Adam,23,-1.3681265115737915
9,Adam,24,-1.3699958324432373
9,Adam,25,-1.3717703819274902
9,Adam,26,-1.373452067375183
9,Adam,27,-1.3750478029251099
9,Adam,28,-1.376560091972351
9,Adam,29,-1.3779919147491455
9,Adam,30,-1.3793489933013916
9,Adam,31,-1.3806360960006714
9,Adam,32,-1.3818544149398804
9,Adam,33,-1.3830105066299438
9,Adam,34,-1.3841055631637573
9,Adam,35,-1.3851439952850342
9,Adam,36,-1.3861262798309326
9,Adam,37,-1.3870598077774048
9,Adam,38,-1.3879456520080566
9,Adam,39,-1.3887848854064941
9,Adam,40,-1.3895822763442993
9,Adam,41,-1.3903377056121826
9,Adam,42,-1.3910555839538574
9,Adam,43,-1.3917372226715088
9,Adam,44,-1.3923851251602173
9,Adam,45,-1.3929989337921143
9,Adam,46,-1.3935835361480713
9,Adam,47,-1.3941389322280884
9,Adam,48,-1.3946669101715088
9,Adam,49,-1.3951683044433594
9,Adam,50,-1.3956453800201416
9,Adam,51,-1.3961001634597778
9,Adam,52,-1.3965321779251099
9,Adam,53,-1.3969436883926392
9,Adam,54,-1.3973360061645508
9,Adam,55,-1.3977090120315552
9,Adam,56,-1.3980661630630493
9,Adam,57,-1.398405909538269
9,Adam,58,-1.3987305164337158
9,Adam,59,-1.3990424871444702
9,Adam,60,-1.3993405103683472
9,LBFGS,1,-1.3551430702209473
9,LBFGS,2,-1.3968199491500854
9,LBFGS,3,-1.4029818773269653
9,LBFGS,4,-1.4071577787399292
9,LBFGS,5,-1.4091237783432007
9,LBFGS,6,-1.4101916551589966
9,LBFGS,7,-1.410577654838562
9,LBFGS,8,-1.411025881767273
9,LBFGS,9,-1.4112578630447388
9,LBFGS,10,-1.4113309383392334
9,LBFGS,11,-1.4113762378692627
9,LBFGS,12,-1.4114493131637573
9,LBFGS,13,-1.411473035812378
9,LBFGS,14,-1.4114900827407837
9,LBFGS,15,-1.4114995002746582
9,LBFGS,16,-1.4115042686462402
9,LBFGS,17,-1.4115073680877686
9,LBFGS,18,-1.4115087985992432
9,LBFGS,19,-1.4115102291107178
9,LBFGS,20,-1.4115110635757446
9,LBFGS,21,-1.4115111827850342
9,LBFGS,22,-1.4115111827850342
9,LBFGS,23,-1.4115111827850342
9,LBFGS,24,-1.4115111827850342
9,LBFGS,25,-1.4115111827850342
9,LBFGS,26,-1.4115111827850342
9,LBFGS,27,-1.4115111827850342
9,LBFGS,28,-1.4115111827850342
9,LBFGS,29,-1.4115111827850342
9,LBFGS,30,-1.4115111827850342
9,LBFGS,31,-1.4115111827850342
9,LBFGS,32,-1.4115111827850342
9,LBFGS,33,-1.4115111827850342
9,LBFGS,34,-1.4115111827850342
9,LBFGS,35,-1.4115111827850342
9,LBFGS,36,-1.4115111827850342
9,LBFGS,37,-1.4115111827850342
9,LBFGS,38,-1.4115111827850342
9,LBFGS,39,-1.4115111827850342
9,LBFGS,40,-1.4115111827850342
9,LBFGS,41,-1.4115111827850342
9,LBFGS,42,-1.4115111827850342
9,LBFGS,43,-1.4115111827850342
9,LBFGS,44,-1.4115111827850342
9,LBFGS,45,-1.4115111827850342
9,LBFGS,46,-1.4115111827850342
9,LBFGS,47,-1.4115111827850342
9,LBFGS,48,-1.4115111827850342
9,LBFGS,49,-1.4115111827850342
9,LBFGS,50,-1.4115111827850342
9,LBFGS,51,-1.4115111827850342
9,LBFGS,52,-1.4115111827850342
9,LBFGS,53,-1.4115111827850342
9,LBFGS,54,-1.4115111827850342
9,LBFGS,55,-1.4115111827850342
9,LBFGS,56,-1.4115111827850342
9,LBFGS,57,-1.4115111827850342
9,LBFGS,58,-1.4115111827850342
9,LBFGS,59,-1.4115111827850342
9,LBFGS,60,-1.4115111827850342
9,PSO,1,-1.396728515625
9,PSO,2,-1.4106652736663818
9,PSO,3,-1.4110605716705322
9,PSO,4,-1.4114325046539307
9,PSO,5,-1.4114325046539307
9,PSO,6,-1.411501407623291
9,PSO,7,-1.4115049839019775
9,PSO,8,-1.4115049839019775
9,PSO,9,-1.4115049839019775
9,PSO,10,-1.4115049839019775
9,PSO,11,-1.4115105867385864
9,PSO,12,-1.411510944366455
9,PSO,13,-1.411510944366455
9,PSO,14,-1.411510944366455
9,PSO,15,-1.411510944366455
9,PSO,16,-1.411510944366455
9,PSO,17,-1.411510944366455
9,PSO,18,-1.4115113019943237
9,PSO,19,-1.4115113019943237
9,PSO,20,-1.4115113019943237
9,PSO,21,-1.4115113019943237
9,PSO,22,-1.4115113019943237
9,PSO,23,-1.4115113019943237
9,PSO,24,-1.4115113019943237
9,PSO,25,-1.4115114212036133
9,PSO,26,-1.4115114212036133
9,PSO,27,-1.4115114212036133
9,PSO,28,-1.4115114212036133
9,PSO,29,-1.4115114212036133
9,PSO,30,-1.4115114212036133
9,PSO,31,-1.4115114212036133
9,PSO,32,-1.4115114212036133
9,PSO,33,-1.4115114212036133
9,PSO,34,-1.4115114212036133
9,PSO,35,-1.4115114212036133
9,PSO,36,-1.4115114212036133
9,PSO,37,-1.4115114212036133
9,PSO,38,-1.4115114212036133
9,PSO,39,-1.4115114212036133
9,PSO,40,-1.4115114212036133
9,PSO,41,-1.4115114212036133
9,PSO,42,-1.4115114212036133
9,PSO,43,-1.4115114212036133
9,PSO,44,-1.4115114212036133
9,PSO,45,-1.4115114212036133
9,PSO,46,-1.4115114212036133
9,PSO,47,-1.4115114212036133
9,PSO,48,-1.4115114212036133
9,PSO,49,-1.4115114212036133
9,PSO,50,-1.4115114212036133
9,PSO,51,-1.4115114212036133
9,PSO,52,-1.4115114212036133
9,PSO,53,-1.4115114212036133
9,PSO,54,-1.4115114212036133
9,PSO,55,-1.4115114212036133
9,PSO,56,-1.4115114212036133
9,PSO,57,-1.4115114212036133
9,PSO,58,-1.4115114212036133
9,PSO,59,-1.4115114212036133
9,PSO,60,-1.4115114212036133
9,DE,1,-1.380113959312439
9,DE,2,-1.3912937641143799
9,DE,3,-1.3912937641143799
9,DE,4,-1.3912937641143799
9,DE,5,-1.3912937641143799
9,DE,6,-1.3912937641143799
9,DE,7,-1.3912937641143799
9,DE,8,-1.392939805984497
9,DE,9,-1.394966721534729
9,DE,10,-1.394966721534729
9,DE,11,-1.39700448513031
9,DE,12,-1.3985521793365479
9,DE,13,-1.3985521793365479
9,DE,14,-1.3985521793365479
9,DE,15,-1.3985521793365479
9,DE,16,-1.3985521793365479
9,DE,17,-1.3987295627593994
9,DE,18,-1.4024043083190918
9,DE,19,-1.4051384925842285
9,DE,20,-1.4071804285049438
9,DE,21,-1.4071804285049438
9,DE,22,-1.4071804285049438
9,DE,23,-1.4071804285049438
9,DE,24,-1.407942533493042
9,DE,25,-1.4082648754119873
9,DE,26,-1.4093557596206665
9,DE,27,-1.4107158184051514
9,DE,28,-1.4107158184051514
9,DE,29,-1.4108827114105225
9,DE,30,-1.4108827114105225
9,DE,31,-1.4108827114105225
9,DE,32,-1.4108827114105225
9,DE,33,-1.4108827114105225
9,DE,34,-1.4111363887786865
9,DE,35,-1.4111363887786865
9,DE,36,-1.4112236499786377
9,DE,37,-1.4112236499786377
9,DE,38,-1.411284327507019
9,DE,39,-1.4114001989364624
9,DE,40,-1.4114001989364624
9,DE,41,-1.4114001989364624
9,DE,42,-1.4114012718200684
9,DE,43,-1.411410927772522
9,DE,44,-1.411410927772522
9,DE,45,-1.411410927772522
9,DE,46,-1.411410927772522
9,DE,47,-1.4114118814468384
9,DE,48,-1.4114118814468384
9,DE,49,-1.4114118814468384
9,DE,50,-1.4114162921905518
9,DE,51,-1.4114162921905518
9,DE,52,-1.4114406108856201
9,DE,53,-1.4114576578140259
9,DE,54,-1.4114576578140259
9,DE,55,-1.4114606380462646
9,DE,56,-1.4114606380462646
9,DE,57,-1.4114655256271362
9,DE,58,-1.4114717245101929
9,DE,59,-1.4114779233932495
9,DE,60,-1.4114822149276733
9,PSO+LBFGS,1,-1.3657265901565552
9,PSO+LBFGS,2,-1.3904169797897339
9,PSO+LBFGS,3,-1.399007797241211
9,PSO+LBFGS,4,-1.408867359161377
9,PSO+LBFGS,5,-1.4110028743743896
9,PSO+LBFGS,6,-1.411272406578064
9,PSO+LBFGS,7,-1.4114700555801392
9,PSO+LBFGS,8,-1.4114928245544434
9,PSO+LBFGS,9,-1.411510705947876
9,PSO+LBFGS,10,-1.411510705947876
9,PSO+LBFGS,11,-1.4115110635757446
9,PSO+LBFGS,12,-1.4115110635757446
9,PSO+LBFGS,13,-1.4115110635757446
9,PSO+LBFGS,14,-1.4115110635757446
9,PSO+LBFGS,15,-1.4115110635757446
9,PSO+LBFGS,16,-1.4115110635757446
9,PSO+LBFGS,17,-1.4115110635757446
9,PSO+LBFGS,18,-1.4115110635757446
9,PSO+LBFGS,19,-1.4115110635757446
9,PSO+LBFGS,20,-1.4115110635757446
9,PSO+LBFGS,21,-1.4115110635757446
9,PSO+LBFGS,22,-1.4115110635757446
9,PSO+LBFGS,23,-1.4115110635757446
9,PSO+LBFGS,24,-1.4115111827850342
9,PSO+LBFGS,25,-1.4115111827850342
9,PSO+LBFGS,26,-1.4115111827850342
9,PSO+LBFGS,27,-1.4115111827850342
9,PSO+LBFGS,28,-1.4115111827850342
9,PSO+LBFGS,29,-1.4115111827850342
9,PSO+LBFGS,30,-1.4115111827850342
9,PSO+LBFGS,31,-1.4115111827850342
9,PSO+LBFGS,32,-1.4115111827850342
9,PSO+LBFGS,33,-1.4115113019943237
9,PSO+LBFGS,34,-1.4115113019943237
9,PSO+LBFGS,35,-1.4115113019943237
9,PSO+LBFGS,36,-1.4115113019943237
9,PSO+LBFGS,37,-1.4115113019943237
9,PSO+LBFGS,38,-1.4115113019943237
9,PSO+LBFGS,39,-1.4115113019943237
9,PSO+LBFGS,40,-1.4115113019943237
9,PSO+LBFGS,41,-1.4115111827850342
9,PSO+LBFGS,42,-1.4115111827850342
9,PSO+LBFGS,43,-1.4115111827850342
9,PSO+LBFGS,44,-1.4115111827850342
9,PSO+LBFGS,45,-1.4115111827850342
9,PSO+LBFGS,46,-1.4115111827850342
9,PSO+LBFGS,47,-1.4115111827850342
9,PSO+LBFGS,48,-1.4115111827850342
9,PSO+LBFGS,49,-1.4115111827850342
9,PSO+LBFGS,50,-1.4115111827850342
9,PSO+LBFGS,51,-1.4115111827850342
9,PSO+LBFGS,52,-1.4115111827850342
9,PSO+LBFGS,53,-1.4115111827850342
9,PSO+LBFGS,54,-1.4115111827850342
9,PSO+LBFGS,55,-1.4115111827850342
9,PSO+LBFGS,56,-1.4115111827850342
9,PSO+LBFGS,57,-1.4115111827850342
9,PSO+LBFGS,58,-1.4115111827850342
9,PSO+LBFGS,59,-1.4115111827850342
9,PSO+LBFGS,60,-1.4115111827850342
10,Adam,1,-2.0191426277160645
10,Adam,2,-2.0264480113983154
10,Adam,3,-2.0336320400238037
10,Adam,4,-2.0406858921051025
10,Adam,5,-2.047593832015991
10,Adam,6,-2.054347276687622
10,Adam,7,-2.0609326362609863
10,Adam,8,-2.067342519760132
10,Adam,9,-2.0735697746276855
10,Adam,10,-2.0796055793762207
10,Adam,11,-2.0854413509368896
10,Adam,12,-2.0910773277282715
10,Adam,13,-2.0965092182159424
10,Adam,14,-2.1017346382141113
10,Adam,15,-2.1067562103271484
10,Adam,16,-2.111570358276367
10,Adam,17,-2.116180658340454
10,Adam,18,-2.120589017868042
10,Adam,19,-2.124799966812134
10,Adam,20,-2.1288185119628906
10,Adam,21,-2.1326472759246826
10,Adam,22,-2.13629150390625
10,Adam,23,-2.139756202697754
10,Adam,24,-2.1430516242980957
10,Adam,25,-2.1461806297302246
10,Adam,26,-2.14915132522583
10,Adam,27,-2.1519663333892822
10,Adam,28,-2.1546356678009033
10,Adam,29,-2.157165765762329
10,Adam,30,-2.159564256668091
10,Adam,31,-2.161834716796875
10,Adam,32,-2.16398549079895
10,Adam,33,-2.1660220623016357
10,Adam,34,-2.167951822280884
10,Adam,35,-2.1697769165039062
10,Adam,36,-2.171505928039551
10,Adam,37,-2.1731441020965576
10,Adam,38,-2.1746952533721924
10,Adam,39,-2.17616605758667
10,Adam,40,-2.177558422088623
10,Adam,41,-2.1788806915283203
10,Adam,42,-2.1801340579986572
10,Adam,43,-2.1813206672668457
10,Adam,44,-2.182448387145996
10,Adam,45,-2.183518886566162
10,Adam,46,-2.184535503387451
10,Adam,47,-2.185499668121338
10,Adam,48,-2.1864185333251953
10,Adam,49,-2.1872897148132324
10,Adam,50,-2.188120126724243
10,Adam,51,-2.188910961151123
10,Adam,52,-2.1896626949310303
10,Adam,53,-2.190380096435547
10,Adam,54,-2.1910653114318848
10,Adam,55,-2.1917173862457275
10,Adam,56,-2.1923391819000244
10,Adam,57,-2.192934989929199
10,Adam,58,-2.193505048751831
10,Adam,59,-2.19404673576355
10,Adam,60,-2.194567918777466
10,LBFGS,1,-2.1611857414245605
10,LBFGS,2,-2.1942551136016846
10,LBFGS,3,-2.203778028488159
10,LBFGS,4,-2.2094907760620117
10,LBFGS,5,-2.21236252784729
10,LBFGS,6,-2.213937997817993
10,LBFGS,7,-2.21480131149292
10,LBFGS,8,-2.2152745723724365
10,LBFGS,9,-2.215327262878418
10,LBFGS,10,-2.2156293392181396
10,LBFGS,11,-2.215738296508789
10,LBFGS,12,-2.2157816886901855
10,LBFGS,13,-2.215811252593994
10,LBFGS,14,-2.215848207473755
10,LBFGS,15,-2.215855836868286
10,LBFGS,16,-2.2158617973327637
10,LBFGS,17,-2.2158665657043457
10,LBFGS,18,-2.2158689498901367
10,LBFGS,19,-2.2158703804016113
10,LBFGS,20,-2.2158708572387695
10,LBFGS,21,-2.2158708572387695
10,LBFGS,22,-2.2158708572387695
10,LBFGS,23,-2.2158708572387695
10,LBFGS,24,-2.2158708572387695
10,LBFGS,25,-2.2158708572387695
10,LBFGS,26,-2.2158708572387695
10,LBFGS,27,-2.2158708572387695
10,LBFGS,28,-2.2158708572387695
10,LBFGS,29,-2.2158708572387695
10,LBFGS,30,-2.2158708572387695
10,LBFGS,31,-2.2158708572387695
10,LBFGS,32,-2.2158708572387695
10,LBFGS,33,-2.2158708572387695
10,LBFGS,34,-2.2158708572387695
10,LBFGS,35,-2.2158708572387695
10,LBFGS,36,-2.2158708572387695
10,LBFGS,37,-2.2158708572387695
10,LBFGS,38,-2.2158708572387695
10,LBFGS,39,-2.2158708572387695
10,LBFGS,40,-2.2158708572387695
10,LBFGS,41,-2.2158708572387695
10,LBFGS,42,-2.2158708572387695
10,LBFGS,43,-2.2158708572387695
10,LBFGS,44,-2.2158708572387695
10,LBFGS,45,-2.2158708572387695
10,LBFGS,46,-2.2158708572387695
10,LBFGS,47,-2.2158708572387695
10,LBFGS,48,-2.2158708572387695
10,LBFGS,49,-2.2158708572387695
10,LBFGS,50,-2.2158708572387695
10,LBFGS,51,-2.2158708572387695
10,LBFGS,52,-2.2158708572387695
10,LBFGS,53,-2.2158708572387695
10,LBFGS,54,-2.2158708572387695
10,LBFGS,55,-2.2158708572387695
10,LBFGS,56,-2.2158708572387695
10,LBFGS,57,-2.2158708572387695
10,LBFGS,58,-2.2158708572387695
10,LBFGS,59,-2.2158708572387695
10,LBFGS,60,-2.2158708572387695
10,PSO,1,-2.172246217727661
10,PSO,2,-2.2113707065582275
10,PSO,3,-2.21527361869812
10,PSO,4,-2.2156026363372803
10,PSO,5,-2.215831756591797
10,PSO,6,-2.2158584594726562
10,PSO,7,-2.2158584594726562
10,PSO,8,-2.2158584594726562
10,PSO,9,-2.2158584594726562
10,PSO,10,-2.215862512588501
10,PSO,11,-2.2158689498901367
10,PSO,12,-2.2158689498901367
10,PSO,13,-2.2158689498901367
10,PSO,14,-2.2158708572387695
10,PSO,15,-2.2158708572387695
10,PSO,16,-2.2158708572387695
10,PSO,17,-2.2158708572387695
10,PSO,18,-2.2158708572387695
10,PSO,19,-2.2158708572387695
10,PSO,20,-2.2158708572387695
10,PSO,21,-2.2158708572387695
10,PSO,22,-2.2158708572387695
10,PSO,23,-2.2158708572387695
10,PSO,24,-2.2158708572387695
10,PSO,25,-2.2158708572387695
10,PSO,26,-2.2158708572387695
10,PSO,27,-2.2158708572387695
10,PSO,28,-2.2158708572387695
10,PSO,29,-2.2158708572387695
10,PSO,30,-2.2158708572387695
10,PSO,31,-2.2158708572387695
10,PSO,32,-2.2158710956573486
10,PSO,33,-2.2158710956573486
10,PSO,34,-2.2158710956573486
10,PSO,35,-2.2158710956573486
10,PSO,36,-2.2158710956573486
10,PSO,37,-2.2158710956573486
10,PSO,38,-2.2158710956573486
10,PSO,39,-2.2158710956573486
10,PSO,40,-2.2158710956573486
10,PSO,41,-2.2158710956573486
10,PSO,42,-2.2158710956573486
10,PSO,43,-2.2158710956573486
10,PSO,44,-2.2158710956573486
10,PSO,45,-2.2158710956573486
10,PSO,46,-2.2158710956573486
10,PSO,47,-2.2158710956573486
10,PSO,48,-2.2158710956573486
10,PSO,49,-2.2158710956573486
10,PSO,50,-2.2158710956573486
10,PSO,51,-2.2158710956573486
10,PSO,52,-2.2158710956573486
10,PSO,53,-2.2158710956573486
10,PSO,54,-2.2158710956573486
10,PSO,55,-2.2158710956573486
10,PSO,56,-2.2158710956573486
10,PSO,57,-2.2158710956573486
10,PSO,58,-2.2158710956573486
10,PSO,59,-2.2158710956573486
10,PSO,60,-2.2158710956573486
10,DE,1,-2.1447105407714844
10,DE,2,-2.154542922973633
10,DE,3,-2.1813507080078125
10,DE,4,-2.193260669708252
10,DE,5,-2.2016148567199707
10,DE,6,-2.2016148567199707
10,DE,7,-2.2016148567199707
10,DE,8,-2.2028369903564453
10,DE,9,-2.2041563987731934
10,DE,10,-2.204671621322632
10,DE,11,-2.207961082458496
10,DE,12,-2.2092506885528564
10,DE,13,-2.2101001739501953
10,DE,14,-2.2101001739501953
10,DE,15,-2.212843894958496
10,DE,16,-2.212843894958496
10,DE,17,-2.212843894958496
10,DE,18,-2.212843894958496
10,DE,19,-2.212843894958496
10,DE,20,-2.212843894958496
10,DE,21,-2.2132956981658936
10,DE,22,-2.2139546871185303
10,DE,23,-2.2145907878875732
10,DE,24,-2.214658260345459
10,DE,25,-2.214658260345459
10,DE,26,-2.214658260345459
10,DE,27,-2.214658260345459
10,DE,28,-2.2148470878601074
10,DE,29,-2.2148892879486084
10,DE,30,-2.2153563499450684
10,DE,31,-2.2153563499450684
10,DE,32,-2.2153563499450684
10,DE,33,-2.2153563499450684
10,DE,34,-2.2153563499450684
10,DE,35,-2.2153563499450684
10,DE,36,-2.2153563499450684
10,DE,37,-2.2153563499450684
10,DE,38,-2.215369462966919
10,DE,39,-2.215369462966919
10,DE,40,-2.215369462966919
10,DE,41,-2.215486764907837
10,DE,42,-2.215522527694702
10,DE,43,-2.215522527694702
10,DE,44,-2.215585231781006
10,DE,45,-2.2156624794006348
10,DE,46,-2.2157375812530518
10,DE,47,-2.2157375812530518
10,DE,48,-2.2157375812530518
10,DE,49,-2.215771436691284
10,DE,50,-2.2158331871032715
10,DE,51,-2.2158331871032715
10,DE,52,-2.2158331871032715
10,DE,53,-2.2158331871032715
10,DE,54,-2.2158360481262207
10,DE,55,-2.2158360481262207
10,DE,56,-2.2158446311950684
10,DE,57,-2.2158446311950684
10,DE,58,-2.2158446311950684
10,DE,59,-2.215851068496704
10,DE,60,-2.215851068496704
10,PSO+LBFGS,1,-2.126173257827759
10,PSO+LBFGS,2,-2.198777437210083
10,PSO+LBFGS,3,-2.200728178024292
10,PSO+LBFGS,4,-2.200740337371826
10,PSO+LBFGS,5,-2.200742483139038
10,PSO+LBFGS,6,-2.2007434368133545
10,PSO+LBFGS,7,-2.2007434368133545
10,PSO+LBFGS,8,-2.2007434368133545
10,PSO+LBFGS,9,-2.2007434368133545
10,PSO+LBFGS,10,-2.2007434368133545
10,PSO+LBFGS,11,-2.2007434368133545
10,PSO+LBFGS,12,-2.2007434368133545
10,PSO+LBFGS,13,-2.2007434368133545
10,PSO+LBFGS,14,-2.2007434368133545
10,PSO+LBFGS,15,-2.2007434368133545
10,PSO+LBFGS,16,-2.2007434368133545
10,PSO+LBFGS,17,-2.2007434368133545
10,PSO+LBFGS,18,-2.2007436752319336
10,PSO+LBFGS,19,-2.2007436752319336
10,PSO+LBFGS,20,-2.2007436752319336
10,PSO+LBFGS,21,-2.2007436752319336
10,PSO+LBFGS,22,-2.2007436752319336
10,PSO+LBFGS,23,-2.2007436752319336
10,PSO+LBFGS,24,-2.2007436752319336
10,PSO+LBFGS,25,-2.2007436752319336
10,PSO+LBFGS,26,-2.2007436752319336
10,PSO+LBFGS,27,-2.2007436752319336
10,PSO+LBFGS,28,-2.2007436752319336
10,PSO+LBFGS,29,-2.2007436752319336
10,PSO+LBFGS,30,-2.2007436752319336
10,PSO+LBFGS,31,-2.2007436752319336
10,PSO+LBFGS,32,-2.2007436752319336
10,PSO+LBFGS,33,-2.2007436752319336
10,PSO+LBFGS,34,-2.2007436752319336
10,PSO+LBFGS,35,-2.2007436752319336
10,PSO+LBFGS,36,-2.2007436752319336
10,PSO+LBFGS,37,-2.2007436752319336
10,PSO+LBFGS,38,-2.2007436752319336
10,PSO+LBFGS,39,-2.2007436752319336
10,PSO+LBFGS,40,-2.2007436752319336
10,PSO+LBFGS,41,-2.2007434368133545
10,PSO+LBFGS,42,-2.2007434368133545
10,PSO+LBFGS,43,-2.2007434368133545
10,PSO+LBFGS,44,-2.2007434368133545
10,PSO+LBFGS,45,-2.2007434368133545
10,PSO+LBFGS,46,-2.2007434368133545
10,PSO+LBFGS,47,-2.2007434368133545
10,PSO+LBFGS,48,-2.2007434368133545
10,PSO+LBFGS,49,-2.2007434368133545
10,PSO+LBFGS,50,-2.2007434368133545
10,PSO+LBFGS,51,-2.2007434368133545
10,PSO+LBFGS,52,-2.2007434368133545
10,PSO+LBFGS,53,-2.2007434368133545
10,PSO+LBFGS,54,-2.2007434368133545
10,PSO+LBFGS,55,-2.2007434368133545
10,PSO+LBFGS,56,-2.2007434368133545
10,PSO+LBFGS,57,-2.2007434368133545
10,PSO+LBFGS,58,-2.2007434368133545
10,PSO+LBFGS,59,-2.2007434368133545
10,PSO+LBFGS,60,-2.2007434368133545
11,Adam,1,-1.7092173099517822
11,Adam,2,-1.7137539386749268
11,Adam,3,-1.7181957960128784
11,Adam,4,-1.7225362062454224
11,Adam,5,-1.7267686128616333
11,Adam,6,-1.7308839559555054
11,Adam,7,-1.7348772287368774
11,Adam,8,-1.7387443780899048
11,Adam,9,-1.7424801588058472
11,Adam,10,-1.7460819482803345
11,Adam,11,-1.7495458126068115
11,Adam,12,-1.7528725862503052
11,Adam,13,-1.7560603618621826
11,Adam,14,-1.7591111660003662
11,Adam,15,-1.7620253562927246
11,Adam,16,-1.7648050785064697
11,Adam,17,-1.7674506902694702
11,Adam,18,-1.7699670791625977
11,Adam,19,-1.7723588943481445
11,Adam,20,-1.774627447128296
11,Adam,21,-1.776777744293213
11,Adam,22,-1.7788141965866089
11,Adam,23,-1.7807426452636719
11,Adam,24,-1.7825652360916138
11,Adam,25,-1.784287929534912
11,Adam,26,-1.7859159708023071
11,Adam,27,-1.7874537706375122
11,Adam,28,-1.7889045476913452
11,Adam,29,-1.7902754545211792
11,Adam,30,-1.7915681600570679
11,Adam,31,-1.7927870750427246
11,Adam,32,-1.7939386367797852
11,Adam,33,-1.7950257062911987
11,Adam,34,-1.7960509061813354
11,Adam,35,-1.7970194816589355
11,Adam,36,-1.7979342937469482
11,Adam,37,-1.7987982034683228
11,Adam,38,-1.7996152639389038
11,Adam,39,-1.8003870248794556
11,Adam,40,-1.8011159896850586
11,Adam,41,-1.801807165145874
11,Adam,42,-1.8024617433547974
11,Adam,43,-1.8030809164047241
11,Adam,44,-1.8036689758300781
11,Adam,45,-1.804226279258728
11,Adam,46,-1.8047549724578857
11,Adam,47,-1.8052574396133423
11,Adam,48,-1.805734395980835
11,Adam,49,-1.806188941001892
11,Adam,50,-1.8066203594207764
11,Adam,51,-1.8070321083068848
11,Adam,52,-1.8074235916137695
11,Adam,53,-1.8077971935272217
11,Adam,54,-1.8081542253494263
11,Adam,55,-1.8084949254989624
11,Adam,56,-1.808820366859436
11,Adam,57,-1.809132695198059
11,Adam,58,-1.8094301223754883
11,Adam,59,-1.809715986251831
11,Adam,60,-1.8099894523620605
11,LBFGS,1,-1.7642791271209717
11,LBFGS,2,-1.80619478225708
11,LBFGS,3,-1.8122377395629883
11,LBFGS,4,-1.8169336318969727
11,LBFGS,5,-1.8189606666564941
11,LBFGS,6,-1.8201030492782593
11,LBFGS,7,-1.8206443786621094
11,LBFGS,8,-1.8209400177001953
11,LBFGS,9,-1.821223258972168
11,LBFGS,10,-1.821300983428955
11,LBFGS,11,-1.8213858604431152
11,LBFGS,12,-1.8214211463928223
11,LBFGS,13,-1.82144296169281
11,LBFGS,14,-1.8214536905288696
11,LBFGS,15,-1.8214609622955322
11,LBFGS,16,-1.8214645385742188
11,LBFGS,17,-1.8214672803878784
11,LBFGS,18,-1.8214683532714844
11,LBFGS,19,-1.8214685916900635
11,LBFGS,20,-1.8214688301086426
11,LBFGS,21,-1.8214690685272217
11,LBFGS,22,-1.8214693069458008
11,LBFGS,23,-1.8214693069458008
11,LBFGS,24,-1.8214693069458008
11,LBFGS,25,-1.8214693069458008
11,LBFGS,26,-1.8214693069458008
11,LBFGS,27,-1.8214693069458008
11,LBFGS,28,-1.8214693069458008
11,LBFGS,29,-1.8214693069458008
11,LBFGS,30,-1.8214693069458008
11,LBFGS,31,-1.8214693069458008
11,LBFGS,32,-1.8214693069458008
11,LBFGS,33,-1.8214693069458008
11,LBFGS,34,-1.8214693069458008
11,LBFGS,35,-1.8214693069458008
11,LBFGS,36,-1.8214693069458008
11,LBFGS,37,-1.8214693069458008
11,LBFGS,38,-1.8214693069458008
11,LBFGS,39,-1.8214693069458008
11,LBFGS,40,-1.8214693069458008
11,LBFGS,41,-1.8214693069458008
11,LBFGS,42,-1.8214693069458008
11,LBFGS,43,-1.8214693069458008
11,LBFGS,44,-1.8214693069458008
11,LBFGS,45,-1.8214693069458008
11,LBFGS,46,-1.8214693069458008
11,LBFGS,47,-1.8214693069458008
11,LBFGS,48,-1.8214693069458008
11,LBFGS,49,-1.8214693069458008
11,LBFGS,50,-1.8214693069458008
11,LBFGS,51,-1.8214693069458008
11,LBFGS,52,-1.8214693069458008
11,LBFGS,53,-1.8214693069458008
11,LBFGS,54,-1.8214693069458008
11,LBFGS,55,-1.8214693069458008
11,LBFGS,56,-1.8214693069458008
11,LBFGS,57,-1.8214693069458008
11,LBFGS,58,-1.8214693069458008
11,LBFGS,59,-1.8214693069458008
11,LBFGS,60,-1.8214693069458008
11,PSO,1,-1.7616138458251953
11,PSO,2,-1.7959219217300415
11,PSO,3,-1.8107173442840576
11,PSO,4,-1.8191767930984497
11,PSO,5,-1.8200843334197998
11,PSO,6,-1.821168065071106
11,PSO,7,-1.821411371231079
11,PSO,8,-1.8214569091796875
11,PSO,9,-1.8214691877365112
11,PSO,10,-1.8214691877365112
11,PSO,11,-1.8214691877365112
11,PSO,12,-1.8214691877365112
11,PSO,13,-1.8214691877365112
11,PSO,14,-1.8214691877365112
11,PSO,15,-1.8214691877365112
11,PSO,16,-1.8214691877365112
11,PSO,17,-1.8214691877365112
11,PSO,18,-1.8214691877365112
11,PSO,19,-1.8214691877365112
11,PSO,20,-1.8214691877365112
11,PSO,21,-1.8214691877365112
11,PSO,22,-1.8214691877365112
11,PSO,23,-1.8214691877365112
11,PSO,24,-1.8214693069458008
11,PSO,25,-1.8214693069458008
11,PSO,26,-1.8214693069458008
11,PSO,27,-1.8214693069458008
11,PSO,28,-1.8214693069458008
11,PSO,29,-1.8214693069458008
11,PSO,30,-1.8214693069458008
11,PSO,31,-1.8214693069458008
11,PSO,32,-1.8214693069458008
11,PSO,33,-1.8214693069458008
11,PSO,34,-1.8214693069458008
11,PSO,35,-1.8214693069458008
11,PSO,36,-1.8214693069458008
11,PSO,37,-1.8214693069458008
11,PSO,38,-1.8214693069458008
11,PSO,39,-1.8214693069458008
11,PSO,40,-1.8214693069458008
11,PSO,41,-1.8214693069458008
11,PSO,42,-1.8214693069458008
11,PSO,43,-1.8214693069458008
11,PSO,44,-1.8214693069458008
11,PSO,45,-1.8214693069458008
11,PSO,46,-1.8214693069458008
11,PSO,47,-1.8214693069458008
11,PSO,48,-1.8214693069458008
11,PSO,49,-1.8214693069458008
11,PSO,50,-1.8214693069458008
11,PSO,51,-1.8214693069458008
11,PSO,52,-1.8214693069458008
11,PSO,53,-1.8214693069458008
11,PSO,54,-1.8214693069458008
11,PSO,55,-1.8214693069458008
11,PSO,56,-1.8214693069458008
11,PSO,57,-1.8214693069458008
11,PSO,58,-1.8214693069458008
11,PSO,59,-1.8214693069458008
11,PSO,60,-1.8214693069458008
11,DE,1,-1.7796398401260376
11,DE,2,-1.7796398401260376
11,DE,3,-1.8010300397872925
11,DE,4,-1.8050312995910645
11,DE,5,-1.8050312995910645
11,DE,6,-1.8054895401000977
11,DE,7,-1.8054895401000977
11,DE,8,-1.8117278814315796
11,DE,9,-1.8117278814315796
11,DE,10,-1.8117278814315796
11,DE,11,-1.8117278814315796
11,DE,12,-1.8126201629638672
11,DE,13,-1.8126201629638672
11,DE,14,-1.8153347969055176
11,DE,15,-1.8156646490097046
11,DE,16,-1.8156646490097046
11,DE,17,-1.8156646490097046
11,DE,18,-1.818791389465332
11,DE,19,-1.818791389465332
11,DE,20,-1.8196033239364624
11,DE,21,-1.8196033239364624
11,DE,22,-1.8196033239364624
11,DE,23,-1.820281982421875
11,DE,24,-1.820281982421875
11,DE,25,-1.820945382118225
11,DE,26,-1.820945382118225
11,DE,27,-1.820945382118225
11,DE,28,-1.820945382118225
11,DE,29,-1.820945382118225
11,DE,30,-1.8209491968154907
11,DE,31,-1.8210617303848267
11,DE,32,-1.821067214012146
11,DE,33,-1.821067214012146
11,DE,34,-1.821067214012146
11,DE,35,-1.821067214012146
11,DE,36,-1.821067214012146
11,DE,37,-1.821067214012146
11,DE,38,-1.821067214012146
11,DE,39,-1.821067214012146
11,DE,40,-1.821067214012146
11,DE,41,-1.821067214012146
11,DE,42,-1.8210991621017456
11,DE,43,-1.8212298154830933
11,DE,44,-1.8213237524032593
11,DE,45,-1.8213237524032593
11,DE,46,-1.8213764429092407
11,DE,47,-1.8213764429092407
11,DE,48,-1.8213764429092407
11,DE,49,-1.8213825225830078
11,DE,50,-1.8213825225830078
11,DE,51,-1.8213825225830078
11,DE,52,-1.821388602256775
11,DE,53,-1.821388602256775
11,DE,54,-1.821388602256775
11,DE,55,-1.8214137554168701
11,DE,56,-1.8214226961135864
11,DE,57,-1.821426510810852
11,DE,58,-1.821426510810852
11,DE,59,-1.8214269876480103
11,DE,60,-1.8214333057403564
11,PSO+LBFGS,1,-1.7687475681304932
11,PSO+LBFGS,2,-1.7908962965011597
11,PSO+LBFGS,3,-1.806976556777954
11,PSO+LBFGS,4,-1.8152894973754883
11,PSO+LBFGS,5,-1.8182789087295532
11,PSO+LBFGS,6,-1.821077823638916
11,PSO+LBFGS,7,-1.8214682340621948
11,PSO+LBFGS,8,-1.8214682340621948
11,PSO+LBFGS,9,-1.8214691877365112
11,PSO+LBFGS,10,-1.8214691877365112
11,PSO+LBFGS,11,-1.8214691877365112
11,PSO+LBFGS,12,-1.8214691877365112
11,PSO+LBFGS,13,-1.8214691877365112
11,PSO+LBFGS,14,-1.8214691877365112
11,PSO+LBFGS,15,-1.8214691877365112
11,PSO+LBFGS,16,-1.8214691877365112
11,PSO+LBFGS,17,-1.8214693069458008
11,PSO+LBFGS,18,-1.8214693069458008
11,PSO+LBFGS,19,-1.8214693069458008
11,PSO+LBFGS,20,-1.8214693069458008
11,PSO+LBFGS,21,-1.8214693069458008
11,PSO+LBFGS,22,-1.8214693069458008
11,PSO+LBFGS,23,-1.8214693069458008
11,PSO+LBFGS,24,-1.8214693069458008
11,PSO+LBFGS,25,-1.8214693069458008
11,PSO+LBFGS,26,-1.8214693069458008
11,PSO+LBFGS,27,-1.8214693069458008
11,PSO+LBFGS,28,-1.8214693069458008
11,PSO+LBFGS,29,-1.8214693069458008
11,PSO+LBFGS,30,-1.8214693069458008
11,PSO+LBFGS,31,-1.8214693069458008
11,PSO+LBFGS,32,-1.8214693069458008
11,PSO+LBFGS,33,-1.8214693069458008
11,PSO+LBFGS,34,-1.8214693069458008
11,PSO+LBFGS,35,-1.8214693069458008
11,PSO+LBFGS,36,-1.8214693069458008
11,PSO+LBFGS,37,-1.8214693069458008
11,PSO+LBFGS,38,-1.8214693069458008
11,PSO+LBFGS,39,-1.8214693069458008
11,PSO+LBFGS,40,-1.8214693069458008
11,PSO+LBFGS,41,-1.8214690685272217
11,PSO+LBFGS,42,-1.8214690685272217
11,PSO+LBFGS,43,-1.8214690685272217
11,PSO+LBFGS,44,-1.8214690685272217
11,PSO+LBFGS,45,-1.8214690685272217
11,PSO+LBFGS,46,-1.8214690685272217
11,PSO+LBFGS,47,-1.8214690685272217
11,PSO+LBFGS,48,-1.8214690685272217
11,PSO+LBFGS,49,-1.8214690685272217
11,PSO+LBFGS,50,-1.8214690685272217
11,PSO+LBFGS,51,-1.8214690685272217
11,PSO+LBFGS,52,-1.8214690685272217
11,PSO+LBFGS,53,-1.8214690685272217
11,PSO+LBFGS,54,-1.8214690685272217
11,PSO+LBFGS,55,-1.8214690685272217
11,PSO+LBFGS,56,-1.8214690685272217
11,PSO+LBFGS,57,-1.8214690685272217
11,PSO+LBFGS,58,-1.8214690685272217
11,PSO+LBFGS,59,-1.8214690685272217
11,PSO+LBFGS,60,-1.8214690685272217
12,Adam,1,-2.0089292526245117
12,Adam,2,-2.0133414268493652
12,Adam,3,-2.0176782608032227
12,Adam,4,-2.02193284034729
12,Adam,5,-2.0261003971099854
12,Adam,6,-2.03016996383667
12,Adam,7,-2.0341358184814453
12,Adam,8,-2.037994384765625
12,Adam,9,-2.0417375564575195
12,Adam,10,-2.045362710952759
12,Adam,11,-2.048868417739868
12,Adam,12,-2.0522475242614746
12,Adam,13,-2.0555026531219482
12,Adam,14,-2.058631420135498
12,Adam,15,-2.061634063720703
12,Adam,16,-2.0645086765289307
12,Adam,17,-2.067260503768921
12,Adam,18,-2.069887638092041
12,Adam,19,-2.072394847869873
12,Adam,20,-2.074782133102417
12,Adam,21,-2.077054738998413
12,Adam,22,-2.079216480255127
12,Adam,23,-2.0812699794769287
12,Adam,24,-2.0832178592681885
12,Adam,25,-2.0850670337677
12,Adam,26,-2.0868189334869385
12,Adam,27,-2.0884790420532227
12,Adam,28,-2.090049982070923
12,Adam,29,-2.0915379524230957
12,Adam,30,-2.0929460525512695
12,Adam,31,-2.094278573989868
12,Adam,32,-2.095538377761841
12,Adam,33,-2.0967297554016113
12,Adam,34,-2.09785795211792
12,Adam,35,-2.0989251136779785
12,Adam,36,-2.0999341011047363
12,Adam,37,-2.1008894443511963
12,Adam,38,-2.101793050765991
12,Adam,39,-2.1026499271392822
12,Adam,40,-2.1034610271453857
12,Adam,41,-2.104229211807251
12,Adam,42,-2.104957103729248
12,Adam,43,-2.1056482791900635
12,Adam,44,-2.1063032150268555
12,Adam,45,-2.1069250106811523
12,Adam,46,-2.107515335083008
12,Adam,47,-2.108076810836792
12,Adam,48,-2.1086111068725586
12,Adam,49,-2.1091179847717285
12,Adam,50,-2.109602212905884
12,Adam,51,-2.1100611686706543
12,Adam,52,-2.1105005741119385
12,Adam,53,-2.110917568206787
12,Adam,54,-2.111316680908203
12,Adam,55,-2.1116976737976074
12,Adam,56,-2.112061023712158
12,Adam,57,-2.112407922744751
12,Adam,58,-2.1127395629882812
12,Adam,59,-2.113058090209961
12,Adam,60,-2.1133625507354736
12,LBFGS,1,-2.084260940551758
12,LBFGS,2,-2.1095359325408936
12,LBFGS,3,-2.117230176925659
12,LBFGS,4,-2.1212127208709717
12,LBFGS,5,-2.1232876777648926
12,LBFGS,6,-2.1244235038757324
12,LBFGS,7,-2.124988317489624
12,LBFGS,8,-2.1254513263702393
12,LBFGS,9,-2.125596046447754
12,LBFGS,10,-2.1257033348083496
12,LBFGS,11,-2.1257545948028564
12,LBFGS,12,-2.125784158706665
12,LBFGS,13,-2.125800371170044
12,LBFGS,14,-2.125809669494629
12,LBFGS,15,-2.12581467628479
12,LBFGS,16,-2.125816583633423
12,LBFGS,17,-2.1258187294006348
12,LBFGS,18,-2.125819444656372
12,LBFGS,19,-2.1258201599121094
12,LBFGS,20,-2.1258201599121094
12,LBFGS,21,-2.1258203983306885
12,LBFGS,22,-2.1258203983306885
12,LBFGS,23,-2.1258206367492676
12,LBFGS,24,-2.1258206367492676
12,LBFGS,25,-2.1258206367492676
12,LBFGS,26,-2.1258206367492676
12,LBFGS,27,-2.1258206367492676
12,LBFGS,28,-2.1258206367492676
12,LBFGS,29,-2.1258206367492676
12,LBFGS,30,-2.1258206367492676
12,LBFGS,31,-2.1258206367492676
12,LBFGS,32,-2.1258206367492676
12,LBFGS,33,-2.1258206367492676
12,LBFGS,34,-2.1258206367492676
12,LBFGS,35,-2.1258206367492676
12,LBFGS,36,-2.1258206367492676
12,LBFGS,37,-2.1258206367492676
12,LBFGS,38,-2.1258206367492676
12,LBFGS,39,-2.1258206367492676
12,LBFGS,40,-2.1258206367492676
12,LBFGS,41,-2.1258206367492676
12,LBFGS,42,-2.1258206367492676
12,LBFGS,43,-2.1258206367492676
12,LBFGS,44,-2.1258206367492676
12,LBFGS,45,-2.1258206367492676
12,LBFGS,46,-2.1258206367492676
12,LBFGS,47,-2.1258206367492676
12,LBFGS,48,-2.1258206367492676
12,LBFGS,49,-2.1258206367492676
12,LBFGS,50,-2.1258206367492676
12,LBFGS,51,-2.1258206367492676
12,LBFGS,52,-2.1258206367492676
12,LBFGS,53,-2.1258206367492676
12,LBFGS,54,-2.1258206367492676
12,LBFGS,55,-2.1258206367492676
12,LBFGS,56,-2.1258206367492676
12,LBFGS,57,-2.1258206367492676
12,LBFGS,58,-2.1258206367492676
12,LBFGS,59,-2.1258206367492676
12,LBFGS,60,-2.1258206367492676
12,PSO,1,-2.0848989486694336
12,PSO,2,-2.1008477210998535
12,PSO,3,-2.1163227558135986
12,PSO,4,-2.1233081817626953
12,PSO,5,-2.1247079372406006
12,PSO,6,-2.125380039215088
12,PSO,7,-2.125784397125244
12,PSO,8,-2.1258201599121094
12,PSO,9,-2.1258201599121094
12,PSO,10,-2.1258206367492676
12,PSO,11,-2.1258206367492676
12,PSO,12,-2.1258206367492676
12,PSO,13,-2.1258206367492676
12,PSO,14,-2.1258206367492676
12,PSO,15,-2.1258206367492676
12,PSO,16,-2.1258206367492676
12,PSO,17,-2.1258206367492676
12,PSO,18,-2.1258206367492676
12,PSO,19,-2.1258206367492676
12,PSO,20,-2.1258206367492676
12,PSO,21,-2.1258206367492676
12,PSO,22,-2.1258206367492676
12,PSO,23,-2.1258206367492676
12,PSO,24,-2.1258206367492676
12,PSO,25,-2.1258206367492676
12,PSO,26,-2.1258206367492676
12,PSO,27,-2.1258206367492676
12,PSO,28,-2.1258206367492676
12,PSO,29,-2.1258206367492676
12,PSO,30,-2.1258206367492676
12,PSO,31,-2.1258206367492676
12,PSO,32,-2.1258206367492676
12,PSO,33,-2.1258206367492676
12,PSO,34,-2.1258206367492676
12,PSO,35,-2.1258206367492676
12,PSO,36,-2.1258206367492676
12,PSO,37,-2.1258206367492676
12,PSO,38,-2.1258206367492676
12,PSO,39,-2.1258206367492676
12,PSO,40,-2.1258206367492676
12,PSO,41,-2.1258206367492676
12,PSO,42,-2.1258206367492676
12,PSO,43,-2.1258206367492676
12,PSO,44,-2.1258206367492676
12,PSO,45,-2.1258206367492676
12,PSO,46,-2.1258206367492676
12,PSO,47,-2.1258206367492676
12,PSO,48,-2.1258206367492676
12,PSO,49,-2.1258206367492676
12,PSO,50,-2.1258206367492676
12,PSO,51,-2.1258206367492676
12,PSO,52,-2.1258206367492676
12,PSO,53,-2.1258206367492676
12,PSO,54,-2.1258206367492676
12,PSO,55,-2.1258206367492676
12,PSO,56,-2.1258206367492676
12,PSO,57,-2.1258206367492676
12,PSO,58,-2.1258206367492676
12,PSO,59,-2.1258206367492676
12,PSO,60,-2.1258206367492676
12,DE,1,-2.094327449798584
12,DE,2,-2.094327449798584
12,DE,3,-2.094327449798584
12,DE,4,-2.0955212116241455
12,DE,5,-2.1040918827056885
12,DE,6,-2.113400936126709
12,DE,7,-2.113400936126709
12,DE,8,-2.113400936126709
12,DE,9,-2.1155922412872314
12,DE,10,-2.121105432510376
12,DE,11,-2.121105432510376
12,DE,12,-2.1220836639404297
12,DE,13,-2.1220836639404297
12,DE,14,-2.1220836639404297
12,DE,15,-2.1220836639404297
12,DE,16,-2.1230456829071045
12,DE,17,-2.1230456829071045
12,DE,18,-2.1230456829071045
12,DE,19,-2.1230456829071045
12,DE,20,-2.1238903999328613
12,DE,21,-2.1238903999328613
12,DE,22,-2.1238903999328613
12,DE,23,-2.1238903999328613
12,DE,24,-2.1238903999328613
12,DE,25,-2.12412691116333
12,DE,26,-2.124662399291992
12,DE,27,-2.124931573867798
12,DE,28,-2.124931573867798
12,DE,29,-2.124931573867798
12,DE,30,-2.124931573867798
12,DE,31,-2.124931573867798
12,DE,32,-2.124931573867798
12,DE,33,-2.1252195835113525
12,DE,34,-2.1252195835113525
12,DE,35,-2.125408411026001
12,DE,36,-2.1255416870117188
12,DE,37,-2.1255416870117188
12,DE,38,-2.1255953311920166
12,DE,39,-2.1255953311920166
12,DE,40,-2.1255953311920166
12,DE,41,-2.1255953311920166
12,DE,42,-2.1255953311920166
12,DE,43,-2.1256463527679443
12,DE,44,-2.125656843185425
12,DE,45,-2.1256706714630127
12,DE,46,-2.1256706714630127
12,DE,47,-2.1256706714630127
12,DE,48,-2.1256754398345947
12,DE,49,-2.1256942749023438
12,DE,50,-2.125711441040039
12,DE,51,-2.125711441040039
12,DE,52,-2.125711441040039
12,DE,53,-2.125711441040039
12,DE,54,-2.125711441040039
12,DE,55,-2.125732421875
12,DE,56,-2.125739574432373
12,DE,57,-2.125771999359131
12,DE,58,-2.125771999359131
12,DE,59,-2.1257731914520264
12,DE,60,-2.1257731914520264
12,PSO+LBFGS,1,-2.093950033187866
12,PSO+LBFGS,2,-2.1237597465515137
12,PSO+LBFGS,3,-2.125023603439331
12,PSO+LBFGS,4,-2.125509262084961
12,PSO+LBFGS,5,-2.1257681846618652
12,PSO+LBFGS,6,-2.1258201599121094
12,PSO+LBFGS,7,-2.1258201599121094
12,PSO+LBFGS,8,-2.1258201599121094
12,PSO+LBFGS,9,-2.1258201599121094
12,PSO+LBFGS,10,-2.1258203983306885
12,PSO+LBFGS,11,-2.1258203983306885
12,PSO+LBFGS,12,-2.1258203983306885
12,PSO+LBFGS,13,-2.1258203983306885
12,PSO+LBFGS,14,-2.1258203983306885
12,PSO+LBFGS,15,-2.1258203983306885
12,PSO+LBFGS,16,-2.1258203983306885
12,PSO+LBFGS,17,-2.1258203983306885
12,PSO+LBFGS,18,-2.1258203983306885
12,PSO+LBFGS,19,-2.1258203983306885
12,PSO+LBFGS,20,-2.1258203983306885
12,PSO+LBFGS,21,-2.1258206367492676
12,PSO+LBFGS,22,-2.1258206367492676
12,PSO+LBFGS,23,-2.1258206367492676
12,PSO+LBFGS,24,-2.1258206367492676
12,PSO+LBFGS,25,-2.1258206367492676
12,PSO+LBFGS,26,-2.1258206367492676
12,PSO+LBFGS,27,-2.1258206367492676
12,PSO+LBFGS,28,-2.1258206367492676
12,PSO+LBFGS,29,-2.1258206367492676
12,PSO+LBFGS,30,-2.1258206367492676
12,PSO+LBFGS,31,-2.1258206367492676
12,PSO+LBFGS,32,-2.1258206367492676
12,PSO+LBFGS,33,-2.1258206367492676
12,PSO+LBFGS,34,-2.1258206367492676
12,PSO+LBFGS,35,-2.1258206367492676
12,PSO+LBFGS,36,-2.1258206367492676
12,PSO+LBFGS,37,-2.1258206367492676
12,PSO+LBFGS,38,-2.1258206367492676
12,PSO+LBFGS,39,-2.1258206367492676
12,PSO+LBFGS,40,-2.1258206367492676
12,PSO+LBFGS,41,-2.1258206367492676
12,PSO+LBFGS,42,-2.1258206367492676
12,PSO+LBFGS,43,-2.1258206367492676
12,PSO+LBFGS,44,-2.1258206367492676
12,PSO+LBFGS,45,-2.1258206367492676
12,PSO+LBFGS,46,-2.1258206367492676
12,PSO+LBFGS,47,-2.1258206367492676
12,PSO+LBFGS,48,-2.1258206367492676
12,PSO+LBFGS,49,-2.1258206367492676
12,PSO+LBFGS,50,-2.1258206367492676
12,PSO+LBFGS,51,-2.1258206367492676
12,PSO+LBFGS,52,-2.1258206367492676
12,PSO+LBFGS,53,-2.1258206367492676
12,PSO+LBFGS,54,-2.1258206367492676
12,PSO+LBFGS,55,-2.1258206367492676
12,PSO+LBFGS,56,-2.1258206367492676
12,PSO+LBFGS,57,-2.1258206367492676
12,PSO+LBFGS,58,-2.1258206367492676
12,PSO+LBFGS,59,-2.1258206367492676
12,PSO+LBFGS,60,-2.1258206367492676
13,Adam,1,-1.6952193975448608
13,Adam,2,-1.7001533508300781
13,Adam,3,-1.7049849033355713
13,Adam,4,-1.709703803062439
13,Adam,5,-1.7143056392669678
13,Adam,6,-1.7187799215316772
13,Adam,7,-1.723120093345642
13,Adam,8,-1.7273201942443848
13,Adam,9,-1.73137366771698
13,Adam,10,-1.7352802753448486
13,Adam,11,-1.7390364408493042
13,Adam,12,-1.742638349533081
13,Adam,13,-1.746086835861206
13,Adam,14,-1.7493846416473389
13,Adam,15,-1.7525293827056885
13,Adam,16,-1.755524754524231
13,Adam,17,-1.7583730220794678
13,Adam,18,-1.7610795497894287
13,Adam,19,-1.7636480331420898
13,Adam,20,-1.7660791873931885
13,Adam,21,-1.768380880355835
13,Adam,22,-1.7705572843551636
13,Adam,23,-1.7726149559020996
13,Adam,24,-1.7745567560195923
13,Adam,25,-1.7763912677764893
13,Adam,26,-1.778120517730713
13,Adam,27,-1.7797499895095825
13,Adam,28,-1.7812861204147339
13,Adam,29,-1.7827359437942505
13,Adam,30,-1.7840993404388428
13,Adam,31,-1.785386085510254
13,Adam,32,-1.7865973711013794
13,Adam,33,-1.7877392768859863
13,Adam,34,-1.788815975189209
13,Adam,35,-1.789830207824707
13,Adam,36,-1.790786862373352
13,Adam,37,-1.7916901111602783
13,Adam,38,-1.7925423383712769
13,Adam,39,-1.7933464050292969
13,Adam,40,-1.794105052947998
13,Adam,41,-1.7948232889175415
13,Adam,42,-1.7955015897750854
13,Adam,43,-1.7961435317993164
13,Adam,44,-1.7967524528503418
13,Adam,45,-1.7973275184631348
13,Adam,46,-1.7978719472885132
13,Adam,47,-1.7983893156051636
13,Adam,48,-1.7988812923431396
13,Adam,49,-1.7993463277816772
13,Adam,50,-1.7997899055480957
13,Adam,51,-1.800212025642395
13,Adam,52,-1.800612449645996
13,Adam,53,-1.800993800163269
13,Adam,54,-1.8013575077056885
13,Adam,55,-1.8017053604125977
13,Adam,56,-1.8020366430282593
13,Adam,57,-1.8023525476455688
13,Adam,58,-1.8026561737060547
13,Adam,59,-1.8029451370239258
13,Adam,60,-1.8032222986221313
13,LBFGS,1,-1.778270959854126
13,LBFGS,2,-1.79969322681427
13,LBFGS,3,-1.8068381547927856
13,LBFGS,4,-1.8105604648590088
13,LBFGS,5,-1.8124560117721558
13,LBFGS,6,-1.813477873802185
13,LBFGS,7,-1.8140302896499634
13,LBFGS,8,-1.8143354654312134
13,LBFGS,9,-1.8145006895065308
13,LBFGS,10,-1.8145407438278198
13,LBFGS,11,-1.8146122694015503
13,LBFGS,12,-1.814660906791687
13,LBFGS,13,-1.8146815299987793
13,LBFGS,14,-1.8146843910217285
13,LBFGS,15,-1.8146965503692627
13,LBFGS,16,-1.8147028684616089
13,LBFGS,17,-1.8147062063217163
13,LBFGS,18,-1.8147094249725342
13,LBFGS,19,-1.8147094249725342
13,LBFGS,20,-1.8147103786468506
13,LBFGS,21,-1.8147103786468506
13,LBFGS,22,-1.8147103786468506
13,LBFGS,23,-1.8147103786468506
13,LBFGS,24,-1.8147103786468506
13,LBFGS,25,-1.8147103786468506
13,LBFGS,26,-1.8147103786468506
13,LBFGS,27,-1.8147103786468506
13,LBFGS,28,-1.8147103786468506
13,LBFGS,29,-1.8147103786468506
13,LBFGS,30,-1.8147103786468506
13,LBFGS,31,-1.8147103786468506
13,LBFGS,32,-1.8147103786468506
13,LBFGS,33,-1.8147103786468506
13,LBFGS,34,-1.8147103786468506
13,LBFGS,35,-1.8147103786468506
13,LBFGS,36,-1.8147103786468506
13,LBFGS,37,-1.8147103786468506
13,LBFGS,38,-1.8147103786468506
13,LBFGS,39,-1.8147103786468506
13,LBFGS,40,-1.8147103786468506
13,LBFGS,41,-1.8147103786468506
13,LBFGS,42,-1.8147103786468506
13,LBFGS,43,-1.8147103786468506
13,LBFGS,44,-1.8147103786468506
13,LBFGS,45,-1.8147103786468506
13,LBFGS,46,-1.8147103786468506
13,LBFGS,47,-1.8147103786468506
13,LBFGS,48,-1.8147103786468506
13,LBFGS,49,-1.8147103786468506
13,LBFGS,50,-1.8147103786468506
13,LBFGS,51,-1.8147103786468506
13,LBFGS,52,-1.8147103786468506
13,LBFGS,53,-1.8147103786468506
13,LBFGS,54,-1.8147103786468506
13,LBFGS,55,-1.8147103786468506
13,LBFGS,56,-1.8147103786468506
13,LBFGS,57,-1.8147103786468506
13,LBFGS,58,-1.8147103786468506
13,LBFGS,59,-1.8147103786468506
13,LBFGS,60,-1.8147103786468506
13,PSO,1,-1.77274751663208
13,PSO,2,-1.789850115776062
13,PSO,3,-1.8073365688323975
13,PSO,4,-1.8139702081680298
13,PSO,5,-1.8140970468521118
13,PSO,6,-1.8140970468521118
13,PSO,7,-1.8142750263214111
13,PSO,8,-1.814412236213684
13,PSO,9,-1.8144336938858032
13,PSO,10,-1.8144336938858032
13,PSO,11,-1.8144336938858032
13,PSO,12,-1.8144336938858032
13,PSO,13,-1.8144336938858032
13,PSO,14,-1.8144338130950928
13,PSO,15,-1.8144338130950928
13,PSO,16,-1.8144338130950928
13,PSO,17,-1.8144338130950928
13,PSO,18,-1.8144338130950928
13,PSO,19,-1.8144338130950928
13,PSO,20,-1.8144338130950928
13,PSO,21,-1.8144338130950928
13,PSO,22,-1.8144338130950928
13,PSO,23,-1.8144339323043823
13,PSO,24,-1.8144339323043823
13,PSO,25,-1.8144339323043823
13,PSO,26,-1.8144339323043823
13,PSO,27,-1.8144339323043823
13,PSO,28,-1.8144339323043823
13,PSO,29,-1.8144339323043823
13,PSO,30,-1.8144339323043823
13,PSO,31,-1.8144339323043823
13,PSO,32,-1.8144339323043823
13,PSO,33,-1.8144339323043823
13,PSO,34,-1.8144339323043823
13,PSO,35,-1.8144339323043823
13,PSO,36,-1.8144339323043823
13,PSO,37,-1.8144339323043823
13,PSO,38,-1.8144339323043823
13,PSO,39,-1.8144339323043823
13,PSO,40,-1.8144339323043823
13,PSO,41,-1.8144339323043823
13,PSO,42,-1.8144339323043823
13,PSO,43,-1.8144339323043823
13,PSO,44,-1.8144339323043823
13,PSO,45,-1.8144339323043823
13,PSO,46,-1.8144339323043823
13,PSO,47,-1.8144339323043823
13,PSO,48,-1.8144339323043823
13,PSO,49,-1.8144339323043823
13,PSO,50,-1.8144339323043823
13,PSO,51,-1.8144339323043823
13,PSO,52,-1.8144339323043823
13,PSO,53,-1.8144339323043823
13,PSO,54,-1.8144339323043823
13,PSO,55,-1.8144339323043823
13,PSO,56,-1.8144339323043823
13,PSO,57,-1.8144339323043823
13,PSO,58,-1.8144339323043823
13,PSO,59,-1.8144339323043823
13,PSO,60,-1.8144339323043823
13,DE,1,-1.7917793989181519
13,DE,2,-1.793531894683838
13,DE,3,-1.793531894683838
13,DE,4,-1.793531894683838
13,DE,5,-1.793531894683838
13,DE,6,-1.793531894683838
13,DE,7,-1.793531894683838
13,DE,8,-1.793531894683838
13,DE,9,-1.795789361000061
13,DE,10,-1.800655722618103
13,DE,11,-1.8079884052276611
13,DE,12,-1.8079884052276611
13,DE,13,-1.8079884052276611
13,DE,14,-1.8079884052276611
13,DE,15,-1.8079884052276611
13,DE,16,-1.8079884052276611
13,DE,17,-1.8079884052276611
13,DE,18,-1.81027352809906
13,DE,19,-1.81027352809906
13,DE,20,-1.81027352809906
13,DE,21,-1.811570405960083
13,DE,22,-1.811570405960083
13,DE,23,-1.8116507530212402
13,DE,24,-1.8116507530212402
13,DE,25,-1.8116507530212402
13,DE,26,-1.8123500347137451
13,DE,27,-1.8130252361297607
13,DE,28,-1.8130252361297607
13,DE,29,-1.8130252361297607
13,DE,30,-1.813051462173462
13,DE,31,-1.813051462173462
13,DE,32,-1.8136208057403564
13,DE,33,-1.8139355182647705
13,DE,34,-1.8139355182647705
13,DE,35,-1.8139355182647705
13,DE,36,-1.8139355182647705
13,DE,37,-1.8139355182647705
13,DE,38,-1.8140300512313843
13,DE,39,-1.8142342567443848
13,DE,40,-1.8142342567443848
13,DE,41,-1.8143622875213623
13,DE,42,-1.8144549131393433
13,DE,43,-1.8145427703857422
13,DE,44,-1.814564824104309
13,DE,45,-1.814564824104309
13,DE,46,-1.8146015405654907
13,DE,47,-1.8146015405654907
13,DE,48,-1.8146015405654907
13,DE,49,-1.8146015405654907
13,DE,50,-1.8146015405654907
13,DE,51,-1.8146179914474487
13,DE,52,-1.8146507740020752
13,DE,53,-1.8146507740020752
13,DE,54,-1.8146507740020752
13,DE,55,-1.8146507740020752
13,DE,56,-1.8146709203720093
13,DE,57,-1.8146709203720093
13,DE,58,-1.8146799802780151
13,DE,59,-1.8146799802780151
13,DE,60,-1.8146823644638062
13,PSO+LBFGS,1,-1.8018133640289307
13,PSO+LBFGS,2,-1.8128234148025513
13,PSO+LBFGS,3,-1.8139410018920898
13,PSO+LBFGS,4,-1.8146486282348633
13,PSO+LBFGS,5,-1.8147042989730835
13,PSO+LBFGS,6,-1.8147042989730835
13,PSO+LBFGS,7,-1.8147042989730835
13,PSO+LBFGS,8,-1.8147042989730835
13,PSO+LBFGS,9,-1.8147042989730835
13,PSO+LBFGS,10,-1.8147042989730835
13,PSO+LBFGS,11,-1.814707636833191
13,PSO+LBFGS,12,-1.8147101402282715
13,PSO+LBFGS,13,-1.8147101402282715
13,PSO+LBFGS,14,-1.814710259437561
13,PSO+LBFGS,15,-1.814710259437561
13,PSO+LBFGS,16,-1.814710259437561
13,PSO+LBFGS,17,-1.814710259437561
13,PSO+LBFGS,18,-1.8147104978561401
13,PSO+LBFGS,19,-1.8147104978561401
13,PSO+LBFGS,20,-1.8147104978561401
13,PSO+LBFGS,21,-1.8147104978561401
13,PSO+LBFGS,22,-1.8147104978561401
13,PSO+LBFGS,23,-1.8147104978561401
13,PSO+LBFGS,24,-1.8147104978561401
13,PSO+LBFGS,25,-1.8147104978561401
13,PSO+LBFGS,26,-1.8147104978561401
13,PSO+LBFGS,27,-1.8147104978561401
13,PSO+LBFGS,28,-1.8147104978561401
13,PSO+LBFGS,29,-1.8147104978561401
13,PSO+LBFGS,30,-1.8147104978561401
13,PSO+LBFGS,31,-1.8147104978561401
13,PSO+LBFGS,32,-1.8147104978561401
13,PSO+LBFGS,33,-1.8147104978561401
13,PSO+LBFGS,34,-1.8147106170654297
13,PSO+LBFGS,35,-1.8147106170654297
13,PSO+LBFGS,36,-1.8147106170654297
13,PSO+LBFGS,37,-1.8147106170654297
13,PSO+LBFGS,38,-1.8147106170654297
13,PSO+LBFGS,39,-1.8147106170654297
13,PSO+LBFGS,40,-1.8147106170654297
13,PSO+LBFGS,41,-1.8147104978561401
13,PSO+LBFGS,42,-1.8147104978561401
13,PSO+LBFGS,43,-1.8147104978561401
13,PSO+LBFGS,44,-1.8147104978561401
13,PSO+LBFGS,45,-1.8147104978561401
13,PSO+LBFGS,46,-1.8147104978561401
13,PSO+LBFGS,47,-1.8147104978561401
13,PSO+LBFGS,48,-1.8147104978561401
13,PSO+LBFGS,49,-1.8147104978561401
13,PSO+LBFGS,50,-1.8147104978561401
13,PSO+LBFGS,51,-1.8147104978561401
13,PSO+LBFGS,52,-1.8147104978561401
13,PSO+LBFGS,53,-1.8147104978561401
13,PSO+LBFGS,54,-1.8147104978561401
13,PSO+LBFGS,55,-1.8147104978561401
13,PSO+LBFGS,56,-1.8147104978561401
13,PSO+LBFGS,57,-1.8147104978561401
13,PSO+LBFGS,58,-1.8147104978561401
13,PSO+LBFGS,59,-1.8147104978561401
13,PSO+LBFGS,60,-1.8147104978561401
14,Adam,1,-1.6168134212493896
14,Adam,2,-1.6208469867706299
14,Adam,3,-1.6247997283935547
14,Adam,4,-1.6286636590957642
14,Adam,5,-1.6324350833892822
14,Adam,6,-1.6361030340194702
14,Adam,7,-1.639664649963379
14,Adam,8,-1.6431158781051636
14,Adam,9,-1.646450400352478
14,Adam,10,-1.6496667861938477
14,Adam,11,-1.6527601480484009
14,Adam,12,-1.6557326316833496
14,Adam,13,-1.658582091331482
14,Adam,14,-1.6613088846206665
14,Adam,15,-1.663914680480957
14,Adam,16,-1.6664007902145386
14,Adam,17,-1.6687673330307007
14,Adam,18,-1.6710190773010254
14,Adam,19,-1.6731603145599365
14,Adam,20,-1.6751914024353027
14,Adam,21,-1.6771175861358643
14,Adam,22,-1.6789435148239136
14,Adam,23,-1.6806715726852417
14,Adam,24,-1.6823068857192993
14,Adam,25,-1.6838544607162476
14,Adam,26,-1.685316801071167
14,Adam,27,-1.6866981983184814
14,Adam,28,-1.6880043745040894
14,Adam,29,-1.6892377138137817
14,Adam,30,-1.6904027462005615
14,Adam,31,-1.6915035247802734
14,Adam,32,-1.692543625831604
14,Adam,33,-1.693527102470398
14,Adam,34,-1.694454550743103
14,Adam,35,-1.6953331232070923
14,Adam,36,-1.6961630582809448
14,Adam,37,-1.6969486474990845
14,Adam,38,-1.6976923942565918
14,Adam,39,-1.6983963251113892
14,Adam,40,-1.6990633010864258
14,Adam,41,-1.6996937990188599
14,Adam,42,-1.7002936601638794
14,Adam,43,-1.7008633613586426
14,Adam,44,-1.7014023065567017
14,Adam,45,-1.7019158601760864
14,Adam,46,-1.702402949333191
14,Adam,47,-1.7028679847717285
14,Adam,48,-1.7033092975616455
14,Adam,49,-1.7037302255630493
14,Adam,50,-1.7041306495666504
14,Adam,51,-1.704513430595398
14,Adam,52,-1.7048777341842651
14,Adam,53,-1.7052253484725952
14,Adam,54,-1.7055578231811523
14,Adam,55,-1.7058757543563843
14,Adam,56,-1.7061799764633179
14,Adam,57,-1.706470012664795
14,Adam,58,-1.7067490816116333
14,Adam,59,-1.707014799118042
14,Adam,60,-1.7072700262069702
14,LBFGS,1,-1.6833312511444092
14,LBFGS,2,-1.7040696144104004
14,LBFGS,3,-1.7103952169418335
14,LBFGS,4,-1.7137787342071533
14,LBFGS,5,-1.7155570983886719
14,LBFGS,6,-1.7165225744247437
14,LBFGS,7,-1.7168834209442139
14,LBFGS,8,-1.7173563241958618
14,LBFGS,9,-1.717524528503418
14,LBFGS,10,-1.717625379562378
14,LBFGS,11,-1.7176878452301025
14,LBFGS,12,-1.717728614807129
14,LBFGS,13,-1.7177493572235107
14,LBFGS,14,-1.717761516571045
14,LBFGS,15,-1.717767596244812
14,LBFGS,16,-1.717771291732788
14,LBFGS,17,-1.7177726030349731
14,LBFGS,18,-1.717774510383606
14,LBFGS,19,-1.7177754640579224
14,LBFGS,20,-1.717775821685791
14,LBFGS,21,-1.7177761793136597
14,LBFGS,22,-1.7177761793136597
14,LBFGS,23,-1.7177761793136597
14,LBFGS,24,-1.7177761793136597
14,LBFGS,25,-1.7177761793136597
14,LBFGS,26,-1.7177761793136597
14,LBFGS,27,-1.7177761793136597
14,LBFGS,28,-1.7177761793136597
14,LBFGS,29,-1.7177761793136597
14,LBFGS,30,-1.7177761793136597
14,LBFGS,31,-1.7177761793136597
14,LBFGS,32,-1.7177761793136597
14,LBFGS,33,-1.7177761793136597
14,LBFGS,34,-1.7177761793136597
14,LBFGS,35,-1.7177761793136597
14,LBFGS,36,-1.7177761793136597
14,LBFGS,37,-1.7177761793136597
14,LBFGS,38,-1.7177761793136597
14,LBFGS,39,-1.7177761793136597
14,LBFGS,40,-1.7177761793136597
14,LBFGS,41,-1.7177761793136597
14,LBFGS,42,-1.7177761793136597
14,LBFGS,43,-1.7177761793136597
14,LBFGS,44,-1.7177761793136597
14,LBFGS,45,-1.7177761793136597
14,LBFGS,46,-1.7177761793136597
14,LBFGS,47,-1.7177761793136597
14,LBFGS,48,-1.7177761793136597
14,LBFGS,49,-1.7177761793136597
14,LBFGS,50,-1.7177761793136597
14,LBFGS,51,-1.7177761793136597
14,LBFGS,52,-1.7177761793136597
14,LBFGS,53,-1.7177761793136597
14,LBFGS,54,-1.7177761793136597
14,LBFGS,55,-1.7177761793136597
14,LBFGS,56,-1.7177761793136597
14,LBFGS,57,-1.7177761793136597
14,LBFGS,58,-1.7177761793136597
14,LBFGS,59,-1.7177761793136597
14,LBFGS,60,-1.7177761793136597
14,PSO,1,-1.687321424484253
14,PSO,2,-1.710796594619751
14,PSO,3,-1.7175160646438599
14,PSO,4,-1.7177311182022095
14,PSO,5,-1.7177740335464478
14,PSO,6,-1.7177740335464478
14,PSO,7,-1.7177760601043701
14,PSO,8,-1.7177760601043701
14,PSO,9,-1.7177760601043701
14,PSO,10,-1.7177760601043701
14,PSO,11,-1.7177762985229492
14,PSO,12,-1.7177762985229492
14,PSO,13,-1.7177762985229492
14,PSO,14,-1.7177762985229492
14,PSO,15,-1.7177762985229492
14,PSO,16,-1.7177764177322388
14,PSO,17,-1.7177764177322388
14,PSO,18,-1.7177764177322388
14,PSO,19,-1.7177764177322388
14,PSO,20,-1.7177764177322388
14,PSO,21,-1.7177764177322388
14,PSO,22,-1.7177764177322388
14,PSO,23,-1.7177764177322388
14,PSO,24,-1.7177764177322388
14,PSO,25,-1.7177764177322388
14,PSO,26,-1.7177764177322388
14,PSO,27,-1.7177764177322388
14,PSO,28,-1.7177764177322388
14,PSO,29,-1.7177764177322388
14,PSO,30,-1.7177764177322388
14,PSO,31,-1.7177764177322388
14,PSO,32,-1.7177764177322388
14,PSO,33,-1.7177764177322388
14,PSO,34,-1.7177764177322388
14,PSO,35,-1.7177764177322388
14,PSO,36,-1.7177764177322388
14,PSO,37,-1.7177765369415283
14,PSO,38,-1.7177765369415283
14,PSO,39,-1.7177765369415283
14,PSO,40,-1.7177765369415283
14,PSO,41,-1.7177765369415283
14,PSO,42,-1.7177765369415283
14,PSO,43,-1.7177765369415283
14,PSO,44,-1.7177765369415283
14,PSO,45,-1.7177765369415283
14,PSO,46,-1.7177765369415283
14,PSO,47,-1.7177765369415283
14,PSO,48,-1.7177765369415283
14,PSO,49,-1.7177765369415283
14,PSO,50,-1.7177765369415283
14,PSO,51,-1.7177765369415283
14,PSO,52,-1.7177765369415283
14,PSO,53,-1.7177765369415283
14,PSO,54,-1.7177765369415283
14,PSO,55,-1.7177765369415283
14,PSO,56,-1.7177765369415283
14,PSO,57,-1.7177765369415283
14,PSO,58,-1.7177765369415283
14,PSO,59,-1.7177765369415283
14,PSO,60,-1.7177765369415283
14,DE,1,-1.7071692943572998
14,DE,2,-1.7071692943572998
14,DE,3,-1.7071692943572998
14,DE,4,-1.7071692943572998
14,DE,5,-1.709226131439209
14,DE,6,-1.709226131439209
14,DE,7,-1.7131977081298828
14,DE,8,-1.7131977081298828
14,DE,9,-1.7132858037948608
14,DE,10,-1.7132858037948608
14,DE,11,-1.7132858037948608
14,DE,12,-1.713333010673523
14,DE,13,-1.713333010673523
14,DE,14,-1.713333010673523
14,DE,15,-1.7135887145996094
14,DE,16,-1.7146021127700806
14,DE,17,-1.7165461778640747
14,DE,18,-1.7165461778640747
14,DE,19,-1.7165461778640747
14,DE,20,-1.716819405555725
14,DE,21,-1.716819405555725
14,DE,22,-1.716819405555725
14,DE,23,-1.716819405555725
14,DE,24,-1.716819405555725
14,DE,25,-1.716819405555725
14,DE,26,-1.716819405555725
14,DE,27,-1.716819405555725
14,DE,28,-1.7170158624649048
14,DE,29,-1.7170158624649048
14,DE,30,-1.7170158624649048
14,DE,31,-1.7170772552490234
14,DE,32,-1.7171307802200317
14,DE,33,-1.7171478271484375
14,DE,34,-1.7171478271484375
14,DE,35,-1.7173471450805664
14,DE,36,-1.717348337173462
14,DE,37,-1.717348337173462
14,DE,38,-1.7173675298690796
14,DE,39,-1.7175676822662354
14,DE,40,-1.7175676822662354
14,DE,41,-1.7175676822662354
14,DE,42,-1.7175676822662354
14,DE,43,-1.7175676822662354
14,DE,44,-1.7175676822662354
14,DE,45,-1.7175676822662354
14,DE,46,-1.7175676822662354
14,DE,47,-1.7175676822662354
14,DE,48,-1.7176440954208374
14,DE,49,-1.7176440954208374
14,DE,50,-1.7176440954208374
14,DE,51,-1.7176440954208374
14,DE,52,-1.7176440954208374
14,DE,53,-1.7176653146743774
14,DE,54,-1.7176653146743774
14,DE,55,-1.7176965475082397
14,DE,56,-1.7176965475082397
14,DE,57,-1.717697262763977
14,DE,58,-1.717697262763977
14,DE,59,-1.7177270650863647
14,DE,60,-1.7177432775497437
14,PSO+LBFGS,1,-1.6745651960372925
14,PSO+LBFGS,2,-1.6819403171539307
14,PSO+LBFGS,3,-1.6929174661636353
14,PSO+LBFGS,4,-1.6974883079528809
14,PSO+LBFGS,5,-1.7091437578201294
14,PSO+LBFGS,6,-1.7155431509017944
14,PSO+LBFGS,7,-1.7160228490829468
14,PSO+LBFGS,8,-1.7165759801864624
14,PSO+LBFGS,9,-1.7172411680221558
14,PSO+LBFGS,10,-1.7175636291503906
14,PSO+LBFGS,11,-1.717774510383606
14,PSO+LBFGS,12,-1.7177752256393433
14,PSO+LBFGS,13,-1.7177762985229492
14,PSO+LBFGS,14,-1.7177762985229492
14,PSO+LBFGS,15,-1.7177764177322388
14,PSO+LBFGS,16,-1.7177764177322388
14,PSO+LBFGS,17,-1.7177764177322388
14,PSO+LBFGS,18,-1.7177764177322388
14,PSO+LBFGS,19,-1.7177764177322388
14,PSO+LBFGS,20,-1.7177764177322388
14,PSO+LBFGS,21,-1.7177764177322388
14,PSO+LBFGS,22,-1.7177764177322388
14,PSO+LBFGS,23,-1.7177764177322388
14,PSO+LBFGS,24,-1.7177764177322388
14,PSO+LBFGS,25,-1.7177764177322388
14,PSO+LBFGS,26,-1.7177764177322388
14,PSO+LBFGS,27,-1.7177764177322388
14,PSO+LBFGS,28,-1.7177764177322388
14,PSO+LBFGS,29,-1.7177764177322388
14,PSO+LBFGS,30,-1.7177764177322388
14,PSO+LBFGS,31,-1.7177765369415283
14,PSO+LBFGS,32,-1.7177765369415283
14,PSO+LBFGS,33,-1.7177765369415283
14,PSO+LBFGS,34,-1.7177765369415283
14,PSO+LBFGS,35,-1.7177765369415283
14,PSO+LBFGS,36,-1.7177765369415283
14,PSO+LBFGS,37,-1.7177765369415283
14,PSO+LBFGS,38,-1.7177765369415283
14,PSO+LBFGS,39,-1.7177765369415283
14,PSO+LBFGS,40,-1.7177765369415283
14,PSO+LBFGS,41,-1.7177762985229492
14,PSO+LBFGS,42,-1.7177762985229492
14,PSO+LBFGS,43,-1.7177762985229492
14,PSO+LBFGS,44,-1.7177762985229492
14,PSO+LBFGS,45,-1.7177762985229492
14,PSO+LBFGS,46,-1.7177762985229492
14,PSO+LBFGS,47,-1.7177762985229492
14,PSO+LBFGS,48,-1.7177762985229492
14,PSO+LBFGS,49,-1.7177762985229492
14,PSO+LBFGS,50,-1.7177762985229492
14,PSO+LBFGS,51,-1.7177762985229492
14,PSO+LBFGS,52,-1.7177762985229492
14,PSO+LBFGS,53,-1.7177762985229492
14,PSO+LBFGS,54,-1.7177762985229492
14,PSO+LBFGS,55,-1.7177762985229492
14,PSO+LBFGS,56,-1.7177762985229492
14,PSO+LBFGS,57,-1.7177762985229492
14,PSO+LBFGS,58,-1.7177762985229492
14,PSO+LBFGS,59,-1.7177762985229492
14,PSO+LBFGS,60,-1.7177762985229492
15,Adam,1,-1.4317736625671387
15,Adam,2,-1.4357165098190308
15,Adam,3,-1.439578890800476
15,Adam,4,-1.4433531761169434
15,Adam,5,-1.4470367431640625
15,Adam,6,-1.4506263732910156
15,Adam,7,-1.454118013381958
15,Adam,8,-1.457513451576233
15,Adam,9,-1.4608088731765747
15,Adam,10,-1.4640096426010132
15,Adam,11,-1.4671108722686768
15,Adam,12,-1.4701128005981445
15,Adam,13,-1.4730143547058105
15,Adam,14,-1.47581148147583
15,Adam,15,-1.4785051345825195
15,Adam,16,-1.4810903072357178
15,Adam,17,-1.4835697412490845
15,Adam,18,-1.4859412908554077
15,Adam,19,-1.488207221031189
15,Adam,20,-1.4903662204742432
15,Adam,21,-1.4924209117889404
15,Adam,22,-1.4943740367889404
15,Adam,23,-1.4962271451950073
15,Adam,24,-1.4979851245880127
15,Adam,25,-1.4996507167816162
15,Adam,26,-1.5012288093566895
15,Adam,27,-1.5027220249176025
15,Adam,28,-1.5041335821151733
15,Adam,29,-1.5054707527160645
15,Adam,30,-1.506736397743225
15,Adam,31,-1.5079336166381836
15,Adam,32,-1.5090667009353638
15,Adam,33,-1.5101382732391357
15,Adam,34,-1.5111522674560547
15,Adam,35,-1.5121102333068848
15,Adam,36,-1.5130165815353394
15,Adam,37,-1.51387357711792
15,Adam,38,-1.5146825313568115
15,Adam,39,-1.5154494047164917
15,Adam,40,-1.5161737203598022
15,Adam,41,-1.5168590545654297
15,Adam,42,-1.5175074338912964
15,Adam,43,-1.5181220769882202
15,Adam,44,-1.5187039375305176
15,Adam,45,-1.519255518913269
15,Adam,46,-1.5197796821594238
15,Adam,47,-1.5202776193618774
15,Adam,48,-1.520750641822815
15,Adam,49,-1.521201252937317
15,Adam,50,-1.521628975868225
15,Adam,51,-1.5220361948013306
15,Adam,52,-1.5224251747131348
15,Adam,53,-1.5227946043014526
15,Adam,54,-1.5231473445892334
15,Adam,55,-1.5234837532043457
15,Adam,56,-1.523805022239685
15,Adam,57,-1.5241122245788574
15,Adam,58,-1.5244048833847046
15,Adam,59,-1.5246860980987549
15,Adam,60,-1.5249550342559814
15,LBFGS,1,-1.500847578048706
15,LBFGS,2,-1.5218013525009155
15,LBFGS,3,-1.5284042358398438
15,LBFGS,4,-1.5319597721099854
15,LBFGS,5,-1.533786654472351
15,LBFGS,6,-1.534651279449463
15,LBFGS,7,-1.5353635549545288
15,LBFGS,8,-1.5356849431991577
15,LBFGS,9,-1.5358459949493408
15,LBFGS,10,-1.5359535217285156
15,LBFGS,11,-1.5360116958618164
15,LBFGS,12,-1.5360443592071533
15,LBFGS,13,-1.536062479019165
15,LBFGS,14,-1.5360718965530396
15,LBFGS,15,-1.5360770225524902
15,LBFGS,16,-1.5360804796218872
15,LBFGS,17,-1.5360828638076782
15,LBFGS,18,-1.5360832214355469
15,LBFGS,19,-1.5360838174819946
15,LBFGS,20,-1.5360840559005737
15,LBFGS,21,-1.5360840559005737
15,LBFGS,22,-1.5360840559005737
15,LBFGS,23,-1.5360840559005737
15,LBFGS,24,-1.5360840559005737
15,LBFGS,25,-1.5360840559005737
15,LBFGS,26,-1.5360840559005737
15,LBFGS,27,-1.5360840559005737
15,LBFGS,28,-1.5360840559005737
15,LBFGS,29,-1.5360840559005737
15,LBFGS,30,-1.5360840559005737
15,LBFGS,31,-1.5360840559005737
15,LBFGS,32,-1.5360840559005737
15,LBFGS,33,-1.5360840559005737
15,LBFGS,34,-1.5360840559005737
15,LBFGS,35,-1.5360840559005737
15,LBFGS,36,-1.5360840559005737
15,LBFGS,37,-1.5360840559005737
15,LBFGS,38,-1.5360840559005737
15,LBFGS,39,-1.5360840559005737
15,LBFGS,40,-1.5360840559005737
15,LBFGS,41,-1.5360840559005737
15,LBFGS,42,-1.5360840559005737
15,LBFGS,43,-1.5360840559005737
15,LBFGS,44,-1.5360840559005737
15,LBFGS,45,-1.5360840559005737
15,LBFGS,46,-1.5360840559005737
15,LBFGS,47,-1.5360840559005737
15,LBFGS,48,-1.5360840559005737
15,LBFGS,49,-1.5360840559005737
15,LBFGS,50,-1.5360840559005737
15,LBFGS,51,-1.5360840559005737
15,LBFGS,52,-1.5360840559005737
15,LBFGS,53,-1.5360840559005737
15,LBFGS,54,-1.5360840559005737
15,LBFGS,55,-1.5360840559005737
15,LBFGS,56,-1.5360840559005737
15,LBFGS,57,-1.5360840559005737
15,LBFGS,58,-1.5360840559005737
15,LBFGS,59,-1.5360840559005737
15,LBFGS,60,-1.5360840559005737
15,PSO,1,-1.5042202472686768
15,PSO,2,-1.52987802028656
15,PSO,3,-1.5360496044158936
15,PSO,4,-1.5360832214355469
15,PSO,5,-1.5360841751098633
15,PSO,6,-1.5360841751098633
15,PSO,7,-1.5360841751098633
15,PSO,8,-1.5360841751098633
15,PSO,9,-1.5360841751098633
15,PSO,10,-1.5360842943191528
15,PSO,11,-1.5360842943191528
15,PSO,12,-1.5360842943191528
15,PSO,13,-1.536084532737732
15,PSO,14,-1.536084532737732
15,PSO,15,-1.536084532737732
15,PSO,16,-1.536084532737732
15,PSO,17,-1.536084532737732
15,PSO,18,-1.536084532737732
15,PSO,19,-1.536084532737732
15,PSO,20,-1.536084532737732
15,PSO,21,-1.536084532737732
15,PSO,22,-1.536084532737732
15,PSO,23,-1.536084532737732
15,PSO,24,-1.536084532737732
15,PSO,25,-1.536084532737732
15,PSO,26,-1.536084532737732
15,PSO,27,-1.536084532737732
15,PSO,28,-1.536084532737732
15,PSO,29,-1.536084532737732
15,PSO,30,-1.536084532737732
15,PSO,31,-1.536084532737732
15,PSO,32,-1.536084532737732
15,PSO,33,-1.536084532737732
15,PSO,34,-1.536084532737732
15,PSO,35,-1.536084532737732
15,PSO,36,-1.536084532737732
15,PSO,37,-1.536084532737732
15,PSO,38,-1.536084532737732
15,PSO,39,-1.536084532737732
15,PSO,40,-1.536084532737732
15,PSO,41,-1.536084532737732
15,PSO,42,-1.536084532737732
15,PSO,43,-1.536084532737732
15,PSO,44,-1.536084532737732
15,PSO,45,-1.536084532737732
15,PSO,46,-1.536084532737732
15,PSO,47,-1.536084532737732
15,PSO,48,-1.536084532737732
15,PSO,49,-1.536084532737732
15,PSO,50,-1.536084532737732
15,PSO,51,-1.536084532737732
15,PSO,52,-1.536084532737732
15,PSO,53,-1.536084532737732
15,PSO,54,-1.536084532737732
15,PSO,55,-1.536084532737732
15,PSO,56,-1.536084532737732
15,PSO,57,-1.536084532737732
15,PSO,58,-1.536084532737732
15,PSO,59,-1.536084532737732
15,PSO,60,-1.536084532737732
15,DE,1,-1.5095539093017578
15,DE,2,-1.5095539093017578
15,DE,3,-1.5095539093017578
15,DE,4,-1.5215003490447998
15,DE,5,-1.5215003490447998
15,DE,6,-1.5300652980804443
15,DE,7,-1.5300652980804443
15,DE,8,-1.5300652980804443
15,DE,9,-1.5321886539459229
15,DE,10,-1.5321886539459229
15,DE,11,-1.5321886539459229
15,DE,12,-1.5321886539459229
15,DE,13,-1.5335761308670044
15,DE,14,-1.5335761308670044
15,DE,15,-1.5335761308670044
15,DE,16,-1.5335761308670044
15,DE,17,-1.5335761308670044
15,DE,18,-1.5335761308670044
15,DE,19,-1.5335761308670044
15,DE,20,-1.53392493724823
15,DE,21,-1.5340341329574585
15,DE,22,-1.5344001054763794
15,DE,23,-1.5346479415893555
15,DE,24,-1.5347789525985718
15,DE,25,-1.5349806547164917
15,DE,26,-1.5355074405670166
15,DE,27,-1.5355074405670166
15,DE,28,-1.5355074405670166
15,DE,29,-1.5355281829833984
15,DE,30,-1.5356464385986328
15,DE,31,-1.5356464385986328
15,DE,32,-1.5356464385986328
15,DE,33,-1.5356464385986328
15,DE,34,-1.5356985330581665
15,DE,35,-1.5356985330581665
15,DE,36,-1.5358004570007324
15,DE,37,-1.5358046293258667
15,DE,38,-1.5358046293258667
15,DE,39,-1.5358046293258667
15,DE,40,-1.5358046293258667
15,DE,41,-1.535844087600708
15,DE,42,-1.5358483791351318
15,DE,43,-1.535907506942749
15,DE,44,-1.535907506942749
15,DE,45,-1.5359318256378174
15,DE,46,-1.5359318256378174
15,DE,47,-1.5359318256378174
15,DE,48,-1.535956859588623
15,DE,49,-1.5359842777252197
15,DE,50,-1.5360000133514404
15,DE,51,-1.5360000133514404
15,DE,52,-1.5360000133514404
15,DE,53,-1.5360034704208374
15,DE,54,-1.5360034704208374
15,DE,55,-1.5360157489776611
15,DE,56,-1.5360157489776611
15,DE,57,-1.5360157489776611
15,DE,58,-1.5360157489776611
15,DE,59,-1.5360233783721924
15,DE,60,-1.5360254049301147
15,PSO+LBFGS,1,-1.5124337673187256
15,PSO+LBFGS,2,-1.5290884971618652
15,PSO+LBFGS,3,-1.535125970840454
15,PSO+LBFGS,4,-1.5359838008880615
15,PSO+LBFGS,5,-1.5360832214355469
15,PSO+LBFGS,6,-1.5360839366912842
15,PSO+LBFGS,7,-1.5360840559005737
15,PSO+LBFGS,8,-1.5360840559005737
15,PSO+LBFGS,9,-1.5360840559005737
15,PSO+LBFGS,10,-1.5360840559005737
15,PSO+LBFGS,11,-1.5360840559005737
15,PSO+LBFGS,12,-1.5360840559005737
15,PSO+LBFGS,13,-1.5360841751098633
15,PSO+LBFGS,14,-1.5360841751098633
15,PSO+LBFGS,15,-1.5360842943191528
15,PSO+LBFGS,16,-1.5360842943191528
15,PSO+LBFGS,17,-1.5360844135284424
15,PSO+LBFGS,18,-1.5360844135284424
15,PSO+LBFGS,19,-1.5360844135284424
15,PSO+LBFGS,20,-1.5360844135284424
15,PSO+LBFGS,21,-1.5360844135284424
15,PSO+LBFGS,22,-1.5360844135284424
15,PSO+LBFGS,23,-1.5360844135284424
15,PSO+LBFGS,24,-1.5360844135284424
15,PSO+LBFGS,25,-1.5360844135284424
15,PSO+LBFGS,26,-1.5360844135284424
15,PSO+LBFGS,27,-1.5360844135284424
15,PSO+LBFGS,28,-1.5360844135284424
15,PSO+LBFGS,29,-1.5360844135284424
15,PSO+LBFGS,30,-1.5360844135284424
15,PSO+LBFGS,31,-1.5360844135284424
15,PSO+LBFGS,32,-1.5360844135284424
15,PSO+LBFGS,33,-1.5360844135284424
15,PSO+LBFGS,34,-1.5360844135284424
15,PSO+LBFGS,35,-1.5360844135284424
15,PSO+LBFGS,36,-1.5360844135284424
15,PSO+LBFGS,37,-1.5360844135284424
15,PSO+LBFGS,38,-1.5360844135284424
15,PSO+LBFGS,39,-1.5360844135284424
15,PSO+LBFGS,40,-1.5360844135284424
15,PSO+LBFGS,41,-1.5360844135284424
15,PSO+LBFGS,42,-1.5360844135284424
15,PSO+LBFGS,43,-1.5360844135284424
15,PSO+LBFGS,44,-1.5360844135284424
15,PSO+LBFGS,45,-1.5360844135284424
15,PSO+LBFGS,46,-1.5360844135284424
15,PSO+LBFGS,47,-1.5360844135284424
15,PSO+LBFGS,48,-1.5360844135284424
15,PSO+LBFGS,49,-1.5360844135284424
15,PSO+LBFGS,50,-1.5360844135284424
15,PSO+LBFGS,51,-1.5360844135284424
15,PSO+LBFGS,52,-1.5360844135284424
15,PSO+LBFGS,53,-1.5360844135284424
15,PSO+LBFGS,54,-1.5360844135284424
15,PSO+LBFGS,55,-1.5360844135284424
15,PSO+LBFGS,56,-1.5360844135284424
15,PSO+LBFGS,57,-1.5360844135284424
15,PSO+LBFGS,58,-1.5360844135284424
15,PSO+LBFGS,59,-1.5360844135284424
15,PSO+LBFGS,60,-1.5360844135284424
16,Adam,1,-2.1652991771698
16,Adam,2,-2.168534278869629
16,Adam,3,-2.171708106994629
16,Adam,4,-2.1748175621032715
16,Adam,5,-2.177856206893921
16,Adam,6,-2.1808197498321533
16,Adam,7,-2.183701515197754
16,Adam,8,-2.186500072479248
16,Adam,9,-2.18921160697937
16,Adam,10,-2.1918346881866455
16,Adam,11,-2.1943628787994385
16,Adam,12,-2.1967999935150146
16,Adam,13,-2.19914174079895
16,Adam,14,-2.2013871669769287
16,Adam,15,-2.2035415172576904
16,Adam,16,-2.2056007385253906
16,Adam,17,-2.207566976547241
16,Adam,18,-2.2094430923461914
16,Adam,19,-2.2112317085266113
16,Adam,20,-2.2129340171813965
16,Adam,21,-2.214552879333496
16,Adam,22,-2.216087818145752
16,Adam,23,-2.217548131942749
16,Adam,24,-2.2189297676086426
16,Adam,25,-2.220241069793701
16,Adam,26,-2.221482038497925
16,Adam,27,-2.222658157348633
16,Adam,28,-2.223769187927246
16,Adam,29,-2.224820613861084
16,Adam,30,-2.225816011428833
16,Adam,31,-2.2267563343048096
16,Adam,32,-2.2276453971862793
16,Adam,33,-2.228485107421875
16,Adam,34,-2.229280710220337
16,Adam,35,-2.2300312519073486
16,Adam,36,-2.230741024017334
16,Adam,37,-2.2314112186431885
16,Adam,38,-2.232045888900757
16,Adam,39,-2.232647657394409
16,Adam,40,-2.233214855194092
16,Adam,41,-2.2337536811828613
16,Adam,42,-2.234262228012085
16,Adam,43,-2.234745979309082
16,Adam,44,-2.235201835632324
16,Adam,45,-2.2356367111206055
16,Adam,46,-2.2360482215881348
16,Adam,47,-2.2364389896392822
16,Adam,48,-2.2368111610412598
16,Adam,49,-2.2371625900268555
16,Adam,50,-2.2374989986419678
16,Adam,51,-2.2378196716308594
16,Adam,52,-2.2381234169006348
16,Adam,53,-2.2384133338928223
16,Adam,54,-2.2386882305145264
16,Adam,55,-2.2389533519744873
16,Adam,56,-2.2392044067382812
16,Adam,57,-2.2394447326660156
16,Adam,58,-2.239675283432007
16,Adam,59,-2.239895820617676
16,Adam,60,-2.240105628967285
16,LBFGS,1,-2.2112138271331787
16,LBFGS,2,-2.237093210220337
16,LBFGS,3,-2.242234230041504
16,LBFGS,4,-2.245518684387207
16,LBFGS,5,-2.246912956237793
16,LBFGS,6,-2.2476601600646973
16,LBFGS,7,-2.24806547164917
16,LBFGS,8,-2.248272657394409
16,LBFGS,9,-2.2483956813812256
16,LBFGS,10,-2.248455286026001
16,LBFGS,11,-2.248478412628174
16,LBFGS,12,-2.2485127449035645
16,LBFGS,13,-2.2485249042510986
16,LBFGS,14,-2.2485361099243164
16,LBFGS,15,-2.2485411167144775
16,LBFGS,16,-2.2485427856445312
16,LBFGS,17,-2.2485451698303223
16,LBFGS,18,-2.2485477924346924
16,LBFGS,19,-2.2485477924346924
16,LBFGS,20,-2.2485477924346924
16,LBFGS,21,-2.2485477924346924
16,LBFGS,22,-2.2485477924346924
16,LBFGS,23,-2.2485477924346924
16,LBFGS,24,-2.2485477924346924
16,LBFGS,25,-2.2485477924346924
16,LBFGS,26,-2.2485477924346924
16,LBFGS,27,-2.2485477924346924
16,LBFGS,28,-2.2485477924346924
16,LBFGS,29,-2.2485477924346924
16,LBFGS,30,-2.2485477924346924
16,LBFGS,31,-2.2485477924346924
16,LBFGS,32,-2.2485477924346924
16,LBFGS,33,-2.2485477924346924
16,LBFGS,34,-2.2485477924346924
16,LBFGS,35,-2.2485477924346924
16,LBFGS,36,-2.2485477924346924
16,LBFGS,37,-2.2485477924346924
16,LBFGS,38,-2.2485477924346924
16,LBFGS,39,-2.2485477924346924
16,LBFGS,40,-2.2485477924346924
16,LBFGS,41,-2.2485477924346924
16,LBFGS,42,-2.2485477924346924
16,LBFGS,43,-2.2485477924346924
16,LBFGS,44,-2.2485477924346924
16,LBFGS,45,-2.2485477924346924
16,LBFGS,46,-2.2485477924346924
16,LBFGS,47,-2.2485477924346924
16,LBFGS,48,-2.2485477924346924
16,LBFGS,49,-2.2485477924346924
16,LBFGS,50,-2.2485477924346924
16,LBFGS,51,-2.2485477924346924
16,LBFGS,52,-2.2485477924346924
16,LBFGS,53,-2.2485477924346924
16,LBFGS,54,-2.2485477924346924
16,LBFGS,55,-2.2485477924346924
16,LBFGS,56,-2.2485477924346924
16,LBFGS,57,-2.2485477924346924
16,LBFGS,58,-2.2485477924346924
16,LBFGS,59,-2.2485477924346924
16,LBFGS,60,-2.2485477924346924
16,PSO,1,-2.2312512397766113
16,PSO,2,-2.244873046875
16,PSO,3,-2.244873046875
16,PSO,4,-2.245744228363037
16,PSO,5,-2.2470290660858154
16,PSO,6,-2.2479171752929688
16,PSO,7,-2.248286008834839
16,PSO,8,-2.248377561569214
16,PSO,9,-2.248445987701416
16,PSO,10,-2.2485029697418213
16,PSO,11,-2.2485365867614746
16,PSO,12,-2.2485461235046387
16,PSO,13,-2.2485461235046387
16,PSO,14,-2.2485461235046387
16,PSO,15,-2.2485461235046387
16,PSO,16,-2.2485461235046387
16,PSO,17,-2.248546600341797
16,PSO,18,-2.248546838760376
16,PSO,19,-2.248547315597534
16,PSO,20,-2.248547315597534
16,PSO,21,-2.248547315597534
16,PSO,22,-2.248547315597534
16,PSO,23,-2.248547315597534
16,PSO,24,-2.248547315597534
16,PSO,25,-2.2485477924346924
16,PSO,26,-2.2485480308532715
16,PSO,27,-2.2485480308532715
16,PSO,28,-2.2485480308532715
16,PSO,29,-2.2485482692718506
16,PSO,30,-2.2485482692718506
16,PSO,31,-2.2485482692718506
16,PSO,32,-2.2485482692718506
16,PSO,33,-2.2485482692718506
16,PSO,34,-2.2485482692718506
16,PSO,35,-2.2485482692718506
16,PSO,36,-2.2485485076904297
16,PSO,37,-2.2485485076904297
16,PSO,38,-2.2485485076904297
16,PSO,39,-2.2485485076904297
16,PSO,40,-2.2485485076904297
16,PSO,41,-2.2485485076904297
16,PSO,42,-2.2485485076904297
16,PSO,43,-2.2485485076904297
16,PSO,44,-2.2485485076904297
16,PSO,45,-2.2485485076904297
16,PSO,46,-2.2485485076904297
16,PSO,47,-2.2485485076904297
16,PSO,48,-2.2485485076904297
16,PSO,49,-2.2485485076904297
16,PSO,50,-2.2485485076904297
16,PSO,51,-2.2485485076904297
16,PSO,52,-2.2485485076904297
16,PSO,53,-2.2485485076904297
16,PSO,54,-2.2485485076904297
16,PSO,55,-2.2485485076904297
16,PSO,56,-2.2485485076904297
16,PSO,57,-2.2485485076904297
16,PSO,58,-2.2485485076904297
16,PSO,59,-2.2485485076904297
16,PSO,60,-2.2485485076904297
16,DE,1,-2.23241925239563
16,DE,2,-2.23241925239563
16,DE,3,-2.23241925239563
16,DE,4,-2.2350049018859863
16,DE,5,-2.23616623878479
16,DE,6,-2.23616623878479
16,DE,7,-2.236443281173706
16,DE,8,-2.2386343479156494
16,DE,9,-2.238990306854248
16,DE,10,-2.246086359024048
16,DE,11,-2.246086359024048
16,DE,12,-2.246086359024048
16,DE,13,-2.246086359024048
16,DE,14,-2.246086359024048
16,DE,15,-2.246086359024048
16,DE,16,-2.2464044094085693
16,DE,17,-2.2464044094085693
16,DE,18,-2.2471296787261963
16,DE,19,-2.247498035430908
16,DE,20,-2.2476911544799805
16,DE,21,-2.2476911544799805
16,DE,22,-2.2478816509246826
16,DE,23,-2.24808669090271
16,DE,24,-2.2481348514556885
16,DE,25,-2.248255729675293
16,DE,26,-2.2482821941375732
16,DE,27,-2.2482821941375732
16,DE,28,-2.2482821941375732
16,DE,29,-2.2483181953430176
16,DE,30,-2.2483181953430176
16,DE,31,-2.2483181953430176
16,DE,32,-2.248368501663208
16,DE,33,-2.248370409011841
16,DE,34,-2.248372793197632
16,DE,35,-2.248399257659912
16,DE,36,-2.248486280441284
16,DE,37,-2.248486280441284
16,DE,38,-2.2485203742980957
16,DE,39,-2.2485344409942627
16,DE,40,-2.2485344409942627
16,DE,41,-2.2485392093658447
16,DE,42,-2.2485392093658447
16,DE,43,-2.2485392093658447
16,DE,44,-2.2485392093658447
16,DE,45,-2.2485432624816895
16,DE,46,-2.2485432624816895
16,DE,47,-2.2485432624816895
16,DE,48,-2.2485432624816895
16,DE,49,-2.2485432624816895
16,DE,50,-2.2485432624816895
16,DE,51,-2.2485435009002686
16,DE,52,-2.248544454574585
16,DE,53,-2.248544454574585
16,DE,54,-2.248544454574585
16,DE,55,-2.248544454574585
16,DE,56,-2.248544454574585
16,DE,57,-2.248544454574585
16,DE,58,-2.248544692993164
16,DE,59,-2.248544692993164
16,DE,60,-2.248544692993164
16,PSO+LBFGS,1,-2.221531867980957
16,PSO+LBFGS,2,-2.2247519493103027
16,PSO+LBFGS,3,-2.2321150302886963
16,PSO+LBFGS,4,-2.2336699962615967
16,PSO+LBFGS,5,-2.237741231918335
16,PSO+LBFGS,6,-2.2385449409484863
16,PSO+LBFGS,7,-2.2394673824310303
16,PSO+LBFGS,8,-2.2433292865753174
16,PSO+LBFGS,9,-2.2476212978363037
16,PSO+LBFGS,10,-2.248314619064331
16,PSO+LBFGS,11,-2.248314619064331
16,PSO+LBFGS,12,-2.248314619064331
16,PSO+LBFGS,13,-2.248387575149536
16,PSO+LBFGS,14,-2.2484965324401855
16,PSO+LBFGS,15,-2.2485108375549316
16,PSO+LBFGS,16,-2.248547315597534
16,PSO+LBFGS,17,-2.248547315597534
16,PSO+LBFGS,18,-2.248547315597534
16,PSO+LBFGS,19,-2.248547315597534
16,PSO+LBFGS,20,-2.2485477924346924
16,PSO+LBFGS,21,-2.2485477924346924
16,PSO+LBFGS,22,-2.2485477924346924
16,PSO+LBFGS,23,-2.2485477924346924
16,PSO+LBFGS,24,-2.2485477924346924
16,PSO+LBFGS,25,-2.2485477924346924
16,PSO+LBFGS,26,-2.2485477924346924
16,PSO+LBFGS,27,-2.2485477924346924
16,PSO+LBFGS,28,-2.2485480308532715
16,PSO+LBFGS,29,-2.2485480308532715
16,PSO+LBFGS,30,-2.2485485076904297
16,PSO+LBFGS,31,-2.2485485076904297
16,PSO+LBFGS,32,-2.2485485076904297
16,PSO+LBFGS,33,-2.2485485076904297
16,PSO+LBFGS,34,-2.2485485076904297
16,PSO+LBFGS,35,-2.2485485076904297
16,PSO+LBFGS,36,-2.2485485076904297
16,PSO+LBFGS,37,-2.2485485076904297
16,PSO+LBFGS,38,-2.2485485076904297
16,PSO+LBFGS,39,-2.2485485076904297
16,PSO+LBFGS,40,-2.2485485076904297
16,PSO+LBFGS,41,-2.2485480308532715
16,PSO+LBFGS,42,-2.2485480308532715
16,PSO+LBFGS,43,-2.2485480308532715
16,PSO+LBFGS,44,-2.2485480308532715
16,PSO+LBFGS,45,-2.2485480308532715
16,PSO+LBFGS,46,-2.2485480308532715
16,PSO+LBFGS,47,-2.2485480308532715
16,PSO+LBFGS,48,-2.2485480308532715
16,PSO+LBFGS,49,-2.2485480308532715
16,PSO+LBFGS,50,-2.2485480308532715
16,PSO+LBFGS,51,-2.2485480308532715
16,PSO+LBFGS,52,-2.2485480308532715
16,PSO+LBFGS,53,-2.2485480308532715
16,PSO+LBFGS,54,-2.2485480308532715
16,PSO+LBFGS,55,-2.2485480308532715
16,PSO+LBFGS,56,-2.2485480308532715
16,PSO+LBFGS,57,-2.2485480308532715
16,PSO+LBFGS,58,-2.2485480308532715
16,PSO+LBFGS,59,-2.2485480308532715
16,PSO+LBFGS,60,-2.2485480308532715
17,Adam,1,-2.2028653621673584
17,Adam,2,-2.2098796367645264
17,Adam,3,-2.2167725563049316
17,Adam,4,-2.2235326766967773
17,Adam,5,-2.2301478385925293
17,Adam,6,-2.236610174179077
17,Adam,7,-2.242908000946045
17,Adam,8,-2.2490313053131104
17,Adam,9,-2.254976511001587
17,Adam,10,-2.2607319355010986
17,Adam,11,-2.2662951946258545
17,Adam,12,-2.2716639041900635
17,Adam,13,-2.276836395263672
17,Adam,14,-2.281809091567993
17,Adam,15,-2.2865827083587646
17,Adam,16,-2.2911593914031982
17,Adam,17,-2.2955403327941895
17,Adam,18,-2.299727201461792
17,Adam,19,-2.303725481033325
17,Adam,20,-2.307539224624634
17,Adam,21,-2.3111696243286133
17,Adam,22,-2.3146257400512695
17,Adam,23,-2.3179125785827637
17,Adam,24,-2.321033477783203
17,Adam,25,-2.3239994049072266
17,Adam,26,-2.3268113136291504
17,Adam,27,-2.3294765949249268
17,Adam,28,-2.3320016860961914
17,Adam,29,-2.334394931793213
17,Adam,30,-2.3366613388061523
17,Adam,31,-2.3388068675994873
17,Adam,32,-2.340834617614746
17,Adam,33,-2.3427577018737793
17,Adam,34,-2.344575881958008
17,Adam,35,-2.346297264099121
17,Adam,36,-2.34792423248291
17,Adam,37,-2.3494656085968018
17,Adam,38,-2.350923776626587
17,Adam,39,-2.3523054122924805
17,Adam,40,-2.353614091873169
17,Adam,41,-2.354853868484497
17,Adam,42,-2.3560285568237305
17,Adam,43,-2.3571434020996094
17,Adam,44,-2.358199119567871
17,Adam,45,-2.3592028617858887
17,Adam,46,-2.360154390335083
17,Adam,47,-2.361058473587036
17,Adam,48,-2.3619191646575928
17,Adam,49,-2.362736701965332
17,Adam,50,-2.3635153770446777
17,Adam,51,-2.364258050918579
17,Adam,52,-2.3649628162384033
17,Adam,53,-2.3656375408172607
17,Adam,54,-2.3662803173065186
17,Adam,55,-2.3668947219848633
17,Adam,56,-2.3674802780151367
17,Adam,57,-2.3680405616760254
17,Adam,58,-2.368577003479004
17,Adam,59,-2.369089365005493
17,Adam,60,-2.3695812225341797
17,LBFGS,1,-2.3387346267700195
17,LBFGS,2,-2.368556499481201
17,LBFGS,3,-2.3780646324157715
17,LBFGS,4,-2.3835878372192383
17,LBFGS,5,-2.386364459991455
17,LBFGS,6,-2.387877941131592
17,LBFGS,7,-2.3887081146240234
17,LBFGS,8,-2.3891592025756836
17,LBFGS,9,-2.389230251312256
17,LBFGS,10,-2.389486312866211
17,LBFGS,11,-2.389599561691284
17,LBFGS,12,-2.3896381855010986
17,LBFGS,13,-2.3896822929382324
17,LBFGS,14,-2.3897056579589844
17,LBFGS,15,-2.389711618423462
17,LBFGS,16,-2.389721393585205
17,LBFGS,17,-2.3897297382354736
17,LBFGS,18,-2.3897318840026855
17,LBFGS,19,-2.3897345066070557
17,LBFGS,20,-2.3897359371185303
17,LBFGS,21,-2.3897359371185303
17,LBFGS,22,-2.3897361755371094
17,LBFGS,23,-2.3897361755371094
17,LBFGS,24,-2.3897361755371094
17,LBFGS,25,-2.3897361755371094
17,LBFGS,26,-2.3897361755371094
17,LBFGS,27,-2.3897361755371094
17,LBFGS,28,-2.3897361755371094
17,LBFGS,29,-2.3897361755371094
17,LBFGS,30,-2.3897361755371094
17,LBFGS,31,-2.3897361755371094
17,LBFGS,32,-2.3897361755371094
17,LBFGS,33,-2.3897361755371094
17,LBFGS,34,-2.3897361755371094
17,LBFGS,35,-2.3897361755371094
17,LBFGS,36,-2.3897361755371094
17,LBFGS,37,-2.3897361755371094
17,LBFGS,38,-2.3897361755371094
17,LBFGS,39,-2.3897361755371094
17,LBFGS,40,-2.3897361755371094
17,LBFGS,41,-2.3897361755371094
17,LBFGS,42,-2.3897361755371094
17,LBFGS,43,-2.3897361755371094
17,LBFGS,44,-2.3897361755371094
17,LBFGS,45,-2.3897361755371094
17,LBFGS,46,-2.3897361755371094
17,LBFGS,47,-2.3897361755371094
17,LBFGS,48,-2.3897361755371094
17,LBFGS,49,-2.3897361755371094
17,LBFGS,50,-2.3897361755371094
17,LBFGS,51,-2.3897361755371094
17,LBFGS,52,-2.3897361755371094
17,LBFGS,53,-2.3897361755371094
17,LBFGS,54,-2.3897361755371094
17,LBFGS,55,-2.3897361755371094
17,LBFGS,56,-2.3897361755371094
17,LBFGS,57,-2.3897361755371094
17,LBFGS,58,-2.3897361755371094
17,LBFGS,59,-2.3897361755371094
17,LBFGS,60,-2.3897361755371094
17,PSO,1,-2.377922534942627
17,PSO,2,-2.3849568367004395
17,PSO,3,-2.385244369506836
17,PSO,4,-2.3864903450012207
17,PSO,5,-2.387723207473755
17,PSO,6,-2.388831853866577
17,PSO,7,-2.3894777297973633
17,PSO,8,-2.3896379470825195
17,PSO,9,-2.3896379470825195
17,PSO,10,-2.3897294998168945
17,PSO,11,-2.3897294998168945
17,PSO,12,-2.38973069190979
17,PSO,13,-2.3897342681884766
17,PSO,14,-2.389734983444214
17,PSO,15,-2.389735698699951
17,PSO,16,-2.389735698699951
17,PSO,17,-2.3897361755371094
17,PSO,18,-2.3897361755371094
17,PSO,19,-2.3897361755371094
17,PSO,20,-2.3897361755371094
17,PSO,21,-2.3897361755371094
17,PSO,22,-2.3897361755371094
17,PSO,23,-2.3897364139556885
17,PSO,24,-2.3897364139556885
17,PSO,25,-2.3897364139556885
17,PSO,26,-2.3897364139556885
17,PSO,27,-2.3897364139556885
17,PSO,28,-2.3897364139556885
17,PSO,29,-2.3897364139556885
17,PSO,30,-2.3897364139556885
17,PSO,31,-2.3897366523742676
17,PSO,32,-2.3897366523742676
17,PSO,33,-2.3897366523742676
17,PSO,34,-2.3897366523742676
17,PSO,35,-2.3897366523742676
17,PSO,36,-2.3897366523742676
17,PSO,37,-2.3897366523742676
17,PSO,38,-2.3897366523742676
17,PSO,39,-2.3897366523742676
17,PSO,40,-2.3897366523742676
17,PSO,41,-2.3897366523742676
17,PSO,42,-2.3897366523742676
17,PSO,43,-2.3897366523742676
17,PSO,44,-2.3897366523742676
17,PSO,45,-2.3897366523742676
17,PSO,46,-2.3897366523742676
17,PSO,47,-2.3897366523742676
17,PSO,48,-2.3897366523742676
17,PSO,49,-2.3897366523742676
17,PSO,50,-2.3897366523742676
17,PSO,51,-2.3897366523742676
17,PSO,52,-2.3897366523742676
17,PSO,53,-2.3897366523742676
17,PSO,54,-2.3897366523742676
17,PSO,55,-2.3897366523742676
17,PSO,56,-2.3897366523742676
17,PSO,57,-2.3897366523742676
17,PSO,58,-2.3897366523742676
17,PSO,59,-2.3897366523742676
17,PSO,60,-2.3897366523742676
17,DE,1,-2.3065826892852783
17,DE,2,-2.3480899333953857
17,DE,3,-2.3480899333953857
17,DE,4,-2.368154287338257
17,DE,5,-2.368154287338257
17,DE,6,-2.368154287338257
17,DE,7,-2.368154287338257
17,DE,8,-2.3765227794647217
17,DE,9,-2.3765227794647217
17,DE,10,-2.3765227794647217
17,DE,11,-2.3765227794647217
17,DE,12,-2.380610942840576
17,DE,13,-2.380610942840576
17,DE,14,-2.3806192874908447
17,DE,15,-2.3833327293395996
17,DE,16,-2.3833327293395996
17,DE,17,-2.3834240436553955
17,DE,18,-2.3840255737304688
17,DE,19,-2.386850357055664
17,DE,20,-2.386850357055664
17,DE,21,-2.3872427940368652
17,DE,22,-2.3872427940368652
17,DE,23,-2.3872427940368652
17,DE,24,-2.3872427940368652
17,DE,25,-2.387707233428955
17,DE,26,-2.3878839015960693
17,DE,27,-2.388446092605591
17,DE,28,-2.388446092605591
17,DE,29,-2.389099597930908
17,DE,30,-2.389139413833618
17,DE,31,-2.389139413833618
17,DE,32,-2.389139413833618
17,DE,33,-2.389139413833618
17,DE,34,-2.389139413833618
17,DE,35,-2.389139413833618
17,DE,36,-2.389371156692505
17,DE,37,-2.389371156692505
17,DE,38,-2.389371156692505
17,DE,39,-2.389371156692505
17,DE,40,-2.3894364833831787
17,DE,41,-2.3894364833831787
17,DE,42,-2.389629364013672
17,DE,43,-2.389629364013672
17,DE,44,-2.389629364013672
17,DE,45,-2.389629364013672
17,DE,46,-2.389629364013672
17,DE,47,-2.389629364013672
17,DE,48,-2.389629364013672
17,DE,49,-2.389629364013672
17,DE,50,-2.389629364013672
17,DE,51,-2.389629364013672
17,DE,52,-2.389629364013672
17,DE,53,-2.3897018432617188
17,DE,54,-2.3897018432617188
17,DE,55,-2.3897018432617188
17,DE,56,-2.3897018432617188
17,DE,57,-2.3897018432617188
17,DE,58,-2.3897018432617188
17,DE,59,-2.3897018432617188
17,DE,60,-2.3897018432617188
17,PSO+LBFGS,1,-2.353242874145508
17,PSO+LBFGS,2,-2.3842074871063232
17,PSO+LBFGS,3,-2.3881607055664062
17,PSO+LBFGS,4,-2.3883187770843506
17,PSO+LBFGS,5,-2.3883187770843506
17,PSO+LBFGS,6,-2.388319492340088
17,PSO+LBFGS,7,-2.3883213996887207
17,PSO+LBFGS,8,-2.388321876525879
17,PSO+LBFGS,9,-2.388321876525879
17,PSO+LBFGS,10,-2.388321876525879
17,PSO+LBFGS,11,-2.388321876525879
17,PSO+LBFGS,12,-2.388321876525879
17,PSO+LBFGS,13,-2.388321876525879
17,PSO+LBFGS,14,-2.388321876525879
17,PSO+LBFGS,15,-2.388321876525879
17,PSO+LBFGS,16,-2.388321876525879
17,PSO+LBFGS,17,-2.388322114944458
17,PSO+LBFGS,18,-2.388322114944458
17,PSO+LBFGS,19,-2.388322114944458
17,PSO+LBFGS,20,-2.388322114944458
17,PSO+LBFGS,21,-2.388322114944458
17,PSO+LBFGS,22,-2.388322114944458
17,PSO+LBFGS,23,-2.388322114944458
17,PSO+LBFGS,24,-2.388322114944458
17,PSO+LBFGS,25,-2.388322114944458
17,PSO+LBFGS,26,-2.388322114944458
17,PSO+LBFGS,27,-2.388322353363037
17,PSO+LBFGS,28,-2.388322353363037
17,PSO+LBFGS,29,-2.388322353363037
17,PSO+LBFGS,30,-2.388322353363037
17,PSO+LBFGS,31,-2.388322353363037
17,PSO+LBFGS,32,-2.388322353363037
17,PSO+LBFGS,33,-2.388322591781616
17,PSO+LBFGS,34,-2.388322591781616
17,PSO+LBFGS,35,-2.388322591781616
17,PSO+LBFGS,36,-2.388322591781616
17,PSO+LBFGS,37,-2.388322591781616
17,PSO+LBFGS,38,-2.388322591781616
17,PSO+LBFGS,39,-2.388322591781616
17,PSO+LBFGS,40,-2.388322591781616
17,PSO+LBFGS,41,-2.388321876525879
17,PSO+LBFGS,42,-2.388321876525879
17,PSO+LBFGS,43,-2.388321876525879
17,PSO+LBFGS,44,-2.388321876525879
17,PSO+LBFGS,45,-2.388321876525879
17,PSO+LBFGS,46,-2.388321876525879
17,PSO+LBFGS,47,-2.388321876525879
17,PSO+LBFGS,48,-2.388321876525879
17,PSO+LBFGS,49,-2.388321876525879
17,PSO+LBFGS,50,-2.388321876525879
17,PSO+LBFGS,51,-2.388321876525879
17,PSO+LBFGS,52,-2.388321876525879
17,PSO+LBFGS,53,-2.388321876525879
17,PSO+LBFGS,54,-2.388321876525879
17,PSO+LBFGS,55,-2.388321876525879
17,PSO+LBFGS,56,-2.388321876525879
17,PSO+LBFGS,57,-2.388321876525879
17,PSO+LBFGS,58,-2.388321876525879
17,PSO+LBFGS,59,-2.388321876525879
17,PSO+LBFGS,60,-2.388321876525879
18,Adam,1,-1.214857816696167
18,Adam,2,-1.2202155590057373
18,Adam,3,-1.2254717350006104
18,Adam,4,-1.2306172847747803
18,Adam,5,-1.2356419563293457
18,Adam,6,-1.240537405014038
18,Adam,7,-1.2452973127365112
18,Adam,8,-1.2499126195907593
18,Adam,9,-1.2543784379959106
18,Adam,10,-1.2586911916732788
18,Adam,11,-1.2628445625305176
18,Adam,12,-1.2668401002883911
18,Adam,13,-1.270673155784607
18,Adam,14,-1.2743438482284546
18,Adam,15,-1.2778552770614624
18,Adam,16,-1.281205415725708
18,Adam,17,-1.284400463104248
18,Adam,18,-1.2874397039413452
18,Adam,19,-1.2903285026550293
18,Adam,20,-1.2930717468261719
18,Adam,21,-1.2956725358963013
18,Adam,22,-1.2981383800506592
18,Adam,23,-1.3004710674285889
18,Adam,24,-1.3026777505874634
18,Adam,25,-1.3047641515731812
18,Adam,26,-1.306734561920166
18,Adam,27,-1.3085963726043701
18,Adam,28,-1.3103522062301636
18,Adam,29,-1.3120111227035522
18,Adam,30,-1.3135758638381958
18,Adam,31,-1.3150508403778076
18,Adam,32,-1.316443920135498
18,Adam,33,-1.3177577257156372
18,Adam,34,-1.3189972639083862
18,Adam,35,-1.3201663494110107
18,Adam,36,-1.3212724924087524
18,Adam,37,-1.3223150968551636
18,Adam,38,-1.3232992887496948
18,Adam,39,-1.3242298364639282
18,Adam,40,-1.3251103162765503
18,Adam,41,-1.3259413242340088
18,Adam,42,-1.3267298936843872
18,Adam,43,-1.327475905418396
18,Adam,44,-1.3281816244125366
18,Adam,45,-1.3288511037826538
18,Adam,46,-1.3294864892959595
18,Adam,47,-1.3300895690917969
18,Adam,48,-1.3306615352630615
18,Adam,49,-1.33120596408844
18,Adam,50,-1.3317227363586426
18,Adam,51,-1.3322161436080933
18,Adam,52,-1.3326845169067383
18,Adam,53,-1.3331323862075806
18,Adam,54,-1.3335587978363037
18,Adam,55,-1.3339649438858032
18,Adam,56,-1.3343536853790283
18,Adam,57,-1.3347258567810059
18,Adam,58,-1.3350809812545776
18,Adam,59,-1.3354206085205078
18,Adam,60,-1.33574640750885
18,LBFGS,1,-1.3086190223693848
18,LBFGS,2,-1.332846999168396
18,LBFGS,3,-1.3403021097183228
18,LBFGS,4,-1.344429612159729
18,LBFGS,5,-1.346567988395691
18,LBFGS,6,-1.347748875617981
18,LBFGS,7,-1.3484041690826416
18,LBFGS,8,-1.3487502336502075
18,LBFGS,9,-1.348995327949524
18,LBFGS,10,-1.3490840196609497
18,LBFGS,11,-1.349168062210083
18,LBFGS,12,-1.3491915464401245
18,LBFGS,13,-1.3492177724838257
18,LBFGS,14,-1.3492292165756226
18,LBFGS,15,-1.3492358922958374
18,LBFGS,16,-1.3492385149002075
18,LBFGS,17,-1.349241852760315
18,LBFGS,18,-1.3492424488067627
18,LBFGS,19,-1.3492431640625
18,LBFGS,20,-1.3492432832717896
18,LBFGS,21,-1.349243402481079
18,LBFGS,22,-1.349243402481079
18,LBFGS,23,-1.349243402481079
18,LBFGS,24,-1.349243402481079
18,LBFGS,25,-1.349243402481079
18,LBFGS,26,-1.349243402481079
18,LBFGS,27,-1.349243402481079
18,LBFGS,28,-1.349243402481079
18,LBFGS,29,-1.349243402481079
18,LBFGS,30,-1.349243402481079
18,LBFGS,31,-1.349243402481079
18,LBFGS,32,-1.349243402481079
18,LBFGS,33,-1.349243402481079
18,LBFGS,34,-1.349243402481079
18,LBFGS,35,-1.349243402481079
18,LBFGS,36,-1.349243402481079
18,LBFGS,37,-1.349243402481079
18,LBFGS,38,-1.349243402481079
18,LBFGS,39,-1.349243402481079
18,LBFGS,40,-1.349243402481079
18,LBFGS,41,-1.349243402481079
18,LBFGS,42,-1.349243402481079
18,LBFGS,43,-1.349243402481079
18,LBFGS,44,-1.349243402481079
18,LBFGS,45,-1.349243402481079
18,LBFGS,46,-1.349243402481079
18,LBFGS,47,-1.349243402481079
18,LBFGS,48,-1.349243402481079
18,LBFGS,49,-1.349243402481079
18,LBFGS,50,-1.349243402481079
18,LBFGS,51,-1.349243402481079
18,LBFGS,52,-1.349243402481079
18,LBFGS,53,-1.349243402481079
18,LBFGS,54,-1.349243402481079
18,LBFGS,55,-1.349243402481079
18,LBFGS,56,-1.349243402481079
18,LBFGS,57,-1.349243402481079
18,LBFGS,58,-1.349243402481079
18,LBFGS,59,-1.349243402481079
18,LBFGS,60,-1.349243402481079
18,PSO,1,-1.3336766958236694
18,PSO,2,-1.3466538190841675
18,PSO,3,-1.3492431640625
18,PSO,4,-1.3492432832717896
18,PSO,5,-1.3492432832717896
18,PSO,6,-1.3492432832717896
18,PSO,7,-1.3492436408996582
18,PSO,8,-1.3492436408996582
18,PSO,9,-1.3492436408996582
18,PSO,10,-1.3492436408996582
18,PSO,11,-1.3492436408996582
18,PSO,12,-1.3492436408996582
18,PSO,13,-1.3492436408996582
18,PSO,14,-1.3492436408996582
18,PSO,15,-1.3492436408996582
18,PSO,16,-1.3492436408996582
18,PSO,17,-1.3492437601089478
18,PSO,18,-1.3492437601089478
18,PSO,19,-1.3492437601089478
18,PSO,20,-1.3492437601089478
18,PSO,21,-1.3492437601089478
18,PSO,22,-1.3492437601089478
18,PSO,23,-1.3492437601089478
18,PSO,24,-1.3492437601089478
18,PSO,25,-1.3492437601089478
18,PSO,26,-1.3492437601089478
18,PSO,27,-1.3492437601089478
18,PSO,28,-1.3492437601089478
18,PSO,29,-1.3492437601089478
18,PSO,30,-1.3492437601089478
18,PSO,31,-1.3492437601089478
18,PSO,32,-1.3492437601089478
18,PSO,33,-1.3492437601089478
18,PSO,34,-1.3492437601089478
18,PSO,35,-1.3492438793182373
18,PSO,36,-1.3492438793182373
18,PSO,37,-1.3492438793182373
18,PSO,38,-1.3492438793182373
18,PSO,39,-1.3492438793182373
18,PSO,40,-1.3492438793182373
18,PSO,41,-1.3492438793182373
18,PSO,42,-1.3492438793182373
18,PSO,43,-1.3492438793182373
18,PSO,44,-1.3492438793182373
18,PSO,45,-1.3492438793182373
18,PSO,46,-1.3492438793182373
18,PSO,47,-1.3492438793182373
18,PSO,48,-1.3492438793182373
18,PSO,49,-1.3492438793182373
18,PSO,50,-1.3492438793182373
18,PSO,51,-1.3492438793182373
18,PSO,52,-1.3492438793182373
18,PSO,53,-1.3492438793182373
18,PSO,54,-1.3492438793182373
18,PSO,55,-1.3492438793182373
18,PSO,56,-1.3492438793182373
18,PSO,57,-1.3492438793182373
18,PSO,58,-1.3492438793182373
18,PSO,59,-1.3492438793182373
18,PSO,60,-1.3492438793182373
18,DE,1,-1.318069577217102
18,DE,2,-1.318069577217102
18,DE,3,-1.324748158454895
18,DE,4,-1.324748158454895
18,DE,5,-1.3406221866607666
18,DE,6,-1.3406221866607666
18,DE,7,-1.3406221866607666
18,DE,8,-1.3406221866607666
18,DE,9,-1.3406221866607666
18,DE,10,-1.3406221866607666
18,DE,11,-1.3409940004348755
18,DE,12,-1.3431260585784912
18,DE,13,-1.3431260585784912
18,DE,14,-1.3469254970550537
18,DE,15,-1.3469254970550537
18,DE,16,-1.3469254970550537
18,DE,17,-1.3469254970550537
18,DE,18,-1.3469254970550537
18,DE,19,-1.3469254970550537
18,DE,20,-1.3469254970550537
18,DE,21,-1.3469254970550537
18,DE,22,-1.3474286794662476
18,DE,23,-1.3474286794662476
18,DE,24,-1.3482791185379028
18,DE,25,-1.348463773727417
18,DE,26,-1.348463773727417
18,DE,27,-1.3486968278884888
18,DE,28,-1.3486968278884888
18,DE,29,-1.3486968278884888
18,DE,30,-1.3486968278884888
18,DE,31,-1.3487361669540405
18,DE,32,-1.3487361669540405
18,DE,33,-1.3488106727600098
18,DE,34,-1.3488106727600098
18,DE,35,-1.3488106727600098
18,DE,36,-1.3488106727600098
18,DE,37,-1.3488129377365112
18,DE,38,-1.3488129377365112
18,DE,39,-1.3488129377365112
18,DE,40,-1.3489829301834106
18,DE,41,-1.3489829301834106
18,DE,42,-1.3489829301834106
18,DE,43,-1.3489829301834106
18,DE,44,-1.3489830493927002
18,DE,45,-1.3489830493927002
18,DE,46,-1.3491003513336182
18,DE,47,-1.3491003513336182
18,DE,48,-1.3491003513336182
18,DE,49,-1.3491003513336182
18,DE,50,-1.3491003513336182
18,DE,51,-1.3491003513336182
18,DE,52,-1.3491203784942627
18,DE,53,-1.349180817604065
18,DE,54,-1.349180817604065
18,DE,55,-1.349180817604065
18,DE,56,-1.3492034673690796
18,DE,57,-1.3492034673690796
18,DE,58,-1.3492034673690796
18,DE,59,-1.3492034673690796
18,DE,60,-1.3492079973220825
18,PSO+LBFGS,1,-1.2963465452194214
18,PSO+LBFGS,2,-1.3027379512786865
18,PSO+LBFGS,3,-1.3164623975753784
18,PSO+LBFGS,4,-1.3284833431243896
18,PSO+LBFGS,5,-1.3430086374282837
18,PSO+LBFGS,6,-1.3480422496795654
18,PSO+LBFGS,7,-1.3480422496795654
18,PSO+LBFGS,8,-1.3480422496795654
18,PSO+LBFGS,9,-1.3480422496795654
18,PSO+LBFGS,10,-1.3480833768844604
18,PSO+LBFGS,11,-1.348196029663086
18,PSO+LBFGS,12,-1.3483092784881592
18,PSO+LBFGS,13,-1.3484283685684204
18,PSO+LBFGS,14,-1.3486080169677734
18,PSO+LBFGS,15,-1.3487859964370728
18,PSO+LBFGS,16,-1.348914384841919
18,PSO+LBFGS,17,-1.3490592241287231
18,PSO+LBFGS,18,-1.349195122718811
18,PSO+LBFGS,19,-1.3492411375045776
18,PSO+LBFGS,20,-1.3492436408996582
18,PSO+LBFGS,21,-1.3492436408996582
18,PSO+LBFGS,22,-1.3492436408996582
18,PSO+LBFGS,23,-1.3492438793182373
18,PSO+LBFGS,24,-1.3492438793182373
18,PSO+LBFGS,25,-1.3492438793182373
18,PSO+LBFGS,26,-1.3492438793182373
18,PSO+LBFGS,27,-1.3492438793182373
18,PSO+LBFGS,28,-1.3492438793182373
18,PSO+LBFGS,29,-1.3492438793182373
18,PSO+LBFGS,30,-1.3492438793182373
18,PSO+LBFGS,31,-1.3492438793182373
18,PSO+LBFGS,32,-1.3492438793182373
18,PSO+LBFGS,33,-1.3492438793182373
18,PSO+LBFGS,34,-1.3492438793182373
18,PSO+LBFGS,35,-1.3492438793182373
18,PSO+LBFGS,36,-1.3492438793182373
18,PSO+LBFGS,37,-1.3492438793182373
18,PSO+LBFGS,38,-1.3492438793182373
18,PSO+LBFGS,39,-1.3492438793182373
18,PSO+LBFGS,40,-1.3492438793182373
18,PSO+LBFGS,41,-1.3492436408996582
18,PSO+LBFGS,42,-1.3492436408996582
18,PSO+LBFGS,43,-1.3492436408996582
18,PSO+LBFGS,44,-1.3492436408996582
18,PSO+LBFGS,45,-1.3492436408996582
18,PSO+LBFGS,46,-1.3492436408996582
18,PSO+LBFGS,47,-1.3492436408996582
18,PSO+LBFGS,48,-1.3492436408996582
18,PSO+LBFGS,49,-1.3492436408996582
18,PSO+LBFGS,50,-1.3492436408996582
18,PSO+LBFGS,51,-1.3492436408996582
18,PSO+LBFGS,52,-1.3492436408996582
18,PSO+LBFGS,53,-1.3492436408996582
18,PSO+LBFGS,54,-1.3492436408996582
18,PSO+LBFGS,55,-1.3492436408996582
18,PSO+LBFGS,56,-1.3492436408996582
18,PSO+LBFGS,57,-1.3492436408996582
18,PSO+LBFGS,58,-1.3492436408996582
18,PSO+LBFGS,59,-1.3492436408996582
18,PSO+LBFGS,60,-1.3492436408996582
19,Adam,1,-1.7023732662200928
19,Adam,2,-1.7103173732757568
19,Adam,3,-1.7181590795516968
19,Adam,4,-1.7258859872817993
19,Adam,5,-1.7334836721420288
19,Adam,6,-1.74093496799469
19,Adam,7,-1.7482339143753052
19,Adam,8,-1.755360722541809
19,Adam,9,-1.7623090744018555
19,Adam,10,-1.769066572189331
19,Adam,11,-1.7756251096725464
19,Adam,12,-1.7819786071777344
19,Adam,13,-1.7881219387054443
19,Adam,14,-1.7940493822097778
19,Adam,15,-1.7997581958770752
19,Adam,16,-1.8052455186843872
19,Adam,17,-1.8105096817016602
19,Adam,18,-1.8155550956726074
19,Adam,19,-1.820383906364441
19,Adam,20,-1.8249950408935547
19,Adam,21,-1.8293919563293457
19,Adam,22,-1.8335840702056885
19,Adam,23,-1.8375719785690308
19,Adam,24,-1.8413652181625366
19,Adam,25,-1.8449681997299194
19,Adam,26,-1.8483856916427612
19,Adam,27,-1.8516290187835693
19,Adam,28,-1.8547019958496094
19,Adam,29,-1.8576122522354126
19,Adam,30,-1.8603689670562744
19,Adam,31,-1.8629772663116455
19,Adam,32,-1.865444540977478
19,Adam,33,-1.8677781820297241
19,Adam,34,-1.869989037513733
19,Adam,35,-1.8720771074295044
19,Adam,36,-1.8740530014038086
19,Adam,37,-1.87592351436615
19,Adam,38,-1.8776922225952148
19,Adam,39,-1.8793671131134033
19,Adam,40,-1.8809497356414795
19,Adam,41,-1.8824512958526611
19,Adam,42,-1.883874773979187
19,Adam,43,-1.8852221965789795
19,Adam,44,-1.886497139930725
19,Adam,45,-1.8877086639404297
19,Adam,46,-1.8888577222824097
19,Adam,47,-1.889951229095459
19,Adam,48,-1.890989065170288
19,Adam,49,-1.8919751644134521
19,Adam,50,-1.892911434173584
19,Adam,51,-1.8938045501708984
19,Adam,52,-1.8946540355682373
19,Adam,53,-1.895462989807129
19,Adam,54,-1.8962364196777344
19,Adam,55,-1.8969744443893433
19,Adam,56,-1.897676944732666
19,Adam,57,-1.8983516693115234
19,Adam,58,-1.8989925384521484
19,Adam,59,-1.8996073007583618
19,Adam,60,-1.9001978635787964
19,LBFGS,1,-1.8528813123703003
19,LBFGS,2,-1.8969258069992065
19,LBFGS,3,-1.9089381694793701
19,LBFGS,4,-1.9161003828048706
19,LBFGS,5,-1.9197311401367188
19,LBFGS,6,-1.921747088432312
19,LBFGS,7,-1.9228519201278687
19,LBFGS,8,-1.9234652519226074
19,LBFGS,9,-1.9238053560256958
19,LBFGS,10,-1.9239921569824219
19,LBFGS,11,-1.9240964651107788
19,LBFGS,12,-1.924155831336975
19,LBFGS,13,-1.924187183380127
19,LBFGS,14,-1.9242051839828491
19,LBFGS,15,-1.9242151975631714
19,LBFGS,16,-1.9242197275161743
19,LBFGS,17,-1.9242243766784668
19,LBFGS,18,-1.924225926399231
19,LBFGS,19,-1.9242266416549683
19,LBFGS,20,-1.924226999282837
19,LBFGS,21,-1.9242271184921265
19,LBFGS,22,-1.9242271184921265
19,LBFGS,23,-1.9242271184921265
19,LBFGS,24,-1.9242271184921265
19,LBFGS,25,-1.9242271184921265
19,LBFGS,26,-1.9242271184921265
19,LBFGS,27,-1.9242271184921265
19,LBFGS,28,-1.9242271184921265
19,LBFGS,29,-1.9242271184921265
19,LBFGS,30,-1.9242271184921265
19,LBFGS,31,-1.9242271184921265
19,LBFGS,32,-1.9242271184921265
19,LBFGS,33,-1.9242271184921265
19,LBFGS,34,-1.9242271184921265
19,LBFGS,35,-1.9242271184921265
19,LBFGS,36,-1.9242271184921265
19,LBFGS,37,-1.9242271184921265
19,LBFGS,38,-1.9242271184921265
19,LBFGS,39,-1.9242271184921265
19,LBFGS,40,-1.9242271184921265
19,LBFGS,41,-1.9242271184921265
19,LBFGS,42,-1.9242271184921265
19,LBFGS,43,-1.9242271184921265
19,LBFGS,44,-1.9242271184921265
19,LBFGS,45,-1.9242271184921265
19,LBFGS,46,-1.9242271184921265
19,LBFGS,47,-1.9242271184921265
19,LBFGS,48,-1.9242271184921265
19,LBFGS,49,-1.9242271184921265
19,LBFGS,50,-1.9242271184921265
19,LBFGS,51,-1.9242271184921265
19,LBFGS,52,-1.9242271184921265
19,LBFGS,53,-1.9242271184921265
19,LBFGS,54,-1.9242271184921265
19,LBFGS,55,-1.9242271184921265
19,LBFGS,56,-1.9242271184921265
19,LBFGS,57,-1.9242271184921265
19,LBFGS,58,-1.9242271184921265
19,LBFGS,59,-1.9242271184921265
19,LBFGS,60,-1.9242271184921265
19,PSO,1,-1.8453724384307861
19,PSO,2,-1.8827462196350098
19,PSO,3,-1.898103952407837
19,PSO,4,-1.9213382005691528
19,PSO,5,-1.924227237701416
19,PSO,6,-1.924227237701416
19,PSO,7,-1.924227237701416
19,PSO,8,-1.924227237701416
19,PSO,9,-1.924227237701416
19,PSO,10,-1.924227237701416
19,PSO,11,-1.924227237701416
19,PSO,12,-1.924227237701416
19,PSO,13,-1.924227237701416
19,PSO,14,-1.924227237701416
19,PSO,15,-1.924227237701416
19,PSO,16,-1.924227237701416
19,PSO,17,-1.924227237701416
19,PSO,18,-1.924227237701416
19,PSO,19,-1.924227237701416
19,PSO,20,-1.924227237701416
19,PSO,21,-1.924227237701416
19,PSO,22,-1.924227237701416
19,PSO,23,-1.924227237701416
19,PSO,24,-1.924227237701416
19,PSO,25,-1.924227237701416
19,PSO,26,-1.924227237701416
19,PSO,27,-1.924227237701416
19,PSO,28,-1.924227237701416
19,PSO,29,-1.924227237701416
19,PSO,30,-1.924227237701416
19,PSO,31,-1.924227237701416
19,PSO,32,-1.924227237701416
19,PSO,33,-1.924227237701416
19,PSO,34,-1.924227237701416
19,PSO,35,-1.924227237701416
19,PSO,36,-1.924227237701416
19,PSO,37,-1.924227237701416
19,PSO,38,-1.924227237701416
19,PSO,39,-1.924227237701416
19,PSO,40,-1.924227237701416
19,PSO,41,-1.924227237701416
19,PSO,42,-1.924227237701416
19,PSO,43,-1.924227237701416
19,PSO,44,-1.924227237701416
19,PSO,45,-1.924227237701416
19,PSO,46,-1.924227237701416
19,PSO,47,-1.924227237701416
19,PSO,48,-1.924227237701416
19,PSO,49,-1.924227237701416
19,PSO,50,-1.924227237701416
19,PSO,51,-1.924227237701416
19,PSO,52,-1.924227237701416
19,PSO,53,-1.924227237701416
19,PSO,54,-1.924227237701416
19,PSO,55,-1.924227237701416
19,PSO,56,-1.924227237701416
19,PSO,57,-1.924227237701416
19,PSO,58,-1.924227237701416
19,PSO,59,-1.924227237701416
19,PSO,60,-1.924227237701416
19,DE,1,-1.8401920795440674
19,DE,2,-1.8547166585922241
19,DE,3,-1.8596261739730835
19,DE,4,-1.8923693895339966
19,DE,5,-1.8923693895339966
19,DE,6,-1.8923693895339966
19,DE,7,-1.8923693895339966
19,DE,8,-1.8924500942230225
19,DE,9,-1.904112696647644
19,DE,10,-1.904112696647644
19,DE,11,-1.9062949419021606
19,DE,12,-1.9062949419021606
19,DE,13,-1.9062949419021606
19,DE,14,-1.9062949419021606
19,DE,15,-1.91156804561615
19,DE,16,-1.9138497114181519
19,DE,17,-1.9151965379714966
19,DE,18,-1.9160778522491455
19,DE,19,-1.9160778522491455
19,DE,20,-1.9178229570388794
19,DE,21,-1.9200339317321777
19,DE,22,-1.9200339317321777
19,DE,23,-1.9200339317321777
19,DE,24,-1.9205220937728882
19,DE,25,-1.9207196235656738
19,DE,26,-1.9207196235656738
19,DE,27,-1.9209290742874146
19,DE,28,-1.9219105243682861
19,DE,29,-1.9219105243682861
19,DE,30,-1.9220190048217773
19,DE,31,-1.9220190048217773
19,DE,32,-1.9224185943603516
19,DE,33,-1.9226444959640503
19,DE,34,-1.9229191541671753
19,DE,35,-1.9230715036392212
19,DE,36,-1.9230715036392212
19,DE,37,-1.9230715036392212
19,DE,38,-1.92312490940094
19,DE,39,-1.923158049583435
19,DE,40,-1.923158049583435
19,DE,41,-1.923201322555542
19,DE,42,-1.9235117435455322
19,DE,43,-1.9239023923873901
19,DE,44,-1.9240126609802246
19,DE,45,-1.9240126609802246
19,DE,46,-1.9240126609802246
19,DE,47,-1.9240463972091675
19,DE,48,-1.9240463972091675
19,DE,49,-1.9240463972091675
19,DE,50,-1.9240463972091675
19,DE,51,-1.924095869064331
19,DE,52,-1.924095869064331
19,DE,53,-1.924095869064331
19,DE,54,-1.9241034984588623
19,DE,55,-1.924120306968689
19,DE,56,-1.924120306968689
19,DE,57,-1.924174189567566
19,DE,58,-1.9241784811019897
19,DE,59,-1.9241784811019897
19,DE,60,-1.9241784811019897
19,PSO+LBFGS,1,-1.7881827354431152
19,PSO+LBFGS,2,-1.8707029819488525
19,PSO+LBFGS,3,-1.909718632698059
19,PSO+LBFGS,4,-1.910994529724121
19,PSO+LBFGS,5,-1.9205288887023926
19,PSO+LBFGS,6,-1.924227237701416
19,PSO+LBFGS,7,-1.924227237701416
19,PSO+LBFGS,8,-1.924227237701416
19,PSO+LBFGS,9,-1.924227237701416
19,PSO+LBFGS,10,-1.924227237701416
19,PSO+LBFGS,11,-1.924227237701416
19,PSO+LBFGS,12,-1.924227237701416
19,PSO+LBFGS,13,-1.924227237701416
19,PSO+LBFGS,14,-1.924227237701416
19,PSO+LBFGS,15,-1.924227237701416
19,PSO+LBFGS,16,-1.924227237701416
19,PSO+LBFGS,17,-1.924227237701416
19,PSO+LBFGS,18,-1.924227237701416
19,PSO+LBFGS,19,-1.924227237701416
19,PSO+LBFGS,20,-1.924227237701416
19,PSO+LBFGS,21,-1.924227237701416
19,PSO+LBFGS,22,-1.924227237701416
19,PSO+LBFGS,23,-1.924227237701416
19,PSO+LBFGS,24,-1.924227237701416
19,PSO+LBFGS,25,-1.924227237701416
19,PSO+LBFGS,26,-1.924227237701416
19,PSO+LBFGS,27,-1.924227237701416
19,PSO+LBFGS,28,-1.924227237701416
19,PSO+LBFGS,29,-1.924227237701416
19,PSO+LBFGS,30,-1.924227237701416
19,PSO+LBFGS,31,-1.924227237701416
19,PSO+LBFGS,32,-1.924227237701416
19,PSO+LBFGS,33,-1.924227237701416
19,PSO+LBFGS,34,-1.924227237701416
19,PSO+LBFGS,35,-1.924227237701416
19,PSO+LBFGS,36,-1.924227237701416
19,PSO+LBFGS,37,-1.924227237701416
19,PSO+LBFGS,38,-1.924227237701416
19,PSO+LBFGS,39,-1.924227237701416
19,PSO+LBFGS,40,-1.924227237701416
19,PSO+LBFGS,41,-1.924226999282837
19,PSO+LBFGS,42,-1.924226999282837
19,PSO+LBFGS,43,-1.924226999282837
19,PSO+LBFGS,44,-1.924226999282837
19,PSO+LBFGS,45,-1.924226999282837
19,PSO+LBFGS,46,-1.924226999282837
19,PSO+LBFGS,47,-1.924226999282837
19,PSO+LBFGS,48,-1.924226999282837
19,PSO+LBFGS,49,-1.924226999282837
19,PSO+LBFGS,50,-1.924226999282837
19,PSO+LBFGS,51,-1.924226999282837
19,PSO+LBFGS,52,-1.924226999282837
19,PSO+LBFGS,53,-1.924226999282837
19,PSO+LBFGS,54,-1.924226999282837
19,PSO+LBFGS,55,-1.924226999282837
19,PSO+LBFGS,56,-1.924226999282837
19,PSO+LBFGS,57,-1.924226999282837
19,PSO+LBFGS,58,-1.924226999282837
19,PSO+LBFGS,59,-1.924226999282837
19,PSO+LBFGS,60,-1.924226999282837
20,Adam,1,-0.8636496663093567
20,Adam,2,-0.8739027380943298
20,Adam,3,-0.8840107917785645
20,Adam,4,-0.8939605951309204
20,Adam,5,-0.9037305116653442
20,Adam,6,-0.9133069515228271
20,Adam,7,-0.9226694703102112
20,Adam,8,-0.9318035244941711
20,Adam,9,-0.9406951069831848
20,Adam,10,-0.9493361115455627
20,Adam,11,-0.9577072858810425
20,Adam,12,-0.9658107161521912
20,Adam,13,-0.9736355543136597
20,Adam,14,-0.9811743497848511
20,Adam,15,-0.9884276986122131
20,Adam,16,-0.9953888654708862
20,Adam,17,-1.0020649433135986
20,Adam,18,-1.00845205783844
20,Adam,19,-1.0145577192306519
20,Adam,20,-1.0203845500946045
20,Adam,21,-1.0259404182434082
20,Adam,22,-1.031222939491272
20,Adam,23,-1.036251425743103
20,Adam,24,-1.0410242080688477
20,Adam,25,-1.0455572605133057
20,Adam,26,-1.04985511302948
20,Adam,27,-1.053928256034851
20,Adam,28,-1.0577867031097412
20,Adam,29,-1.0614385604858398
20,Adam,30,-1.0648940801620483
20,Adam,31,-1.0681627988815308
20,Adam,32,-1.0712558031082153
20,Adam,33,-1.0741807222366333
20,Adam,34,-1.0769455432891846
20,Adam,35,-1.0795608758926392
20,Adam,36,-1.0820335149765015
20,Adam,37,-1.0843724012374878
20,Adam,38,-1.0865848064422607
20,Adam,39,-1.0886777639389038
20,Adam,40,-1.0906589031219482
20,Adam,41,-1.0925357341766357
20,Adam,42,-1.0943102836608887
20,Adam,43,-1.0959973335266113
20,Adam,44,-1.0975909233093262
20,Adam,45,-1.0991047620773315
20,Adam,46,-1.1005425453186035
20,Adam,47,-1.1019067764282227
20,Adam,48,-1.103203296661377
20,Adam,49,-1.1044342517852783
20,Adam,50,-1.105607271194458
20,Adam,51,-1.1067228317260742
20,Adam,52,-1.1077864170074463
20,Adam,53,-1.108799695968628
20,Adam,54,-1.1097651720046997
20,Adam,55,-1.1106846332550049
20,Adam,56,-1.1115642786026
20,Adam,57,-1.1124064922332764
20,Adam,58,-1.1132093667984009
20,Adam,59,-1.1139800548553467
20,Adam,60,-1.1147161722183228
20,LBFGS,1,-0.9253470301628113
20,LBFGS,2,-1.1182962656021118
20,LBFGS,3,-1.1260895729064941
20,LBFGS,4,-1.1359508037567139
20,LBFGS,5,-1.1399024724960327
20,LBFGS,6,-1.142151117324829
20,LBFGS,7,-1.1433515548706055
20,LBFGS,8,-1.1440157890319824
20,LBFGS,9,-1.1443825960159302
20,LBFGS,10,-1.144584059715271
20,LBFGS,11,-1.144696593284607
20,LBFGS,12,-1.1447598934173584
20,LBFGS,13,-1.1447938680648804
20,LBFGS,14,-1.1448075771331787
20,LBFGS,15,-1.1448242664337158
20,LBFGS,16,-1.1448296308517456
20,LBFGS,17,-1.1448334455490112
20,LBFGS,18,-1.1448359489440918
20,LBFGS,19,-1.14483642578125
20,LBFGS,20,-1.14483642578125
20,LBFGS,21,-1.14483642578125
20,LBFGS,22,-1.14483642578125
20,LBFGS,23,-1.14483642578125
20,LBFGS,24,-1.14483642578125
20,LBFGS,25,-1.14483642578125
20,LBFGS,26,-1.14483642578125
20,LBFGS,27,-1.14483642578125
20,LBFGS,28,-1.14483642578125
20,LBFGS,29,-1.14483642578125
20,LBFGS,30,-1.14483642578125
20,LBFGS,31,-1.14483642578125
20,LBFGS,32,-1.14483642578125
20,LBFGS,33,-1.14483642578125
20,LBFGS,34,-1.14483642578125
20,LBFGS,35,-1.14483642578125
20,LBFGS,36,-1.14483642578125
20,LBFGS,37,-1.14483642578125
20,LBFGS,38,-1.14483642578125
20,LBFGS,39,-1.14483642578125
20,LBFGS,40,-1.14483642578125
20,LBFGS,41,-1.14483642578125
20,LBFGS,42,-1.14483642578125
20,LBFGS,43,-1.14483642578125
20,LBFGS,44,-1.14483642578125
20,LBFGS,45,-1.14483642578125
20,LBFGS,46,-1.14483642578125
20,LBFGS,47,-1.14483642578125
20,LBFGS,48,-1.14483642578125
20,LBFGS,49,-1.14483642578125
20,LBFGS,50,-1.14483642578125
20,LBFGS,51,-1.14483642578125
20,LBFGS,52,-1.14483642578125
20,LBFGS,53,-1.14483642578125
20,LBFGS,54,-1.14483642578125
20,LBFGS,55,-1.14483642578125
20,LBFGS,56,-1.14483642578125
20,LBFGS,57,-1.14483642578125
20,LBFGS,58,-1.14483642578125
20,LBFGS,59,-1.14483642578125
20,LBFGS,60,-1.14483642578125
20,PSO,1,-1.065796136856079
20,PSO,2,-1.1330405473709106
20,PSO,3,-1.141785979270935
20,PSO,4,-1.1447668075561523
20,PSO,5,-1.1448360681533813
20,PSO,6,-1.144836664199829
20,PSO,7,-1.144836664199829
20,PSO,8,-1.144836664199829
20,PSO,9,-1.144836664199829
20,PSO,10,-1.144836664199829
20,PSO,11,-1.144836664199829
20,PSO,12,-1.1448367834091187
20,PSO,13,-1.1448367834091187
20,PSO,14,-1.1448367834091187
20,PSO,15,-1.1448367834091187
20,PSO,16,-1.1448369026184082
20,PSO,17,-1.1448369026184082
20,PSO,18,-1.1448369026184082
20,PSO,19,-1.1448369026184082
20,PSO,20,-1.1448369026184082
20,PSO,21,-1.1448369026184082
20,PSO,22,-1.1448369026184082
20,PSO,23,-1.1448369026184082
20,PSO,24,-1.1448369026184082
20,PSO,25,-1.1448369026184082
20,PSO,26,-1.1448369026184082
20,PSO,27,-1.1448369026184082
20,PSO,28,-1.1448369026184082
20,PSO,29,-1.1448369026184082
20,PSO,30,-1.1448369026184082
20,PSO,31,-1.1448369026184082
20,PSO,32,-1.1448369026184082
20,PSO,33,-1.1448369026184082
20,PSO,34,-1.1448369026184082
20,PSO,35,-1.1448369026184082
20,PSO,36,-1.1448369026184082
20,PSO,37,-1.1448369026184082
20,PSO,38,-1.1448369026184082
20,PSO,39,-1.1448369026184082
20,PSO,40,-1.1448369026184082
20,PSO,41,-1.1448369026184082
20,PSO,42,-1.1448369026184082
20,PSO,43,-1.1448369026184082
20,PSO,44,-1.1448369026184082
20,PSO,45,-1.1448369026184082
20,PSO,46,-1.1448369026184082
20,PSO,47,-1.1448369026184082
20,PSO,48,-1.1448369026184082
20,PSO,49,-1.1448369026184082
20,PSO,50,-1.1448369026184082
20,PSO,51,-1.1448369026184082
20,PSO,52,-1.1448369026184082
20,PSO,53,-1.1448369026184082
20,PSO,54,-1.1448369026184082
20,PSO,55,-1.1448369026184082
20,PSO,56,-1.1448369026184082
20,PSO,57,-1.1448369026184082
20,PSO,58,-1.1448369026184082
20,PSO,59,-1.1448369026184082
20,PSO,60,-1.1448369026184082
20,DE,1,-1.0642534494400024
20,DE,2,-1.0642534494400024
20,DE,3,-1.097348928451538
20,DE,4,-1.0977308750152588
20,DE,5,-1.109635591506958
20,DE,6,-1.109635591506958
20,DE,7,-1.109635591506958
20,DE,8,-1.1098982095718384
20,DE,9,-1.1242722272872925
20,DE,10,-1.1242722272872925
20,DE,11,-1.128029704093933
20,DE,12,-1.1284143924713135
20,DE,13,-1.1313505172729492
20,DE,14,-1.1333898305892944
20,DE,15,-1.1388685703277588
20,DE,16,-1.1388685703277588
20,DE,17,-1.1388685703277588
20,DE,18,-1.140206217765808
20,DE,19,-1.140206217765808
20,DE,20,-1.140206217765808
20,DE,21,-1.140206217765808
20,DE,22,-1.140586018562317
20,DE,23,-1.1412498950958252
20,DE,24,-1.1412498950958252
20,DE,25,-1.1412498950958252
20,DE,26,-1.1412498950958252
20,DE,27,-1.1412498950958252
20,DE,28,-1.1412498950958252
20,DE,29,-1.1413465738296509
20,DE,30,-1.1413465738296509
20,DE,31,-1.1413465738296509
20,DE,32,-1.1418291330337524
20,DE,33,-1.1426036357879639
20,DE,34,-1.144105076789856
20,DE,35,-1.144105076789856
20,DE,36,-1.14423406124115
20,DE,37,-1.14423406124115
20,DE,38,-1.14423406124115
20,DE,39,-1.14423406124115
20,DE,40,-1.14423406124115
20,DE,41,-1.14423406124115
20,DE,42,-1.1443170309066772
20,DE,43,-1.1444227695465088
20,DE,44,-1.1446248292922974
20,DE,45,-1.1446248292922974
20,DE,46,-1.1446248292922974
20,DE,47,-1.1446248292922974
20,DE,48,-1.1446248292922974
20,DE,49,-1.144747257232666
20,DE,50,-1.144747257232666
20,DE,51,-1.144748330116272
20,DE,52,-1.144748330116272
20,DE,53,-1.144748330116272
20,DE,54,-1.144748330116272
20,DE,55,-1.144748330116272
20,DE,56,-1.1447545289993286
20,DE,57,-1.1447545289993286
20,DE,58,-1.1447545289993286
20,DE,59,-1.1447601318359375
20,DE,60,-1.1447601318359375
20,PSO+LBFGS,1,-1.0576744079589844
20,PSO+LBFGS,2,-1.1253055334091187
20,PSO+LBFGS,3,-1.134114384651184
20,PSO+LBFGS,4,-1.141450047492981
20,PSO+LBFGS,5,-1.1441510915756226
20,PSO+LBFGS,6,-1.1448220014572144
20,PSO+LBFGS,7,-1.1448339223861694
20,PSO+LBFGS,8,-1.1448339223861694
20,PSO+LBFGS,9,-1.1448365449905396
20,PSO+LBFGS,10,-1.1448365449905396
20,PSO+LBFGS,11,-1.1448365449905396
20,PSO+LBFGS,12,-1.144836664199829
20,PSO+LBFGS,13,-1.144836664199829
20,PSO+LBFGS,14,-1.144836664199829
20,PSO+LBFGS,15,-1.1448367834091187
20,PSO+LBFGS,16,-1.1448367834091187
20,PSO+LBFGS,17,-1.1448367834091187
20,PSO+LBFGS,18,-1.1448367834091187
20,PSO+LBFGS,19,-1.1448367834091187
20,PSO+LBFGS,20,-1.1448367834091187
20,PSO+LBFGS,21,-1.1448367834091187
20,PSO+LBFGS,22,-1.1448367834091187
20,PSO+LBFGS,23,-1.1448367834091187
20,PSO+LBFGS,24,-1.1448367834091187
20,PSO+LBFGS,25,-1.1448367834091187
20,PSO+LBFGS,26,-1.1448367834091187
20,PSO+LBFGS,27,-1.1448367834091187
20,PSO+LBFGS,28,-1.1448367834091187
20,PSO+LBFGS,29,-1.1448367834091187
20,PSO+LBFGS,30,-1.1448369026184082
20,PSO+LBFGS,31,-1.1448369026184082
20,PSO+LBFGS,32,-1.1448369026184082
20,PSO+LBFGS,33,-1.1448369026184082
20,PSO+LBFGS,34,-1.1448369026184082
20,PSO+LBFGS,35,-1.1448369026184082
20,PSO+LBFGS,36,-1.1448369026184082
20,PSO+LBFGS,37,-1.1448369026184082
20,PSO+LBFGS,38,-1.1448369026184082
20,PSO+LBFGS,39,-1.1448369026184082
20,PSO+LBFGS,40,-1.1448369026184082
20,PSO+LBFGS,41,-1.144836664199829
20,PSO+LBFGS,42,-1.144836664199829
20,PSO+LBFGS,43,-1.144836664199829
20,PSO+LBFGS,44,-1.144836664199829
20,PSO+LBFGS,45,-1.144836664199829
20,PSO+LBFGS,46,-1.144836664199829
20,PSO+LBFGS,47,-1.144836664199829
20,PSO+LBFGS,48,-1.144836664199829
20,PSO+LBFGS,49,-1.144836664199829
20,PSO+LBFGS,50,-1.144836664199829
20,PSO+LBFGS,51,-1.144836664199829
20,PSO+LBFGS,52,-1.144836664199829
20,PSO+LBFGS,53,-1.144836664199829
20,PSO+LBFGS,54,-1.144836664199829
20,PSO+LBFGS,55,-1.144836664199829
20,PSO+LBFGS,56,-1.144836664199829
20,PSO+LBFGS,57,-1.144836664199829
20,PSO+LBFGS,58,-1.144836664199829
20,PSO+LBFGS,59,-1.144836664199829
20,PSO+LBFGS,60,-1.144836664199829
21,Adam,1,-2.212372303009033
21,Adam,2,-2.215904712677002
21,Adam,3,-2.2193658351898193
21,Adam,4,-2.222749710083008
21,Adam,5,-2.2260496616363525
21,Adam,6,-2.229264259338379
21,Adam,7,-2.232386350631714
21,Adam,8,-2.2354111671447754
21,Adam,9,-2.2383410930633545
21,Adam,10,-2.24116849899292
21,Adam,11,-2.243894338607788
21,Adam,12,-2.246520519256592
21,Adam,13,-2.24904203414917
21,Adam,14,-2.251464605331421
21,Adam,15,-2.2537848949432373
21,Adam,16,-2.2560086250305176
21,Adam,17,-2.2581348419189453
21,Adam,18,-2.260167121887207
21,Adam,19,-2.262105941772461
21,Adam,20,-2.2639546394348145
21,Adam,21,-2.265716075897217
21,Adam,22,-2.267394781112671
21,Adam,23,-2.2689895629882812
21,Adam,24,-2.270507335662842
21,Adam,25,-2.2719480991363525
21,Adam,26,-2.2733154296875
21,Adam,27,-2.2746148109436035
21,Adam,28,-2.2758452892303467
21,Adam,29,-2.2770111560821533
21,Adam,30,-2.2781171798706055
21,Adam,31,-2.2791635990142822
21,Adam,32,-2.28015398979187
21,Adam,33,-2.2810919284820557
21,Adam,34,-2.28197979927063
21,Adam,35,-2.2828171253204346
21,Adam,36,-2.283611536026001
21,Adam,37,-2.2843613624572754
21,Adam,38,-2.2850708961486816
21,Adam,39,-2.285740852355957
21,Adam,40,-2.2863762378692627
21,Adam,41,-2.286975145339966
21,Adam,42,-2.2875442504882812
21,Adam,43,-2.2880806922912598
21,Adam,44,-2.2885892391204834
21,Adam,45,-2.2890725135803223
21,Adam,46,-2.2895314693450928
21,Adam,47,-2.2899651527404785
21,Adam,48,-2.2903778553009033
21,Adam,49,-2.2907700538635254
21,Adam,50,-2.2911436557769775
21,Adam,51,-2.291499137878418
21,Adam,52,-2.2918379306793213
21,Adam,53,-2.2921602725982666
21,Adam,54,-2.2924680709838867
21,Adam,55,-2.292762517929077
21,Adam,56,-2.2930431365966797
21,Adam,57,-2.2933125495910645
21,Adam,58,-2.2935686111450195
21,Adam,59,-2.293813467025757
21,Adam,60,-2.294049024581909
21,LBFGS,1,-2.271608352661133
21,LBFGS,2,-2.290102005004883
21,LBFGS,3,-2.2964210510253906
21,LBFGS,4,-2.29982328414917
21,LBFGS,5,-2.3015103340148926
21,LBFGS,6,-2.3024232387542725
21,LBFGS,7,-2.302668809890747
21,LBFGS,8,-2.303145170211792
21,LBFGS,9,-2.3033130168914795
21,LBFGS,10,-2.303399085998535
21,LBFGS,11,-2.3034660816192627
21,LBFGS,12,-2.3034908771514893
21,LBFGS,13,-2.3035168647766113
21,LBFGS,14,-2.303537130355835
21,LBFGS,15,-2.30354642868042
21,LBFGS,16,-2.303553581237793
21,LBFGS,17,-2.3035550117492676
21,LBFGS,18,-2.3035576343536377
21,LBFGS,19,-2.303558349609375
21,LBFGS,20,-2.303558588027954
21,LBFGS,21,-2.303558826446533
21,LBFGS,22,-2.3035590648651123
21,LBFGS,23,-2.3035593032836914
21,LBFGS,24,-2.3035593032836914
21,LBFGS,25,-2.3035593032836914
21,LBFGS,26,-2.3035593032836914
21,LBFGS,27,-2.3035593032836914
21,LBFGS,28,-2.3035593032836914
21,LBFGS,29,-2.3035593032836914
21,LBFGS,30,-2.3035593032836914
21,LBFGS,31,-2.3035593032836914
21,LBFGS,32,-2.3035593032836914
21,LBFGS,33,-2.3035593032836914
21,LBFGS,34,-2.3035593032836914
21,LBFGS,35,-2.3035593032836914
21,LBFGS,36,-2.3035593032836914
21,LBFGS,37,-2.3035593032836914
21,LBFGS,38,-2.3035593032836914
21,LBFGS,39,-2.3035593032836914
21,LBFGS,40,-2.3035593032836914
21,LBFGS,41,-2.3035593032836914
21,LBFGS,42,-2.3035593032836914
21,LBFGS,43,-2.3035593032836914
21,LBFGS,44,-2.3035593032836914
21,LBFGS,45,-2.3035593032836914
21,LBFGS,46,-2.3035593032836914
21,LBFGS,47,-2.3035593032836914
21,LBFGS,48,-2.3035593032836914
21,LBFGS,49,-2.3035593032836914
21,LBFGS,50,-2.3035593032836914
21,LBFGS,51,-2.3035593032836914
21,LBFGS,52,-2.3035593032836914
21,LBFGS,53,-2.3035593032836914
21,LBFGS,54,-2.3035593032836914
21,LBFGS,55,-2.3035593032836914
21,LBFGS,56,-2.3035593032836914
21,LBFGS,57,-2.3035593032836914
21,LBFGS,58,-2.3035593032836914
21,LBFGS,59,-2.3035593032836914
21,LBFGS,60,-2.3035593032836914
21,PSO,1,-2.287472724914551
21,PSO,2,-2.29766845703125
21,PSO,3,-2.3031222820281982
21,PSO,4,-2.3035404682159424
21,PSO,5,-2.3035409450531006
21,PSO,6,-2.3035576343536377
21,PSO,7,-2.3035576343536377
21,PSO,8,-2.3035576343536377
21,PSO,9,-2.303558588027954
21,PSO,10,-2.303558588027954
21,PSO,11,-2.303558588027954
21,PSO,12,-2.303558826446533
21,PSO,13,-2.3035590648651123
21,PSO,14,-2.3035590648651123
21,PSO,15,-2.3035590648651123
21,PSO,16,-2.3035590648651123
21,PSO,17,-2.3035590648651123
21,PSO,18,-2.3035590648651123
21,PSO,19,-2.3035590648651123
21,PSO,20,-2.3035590648651123
21,PSO,21,-2.3035590648651123
21,PSO,22,-2.3035590648651123
21,PSO,23,-2.3035593032836914
21,PSO,24,-2.3035593032836914
21,PSO,25,-2.3035593032836914
21,PSO,26,-2.3035593032836914
21,PSO,27,-2.3035593032836914
21,PSO,28,-2.3035593032836914
21,PSO,29,-2.3035593032836914
21,PSO,30,-2.3035593032836914
21,PSO,31,-2.3035593032836914
21,PSO,32,-2.3035595417022705
21,PSO,33,-2.3035595417022705
21,PSO,34,-2.3035595417022705
21,PSO,35,-2.3035595417022705
21,PSO,36,-2.3035595417022705
21,PSO,37,-2.3035595417022705
21,PSO,38,-2.3035595417022705
21,PSO,39,-2.3035595417022705
21,PSO,40,-2.3035595417022705
21,PSO,41,-2.3035595417022705
21,PSO,42,-2.3035595417022705
21,PSO,43,-2.3035595417022705
21,PSO,44,-2.3035595417022705
21,PSO,45,-2.3035595417022705
21,PSO,46,-2.3035595417022705
21,PSO,47,-2.3035595417022705
21,PSO,48,-2.3035595417022705
21,PSO,49,-2.3035595417022705
21,PSO,50,-2.3035595417022705
21,PSO,51,-2.3035595417022705
21,PSO,52,-2.3035595417022705
21,PSO,53,-2.3035595417022705
21,PSO,54,-2.3035595417022705
21,PSO,55,-2.3035595417022705
21,PSO,56,-2.3035595417022705
21,PSO,57,-2.3035595417022705
21,PSO,58,-2.3035595417022705
21,PSO,59,-2.3035595417022705
21,PSO,60,-2.3035595417022705
21,DE,1,-2.2825491428375244
21,DE,2,-2.2825491428375244
21,DE,3,-2.292724609375
21,DE,4,-2.292724609375
21,DE,5,-2.292724609375
21,DE,6,-2.292724609375
21,DE,7,-2.2967262268066406
21,DE,8,-2.296971559524536
21,DE,9,-2.30084490776062
21,DE,10,-2.30084490776062
21,DE,11,-2.3015060424804688
21,DE,12,-2.3015060424804688
21,DE,13,-2.3015060424804688
21,DE,14,-2.3015060424804688
21,DE,15,-2.3015060424804688
21,DE,16,-2.301652193069458
21,DE,17,-2.301988363265991
21,DE,18,-2.301988363265991
21,DE,19,-2.302023410797119
21,DE,20,-2.3021905422210693
21,DE,21,-2.302462100982666
21,DE,22,-2.302672863006592
21,DE,23,-2.302672863006592
21,DE,24,-2.302672863006592
21,DE,25,-2.302672863006592
21,DE,26,-2.302793025970459
21,DE,27,-2.302953004837036
21,DE,28,-2.303020715713501
21,DE,29,-2.303178310394287
21,DE,30,-2.303178310394287
21,DE,31,-2.303178310394287
21,DE,32,-2.3033292293548584
21,DE,33,-2.3033292293548584
21,DE,34,-2.3033292293548584
21,DE,35,-2.303356170654297
21,DE,36,-2.303398370742798
21,DE,37,-2.303434133529663
21,DE,38,-2.303434133529663
21,DE,39,-2.303434133529663
21,DE,40,-2.3034708499908447
21,DE,41,-2.3034708499908447
21,DE,42,-2.3034753799438477
21,DE,43,-2.303492784500122
21,DE,44,-2.3035011291503906
21,DE,45,-2.30351185798645
21,DE,46,-2.303520441055298
21,DE,47,-2.3035225868225098
21,DE,48,-2.3035383224487305
21,DE,49,-2.303542137145996
21,DE,50,-2.303542137145996
21,DE,51,-2.303542137145996
21,DE,52,-2.303542137145996
21,DE,53,-2.303551197052002
21,DE,54,-2.303551197052002
21,DE,55,-2.303551197052002
21,DE,56,-2.303551197052002
21,DE,57,-2.3035545349121094
21,DE,58,-2.3035545349121094
21,DE,59,-2.3035547733306885
21,DE,60,-2.3035547733306885
21,PSO+LBFGS,1,-2.288719654083252
21,PSO+LBFGS,2,-2.2994375228881836
21,PSO+LBFGS,3,-2.3009307384490967
21,PSO+LBFGS,4,-2.301459550857544
21,PSO+LBFGS,5,-2.3032751083374023
21,PSO+LBFGS,6,-2.3034796714782715
21,PSO+LBFGS,7,-2.3035144805908203
21,PSO+LBFGS,8,-2.303537368774414
21,PSO+LBFGS,9,-2.303537368774414
21,PSO+LBFGS,10,-2.303537368774414
21,PSO+LBFGS,11,-2.303537368774414
21,PSO+LBFGS,12,-2.303537368774414
21,PSO+LBFGS,13,-2.303551435470581
21,PSO+LBFGS,14,-2.303553581237793
21,PSO+LBFGS,15,-2.303553581237793
21,PSO+LBFGS,16,-2.303557872772217
21,PSO+LBFGS,17,-2.303557872772217
21,PSO+LBFGS,18,-2.303557872772217
21,PSO+LBFGS,19,-2.303558588027954
21,PSO+LBFGS,20,-2.303558588027954
21,PSO+LBFGS,21,-2.3035593032836914
21,PSO+LBFGS,22,-2.3035593032836914
21,PSO+LBFGS,23,-2.3035593032836914
21,PSO+LBFGS,24,-2.3035593032836914
21,PSO+LBFGS,25,-2.3035593032836914
21,PSO+LBFGS,26,-2.3035593032836914
21,PSO+LBFGS,27,-2.3035595417022705
21,PSO+LBFGS,28,-2.3035595417022705
21,PSO+LBFGS,29,-2.3035595417022705
21,PSO+LBFGS,30,-2.3035595417022705
21,PSO+LBFGS,31,-2.3035595417022705
21,PSO+LBFGS,32,-2.3035595417022705
21,PSO+LBFGS,33,-2.3035595417022705
21,PSO+LBFGS,34,-2.3035595417022705
21,PSO+LBFGS,35,-2.3035595417022705
21,PSO+LBFGS,36,-2.3035595417022705
21,PSO+LBFGS,37,-2.3035595417022705
21,PSO+LBFGS,38,-2.3035595417022705
21,PSO+LBFGS,39,-2.3035595417022705
21,PSO+LBFGS,40,-2.3035595417022705
21,PSO+LBFGS,41,-2.3035590648651123
21,PSO+LBFGS,42,-2.3035590648651123
21,PSO+LBFGS,43,-2.3035590648651123
21,PSO+LBFGS,44,-2.3035590648651123
21,PSO+LBFGS,45,-2.3035590648651123
21,PSO+LBFGS,46,-2.3035590648651123
21,PSO+LBFGS,47,-2.3035590648651123
21,PSO+LBFGS,48,-2.3035590648651123
21,PSO+LBFGS,49,-2.3035590648651123
21,PSO+LBFGS,50,-2.3035590648651123
21,PSO+LBFGS,51,-2.3035590648651123
21,PSO+LBFGS,52,-2.3035590648651123
21,PSO+LBFGS,53,-2.3035590648651123
21,PSO+LBFGS,54,-2.3035590648651123
21,PSO+LBFGS,55,-2.3035590648651123
21,PSO+LBFGS,56,-2.3035590648651123
21,PSO+LBFGS,57,-2.3035590648651123
21,PSO+LBFGS,58,-2.3035590648651123
21,PSO+LBFGS,59,-2.3035590648651123
21,PSO+LBFGS,60,-2.3035590648651123
22,Adam,1,-1.306126356124878
22,Adam,2,-1.3099373579025269
22,Adam,3,-1.3136440515518188
22,Adam,4,-1.3172396421432495
22,Adam,5,-1.320721983909607
22,Adam,6,-1.3240817785263062
22,Adam,7,-1.3273200988769531
22,Adam,8,-1.3304306268692017
22,Adam,9,-1.3334152698516846
22,Adam,10,-1.33627450466156
22,Adam,11,-1.3390097618103027
22,Adam,12,-1.3416218757629395
22,Adam,13,-1.344117283821106
22,Adam,14,-1.3464962244033813
22,Adam,15,-1.3487637042999268
22,Adam,16,-1.3509238958358765
22,Adam,17,-1.352980136871338
22,Adam,18,-1.3549370765686035
22,Adam,19,-1.3567957878112793
22,Adam,20,-1.3585631847381592
22,Adam,21,-1.3602416515350342
22,Adam,22,-1.3618342876434326
22,Adam,23,-1.3633439540863037
22,Adam,24,-1.3647747039794922
22,Adam,25,-1.3661311864852905
22,Adam,26,-1.367411732673645
22,Adam,27,-1.3686254024505615
22,Adam,28,-1.3697704076766968
22,Adam,29,-1.3708521127700806
22,Adam,30,-1.3718734979629517
22,Adam,31,-1.3728384971618652
22,Adam,32,-1.3737483024597168
22,Adam,33,-1.374608039855957
22,Adam,34,-1.3754173517227173
22,Adam,35,-1.376183032989502
22,Adam,36,-1.376906394958496
22,Adam,37,-1.3775907754898071
22,Adam,38,-1.3782387971878052
22,Adam,39,-1.3788518905639648
22,Adam,40,-1.3794325590133667
22,Adam,41,-1.3799848556518555
22,Adam,42,-1.3805097341537476
22,Adam,43,-1.3810075521469116
22,Adam,44,-1.3814805746078491
22,Adam,45,-1.3819323778152466
22,Adam,46,-1.382361650466919
22,Adam,47,-1.3827704191207886
22,Adam,48,-1.3831599950790405
22,Adam,49,-1.3835327625274658
22,Adam,50,-1.383886456489563
22,Adam,51,-1.3842236995697021
22,Adam,52,-1.3845460414886475
22,Adam,53,-1.384853482246399
22,Adam,54,-1.3851464986801147
22,Adam,55,-1.3854267597198486
22,Adam,56,-1.3856959342956543
22,Adam,57,-1.3859531879425049
22,Adam,58,-1.3861995935440063
22,Adam,59,-1.386435866355896
22,Adam,60,-1.3866618871688843
22,LBFGS,1,-1.3689398765563965
22,LBFGS,2,-1.3853826522827148
22,LBFGS,3,-1.3903143405914307
22,LBFGS,4,-1.3928836584091187
22,LBFGS,5,-1.3941887617111206
22,LBFGS,6,-1.3948924541473389
22,LBFGS,7,-1.3952525854110718
22,LBFGS,8,-1.3954894542694092
22,LBFGS,9,-1.3956021070480347
22,LBFGS,10,-1.3956668376922607
22,LBFGS,11,-1.3956995010375977
22,LBFGS,12,-1.3957072496414185
22,LBFGS,13,-1.3957279920578003
22,LBFGS,14,-1.3957374095916748
22,LBFGS,15,-1.3957407474517822
22,LBFGS,16,-1.395743489265442
22,LBFGS,17,-1.3957436084747314
22,LBFGS,18,-1.395745873451233
22,LBFGS,19,-1.3957462310791016
22,LBFGS,20,-1.3957463502883911
22,LBFGS,21,-1.3957464694976807
22,LBFGS,22,-1.3957465887069702
22,LBFGS,23,-1.3957465887069702
22,LBFGS,24,-1.3957467079162598
22,LBFGS,25,-1.3957467079162598
22,LBFGS,26,-1.3957467079162598
22,LBFGS,27,-1.3957467079162598
22,LBFGS,28,-1.3957467079162598
22,LBFGS,29,-1.3957467079162598
22,LBFGS,30,-1.3957467079162598
22,LBFGS,31,-1.3957467079162598
22,LBFGS,32,-1.3957467079162598
22,LBFGS,33,-1.3957467079162598
22,LBFGS,34,-1.3957467079162598
22,LBFGS,35,-1.3957467079162598
22,LBFGS,36,-1.3957467079162598
22,LBFGS,37,-1.3957467079162598
22,LBFGS,38,-1.3957467079162598
22,LBFGS,39,-1.3957467079162598
22,LBFGS,40,-1.3957467079162598
22,LBFGS,41,-1.3957467079162598
22,LBFGS,42,-1.3957467079162598
22,LBFGS,43,-1.3957467079162598
22,LBFGS,44,-1.3957467079162598
22,LBFGS,45,-1.3957467079162598
22,LBFGS,46,-1.3957467079162598
22,LBFGS,47,-1.3957467079162598
22,LBFGS,48,-1.3957467079162598
22,LBFGS,49,-1.3957467079162598
22,LBFGS,50,-1.3957467079162598
22,LBFGS,51,-1.3957467079162598
22,LBFGS,52,-1.3957467079162598
22,LBFGS,53,-1.3957467079162598
22,LBFGS,54,-1.3957467079162598
22,LBFGS,55,-1.3957467079162598
22,LBFGS,56,-1.3957467079162598
22,LBFGS,57,-1.3957467079162598
22,LBFGS,58,-1.3957467079162598
22,LBFGS,59,-1.3957467079162598
22,LBFGS,60,-1.3957467079162598
22,PSO,1,-1.3845454454421997
22,PSO,2,-1.3937848806381226
22,PSO,3,-1.3955258131027222
22,PSO,4,-1.3956321477890015
22,PSO,5,-1.395683765411377
22,PSO,6,-1.395683765411377
22,PSO,7,-1.395716905593872
22,PSO,8,-1.3957405090332031
22,PSO,9,-1.3957405090332031
22,PSO,10,-1.3957405090332031
22,PSO,11,-1.3957405090332031
22,PSO,12,-1.3957409858703613
22,PSO,13,-1.3957418203353882
22,PSO,14,-1.3957419395446777
22,PSO,15,-1.3957463502883911
22,PSO,16,-1.3957463502883911
22,PSO,17,-1.3957464694976807
22,PSO,18,-1.3957464694976807
22,PSO,19,-1.3957467079162598
22,PSO,20,-1.3957467079162598
22,PSO,21,-1.3957467079162598
22,PSO,22,-1.3957467079162598
22,PSO,23,-1.3957467079162598
22,PSO,24,-1.3957467079162598
22,PSO,25,-1.3957467079162598
22,PSO,26,-1.3957469463348389
22,PSO,27,-1.3957469463348389
22,PSO,28,-1.3957469463348389
22,PSO,29,-1.3957469463348389
22,PSO,30,-1.3957469463348389
22,PSO,31,-1.3957469463348389
22,PSO,32,-1.3957469463348389
22,PSO,33,-1.3957469463348389
22,PSO,34,-1.3957469463348389
22,PSO,35,-1.3957469463348389
22,PSO,36,-1.3957469463348389
22,PSO,37,-1.3957469463348389
22,PSO,38,-1.3957469463348389
22,PSO,39,-1.3957469463348389
22,PSO,40,-1.3957469463348389
22,PSO,41,-1.3957469463348389
22,PSO,42,-1.3957469463348389
22,PSO,43,-1.3957469463348389
22,PSO,44,-1.3957469463348389
22,PSO,45,-1.3957469463348389
22,PSO,46,-1.3957469463348389
22,PSO,47,-1.3957469463348389
22,PSO,48,-1.3957469463348389
22,PSO,49,-1.3957469463348389
22,PSO,50,-1.3957469463348389
22,PSO,51,-1.3957469463348389
22,PSO,52,-1.3957469463348389
22,PSO,53,-1.3957469463348389
22,PSO,54,-1.3957469463348389
22,PSO,55,-1.3957469463348389
22,PSO,56,-1.3957469463348389
22,PSO,57,-1.3957469463348389
22,PSO,58,-1.3957469463348389
22,PSO,59,-1.3957469463348389
22,PSO,60,-1.3957469463348389
22,DE,1,-1.3822706937789917
22,DE,2,-1.3822706937789917
22,DE,3,-1.3822706937789917
22,DE,4,-1.3867568969726562
22,DE,5,-1.3867568969726562
22,DE,6,-1.387848138809204
22,DE,7,-1.390120029449463
22,DE,8,-1.3905119895935059
22,DE,9,-1.3905119895935059
22,DE,10,-1.3924213647842407
22,DE,11,-1.3924213647842407
22,DE,12,-1.393475890159607
22,DE,13,-1.393475890159607
22,DE,14,-1.393475890159607
22,DE,15,-1.393475890159607
22,DE,16,-1.3938897848129272
22,DE,17,-1.3940751552581787
22,DE,18,-1.394403100013733
22,DE,19,-1.394403100013733
22,DE,20,-1.3944052457809448
22,DE,21,-1.3948218822479248
22,DE,22,-1.3948218822479248
22,DE,23,-1.3948520421981812
22,DE,24,-1.3948520421981812
22,DE,25,-1.3951417207717896
22,DE,26,-1.3951417207717896
22,DE,27,-1.3951478004455566
22,DE,28,-1.3953914642333984
22,DE,29,-1.3953914642333984
22,DE,30,-1.3953914642333984
22,DE,31,-1.3953914642333984
22,DE,32,-1.3954192399978638
22,DE,33,-1.3954192399978638
22,DE,34,-1.3954192399978638
22,DE,35,-1.3955186605453491
22,DE,36,-1.3956565856933594
22,DE,37,-1.3956565856933594
22,DE,38,-1.3956565856933594
22,DE,39,-1.3956565856933594
22,DE,40,-1.3956565856933594
22,DE,41,-1.3956565856933594
22,DE,42,-1.3956565856933594
22,DE,43,-1.3956565856933594
22,DE,44,-1.3956888914108276
22,DE,45,-1.3956888914108276
22,DE,46,-1.395691990852356
22,DE,47,-1.3956968784332275
22,DE,48,-1.3957135677337646
22,DE,49,-1.3957135677337646
22,DE,50,-1.3957135677337646
22,DE,51,-1.395727515220642
22,DE,52,-1.395727515220642
22,DE,53,-1.395727515220642
22,DE,54,-1.3957313299179077
22,DE,55,-1.3957313299179077
22,DE,56,-1.3957347869873047
22,DE,57,-1.3957347869873047
22,DE,58,-1.3957383632659912
22,DE,59,-1.3957383632659912
22,DE,60,-1.3957396745681763
22,PSO+LBFGS,1,-1.3811306953430176
22,PSO+LBFGS,2,-1.3889724016189575
22,PSO+LBFGS,3,-1.3914785385131836
22,PSO+LBFGS,4,-1.3924182653427124
22,PSO+LBFGS,5,-1.3939592838287354
22,PSO+LBFGS,6,-1.3948936462402344
22,PSO+LBFGS,7,-1.3951057195663452
22,PSO+LBFGS,8,-1.3951057195663452
22,PSO+LBFGS,9,-1.395118236541748
22,PSO+LBFGS,10,-1.395118236541748
22,PSO+LBFGS,11,-1.395118236541748
22,PSO+LBFGS,12,-1.395118236541748
22,PSO+LBFGS,13,-1.3951191902160645
22,PSO+LBFGS,14,-1.3951191902160645
22,PSO+LBFGS,15,-1.395119309425354
22,PSO+LBFGS,16,-1.395119309425354
22,PSO+LBFGS,17,-1.395119309425354
22,PSO+LBFGS,18,-1.395119309425354
22,PSO+LBFGS,19,-1.3951194286346436
22,PSO+LBFGS,20,-1.3951194286346436
22,PSO+LBFGS,21,-1.3951194286346436
22,PSO+LBFGS,22,-1.3951194286346436
22,PSO+LBFGS,23,-1.3951194286346436
22,PSO+LBFGS,24,-1.3951194286346436
22,PSO+LBFGS,25,-1.3951194286346436
22,PSO+LBFGS,26,-1.3951194286346436
22,PSO+LBFGS,27,-1.3951194286346436
22,PSO+LBFGS,28,-1.395119547843933
22,PSO+LBFGS,29,-1.395119547843933
22,PSO+LBFGS,30,-1.395119547843933
22,PSO+LBFGS,31,-1.395119547843933
22,PSO+LBFGS,32,-1.395119547843933
22,PSO+LBFGS,33,-1.395119547843933
22,PSO+LBFGS,34,-1.395119547843933
22,PSO+LBFGS,35,-1.395119547843933
22,PSO+LBFGS,36,-1.395119547843933
22,PSO+LBFGS,37,-1.3951197862625122
22,PSO+LBFGS,38,-1.3951197862625122
22,PSO+LBFGS,39,-1.3951197862625122
22,PSO+LBFGS,40,-1.3951197862625122
22,PSO+LBFGS,41,-1.395119547843933
22,PSO+LBFGS,42,-1.395119547843933
22,PSO+LBFGS,43,-1.395119547843933
22,PSO+LBFGS,44,-1.395119547843933
22,PSO+LBFGS,45,-1.395119547843933
22,PSO+LBFGS,46,-1.395119547843933
22,PSO+LBFGS,47,-1.395119547843933
22,PSO+LBFGS,48,-1.395119547843933
22,PSO+LBFGS,49,-1.395119547843933
22,PSO+LBFGS,50,-1.395119547843933
22,PSO+LBFGS,51,-1.395119547843933
22,PSO+LBFGS,52,-1.395119547843933
22,PSO+LBFGS,53,-1.395119547843933
22,PSO+LBFGS,54,-1.395119547843933
22,PSO+LBFGS,55,-1.395119547843933
22,PSO+LBFGS,56,-1.395119547843933
22,PSO+LBFGS,57,-1.395119547843933
22,PSO+LBFGS,58,-1.395119547843933
22,PSO+LBFGS,59,-1.395119547843933
22,PSO+LBFGS,60,-1.395119547843933
23,Adam,1,-1.1448376178741455
23,Adam,2,-1.1490730047225952
23,Adam,3,-1.1532261371612549
23,Adam,4,-1.15729558467865
23,Adam,5,-1.1612803936004639
23,Adam,6,-1.1651824712753296
23,Adam,7,-1.1690000295639038
23,Adam,8,-1.1727343797683716
23,Adam,9,-1.1763801574707031
23,Adam,10,-1.1799319982528687
23,Adam,11,-1.1833826303482056
23,Adam,12,-1.1867308616638184
23,Adam,13,-1.1899648904800415
23,Adam,14,-1.1930851936340332
23,Adam,15,-1.1960911750793457
23,Adam,16,-1.1989768743515015
23,Adam,17,-1.2017463445663452
23,Adam,18,-1.2043967247009277
23,Adam,19,-1.2069333791732788
23,Adam,20,-1.2093567848205566
23,Adam,21,-1.2116676568984985
23,Adam,22,-1.2138735055923462
23,Adam,23,-1.215973973274231
23,Adam,24,-1.217974305152893
23,Adam,25,-1.219873309135437
23,Adam,26,-1.2216802835464478
23,Adam,27,-1.2233916521072388
23,Adam,28,-1.225014090538025
23,Adam,29,-1.2265534400939941
23,Adam,30,-1.228007197380066
23,Adam,31,-1.2293843030929565
23,Adam,32,-1.2306891679763794
23,Adam,33,-1.2319210767745972
23,Adam,34,-1.2330886125564575
23,Adam,35,-1.2341915369033813
23,Adam,36,-1.2352378368377686
23,Adam,37,-1.2362264394760132
23,Adam,38,-1.2371629476547241
23,Adam,39,-1.2380484342575073
23,Adam,40,-1.2388861179351807
23,Adam,41,-1.2396814823150635
23,Adam,42,-1.2404329776763916
23,Adam,43,-1.241143822669983
23,Adam,44,-1.241818904876709
23,Adam,45,-1.2424598932266235
23,Adam,46,-1.2430670261383057
23,Adam,47,-1.2436436414718628
23,Adam,48,-1.2441918849945068
23,Adam,49,-1.2447129487991333
23,Adam,50,-1.2452068328857422
23,Adam,51,-1.2456787824630737
23,Adam,52,-1.246126651763916
23,Adam,53,-1.2465553283691406
23,Adam,54,-1.2469607591629028
23,Adam,55,-1.2473502159118652
23,Adam,56,-1.2477213144302368
23,Adam,57,-1.248075008392334
23,Adam,58,-1.2484129667282104
23,Adam,59,-1.2487363815307617
23,Adam,60,-1.2490448951721191
23,LBFGS,1,-1.218856930732727
23,LBFGS,2,-1.2402549982070923
23,LBFGS,3,-1.250670075416565
23,LBFGS,4,-1.2560946941375732
23,LBFGS,5,-1.2585619688034058
23,LBFGS,6,-1.2597777843475342
23,LBFGS,7,-1.2605611085891724
23,LBFGS,8,-1.2609764337539673
23,LBFGS,9,-1.2611767053604126
23,LBFGS,10,-1.2613033056259155
23,LBFGS,11,-1.2613701820373535
23,LBFGS,12,-1.2614072561264038
23,LBFGS,13,-1.2614281177520752
23,LBFGS,14,-1.2614388465881348
23,LBFGS,15,-1.2614469528198242
23,LBFGS,16,-1.261448860168457
23,LBFGS,17,-1.261452078819275
23,LBFGS,18,-1.2614527940750122
23,LBFGS,19,-1.2614530324935913
23,LBFGS,20,-1.2614532709121704
23,LBFGS,21,-1.26145339012146
23,LBFGS,22,-1.2614535093307495
23,LBFGS,23,-1.2614535093307495
23,LBFGS,24,-1.2614535093307495
23,LBFGS,25,-1.2614535093307495
23,LBFGS,26,-1.2614535093307495
23,LBFGS,27,-1.2614535093307495
23,LBFGS,28,-1.2614535093307495
23,LBFGS,29,-1.2614535093307495
23,LBFGS,30,-1.2614535093307495
23,LBFGS,31,-1.2614535093307495
23,LBFGS,32,-1.2614535093307495
23,LBFGS,33,-1.2614535093307495
23,LBFGS,34,-1.2614535093307495
23,LBFGS,35,-1.2614535093307495
23,LBFGS,36,-1.2614535093307495
23,LBFGS,37,-1.2614535093307495
23,LBFGS,38,-1.2614535093307495
23,LBFGS,39,-1.2614535093307495
23,LBFGS,40,-1.2614535093307495
23,LBFGS,41,-1.2614535093307495
23,LBFGS,42,-1.2614535093307495
23,LBFGS,43,-1.2614535093307495
23,LBFGS,44,-1.2614535093307495
23,LBFGS,45,-1.2614535093307495
23,LBFGS,46,-1.2614535093307495
23,LBFGS,47,-1.2614535093307495
23,LBFGS,48,-1.2614535093307495
23,LBFGS,49,-1.2614535093307495
23,LBFGS,50,-1.2614535093307495
23,LBFGS,51,-1.2614535093307495
23,LBFGS,52,-1.2614535093307495
23,LBFGS,53,-1.2614535093307495
23,LBFGS,54,-1.2614535093307495
23,LBFGS,55,-1.2614535093307495
23,LBFGS,56,-1.2614535093307495
23,LBFGS,57,-1.2614535093307495
23,LBFGS,58,-1.2614535093307495
23,LBFGS,59,-1.2614535093307495
23,LBFGS,60,-1.2614535093307495
23,PSO,1,-1.2344075441360474
23,PSO,2,-1.2483160495758057
23,PSO,3,-1.2546050548553467
23,PSO,4,-1.2610952854156494
23,PSO,5,-1.2613365650177002
23,PSO,6,-1.261451244354248
23,PSO,7,-1.261452078819275
23,PSO,8,-1.261452078819275
23,PSO,9,-1.2614524364471436
23,PSO,10,-1.2614524364471436
23,PSO,11,-1.261452555656433
23,PSO,12,-1.261452555656433
23,PSO,13,-1.261452555656433
23,PSO,14,-1.2614526748657227
23,PSO,15,-1.2614527940750122
23,PSO,16,-1.2614527940750122
23,PSO,17,-1.2614527940750122
23,PSO,18,-1.2614527940750122
23,PSO,19,-1.2614527940750122
23,PSO,20,-1.2614527940750122
23,PSO,21,-1.2614527940750122
23,PSO,22,-1.2614527940750122
23,PSO,23,-1.2614527940750122
23,PSO,24,-1.2614527940750122
23,PSO,25,-1.2614527940750122
23,PSO,26,-1.2614527940750122
23,PSO,27,-1.2614527940750122
23,PSO,28,-1.2614527940750122
23,PSO,29,-1.2614527940750122
23,PSO,30,-1.2614527940750122
23,PSO,31,-1.2614527940750122
23,PSO,32,-1.2614527940750122
23,PSO,33,-1.2614527940750122
23,PSO,34,-1.2614527940750122
23,PSO,35,-1.2614527940750122
23,PSO,36,-1.2614527940750122
23,PSO,37,-1.2614527940750122
23,PSO,38,-1.2614527940750122
23,PSO,39,-1.2614527940750122
23,PSO,40,-1.2614527940750122
23,PSO,41,-1.2614527940750122
23,PSO,42,-1.2614527940750122
23,PSO,43,-1.2614527940750122
23,PSO,44,-1.2614527940750122
23,PSO,45,-1.2614527940750122
23,PSO,46,-1.2614527940750122
23,PSO,47,-1.2614527940750122
23,PSO,48,-1.2614527940750122
23,PSO,49,-1.2614527940750122
23,PSO,50,-1.2614527940750122
23,PSO,51,-1.2614527940750122
23,PSO,52,-1.2614527940750122
23,PSO,53,-1.2614527940750122
23,PSO,54,-1.2614527940750122
23,PSO,55,-1.2614527940750122
23,PSO,56,-1.2614527940750122
23,PSO,57,-1.2614527940750122
23,PSO,58,-1.2614527940750122
23,PSO,59,-1.2614527940750122
23,PSO,60,-1.2614527940750122
23,DE,1,-1.2246180772781372
23,DE,2,-1.2366307973861694
23,DE,3,-1.2366307973861694
23,DE,4,-1.2449618577957153
23,DE,5,-1.2511968612670898
23,DE,6,-1.2526392936706543
23,DE,7,-1.2576124668121338
23,DE,8,-1.2576124668121338
23,DE,9,-1.2576124668121338
23,DE,10,-1.2576124668121338
23,DE,11,-1.2576124668121338
23,DE,12,-1.2578155994415283
23,DE,13,-1.2578155994415283
23,DE,14,-1.2581737041473389
23,DE,15,-1.2585599422454834
23,DE,16,-1.2587395906448364
23,DE,17,-1.2587395906448364
23,DE,18,-1.2587614059448242
23,DE,19,-1.2591519355773926
23,DE,20,-1.2597630023956299
23,DE,21,-1.2597630023956299
23,DE,22,-1.2597630023956299
23,DE,23,-1.2600277662277222
23,DE,24,-1.2600277662277222
23,DE,25,-1.2603247165679932
23,DE,26,-1.2604856491088867
23,DE,27,-1.2604856491088867
23,DE,28,-1.2608051300048828
23,DE,29,-1.2609412670135498
23,DE,30,-1.2609412670135498
23,DE,31,-1.2609412670135498
23,DE,32,-1.2609412670135498
23,DE,33,-1.2609412670135498
23,DE,34,-1.261087417602539
23,DE,35,-1.261087417602539
23,DE,36,-1.261218786239624
23,DE,37,-1.261218786239624
23,DE,38,-1.2612224817276
23,DE,39,-1.2612224817276
23,DE,40,-1.261330008506775
23,DE,41,-1.261330008506775
23,DE,42,-1.261330008506775
23,DE,43,-1.261330008506775
23,DE,44,-1.261330008506775
23,DE,45,-1.261330008506775
23,DE,46,-1.2613543272018433
23,DE,47,-1.2613543272018433
23,DE,48,-1.2613587379455566
23,DE,49,-1.261385202407837
23,DE,50,-1.2614067792892456
23,DE,51,-1.2614251375198364
23,DE,52,-1.2614272832870483
23,DE,53,-1.2614279985427856
23,DE,54,-1.2614279985427856
23,DE,55,-1.2614328861236572
23,DE,56,-1.2614328861236572
23,DE,57,-1.2614328861236572
23,DE,58,-1.2614328861236572
23,DE,59,-1.2614328861236572
23,DE,60,-1.2614328861236572
23,PSO+LBFGS,1,-1.2495547533035278
23,PSO+LBFGS,2,-1.2560523748397827
23,PSO+LBFGS,3,-1.2607792615890503
23,PSO+LBFGS,4,-1.261343240737915
23,PSO+LBFGS,5,-1.2614012956619263
23,PSO+LBFGS,6,-1.2614483833312988
23,PSO+LBFGS,7,-1.2614524364471436
23,PSO+LBFGS,8,-1.2614524364471436
23,PSO+LBFGS,9,-1.2614524364471436
23,PSO+LBFGS,10,-1.2614524364471436
23,PSO+LBFGS,11,-1.2614524364471436
23,PSO+LBFGS,12,-1.2614526748657227
23,PSO+LBFGS,13,-1.2614526748657227
23,PSO+LBFGS,14,-1.2614526748657227
23,PSO+LBFGS,15,-1.2614526748657227
23,PSO+LBFGS,16,-1.2614526748657227
23,PSO+LBFGS,17,-1.2614526748657227
23,PSO+LBFGS,18,-1.2614527940750122
23,PSO+LBFGS,19,-1.2614527940750122
23,PSO+LBFGS,20,-1.2614527940750122
23,PSO+LBFGS,21,-1.2614527940750122
23,PSO+LBFGS,22,-1.2614527940750122
23,PSO+LBFGS,23,-1.2614527940750122
23,PSO+LBFGS,24,-1.2614527940750122
23,PSO+LBFGS,25,-1.2614527940750122
23,PSO+LBFGS,26,-1.2614527940750122
23,PSO+LBFGS,27,-1.2614527940750122
23,PSO+LBFGS,28,-1.2614527940750122
23,PSO+LBFGS,29,-1.2614527940750122
23,PSO+LBFGS,30,-1.2614527940750122
23,PSO+LBFGS,31,-1.2614527940750122
23,PSO+LBFGS,32,-1.2614527940750122
23,PSO+LBFGS,33,-1.2614527940750122
23,PSO+LBFGS,34,-1.2614527940750122
23,PSO+LBFGS,35,-1.2614527940750122
23,PSO+LBFGS,36,-1.2614527940750122
23,PSO+LBFGS,37,-1.2614527940750122
23,PSO+LBFGS,38,-1.2614527940750122
23,PSO+LBFGS,39,-1.2614527940750122
23,PSO+LBFGS,40,-1.2614527940750122
23,PSO+LBFGS,41,-1.2614526748657227
23,PSO+LBFGS,42,-1.2614526748657227
23,PSO+LBFGS,43,-1.2614526748657227
23,PSO+LBFGS,44,-1.2614526748657227
23,PSO+LBFGS,45,-1.2614526748657227
23,PSO+LBFGS,46,-1.2614526748657227
23,PSO+LBFGS,47,-1.2614526748657227
23,PSO+LBFGS,48,-1.2614526748657227
23,PSO+LBFGS,49,-1.2614526748657227
23,PSO+LBFGS,50,-1.2614526748657227
23,PSO+LBFGS,51,-1.2614526748657227
23,PSO+LBFGS,52,-1.2614526748657227
23,PSO+LBFGS,53,-1.2614526748657227
23,PSO+LBFGS,54,-1.2614526748657227
23,PSO+LBFGS,55,-1.2614526748657227
23,PSO+LBFGS,56,-1.2614526748657227
23,PSO+LBFGS,57,-1.2614526748657227
23,PSO+LBFGS,58,-1.2614526748657227
23,PSO+LBFGS,59,-1.2614526748657227
23,PSO+LBFGS,60,-1.2614526748657227
24,Adam,1,-0.43052640557289124
24,Adam,2,-0.4369291365146637
24,Adam,3,-0.4432640075683594
24,Adam,4,-0.4495219588279724
24,Adam,5,-0.4556891620159149
24,Adam,6,-0.4617540240287781
24,Adam,7,-0.4677111506462097
24,Adam,8,-0.4735415577888489
24,Adam,9,-0.47924327850341797
24,Adam,10,-0.484803706407547
24,Adam,11,-0.4902174770832062
24,Adam,12,-0.4954756200313568
24,Adam,13,-0.5005765557289124
24,Adam,14,-0.5055099129676819
24,Adam,15,-0.5102750062942505
24,Adam,16,-0.5148692727088928
24,Adam,17,-0.5192898511886597
24,Adam,18,-0.5235390663146973
24,Adam,19,-0.5276126861572266
24,Adam,20,-0.5315141081809998
24,Adam,21,-0.5352476239204407
24,Adam,22,-0.5388102531433105
24,Adam,23,-0.5422097444534302
24,Adam,24,-0.5454484820365906
24,Adam,25,-0.5485310554504395
24,Adam,26,-0.5514633059501648
24,Adam,27,-0.5542476773262024
24,Adam,28,-0.5568921566009521
24,Adam,29,-0.559400200843811
24,Adam,30,-0.5617778897285461
24,Adam,31,-0.5640343427658081
24,Adam,32,-0.5661698579788208
24,Adam,33,-0.5681931972503662
24,Adam,34,-0.57010817527771
24,Adam,35,-0.571921706199646
24,Adam,36,-0.5736384987831116
24,Adam,37,-0.5752642154693604
24,Adam,38,-0.5768031477928162
24,Adam,39,-0.578260600566864
24,Adam,40,-0.5796410441398621
24,Adam,41,-0.5809487104415894
24,Adam,42,-0.5821872353553772
24,Adam,43,-0.5833622217178345
24,Adam,44,-0.584475040435791
24,Adam,45,-0.5855311155319214
24,Adam,46,-0.5865336656570435
24,Adam,47,-0.587486743927002
24,Adam,48,-0.588390588760376
24,Adam,49,-0.5892494916915894
24,Adam,50,-0.5900677442550659
24,Adam,51,-0.5908458828926086
24,Adam,52,-0.5915859341621399
24,Adam,53,-0.5922914147377014
24,Adam,54,-0.5929654240608215
24,Adam,55,-0.5936059355735779
24,Adam,56,-0.5942188501358032
24,Adam,57,-0.5948023796081543
24,Adam,58,-0.5953624248504639
24,Adam,59,-0.5958974361419678
24,Adam,60,-0.5964093804359436
24,LBFGS,1,-0.5563610196113586
24,LBFGS,2,-0.5914771556854248
24,LBFGS,3,-0.6033987998962402
24,LBFGS,4,-0.6099740862846375
24,LBFGS,5,-0.6131021976470947
24,LBFGS,6,-0.6148004531860352
24,LBFGS,7,-0.6157197952270508
24,LBFGS,8,-0.6162248253822327
24,LBFGS,9,-0.6165057420730591
24,LBFGS,10,-0.616657555103302
24,LBFGS,11,-0.6167120337486267
24,LBFGS,12,-0.6167744398117065
24,LBFGS,13,-0.616812527179718
24,LBFGS,14,-0.6168305277824402
24,LBFGS,15,-0.6168399453163147
24,LBFGS,16,-0.6168456077575684
24,LBFGS,17,-0.6168489456176758
24,LBFGS,18,-0.6168511509895325
24,LBFGS,19,-0.6168514490127563
24,LBFGS,20,-0.6168517470359802
24,LBFGS,21,-0.6168520450592041
24,LBFGS,22,-0.6168520450592041
24,LBFGS,23,-0.6168520450592041
24,LBFGS,24,-0.6168520450592041
24,LBFGS,25,-0.6168520450592041
24,LBFGS,26,-0.6168520450592041
24,LBFGS,27,-0.6168520450592041
24,LBFGS,28,-0.6168520450592041
24,LBFGS,29,-0.6168520450592041
24,LBFGS,30,-0.6168520450592041
24,LBFGS,31,-0.6168520450592041
24,LBFGS,32,-0.6168520450592041
24,LBFGS,33,-0.6168520450592041
24,LBFGS,34,-0.6168520450592041
24,LBFGS,35,-0.6168520450592041
24,LBFGS,36,-0.6168520450592041
24,LBFGS,37,-0.6168520450592041
24,LBFGS,38,-0.6168520450592041
24,LBFGS,39,-0.6168520450592041
24,LBFGS,40,-0.6168520450592041
24,LBFGS,41,-0.6168520450592041
24,LBFGS,42,-0.6168520450592041
24,LBFGS,43,-0.6168520450592041
24,LBFGS,44,-0.6168520450592041
24,LBFGS,45,-0.6168520450592041
24,LBFGS,46,-0.6168520450592041
24,LBFGS,47,-0.6168520450592041
24,LBFGS,48,-0.6168520450592041
24,LBFGS,49,-0.6168520450592041
24,LBFGS,50,-0.6168520450592041
24,LBFGS,51,-0.6168520450592041
24,LBFGS,52,-0.6168520450592041
24,LBFGS,53,-0.6168520450592041
24,LBFGS,54,-0.6168520450592041
24,LBFGS,55,-0.6168520450592041
24,LBFGS,56,-0.6168520450592041
24,LBFGS,57,-0.6168520450592041
24,LBFGS,58,-0.6168520450592041
24,LBFGS,59,-0.6168520450592041
24,LBFGS,60,-0.6168520450592041
24,PSO,1,-0.5581568479537964
24,PSO,2,-0.608018159866333
24,PSO,3,-0.6153742074966431
24,PSO,4,-0.6167709827423096
24,PSO,5,-0.6168485879898071
24,PSO,6,-0.6168485879898071
24,PSO,7,-0.6168485879898071
24,PSO,8,-0.6168513298034668
24,PSO,9,-0.6168520450592041
24,PSO,10,-0.6168520450592041
24,PSO,11,-0.6168520450592041
24,PSO,12,-0.6168520450592041
24,PSO,13,-0.6168520450592041
24,PSO,14,-0.6168520450592041
24,PSO,15,-0.6168520450592041
24,PSO,16,-0.6168521642684937
24,PSO,17,-0.6168521642684937
24,PSO,18,-0.6168521642684937
24,PSO,19,-0.6168521642684937
24,PSO,20,-0.6168521642684937
24,PSO,21,-0.6168521642684937
24,PSO,22,-0.6168521642684937
24,PSO,23,-0.6168521642684937
24,PSO,24,-0.616852343082428
24,PSO,25,-0.616852343082428
24,PSO,26,-0.616852343082428
24,PSO,27,-0.616852343082428
24,PSO,28,-0.616852343082428
24,PSO,29,-0.616852343082428
24,PSO,30,-0.616852343082428
24,PSO,31,-0.616852343082428
24,PSO,32,-0.616852343082428
24,PSO,33,-0.616852343082428
24,PSO,34,-0.616852343082428
24,PSO,35,-0.616852343082428
24,PSO,36,-0.616852343082428
24,PSO,37,-0.616852343082428
24,PSO,38,-0.616852343082428
24,PSO,39,-0.616852343082428
24,PSO,40,-0.616852343082428
24,PSO,41,-0.616852343082428
24,PSO,42,-0.616852343082428
24,PSO,43,-0.616852343082428
24,PSO,44,-0.616852343082428
24,PSO,45,-0.616852343082428
24,PSO,46,-0.616852343082428
24,PSO,47,-0.616852343082428
24,PSO,48,-0.616852343082428
24,PSO,49,-0.616852343082428
24,PSO,50,-0.616852343082428
24,PSO,51,-0.616852343082428
24,PSO,52,-0.616852343082428
24,PSO,53,-0.616852343082428
24,PSO,54,-0.616852343082428
24,PSO,55,-0.616852343082428
24,PSO,56,-0.616852343082428
24,PSO,57,-0.616852343082428
24,PSO,58,-0.616852343082428
24,PSO,59,-0.616852343082428
24,PSO,60,-0.616852343082428
24,DE,1,-0.5617015361785889
24,DE,2,-0.5814539790153503
24,DE,3,-0.5926780700683594
24,DE,4,-0.5938208103179932
24,DE,5,-0.5953176617622375
24,DE,6,-0.5953176617622375
24,DE,7,-0.5953176617622375
24,DE,8,-0.6028549075126648
24,DE,9,-0.6028549075126648
24,DE,10,-0.6029260158538818
24,DE,11,-0.6058096289634705
24,DE,12,-0.6058096289634705
24,DE,13,-0.6077899932861328
24,DE,14,-0.6088007688522339
24,DE,15,-0.613770604133606
24,DE,16,-0.613770604133606
24,DE,17,-0.613770604133606
24,DE,18,-0.613770604133606
24,DE,19,-0.613770604133606
24,DE,20,-0.613770604133606
24,DE,21,-0.613770604133606
24,DE,22,-0.6148194670677185
24,DE,23,-0.6148194670677185
24,DE,24,-0.6148194670677185
24,DE,25,-0.6148194670677185
24,DE,26,-0.6157330274581909
24,DE,27,-0.6157330274581909
24,DE,28,-0.6157330274581909
24,DE,29,-0.6157330274581909
24,DE,30,-0.6158586144447327
24,DE,31,-0.6159193515777588
24,DE,32,-0.6159193515777588
24,DE,33,-0.6161623597145081
24,DE,34,-0.6161623597145081
24,DE,35,-0.6161623597145081
24,DE,36,-0.6163345575332642
24,DE,37,-0.6163345575332642
24,DE,38,-0.6164657473564148
24,DE,39,-0.6164959669113159
24,DE,40,-0.6164959669113159
24,DE,41,-0.6164959669113159
24,DE,42,-0.6164959669113159
24,DE,43,-0.6165727972984314
24,DE,44,-0.6165727972984314
24,DE,45,-0.6166102290153503
24,DE,46,-0.6166102290153503
24,DE,47,-0.6166844964027405
24,DE,48,-0.6166885495185852
24,DE,49,-0.6166885495185852
24,DE,50,-0.6166885495185852
24,DE,51,-0.6167420744895935
24,DE,52,-0.6167473196983337
24,DE,53,-0.6167473196983337
24,DE,54,-0.6167782545089722
24,DE,55,-0.6167782545089722
24,DE,56,-0.6167870759963989
24,DE,57,-0.6167951226234436
24,DE,58,-0.6168088912963867
24,DE,59,-0.6168088912963867
24,DE,60,-0.6168172359466553
24,PSO+LBFGS,1,-0.5836213827133179
24,PSO+LBFGS,2,-0.5994095802307129
24,PSO+LBFGS,3,-0.6060720086097717
24,PSO+LBFGS,4,-0.6117442846298218
24,PSO+LBFGS,5,-0.6154190897941589
24,PSO+LBFGS,6,-0.6165037155151367
24,PSO+LBFGS,7,-0.6168397068977356
24,PSO+LBFGS,8,-0.6168515682220459
24,PSO+LBFGS,9,-0.6168515682220459
24,PSO+LBFGS,10,-0.6168515682220459
24,PSO+LBFGS,11,-0.6168518662452698
24,PSO+LBFGS,12,-0.6168518662452698
24,PSO+LBFGS,13,-0.6168518662452698
24,PSO+LBFGS,14,-0.6168521046638489
24,PSO+LBFGS,15,-0.6168521046638489
24,PSO+LBFGS,16,-0.6168521046638489
24,PSO+LBFGS,17,-0.6168521046638489
24,PSO+LBFGS,18,-0.6168521046638489
24,PSO+LBFGS,19,-0.6168521046638489
24,PSO+LBFGS,20,-0.6168521642684937
24,PSO+LBFGS,21,-0.6168521642684937
24,PSO+LBFGS,22,-0.6168521642684937
24,PSO+LBFGS,23,-0.6168521642684937
24,PSO+LBFGS,24,-0.6168521642684937
24,PSO+LBFGS,25,-0.6168521642684937
24,PSO+LBFGS,26,-0.6168521642684937
24,PSO+LBFGS,27,-0.6168522834777832
24,PSO+LBFGS,28,-0.6168522834777832
24,PSO+LBFGS,29,-0.6168522834777832
24,PSO+LBFGS,30,-0.6168522834777832
24,PSO+LBFGS,31,-0.6168522834777832
24,PSO+LBFGS,32,-0.6168522834777832
24,PSO+LBFGS,33,-0.6168522834777832
24,PSO+LBFGS,34,-0.6168522834777832
24,PSO+LBFGS,35,-0.6168522834777832
24,PSO+LBFGS,36,-0.6168522834777832
24,PSO+LBFGS,37,-0.6168522834777832
24,PSO+LBFGS,38,-0.6168522834777832
24,PSO+LBFGS,39,-0.6168522834777832
24,PSO+LBFGS,40,-0.6168522834777832
24,PSO+LBFGS,41,-0.6168520450592041
24,PSO+LBFGS,42,-0.6168520450592041
24,PSO+LBFGS,43,-0.6168520450592041
24,PSO+LBFGS,44,-0.6168520450592041
24,PSO+LBFGS,45,-0.6168520450592041
24,PSO+LBFGS,46,-0.6168520450592041
24,PSO+LBFGS,47,-0.6168520450592041
24,PSO+LBFGS,48,-0.6168520450592041
24,PSO+LBFGS,49,-0.6168520450592041
24,PSO+LBFGS,50,-0.6168520450592041
24,PSO+LBFGS,51,-0.6168520450592041
24,PSO+LBFGS,52,-0.6168520450592041
24,PSO+LBFGS,53,-0.6168520450592041
24,PSO+LBFGS,54,-0.6168520450592041
24,PSO+LBFGS,55,-0.6168520450592041
24,PSO+LBFGS,56,-0.6168520450592041
24,PSO+LBFGS,57,-0.6168520450592041
24,PSO+LBFGS,58,-0.6168520450592041
24,PSO+LBFGS,59,-0.6168520450592041
24,PSO+LBFGS,60,-0.6168520450592041
25,Adam,1,-1.8794529438018799
25,Adam,2,-1.884087085723877
25,Adam,3,-1.8886210918426514
25,Adam,4,-1.8930453062057495
25,Adam,5,-1.8973556756973267
25,Adam,6,-1.9015421867370605
25,Adam,7,-1.905598521232605
25,Adam,8,-1.9095202684402466
25,Adam,9,-1.913303017616272
25,Adam,10,-1.9169424772262573
25,Adam,11,-1.9204384088516235
25,Adam,12,-1.9237868785858154
25,Adam,13,-1.9269895553588867
25,Adam,14,-1.930046558380127
25,Adam,15,-1.9329593181610107
25,Adam,16,-1.935731053352356
25,Adam,17,-1.9383643865585327
25,Adam,18,-1.9408605098724365
25,Adam,19,-1.9432260990142822
25,Adam,20,-1.9454644918441772
25,Adam,21,-1.947580337524414
25,Adam,22,-1.9495792388916016
25,Adam,23,-1.9514659643173218
25,Adam,24,-1.9532448053359985
25,Adam,25,-1.9549213647842407
25,Adam,26,-1.9565011262893677
25,Adam,27,-1.9579888582229614
25,Adam,28,-1.959389567375183
25,Adam,29,-1.960708737373352
25,Adam,30,-1.9619489908218384
25,Adam,31,-1.9631179571151733
25,Adam,32,-1.9642188549041748
25,Adam,33,-1.965254783630371
25,Adam,34,-1.9662303924560547
25,Adam,35,-1.9671491384506226
25,Adam,36,-1.9680145978927612
25,Adam,37,-1.96882963180542
25,Adam,38,-1.9695998430252075
25,Adam,39,-1.9703254699707031
25,Adam,40,-1.971009612083435
25,Adam,41,-1.9716577529907227
25,Adam,42,-1.9722683429718018
25,Adam,43,-1.9728463888168335
25,Adam,44,-1.9733929634094238
25,Adam,45,-1.9739102125167847
25,Adam,46,-1.9744012355804443
25,Adam,47,-1.9748661518096924
25,Adam,48,-1.9753063917160034
25,Adam,49,-1.9757252931594849
25,Adam,50,-1.976123571395874
25,Adam,51,-1.976500153541565
25,Adam,52,-1.976860761642456
25,Adam,53,-1.9772024154663086
25,Adam,54,-1.9775285720825195
25,Adam,55,-1.9778399467468262
25,Adam,56,-1.9781361818313599
25,Adam,57,-1.978419303894043
25,Adam,58,-1.97869074344635
25,Adam,59,-1.9789490699768066
25,Adam,60,-1.9791969060897827
25,LBFGS,1,-1.9558058977127075
25,LBFGS,2,-1.975426197052002
25,LBFGS,3,-1.9820387363433838
25,LBFGS,4,-1.985521912574768
25,LBFGS,5,-1.9873207807540894
25,LBFGS,6,-1.9883029460906982
25,LBFGS,7,-1.9888405799865723
25,LBFGS,8,-1.9891377687454224
25,LBFGS,9,-1.9892998933792114
25,LBFGS,10,-1.9893430471420288
25,LBFGS,11,-1.9894102811813354
25,LBFGS,12,-1.9894578456878662
25,LBFGS,13,-1.9894777536392212
25,LBFGS,14,-1.9894903898239136
25,LBFGS,15,-1.989497184753418
25,LBFGS,16,-1.9895014762878418
25,LBFGS,17,-1.9895024299621582
25,LBFGS,18,-1.9895046949386597
25,LBFGS,19,-1.9895048141479492
25,LBFGS,20,-1.9895051717758179
25,LBFGS,21,-1.9895051717758179
25,LBFGS,22,-1.9895051717758179
25,LBFGS,23,-1.9895051717758179
25,LBFGS,24,-1.9895051717758179
25,LBFGS,25,-1.9895051717758179
25,LBFGS,26,-1.9895051717758179
25,LBFGS,27,-1.9895051717758179
25,LBFGS,28,-1.9895051717758179
25,LBFGS,29,-1.9895051717758179
25,LBFGS,30,-1.9895051717758179
25,LBFGS,31,-1.9895051717758179
25,LBFGS,32,-1.9895051717758179
25,LBFGS,33,-1.9895051717758179
25,LBFGS,34,-1.9895051717758179
25,LBFGS,35,-1.9895051717758179
25,LBFGS,36,-1.9895051717758179
25,LBFGS,37,-1.9895051717758179
25,LBFGS,38,-1.9895051717758179
25,LBFGS,39,-1.9895051717758179
25,LBFGS,40,-1.9895051717758179
25,LBFGS,41,-1.9895051717758179
25,LBFGS,42,-1.9895051717758179
25,LBFGS,43,-1.9895051717758179
25,LBFGS,44,-1.9895051717758179
25,LBFGS,45,-1.9895051717758179
25,LBFGS,46,-1.9895051717758179
25,LBFGS,47,-1.9895051717758179
25,LBFGS,48,-1.9895051717758179
25,LBFGS,49,-1.9895051717758179
25,LBFGS,50,-1.9895051717758179
25,LBFGS,51,-1.9895051717758179
25,LBFGS,52,-1.9895051717758179
25,LBFGS,53,-1.9895051717758179
25,LBFGS,54,-1.9895051717758179
25,LBFGS,55,-1.9895051717758179
25,LBFGS,56,-1.9895051717758179
25,LBFGS,57,-1.9895051717758179
25,LBFGS,58,-1.9895051717758179
25,LBFGS,59,-1.9895051717758179
25,LBFGS,60,-1.9895051717758179
25,PSO,1,-1.9677263498306274
25,PSO,2,-1.9774222373962402
25,PSO,3,-1.9828190803527832
25,PSO,4,-1.9872225522994995
25,PSO,5,-1.9895035028457642
25,PSO,6,-1.9895035028457642
25,PSO,7,-1.9895044565200806
25,PSO,8,-1.9895046949386597
25,PSO,9,-1.9895048141479492
25,PSO,10,-1.9895049333572388
25,PSO,11,-1.9895049333572388
25,PSO,12,-1.9895049333572388
25,PSO,13,-1.9895049333572388
25,PSO,14,-1.9895049333572388
25,PSO,15,-1.9895049333572388
25,PSO,16,-1.9895049333572388
25,PSO,17,-1.9895049333572388
25,PSO,18,-1.9895049333572388
25,PSO,19,-1.9895049333572388
25,PSO,20,-1.9895049333572388
25,PSO,21,-1.9895049333572388
25,PSO,22,-1.9895049333572388
25,PSO,23,-1.9895049333572388
25,PSO,24,-1.9895049333572388
25,PSO,25,-1.9895049333572388
25,PSO,26,-1.9895049333572388
25,PSO,27,-1.9895049333572388
25,PSO,28,-1.9895049333572388
25,PSO,29,-1.9895050525665283
25,PSO,30,-1.9895050525665283
25,PSO,31,-1.9895050525665283
25,PSO,32,-1.9895051717758179
25,PSO,33,-1.989505410194397
25,PSO,34,-1.989505410194397
25,PSO,35,-1.9895055294036865
25,PSO,36,-1.9895055294036865
25,PSO,37,-1.9895055294036865
25,PSO,38,-1.9895055294036865
25,PSO,39,-1.9895055294036865
25,PSO,40,-1.9895055294036865
25,PSO,41,-1.9895055294036865
25,PSO,42,-1.9895055294036865
25,PSO,43,-1.9895055294036865
25,PSO,44,-1.9895055294036865
25,PSO,45,-1.9895055294036865
25,PSO,46,-1.9895055294036865
25,PSO,47,-1.9895055294036865
25,PSO,48,-1.9895055294036865
25,PSO,49,-1.9895055294036865
25,PSO,50,-1.989505648612976
25,PSO,51,-1.989505648612976
25,PSO,52,-1.989505648612976
25,PSO,53,-1.989505648612976
25,PSO,54,-1.989505648612976
25,PSO,55,-1.989505648612976
25,PSO,56,-1.989505648612976
25,PSO,57,-1.9895057678222656
25,PSO,58,-1.9895057678222656
25,PSO,59,-1.9895057678222656
25,PSO,60,-1.9895057678222656
25,DE,1,-1.9554336071014404
25,DE,2,-1.9587808847427368
25,DE,3,-1.9708495140075684
25,DE,4,-1.9708495140075684
25,DE,5,-1.9746463298797607
25,DE,6,-1.9785974025726318
25,DE,7,-1.9785974025726318
25,DE,8,-1.9817944765090942
25,DE,9,-1.9866896867752075
25,DE,10,-1.9869964122772217
25,DE,11,-1.9881771802902222
25,DE,12,-1.9881771802902222
25,DE,13,-1.9881771802902222
25,DE,14,-1.9881771802902222
25,DE,15,-1.9881771802902222
25,DE,16,-1.9881771802902222
25,DE,17,-1.9881771802902222
25,DE,18,-1.9883426427841187
25,DE,19,-1.9883426427841187
25,DE,20,-1.9883426427841187
25,DE,21,-1.9883426427841187
25,DE,22,-1.9885448217391968
25,DE,23,-1.9885448217391968
25,DE,24,-1.9886764287948608
25,DE,25,-1.9890607595443726
25,DE,26,-1.9890607595443726
25,DE,27,-1.9890607595443726
25,DE,28,-1.9890607595443726
25,DE,29,-1.989114761352539
25,DE,30,-1.9891407489776611
25,DE,31,-1.9891407489776611
25,DE,32,-1.9892345666885376
25,DE,33,-1.9893556833267212
25,DE,34,-1.9893556833267212
25,DE,35,-1.9893556833267212
25,DE,36,-1.9893556833267212
25,DE,37,-1.9894182682037354
25,DE,38,-1.9894182682037354
25,DE,39,-1.9894301891326904
25,DE,40,-1.9894301891326904
25,DE,41,-1.9894320964813232
25,DE,42,-1.9894320964813232
25,DE,43,-1.9894320964813232
25,DE,44,-1.9894585609436035
25,DE,45,-1.9894585609436035
25,DE,46,-1.9894585609436035
25,DE,47,-1.9894585609436035
25,DE,48,-1.9894585609436035
25,DE,49,-1.9894624948501587
25,DE,50,-1.9894864559173584
25,DE,51,-1.9894864559173584
25,DE,52,-1.9894864559173584
25,DE,53,-1.9894864559173584
25,DE,54,-1.9894864559173584
25,DE,55,-1.989495873451233
25,DE,56,-1.989495873451233
25,DE,57,-1.9894973039627075
25,DE,58,-1.9894973039627075
25,DE,59,-1.9894973039627075
25,DE,60,-1.9894973039627075
25,PSO+LBFGS,1,-1.9596110582351685
25,PSO+LBFGS,2,-1.9810010194778442
25,PSO+LBFGS,3,-1.9850746393203735
25,PSO+LBFGS,4,-1.987779974937439
25,PSO+LBFGS,5,-1.9894908666610718
25,PSO+LBFGS,6,-1.9894908666610718
25,PSO+LBFGS,7,-1.9894988536834717
25,PSO+LBFGS,8,-1.9895045757293701
25,PSO+LBFGS,9,-1.9895045757293701
25,PSO+LBFGS,10,-1.9895045757293701
25,PSO+LBFGS,11,-1.9895045757293701
25,PSO+LBFGS,12,-1.9895046949386597
25,PSO+LBFGS,13,-1.9895046949386597
25,PSO+LBFGS,14,-1.9895046949386597
25,PSO+LBFGS,15,-1.9895048141479492
25,PSO+LBFGS,16,-1.9895048141479492
25,PSO+LBFGS,17,-1.9895048141479492
25,PSO+LBFGS,18,-1.9895048141479492
25,PSO+LBFGS,19,-1.9895048141479492
25,PSO+LBFGS,20,-1.9895048141479492
25,PSO+LBFGS,21,-1.9895048141479492
25,PSO+LBFGS,22,-1.9895049333572388
25,PSO+LBFGS,23,-1.9895049333572388
25,PSO+LBFGS,24,-1.9895049333572388
25,PSO+LBFGS,25,-1.9895049333572388
25,PSO+LBFGS,26,-1.9895049333572388
25,PSO+LBFGS,27,-1.9895049333572388
25,PSO+LBFGS,28,-1.9895049333572388
25,PSO+LBFGS,29,-1.9895049333572388
25,PSO+LBFGS,30,-1.9895049333572388
25,PSO+LBFGS,31,-1.9895049333572388
25,PSO+LBFGS,32,-1.9895049333572388
25,PSO+LBFGS,33,-1.9895049333572388
25,PSO+LBFGS,34,-1.9895049333572388
25,PSO+LBFGS,35,-1.9895049333572388
25,PSO+LBFGS,36,-1.9895049333572388
25,PSO+LBFGS,37,-1.9895049333572388
25,PSO+LBFGS,38,-1.9895049333572388
25,PSO+LBFGS,39,-1.9895049333572388
25,PSO+LBFGS,40,-1.9895049333572388
25,PSO+LBFGS,41,-1.9895049333572388
25,PSO+LBFGS,42,-1.9895049333572388
25,PSO+LBFGS,43,-1.9895049333572388
25,PSO+LBFGS,44,-1.9895049333572388
25,PSO+LBFGS,45,-1.9895049333572388
25,PSO+LBFGS,46,-1.9895049333572388
25,PSO+LBFGS,47,-1.9895049333572388
25,PSO+LBFGS,48,-1.9895049333572388
25,PSO+LBFGS,49,-1.9895049333572388
25,PSO+LBFGS,50,-1.9895049333572388
25,PSO+LBFGS,51,-1.9895049333572388
25,PSO+LBFGS,52,-1.9895049333572388
25,PSO+LBFGS,53,-1.9895049333572388
25,PSO+LBFGS,54,-1.9895049333572388
25,PSO+LBFGS,55,-1.9895049333572388
25,PSO+LBFGS,56,-1.9895049333572388
25,PSO+LBFGS,57,-1.9895049333572388
25,PSO+LBFGS,58,-1.9895049333572388
25,PSO+LBFGS,59,-1.9895049333572388
25,PSO+LBFGS,60,-1.9895049333572388
26,Adam,1,-1.6893863677978516
26,Adam,2,-1.6959679126739502
26,Adam,3,-1.702447533607483
26,Adam,4,-1.7088143825531006
26,Adam,5,-1.7150570154190063
26,Adam,6,-1.721164584159851
26,Adam,7,-1.727126955986023
26,Adam,8,-1.7329317331314087
26,Adam,9,-1.7385765314102173
26,Adam,10,-1.7440475225448608
26,Adam,11,-1.749345302581787
26,Adam,12,-1.7544620037078857
26,Adam,13,-1.7593952417373657
26,Adam,14,-1.7641425132751465
26,Adam,15,-1.7687020301818848
26,Adam,16,-1.7730729579925537
26,Adam,17,-1.777260184288025
26,Adam,18,-1.7812597751617432
26,Adam,19,-1.7850792407989502
26,Adam,20,-1.7887191772460938
26,Adam,21,-1.792185664176941
26,Adam,22,-1.7954844236373901
26,Adam,23,-1.798615574836731
26,Adam,24,-1.8015886545181274
26,Adam,25,-1.8044103384017944
26,Adam,26,-1.8070809841156006
26,Adam,27,-1.8096121549606323
26,Adam,28,-1.8120087385177612
26,Adam,29,-1.814277172088623
26,Adam,30,-1.8164191246032715
26,Adam,31,-1.8184483051300049
26,Adam,32,-1.8203641176223755
26,Adam,33,-1.8221750259399414
26,Adam,34,-1.823886513710022
26,Adam,35,-1.8255046606063843
26,Adam,36,-1.8270351886749268
26,Adam,37,-1.828482747077942
26,Adam,38,-1.829848289489746
26,Adam,39,-1.8311406373977661
26,Adam,40,-1.8323664665222168
26,Adam,41,-1.8335238695144653
26,Adam,42,-1.834618330001831
26,Adam,43,-1.8356586694717407
26,Adam,44,-1.8366420269012451
26,Adam,45,-1.8375747203826904
26,Adam,46,-1.8384584188461304
26,Adam,47,-1.8392969369888306
26,Adam,48,-1.8400949239730835
26,Adam,49,-1.84085214138031
26,Adam,50,-1.8415735960006714
26,Adam,51,-1.842257022857666
26,Adam,52,-1.8429112434387207
26,Adam,53,-1.843531847000122
26,Adam,54,-1.8441226482391357
26,Adam,55,-1.8446886539459229
26,Adam,56,-1.8452270030975342
26,Adam,57,-1.845742106437683
26,Adam,58,-1.8462344408035278
26,Adam,59,-1.846706509590149
26,Adam,60,-1.8471565246582031
26,LBFGS,1,-1.797311782836914
26,LBFGS,2,-1.8418232202529907
26,LBFGS,3,-1.8525241613388062
26,LBFGS,4,-1.858636498451233
26,LBFGS,5,-1.8616974353790283
26,LBFGS,6,-1.8633778095245361
26,LBFGS,7,-1.8642914295196533
26,LBFGS,8,-1.864797830581665
26,LBFGS,9,-1.8650767803192139
26,LBFGS,10,-1.8652158975601196
26,LBFGS,11,-1.8653314113616943
26,LBFGS,12,-1.865369200706482
26,LBFGS,13,-1.865395188331604
26,LBFGS,14,-1.8654086589813232
26,LBFGS,15,-1.8654165267944336
26,LBFGS,16,-1.8654215335845947
26,LBFGS,17,-1.8654236793518066
26,LBFGS,18,-1.8654242753982544
26,LBFGS,19,-1.865424633026123
26,LBFGS,20,-1.8654248714447021
26,LBFGS,21,-1.8654249906539917
26,LBFGS,22,-1.8654252290725708
26,LBFGS,23,-1.8654252290725708
26,LBFGS,24,-1.8654252290725708
26,LBFGS,25,-1.8654252290725708
26,LBFGS,26,-1.8654252290725708
26,LBFGS,27,-1.8654252290725708
26,LBFGS,28,-1.8654252290725708
26,LBFGS,29,-1.8654252290725708
26,LBFGS,30,-1.8654252290725708
26,LBFGS,31,-1.8654252290725708
26,LBFGS,32,-1.8654252290725708
26,LBFGS,33,-1.8654252290725708
26,LBFGS,34,-1.8654252290725708
26,LBFGS,35,-1.8654252290725708
26,LBFGS,36,-1.8654252290725708
26,LBFGS,37,-1.8654252290725708
26,LBFGS,38,-1.8654252290725708
26,LBFGS,39,-1.8654252290725708
26,LBFGS,40,-1.8654252290725708
26,LBFGS,41,-1.8654252290725708
26,LBFGS,42,-1.8654252290725708
26,LBFGS,43,-1.8654252290725708
26,LBFGS,44,-1.8654252290725708
26,LBFGS,45,-1.8654252290725708
26,LBFGS,46,-1.8654252290725708
26,LBFGS,47,-1.8654252290725708
26,LBFGS,48,-1.8654252290725708
26,LBFGS,49,-1.8654252290725708
26,LBFGS,50,-1.8654252290725708
26,LBFGS,51,-1.8654252290725708
26,LBFGS,52,-1.8654252290725708
26,LBFGS,53,-1.8654252290725708
26,LBFGS,54,-1.8654252290725708
26,LBFGS,55,-1.8654252290725708
26,LBFGS,56,-1.8654252290725708
26,LBFGS,57,-1.8654252290725708
26,LBFGS,58,-1.8654252290725708
26,LBFGS,59,-1.8654252290725708
26,LBFGS,60,-1.8654252290725708
26,PSO,1,-1.8233247995376587
26,PSO,2,-1.8541203737258911
26,PSO,3,-1.8651796579360962
26,PSO,4,-1.8653417825698853
26,PSO,5,-1.865424394607544
26,PSO,6,-1.8654248714447021
26,PSO,7,-1.8654249906539917
26,PSO,8,-1.8654249906539917
26,PSO,9,-1.8654251098632812
26,PSO,10,-1.8654251098632812
26,PSO,11,-1.8654251098632812
26,PSO,12,-1.8654251098632812
26,PSO,13,-1.8654251098632812
26,PSO,14,-1.8654252290725708
26,PSO,15,-1.8654252290725708
26,PSO,16,-1.8654252290725708
26,PSO,17,-1.8654252290725708
26,PSO,18,-1.8654252290725708
26,PSO,19,-1.8654253482818604
26,PSO,20,-1.86542546749115
26,PSO,21,-1.86542546749115
26,PSO,22,-1.86542546749115
26,PSO,23,-1.86542546749115
26,PSO,24,-1.86542546749115
26,PSO,25,-1.86542546749115
26,PSO,26,-1.86542546749115
26,PSO,27,-1.86542546749115
26,PSO,28,-1.86542546749115
26,PSO,29,-1.86542546749115
26,PSO,30,-1.86542546749115
26,PSO,31,-1.86542546749115
26,PSO,32,-1.86542546749115
26,PSO,33,-1.86542546749115
26,PSO,34,-1.86542546749115
26,PSO,35,-1.86542546749115
26,PSO,36,-1.86542546749115
26,PSO,37,-1.86542546749115
26,PSO,38,-1.86542546749115
26,PSO,39,-1.86542546749115
26,PSO,40,-1.86542546749115
26,PSO,41,-1.86542546749115
26,PSO,42,-1.86542546749115
26,PSO,43,-1.86542546749115
26,PSO,44,-1.86542546749115
26,PSO,45,-1.86542546749115
26,PSO,46,-1.86542546749115
26,PSO,47,-1.86542546749115
26,PSO,48,-1.86542546749115
26,PSO,49,-1.86542546749115
26,PSO,50,-1.86542546749115
26,PSO,51,-1.86542546749115
26,PSO,52,-1.86542546749115
26,PSO,53,-1.86542546749115
26,PSO,54,-1.86542546749115
26,PSO,55,-1.86542546749115
26,PSO,56,-1.86542546749115
26,PSO,57,-1.86542546749115
26,PSO,58,-1.86542546749115
26,PSO,59,-1.86542546749115
26,PSO,60,-1.86542546749115
26,DE,1,-1.8004090785980225
26,DE,2,-1.8004090785980225
26,DE,3,-1.8196676969528198
26,DE,4,-1.8272525072097778
26,DE,5,-1.8471804857254028
26,DE,6,-1.8471804857254028
26,DE,7,-1.8471804857254028
26,DE,8,-1.8471804857254028
26,DE,9,-1.8471804857254028
26,DE,10,-1.8495557308197021
26,DE,11,-1.855188250541687
26,DE,12,-1.855188250541687
26,DE,13,-1.855188250541687
26,DE,14,-1.8602639436721802
26,DE,15,-1.8602639436721802
26,DE,16,-1.86040461063385
26,DE,17,-1.86040461063385
26,DE,18,-1.86040461063385
26,DE,19,-1.8624666929244995
26,DE,20,-1.8630719184875488
26,DE,21,-1.8630719184875488
26,DE,22,-1.8630719184875488
26,DE,23,-1.8630719184875488
26,DE,24,-1.8640058040618896
26,DE,25,-1.8640058040618896
26,DE,26,-1.8645726442337036
26,DE,27,-1.8645726442337036
26,DE,28,-1.8645726442337036
26,DE,29,-1.8645726442337036
26,DE,30,-1.8645726442337036
26,DE,31,-1.8645726442337036
26,DE,32,-1.8645726442337036
26,DE,33,-1.8645726442337036
26,DE,34,-1.8646903038024902
26,DE,35,-1.8646903038024902
26,DE,36,-1.8646903038024902
26,DE,37,-1.8646903038024902
26,DE,38,-1.8648741245269775
26,DE,39,-1.8649307489395142
26,DE,40,-1.864953637123108
26,DE,41,-1.8650233745574951
26,DE,42,-1.8651412725448608
26,DE,43,-1.8651412725448608
26,DE,44,-1.8651819229125977
26,DE,45,-1.8652108907699585
26,DE,46,-1.8652108907699585
26,DE,47,-1.8652108907699585
26,DE,48,-1.8652558326721191
26,DE,49,-1.8652613162994385
26,DE,50,-1.8653395175933838
26,DE,51,-1.8653395175933838
26,DE,52,-1.8653395175933838
26,DE,53,-1.8653395175933838
26,DE,54,-1.865351915359497
26,DE,55,-1.8653651475906372
26,DE,56,-1.8653651475906372
26,DE,57,-1.8653651475906372
26,DE,58,-1.8653699159622192
26,DE,59,-1.8653699159622192
26,DE,60,-1.8653820753097534
26,PSO+LBFGS,1,-1.7953234910964966
26,PSO+LBFGS,2,-1.8599963188171387
26,PSO+LBFGS,3,-1.8645851612091064
26,PSO+LBFGS,4,-1.8654251098632812
26,PSO+LBFGS,5,-1.8654251098632812
26,PSO+LBFGS,6,-1.8654251098632812
26,PSO+LBFGS,7,-1.8654251098632812
26,PSO+LBFGS,8,-1.8654251098632812
26,PSO+LBFGS,9,-1.8654251098632812
26,PSO+LBFGS,10,-1.8654251098632812
26,PSO+LBFGS,11,-1.8654251098632812
26,PSO+LBFGS,12,-1.8654251098632812
26,PSO+LBFGS,13,-1.8654252290725708
26,PSO+LBFGS,14,-1.8654252290725708
26,PSO+LBFGS,15,-1.8654252290725708
26,PSO+LBFGS,16,-1.8654252290725708
26,PSO+LBFGS,17,-1.8654252290725708
26,PSO+LBFGS,18,-1.8654252290725708
26,PSO+LBFGS,19,-1.8654253482818604
26,PSO+LBFGS,20,-1.8654253482818604
26,PSO+LBFGS,21,-1.8654253482818604
26,PSO+LBFGS,22,-1.8654253482818604
26,PSO+LBFGS,23,-1.8654253482818604
26,PSO+LBFGS,24,-1.8654253482818604
26,PSO+LBFGS,25,-1.8654253482818604
26,PSO+LBFGS,26,-1.8654253482818604
26,PSO+LBFGS,27,-1.8654253482818604
26,PSO+LBFGS,28,-1.8654253482818604
26,PSO+LBFGS,29,-1.8654253482818604
26,PSO+LBFGS,30,-1.8654253482818604
26,PSO+LBFGS,31,-1.8654253482818604
26,PSO+LBFGS,32,-1.8654253482818604
26,PSO+LBFGS,33,-1.8654253482818604
26,PSO+LBFGS,34,-1.8654253482818604
26,PSO+LBFGS,35,-1.8654253482818604
26,PSO+LBFGS,36,-1.8654253482818604
26,PSO+LBFGS,37,-1.8654253482818604
26,PSO+LBFGS,38,-1.8654253482818604
26,PSO+LBFGS,39,-1.8654253482818604
26,PSO+LBFGS,40,-1.8654253482818604
26,PSO+LBFGS,41,-1.8654249906539917
26,PSO+LBFGS,42,-1.8654249906539917
26,PSO+LBFGS,43,-1.8654249906539917
26,PSO+LBFGS,44,-1.8654249906539917
26,PSO+LBFGS,45,-1.8654249906539917
26,PSO+LBFGS,46,-1.8654249906539917
26,PSO+LBFGS,47,-1.8654249906539917
26,PSO+LBFGS,48,-1.8654249906539917
26,PSO+LBFGS,49,-1.8654249906539917
26,PSO+LBFGS,50,-1.8654249906539917
26,PSO+LBFGS,51,-1.8654249906539917
26,PSO+LBFGS,52,-1.8654249906539917
26,PSO+LBFGS,53,-1.8654249906539917
26,PSO+LBFGS,54,-1.8654249906539917
26,PSO+LBFGS,55,-1.8654249906539917
26,PSO+LBFGS,56,-1.8654249906539917
26,PSO+LBFGS,57,-1.8654249906539917
26,PSO+LBFGS,58,-1.8654249906539917
26,PSO+LBFGS,59,-1.8654249906539917
26,PSO+LBFGS,60,-1.8654249906539917
27,Adam,1,-1.1592419147491455
27,Adam,2,-1.1703264713287354
27,Adam,3,-1.1812667846679688
27,Adam,4,-1.192050576210022
27,Adam,5,-1.202649474143982
27,Adam,6,-1.213051438331604
27,Adam,7,-1.2232379913330078
27,Adam,8,-1.2331851720809937
27,Adam,9,-1.242885708808899
27,Adam,10,-1.2523229122161865
27,Adam,11,-1.261483073234558
27,Adam,12,-1.2703609466552734
27,Adam,13,-1.2789462804794312
27,Adam,14,-1.2872313261032104
27,Adam,15,-1.2952138185501099
27,Adam,16,-1.302891492843628
27,Adam,17,-1.3102632761001587
27,Adam,18,-1.3173305988311768
27,Adam,19,-1.3240925073623657
27,Adam,20,-1.3305569887161255
27,Adam,21,-1.3367267847061157
27,Adam,22,-1.3426107168197632
27,Adam,23,-1.348212718963623
27,Adam,24,-1.3535414934158325
27,Adam,25,-1.358605146408081
27,Adam,26,-1.3634179830551147
27,Adam,27,-1.3679836988449097
27,Adam,28,-1.3723137378692627
27,Adam,29,-1.3764159679412842
27,Adam,30,-1.3803037405014038
27,Adam,31,-1.3839844465255737
27,Adam,32,-1.3874704837799072
27,Adam,33,-1.3907712697982788
27,Adam,34,-1.3938928842544556
27,Adam,35,-1.396849274635315
27,Adam,36,-1.3996479511260986
27,Adam,37,-1.4022938013076782
27,Adam,38,-1.4048000574111938
27,Adam,39,-1.4071744680404663
27,Adam,40,-1.4094215631484985
27,Adam,41,-1.4115501642227173
27,Adam,42,-1.4135679006576538
27,Adam,43,-1.415478229522705
27,Adam,44,-1.4172940254211426
27,Adam,45,-1.4190149307250977
27,Adam,46,-1.4206475019454956
27,Adam,47,-1.4221998453140259
27,Adam,48,-1.4236747026443481
27,Adam,49,-1.425075888633728
27,Adam,50,-1.4264118671417236
27,Adam,51,-1.4276809692382812
27,Adam,52,-1.4288885593414307
27,Adam,53,-1.4300435781478882
27,Adam,54,-1.4311425685882568
27,Adam,55,-1.4321904182434082
27,Adam,56,-1.4331918954849243
27,Adam,57,-1.4341518878936768
27,Adam,58,-1.435066819190979
27,Adam,59,-1.435941219329834
27,Adam,60,-1.4367815256118774
27,LBFGS,1,-1.2377450466156006
27,LBFGS,2,-1.4470679759979248
27,LBFGS,3,-1.4533326625823975
27,LBFGS,4,-1.4625509977340698
27,LBFGS,5,-1.4661816358566284
27,LBFGS,6,-1.4681909084320068
27,LBFGS,7,-1.4692540168762207
27,LBFGS,8,-1.469842553138733
27,LBFGS,9,-1.4701546430587769
27,LBFGS,10,-1.4703019857406616
27,LBFGS,11,-1.470444679260254
27,LBFGS,12,-1.470493197441101
27,LBFGS,13,-1.4705289602279663
27,LBFGS,14,-1.4705463647842407
27,LBFGS,15,-1.4705594778060913
27,LBFGS,16,-1.4705663919448853
27,LBFGS,17,-1.4705703258514404
27,LBFGS,18,-1.4705731868743896
27,LBFGS,19,-1.4705734252929688
27,LBFGS,20,-1.4705734252929688
27,LBFGS,21,-1.4705736637115479
27,LBFGS,22,-1.4705737829208374
27,LBFGS,23,-1.4705737829208374
27,LBFGS,24,-1.4705737829208374
27,LBFGS,25,-1.4705737829208374
27,LBFGS,26,-1.4705737829208374
27,LBFGS,27,-1.4705737829208374
27,LBFGS,28,-1.4705737829208374
27,LBFGS,29,-1.4705737829208374
27,LBFGS,30,-1.4705737829208374
27,LBFGS,31,-1.4705737829208374
27,LBFGS,32,-1.4705737829208374
27,LBFGS,33,-1.4705737829208374
27,LBFGS,34,-1.4705737829208374
27,LBFGS,35,-1.4705737829208374
27,LBFGS,36,-1.4705737829208374
27,LBFGS,37,-1.4705737829208374
27,LBFGS,38,-1.4705737829208374
27,LBFGS,39,-1.4705737829208374
27,LBFGS,40,-1.4705737829208374
27,LBFGS,41,-1.4705737829208374
27,LBFGS,42,-1.4705737829208374
27,LBFGS,43,-1.4705737829208374
27,LBFGS,44,-1.4705737829208374
27,LBFGS,45,-1.4705737829208374
27,LBFGS,46,-1.4705737829208374
27,LBFGS,47,-1.4705737829208374
27,LBFGS,48,-1.4705737829208374
27,LBFGS,49,-1.4705737829208374
27,LBFGS,50,-1.4705737829208374
27,LBFGS,51,-1.4705737829208374
27,LBFGS,52,-1.4705737829208374
27,LBFGS,53,-1.4705737829208374
27,LBFGS,54,-1.4705737829208374
27,LBFGS,55,-1.4705737829208374
27,LBFGS,56,-1.4705737829208374
27,LBFGS,57,-1.4705737829208374
27,LBFGS,58,-1.4705737829208374
27,LBFGS,59,-1.4705737829208374
27,LBFGS,60,-1.4705737829208374
27,PSO,1,-1.3813492059707642
27,PSO,2,-1.456836462020874
27,PSO,3,-1.4702510833740234
27,PSO,4,-1.4704934358596802
27,PSO,5,-1.4705686569213867
27,PSO,6,-1.4705737829208374
27,PSO,7,-1.4705737829208374
27,PSO,8,-1.4705737829208374
27,PSO,9,-1.4705737829208374
27,PSO,10,-1.470573902130127
27,PSO,11,-1.470573902130127
27,PSO,12,-1.470573902130127
27,PSO,13,-1.470573902130127
27,PSO,14,-1.470573902130127
27,PSO,15,-1.470573902130127
27,PSO,16,-1.470573902130127
27,PSO,17,-1.470573902130127
27,PSO,18,-1.470573902130127
27,PSO,19,-1.470573902130127
27,PSO,20,-1.4705740213394165
27,PSO,21,-1.4705740213394165
27,PSO,22,-1.4705740213394165
27,PSO,23,-1.4705740213394165
27,PSO,24,-1.4705740213394165
27,PSO,25,-1.4705740213394165
27,PSO,26,-1.4705740213394165
27,PSO,27,-1.4705740213394165
27,PSO,28,-1.4705740213394165
27,PSO,29,-1.470574140548706
27,PSO,30,-1.470574140548706
27,PSO,31,-1.470574140548706
27,PSO,32,-1.470574140548706
27,PSO,33,-1.470574140548706
27,PSO,34,-1.470574140548706
27,PSO,35,-1.470574140548706
27,PSO,36,-1.470574140548706
27,PSO,37,-1.470574140548706
27,PSO,38,-1.470574140548706
27,PSO,39,-1.470574140548706
27,PSO,40,-1.470574140548706
27,PSO,41,-1.470574140548706
27,PSO,42,-1.470574140548706
27,PSO,43,-1.470574140548706
27,PSO,44,-1.470574140548706
27,PSO,45,-1.470574140548706
27,PSO,46,-1.470574140548706
27,PSO,47,-1.470574140548706
27,PSO,48,-1.470574140548706
27,PSO,49,-1.470574140548706
27,PSO,50,-1.470574140548706
27,PSO,51,-1.470574140548706
27,PSO,52,-1.470574140548706
27,PSO,53,-1.470574140548706
27,PSO,54,-1.470574140548706
27,PSO,55,-1.470574140548706
27,PSO,56,-1.470574140548706
27,PSO,57,-1.470574140548706
27,PSO,58,-1.470574140548706
27,PSO,59,-1.470574140548706
27,PSO,60,-1.470574140548706
27,DE,1,-1.4372304677963257
27,DE,2,-1.4372304677963257
27,DE,3,-1.4372304677963257
27,DE,4,-1.4393991231918335
27,DE,5,-1.4396841526031494
27,DE,6,-1.4396841526031494
27,DE,7,-1.445786714553833
27,DE,8,-1.445786714553833
27,DE,9,-1.455592393875122
27,DE,10,-1.455592393875122
27,DE,11,-1.455592393875122
27,DE,12,-1.4581243991851807
27,DE,13,-1.459704875946045
27,DE,14,-1.4619922637939453
27,DE,15,-1.4641929864883423
27,DE,16,-1.4641929864883423
27,DE,17,-1.4641929864883423
27,DE,18,-1.464371919631958
27,DE,19,-1.466231107711792
27,DE,20,-1.4671207666397095
27,DE,21,-1.4671207666397095
27,DE,22,-1.4677072763442993
27,DE,23,-1.4677072763442993
27,DE,24,-1.468066692352295
27,DE,25,-1.4697831869125366
27,DE,26,-1.4697831869125366
27,DE,27,-1.4697831869125366
27,DE,28,-1.4697831869125366
27,DE,29,-1.4697831869125366
27,DE,30,-1.4697831869125366
27,DE,31,-1.4697831869125366
27,DE,32,-1.4697831869125366
27,DE,33,-1.469968318939209
27,DE,34,-1.469968318939209
27,DE,35,-1.470348596572876
27,DE,36,-1.470348596572876
27,DE,37,-1.470348596572876
27,DE,38,-1.4703596830368042
27,DE,39,-1.4703596830368042
27,DE,40,-1.4703596830368042
27,DE,41,-1.4703596830368042
27,DE,42,-1.4703919887542725
27,DE,43,-1.4703919887542725
27,DE,44,-1.4703919887542725
27,DE,45,-1.4704326391220093
27,DE,46,-1.4704371690750122
27,DE,47,-1.4704467058181763
27,DE,48,-1.4704684019088745
27,DE,49,-1.4705063104629517
27,DE,50,-1.4705063104629517
27,DE,51,-1.4705063104629517
27,DE,52,-1.4705063104629517
27,DE,53,-1.4705158472061157
27,DE,54,-1.4705158472061157
27,DE,55,-1.4705222845077515
27,DE,56,-1.4705222845077515
27,DE,57,-1.4705263376235962
27,DE,58,-1.4705355167388916
27,DE,59,-1.470543384552002
27,DE,60,-1.470543384552002
27,PSO+LBFGS,1,-1.4095511436462402
27,PSO+LBFGS,2,-1.4663541316986084
27,PSO+LBFGS,3,-1.4687546491622925
27,PSO+LBFGS,4,-1.4692111015319824
27,PSO+LBFGS,5,-1.469538688659668
27,PSO+LBFGS,6,-1.469657063484192
27,PSO+LBFGS,7,-1.469740629196167
27,PSO+LBFGS,8,-1.4699156284332275
27,PSO+LBFGS,9,-1.4701446294784546
27,PSO+LBFGS,10,-1.470369815826416
27,PSO+LBFGS,11,-1.4705275297164917
27,PSO+LBFGS,12,-1.4705737829208374
27,PSO+LBFGS,13,-1.4705737829208374
27,PSO+LBFGS,14,-1.4705737829208374
27,PSO+LBFGS,15,-1.4705737829208374
27,PSO+LBFGS,16,-1.4705740213394165
27,PSO+LBFGS,17,-1.4705740213394165
27,PSO+LBFGS,18,-1.4705740213394165
27,PSO+LBFGS,19,-1.4705740213394165
27,PSO+LBFGS,20,-1.4705740213394165
27,PSO+LBFGS,21,-1.4705740213394165
27,PSO+LBFGS,22,-1.4705740213394165
27,PSO+LBFGS,23,-1.4705740213394165
27,PSO+LBFGS,24,-1.4705740213394165
27,PSO+LBFGS,25,-1.4705740213394165
27,PSO+LBFGS,26,-1.4705740213394165
27,PSO+LBFGS,27,-1.4705740213394165
27,PSO+LBFGS,28,-1.4705740213394165
27,PSO+LBFGS,29,-1.4705740213394165
27,PSO+LBFGS,30,-1.4705740213394165
27,PSO+LBFGS,31,-1.4705740213394165
27,PSO+LBFGS,32,-1.4705740213394165
27,PSO+LBFGS,33,-1.4705740213394165
27,PSO+LBFGS,34,-1.4705740213394165
27,PSO+LBFGS,35,-1.4705740213394165
27,PSO+LBFGS,36,-1.4705740213394165
27,PSO+LBFGS,37,-1.4705740213394165
27,PSO+LBFGS,38,-1.4705740213394165
27,PSO+LBFGS,39,-1.4705740213394165
27,PSO+LBFGS,40,-1.4705740213394165
27,PSO+LBFGS,41,-1.4705737829208374
27,PSO+LBFGS,42,-1.4705737829208374
27,PSO+LBFGS,43,-1.4705737829208374
27,PSO+LBFGS,44,-1.4705737829208374
27,PSO+LBFGS,45,-1.4705737829208374
27,PSO+LBFGS,46,-1.4705737829208374
27,PSO+LBFGS,47,-1.4705737829208374
27,PSO+LBFGS,48,-1.4705737829208374
27,PSO+LBFGS,49,-1.4705737829208374
27,PSO+LBFGS,50,-1.4705737829208374
27,PSO+LBFGS,51,-1.4705737829208374
27,PSO+LBFGS,52,-1.4705737829208374
27,PSO+LBFGS,53,-1.4705737829208374
27,PSO+LBFGS,54,-1.4705737829208374
27,PSO+LBFGS,55,-1.4705737829208374
27,PSO+LBFGS,56,-1.4705737829208374
27,PSO+LBFGS,57,-1.4705737829208374
27,PSO+LBFGS,58,-1.4705737829208374
27,PSO+LBFGS,59,-1.4705737829208374
27,PSO+LBFGS,60,-1.4705737829208374
28,Adam,1,-2.4882583618164062
28,Adam,2,-2.4909510612487793
28,Adam,3,-2.49359130859375
28,Adam,4,-2.4961752891540527
28,Adam,5,-2.4986977577209473
28,Adam,6,-2.501155138015747
28,Adam,7,-2.5035464763641357
28,Adam,8,-2.5058653354644775
28,Adam,9,-2.508110761642456
28,Adam,10,-2.5102806091308594
28,Adam,11,-2.5123744010925293
28,Adam,12,-2.5143918991088867
28,Adam,13,-2.5163333415985107
28,Adam,14,-2.518197536468506
28,Adam,15,-2.5199851989746094
28,Adam,16,-2.521697998046875
28,Adam,17,-2.523336410522461
28,Adam,18,-2.524902582168579
28,Adam,19,-2.5263984203338623
28,Adam,20,-2.527825355529785
28,Adam,21,-2.5291850566864014
28,Adam,22,-2.5304787158966064
28,Adam,23,-2.5317091941833496
28,Adam,24,-2.532878875732422
28,Adam,25,-2.533989906311035
28,Adam,26,-2.535043478012085
28,Adam,27,-2.536043643951416
28,Adam,28,-2.5369927883148193
28,Adam,29,-2.537890672683716
28,Adam,30,-2.5387423038482666
28,Adam,31,-2.539547920227051
28,Adam,32,-2.5403125286102295
28,Adam,33,-2.541034698486328
28,Adam,34,-2.541719913482666
28,Adam,35,-2.5423669815063477
28,Adam,36,-2.5429797172546387
28,Adam,37,-2.543560743331909
28,Adam,38,-2.544111490249634
28,Adam,39,-2.544633388519287
28,Adam,40,-2.5451254844665527
28,Adam,41,-2.545593500137329
28,Adam,42,-2.5460379123687744
28,Adam,43,-2.5464587211608887
28,Adam,44,-2.5468575954437256
28,Adam,45,-2.547236442565918
28,Adam,46,-2.547595977783203
28,Adam,47,-2.547938823699951
28,Adam,48,-2.548261880874634
28,Adam,49,-2.5485706329345703
28,Adam,50,-2.5488650798797607
28,Adam,51,-2.549144983291626
28,Adam,52,-2.549412488937378
28,Adam,53,-2.5496652126312256
28,Adam,54,-2.5499074459075928
28,Adam,55,-2.5501370429992676
28,Adam,56,-2.5503571033477783
28,Adam,57,-2.550567388534546
28,Adam,58,-2.5507678985595703
28,Adam,59,-2.550959587097168
28,Adam,60,-2.551144599914551
28,LBFGS,1,-2.525616407394409
28,LBFGS,2,-2.5485129356384277
28,LBFGS,3,-2.552905797958374
28,LBFGS,4,-2.5558266639709473
28,LBFGS,5,-2.557008981704712
28,LBFGS,6,-2.5576252937316895
28,LBFGS,7,-2.557992458343506
28,LBFGS,8,-2.558164119720459
28,LBFGS,9,-2.558262825012207
28,LBFGS,10,-2.5582993030548096
28,LBFGS,11,-2.558338165283203
28,LBFGS,12,-2.5583603382110596
28,LBFGS,13,-2.558367967605591
28,LBFGS,14,-2.5583691596984863
28,LBFGS,15,-2.5583760738372803
28,LBFGS,16,-2.5583791732788086
28,LBFGS,17,-2.5583791732788086
28,LBFGS,18,-2.5583813190460205
28,LBFGS,19,-2.5583815574645996
28,LBFGS,20,-2.5583817958831787
28,LBFGS,21,-2.558382034301758
28,LBFGS,22,-2.558382034301758
28,LBFGS,23,-2.558382034301758
28,LBFGS,24,-2.558382034301758
28,LBFGS,25,-2.558382034301758
28,LBFGS,26,-2.558382034301758
28,LBFGS,27,-2.558382034301758
28,LBFGS,28,-2.558382034301758
28,LBFGS,29,-2.558382034301758
28,LBFGS,30,-2.558382034301758
28,LBFGS,31,-2.558382034301758
28,LBFGS,32,-2.558382034301758
28,LBFGS,33,-2.558382034301758
28,LBFGS,34,-2.558382034301758
28,LBFGS,35,-2.558382034301758
28,LBFGS,36,-2.558382034301758
28,LBFGS,37,-2.558382034301758
28,LBFGS,38,-2.558382034301758
28,LBFGS,39,-2.558382034301758
28,LBFGS,40,-2.558382034301758
28,LBFGS,41,-2.558382034301758
28,LBFGS,42,-2.558382034301758
28,LBFGS,43,-2.558382034301758
28,LBFGS,44,-2.558382034301758
28,LBFGS,45,-2.558382034301758
28,LBFGS,46,-2.558382034301758
28,LBFGS,47,-2.558382034301758
28,LBFGS,48,-2.558382034301758
28,LBFGS,49,-2.558382034301758
28,LBFGS,50,-2.558382034301758
28,LBFGS,51,-2.558382034301758
28,LBFGS,52,-2.558382034301758
28,LBFGS,53,-2.558382034301758
28,LBFGS,54,-2.558382034301758
28,LBFGS,55,-2.558382034301758
28,LBFGS,56,-2.558382034301758
28,LBFGS,57,-2.558382034301758
28,LBFGS,58,-2.558382034301758
28,LBFGS,59,-2.558382034301758
28,LBFGS,60,-2.558382034301758
28,PSO,1,-2.5473618507385254
28,PSO,2,-2.556267023086548
28,PSO,3,-2.5564825534820557
28,PSO,4,-2.5573089122772217
28,PSO,5,-2.557565450668335
28,PSO,6,-2.557565450668335
28,PSO,7,-2.557586669921875
28,PSO,8,-2.557586669921875
28,PSO,9,-2.5575945377349854
28,PSO,10,-2.5575954914093018
28,PSO,11,-2.5575954914093018
28,PSO,12,-2.557598352432251
28,PSO,13,-2.557598352432251
28,PSO,14,-2.557598352432251
28,PSO,15,-2.557598352432251
28,PSO,16,-2.557598352432251
28,PSO,17,-2.557598352432251
28,PSO,18,-2.557598352432251
28,PSO,19,-2.557598352432251
28,PSO,20,-2.557598352432251
28,PSO,21,-2.557598352432251
28,PSO,22,-2.557598352432251
28,PSO,23,-2.557598352432251
28,PSO,24,-2.557598352432251
28,PSO,25,-2.557598352432251
28,PSO,26,-2.557598352432251
28,PSO,27,-2.557598352432251
28,PSO,28,-2.557598352432251
28,PSO,29,-2.557598352432251
28,PSO,30,-2.55759859085083
28,PSO,31,-2.55759859085083
28,PSO,32,-2.55759859085083
28,PSO,33,-2.55759859085083
28,PSO,34,-2.55759859085083
28,PSO,35,-2.55759859085083
28,PSO,36,-2.55759859085083
28,PSO,37,-2.55759859085083
28,PSO,38,-2.55759859085083
28,PSO,39,-2.55759859085083
28,PSO,40,-2.55759859085083
28,PSO,41,-2.55759859085083
28,PSO,42,-2.55759859085083
28,PSO,43,-2.557598829269409
28,PSO,44,-2.557598829269409
28,PSO,45,-2.557598829269409
28,PSO,46,-2.557598829269409
28,PSO,47,-2.557598829269409
28,PSO,48,-2.557598829269409
28,PSO,49,-2.557598829269409
28,PSO,50,-2.557598829269409
28,PSO,51,-2.557598829269409
28,PSO,52,-2.557598829269409
28,PSO,53,-2.557598829269409
28,PSO,54,-2.557598829269409
28,PSO,55,-2.557598829269409
28,PSO,56,-2.557598829269409
28,PSO,57,-2.557598829269409
28,PSO,58,-2.557598829269409
28,PSO,59,-2.557598829269409
28,PSO,60,-2.557598829269409
28,DE,1,-2.5429391860961914
28,DE,2,-2.5429391860961914
28,DE,3,-2.5451645851135254
28,DE,4,-2.546842336654663
28,DE,5,-2.55061674118042
28,DE,6,-2.5529606342315674
28,DE,7,-2.55472469329834
28,DE,8,-2.5562968254089355
28,DE,9,-2.5562968254089355
28,DE,10,-2.5574591159820557
28,DE,11,-2.5574591159820557
28,DE,12,-2.557630777359009
28,DE,13,-2.557630777359009
28,DE,14,-2.557630777359009
28,DE,15,-2.557630777359009
28,DE,16,-2.557630777359009
28,DE,17,-2.5580880641937256
28,DE,18,-2.5580880641937256
28,DE,19,-2.5580880641937256
28,DE,20,-2.5580880641937256
28,DE,21,-2.5580880641937256
28,DE,22,-2.558091640472412
28,DE,23,-2.5581743717193604
28,DE,24,-2.5582423210144043
28,DE,25,-2.5582423210144043
28,DE,26,-2.5582423210144043
28,DE,27,-2.5582423210144043
28,DE,28,-2.5582423210144043
28,DE,29,-2.558271646499634
28,DE,30,-2.558271646499634
28,DE,31,-2.558271646499634
28,DE,32,-2.558271646499634
28,DE,33,-2.5583043098449707
28,DE,34,-2.5583243370056152
28,DE,35,-2.5583243370056152
28,DE,36,-2.5583410263061523
28,DE,37,-2.5583457946777344
28,DE,38,-2.5583457946777344
28,DE,39,-2.5583550930023193
28,DE,40,-2.5583550930023193
28,DE,41,-2.5583550930023193
28,DE,42,-2.5583701133728027
28,DE,43,-2.5583701133728027
28,DE,44,-2.5583701133728027
28,DE,45,-2.5583701133728027
28,DE,46,-2.5583744049072266
28,DE,47,-2.5583763122558594
28,DE,48,-2.5583763122558594
28,DE,49,-2.5583763122558594
28,DE,50,-2.5583763122558594
28,DE,51,-2.5583763122558594
28,DE,52,-2.5583763122558594
28,DE,53,-2.5583763122558594
28,DE,54,-2.558380126953125
28,DE,55,-2.558380126953125
28,DE,56,-2.558380126953125
28,DE,57,-2.558380126953125
28,DE,58,-2.558380126953125
28,DE,59,-2.558380126953125
28,DE,60,-2.5583810806274414
28,PSO+LBFGS,1,-2.5458438396453857
28,PSO+LBFGS,2,-2.549509048461914
28,PSO+LBFGS,3,-2.5530827045440674
28,PSO+LBFGS,4,-2.555837392807007
28,PSO+LBFGS,5,-2.5578577518463135
28,PSO+LBFGS,6,-2.5583653450012207
28,PSO+LBFGS,7,-2.5583653450012207
28,PSO+LBFGS,8,-2.5583724975585938
28,PSO+LBFGS,9,-2.5583724975585938
28,PSO+LBFGS,10,-2.5583724975585938
28,PSO+LBFGS,11,-2.558380126953125
28,PSO+LBFGS,12,-2.558380126953125
28,PSO+LBFGS,13,-2.558380126953125
28,PSO+LBFGS,14,-2.558380126953125
28,PSO+LBFGS,15,-2.558380126953125
28,PSO+LBFGS,16,-2.558380126953125
28,PSO+LBFGS,17,-2.558380126953125
28,PSO+LBFGS,18,-2.5583810806274414
28,PSO+LBFGS,19,-2.5583810806274414
28,PSO+LBFGS,20,-2.5583810806274414
28,PSO+LBFGS,21,-2.5583817958831787
28,PSO+LBFGS,22,-2.558382272720337
28,PSO+LBFGS,23,-2.558382272720337
28,PSO+LBFGS,24,-2.558382272720337
28,PSO+LBFGS,25,-2.558382272720337
28,PSO+LBFGS,26,-2.558382272720337
28,PSO+LBFGS,27,-2.558382272720337
28,PSO+LBFGS,28,-2.558382272720337
28,PSO+LBFGS,29,-2.558382272720337
28,PSO+LBFGS,30,-2.558382272720337
28,PSO+LBFGS,31,-2.558382272720337
28,PSO+LBFGS,32,-2.558382272720337
28,PSO+LBFGS,33,-2.558382272720337
28,PSO+LBFGS,34,-2.558382272720337
28,PSO+LBFGS,35,-2.558382272720337
28,PSO+LBFGS,36,-2.558382272720337
28,PSO+LBFGS,37,-2.558382272720337
28,PSO+LBFGS,38,-2.558382272720337
28,PSO+LBFGS,39,-2.558382272720337
28,PSO+LBFGS,40,-2.558382272720337
28,PSO+LBFGS,41,-2.5583817958831787
28,PSO+LBFGS,42,-2.5583817958831787
28,PSO+LBFGS,43,-2.5583817958831787
28,PSO+LBFGS,44,-2.5583817958831787
28,PSO+LBFGS,45,-2.5583817958831787
28,PSO+LBFGS,46,-2.5583817958831787
28,PSO+LBFGS,47,-2.5583817958831787
28,PSO+LBFGS,48,-2.5583817958831787
28,PSO+LBFGS,49,-2.5583817958831787
28,PSO+LBFGS,50,-2.5583817958831787
28,PSO+LBFGS,51,-2.5583817958831787
28,PSO+LBFGS,52,-2.5583817958831787
28,PSO+LBFGS,53,-2.5583817958831787
28,PSO+LBFGS,54,-2.5583817958831787
28,PSO+LBFGS,55,-2.5583817958831787
28,PSO+LBFGS,56,-2.5583817958831787
28,PSO+LBFGS,57,-2.5583817958831787
28,PSO+LBFGS,58,-2.5583817958831787
28,PSO+LBFGS,59,-2.5583817958831787
28,PSO+LBFGS,60,-2.5583817958831787
29,Adam,1,-0.6596834063529968
29,Adam,2,-0.665959358215332
29,Adam,3,-0.6721653342247009
29,Adam,4,-0.6782916188240051
29,Adam,5,-0.6843293905258179
29,Adam,6,-0.6902621388435364
29,Adam,7,-0.6960825324058533
29,Adam,8,-0.7017799615859985
29,Adam,9,-0.7073463797569275
29,Adam,10,-0.7127734422683716
29,Adam,11,-0.7180519700050354
29,Adam,12,-0.7231753468513489
29,Adam,13,-0.7281402945518494
29,Adam,14,-0.7329410314559937
29,Adam,15,-0.7375746369361877
29,Adam,16,-0.7420381307601929
29,Adam,17,-0.7463288307189941
29,Adam,18,-0.7504516839981079
29,Adam,19,-0.7544032335281372
29,Adam,20,-0.758185625076294
29,Adam,21,-0.7617999315261841
29,Adam,22,-0.7652522325515747
29,Adam,23,-0.7685412168502808
29,Adam,24,-0.7716736793518066
29,Adam,25,-0.7746570110321045
29,Adam,26,-0.7774883508682251
29,Adam,27,-0.7801812291145325
29,Adam,28,-0.7827358245849609
29,Adam,29,-0.7851558923721313
29,Adam,30,-0.7874525785446167
29,Adam,31,-0.7896287441253662
29,Adam,32,-0.7916905879974365
29,Adam,33,-0.7936418056488037
29,Adam,34,-0.7954884171485901
29,Adam,35,-0.7972380518913269
29,Adam,36,-0.7988921999931335
29,Adam,37,-0.8004601001739502
29,Adam,38,-0.8019424676895142
29,Adam,39,-0.8033471703529358
29,Adam,40,-0.8046779036521912
29,Adam,41,-0.8059366345405579
29,Adam,42,-0.8071299195289612
29,Adam,43,-0.8082605004310608
29,Adam,44,-0.8093341588973999
29,Adam,45,-0.810349702835083
29,Adam,46,-0.8113170862197876
29,Adam,47,-0.8122345805168152
29,Adam,48,-0.8131030797958374
29,Adam,49,-0.8139316439628601
29,Adam,50,-0.814719557762146
29,Adam,51,-0.8154687285423279
29,Adam,52,-0.816180944442749
29,Adam,53,-0.8168599605560303
29,Adam,54,-0.8175085783004761
29,Adam,55,-0.8181267380714417
29,Adam,56,-0.8187145590782166
29,Adam,57,-0.8192778825759888
29,Adam,58,-0.8198163509368896
29,Adam,59,-0.8203310966491699
29,Adam,60,-0.8208252787590027
29,LBFGS,1,-0.7825384736061096
29,LBFGS,2,-0.8141879439353943
29,LBFGS,3,-0.8267446160316467
29,LBFGS,4,-0.8334143161773682
29,LBFGS,5,-0.8366261720657349
29,LBFGS,6,-0.8383892178535461
29,LBFGS,7,-0.8393524885177612
29,LBFGS,8,-0.8398860096931458
29,LBFGS,9,-0.8401792049407959
29,LBFGS,10,-0.8403452038764954
29,LBFGS,11,-0.8404351472854614
29,LBFGS,12,-0.8404880166053772
29,LBFGS,13,-0.8405147790908813
29,LBFGS,14,-0.8405329585075378
29,LBFGS,15,-0.8405408263206482
29,LBFGS,16,-0.8405447602272034
29,LBFGS,17,-0.840549647808075
29,LBFGS,18,-0.8405503034591675
29,LBFGS,19,-0.8405508995056152
29,LBFGS,20,-0.8405510187149048
29,LBFGS,21,-0.8405511975288391
29,LBFGS,22,-0.8405511975288391
29,LBFGS,23,-0.8405511975288391
29,LBFGS,24,-0.8405511975288391
29,LBFGS,25,-0.8405511975288391
29,LBFGS,26,-0.8405511975288391
29,LBFGS,27,-0.8405511975288391
29,LBFGS,28,-0.8405511975288391
29,LBFGS,29,-0.8405511975288391
29,LBFGS,30,-0.8405511975288391
29,LBFGS,31,-0.8405511975288391
29,LBFGS,32,-0.8405511975288391
29,LBFGS,33,-0.8405511975288391
29,LBFGS,34,-0.8405511975288391
29,LBFGS,35,-0.8405511975288391
29,LBFGS,36,-0.8405511975288391
29,LBFGS,37,-0.8405511975288391
29,LBFGS,38,-0.8405511975288391
29,LBFGS,39,-0.8405511975288391
29,LBFGS,40,-0.8405511975288391
29,LBFGS,41,-0.8405511975288391
29,LBFGS,42,-0.8405511975288391
29,LBFGS,43,-0.8405511975288391
29,LBFGS,44,-0.8405511975288391
29,LBFGS,45,-0.8405511975288391
29,LBFGS,46,-0.8405511975288391
29,LBFGS,47,-0.8405511975288391
29,LBFGS,48,-0.8405511975288391
29,LBFGS,49,-0.8405511975288391
29,LBFGS,50,-0.8405511975288391
29,LBFGS,51,-0.8405511975288391
29,LBFGS,52,-0.8405511975288391
29,LBFGS,53,-0.8405511975288391
29,LBFGS,54,-0.8405511975288391
29,LBFGS,55,-0.8405511975288391
29,LBFGS,56,-0.8405511975288391
29,LBFGS,57,-0.8405511975288391
29,LBFGS,58,-0.8405511975288391
29,LBFGS,59,-0.8405511975288391
29,LBFGS,60,-0.8405511975288391
29,PSO,1,-0.7892889976501465
29,PSO,2,-0.8174962401390076
29,PSO,3,-0.8257682919502258
29,PSO,4,-0.8338977694511414
29,PSO,5,-0.8399059772491455
29,PSO,6,-0.8405513763427734
29,PSO,7,-0.8405513763427734
29,PSO,8,-0.8405513763427734
29,PSO,9,-0.8405513763427734
29,PSO,10,-0.8405513763427734
29,PSO,11,-0.8405513763427734
29,PSO,12,-0.8405513763427734
29,PSO,13,-0.8405513763427734
29,PSO,14,-0.8405513763427734
29,PSO,15,-0.8405513763427734
29,PSO,16,-0.8405513763427734
29,PSO,17,-0.8405513763427734
29,PSO,18,-0.8405513763427734
29,PSO,19,-0.8405513763427734
29,PSO,20,-0.8405513763427734
29,PSO,21,-0.8405513763427734
29,PSO,22,-0.8405513763427734
29,PSO,23,-0.8405513763427734
29,PSO,24,-0.8405513763427734
29,PSO,25,-0.8405513763427734
29,PSO,26,-0.8405513763427734
29,PSO,27,-0.8405513763427734
29,PSO,28,-0.8405513763427734
29,PSO,29,-0.8405513763427734
29,PSO,30,-0.8405513763427734
29,PSO,31,-0.8405513763427734
29,PSO,32,-0.8405513763427734
29,PSO,33,-0.8405513763427734
29,PSO,34,-0.8405513763427734
29,PSO,35,-0.8405513763427734
29,PSO,36,-0.8405513763427734
29,PSO,37,-0.8405513763427734
29,PSO,38,-0.8405513763427734
29,PSO,39,-0.8405513763427734
29,PSO,40,-0.8405513763427734
29,PSO,41,-0.8405513763427734
29,PSO,42,-0.8405513763427734
29,PSO,43,-0.8405513763427734
29,PSO,44,-0.8405513763427734
29,PSO,45,-0.8405513763427734
29,PSO,46,-0.8405513763427734
29,PSO,47,-0.8405513763427734
29,PSO,48,-0.8405513763427734
29,PSO,49,-0.8405513763427734
29,PSO,50,-0.8405513763427734
29,PSO,51,-0.8405513763427734
29,PSO,52,-0.8405513763427734
29,PSO,53,-0.8405513763427734
29,PSO,54,-0.8405513763427734
29,PSO,55,-0.8405513763427734
29,PSO,56,-0.8405513763427734
29,PSO,57,-0.8405513763427734
29,PSO,58,-0.8405513763427734
29,PSO,59,-0.8405513763427734
29,PSO,60,-0.8405513763427734
29,DE,1,-0.7891300916671753
29,DE,2,-0.7891300916671753
29,DE,3,-0.7957377433776855
29,DE,4,-0.8069713711738586
29,DE,5,-0.827925443649292
29,DE,6,-0.8285538554191589
29,DE,7,-0.8285538554191589
29,DE,8,-0.8285538554191589
29,DE,9,-0.8285538554191589
29,DE,10,-0.8285538554191589
29,DE,11,-0.8285538554191589
29,DE,12,-0.8285538554191589
29,DE,13,-0.8285538554191589
29,DE,14,-0.8303925395011902
29,DE,15,-0.8347154855728149
29,DE,16,-0.835873007774353
29,DE,17,-0.835873007774353
29,DE,18,-0.8362006545066833
29,DE,19,-0.8363243937492371
29,DE,20,-0.8363243937492371
29,DE,21,-0.8363243937492371
29,DE,22,-0.8381502628326416
29,DE,23,-0.8390903472900391
29,DE,24,-0.8390903472900391
29,DE,25,-0.8390903472900391
29,DE,26,-0.8390903472900391
29,DE,27,-0.8390903472900391
29,DE,28,-0.8390903472900391
29,DE,29,-0.8390903472900391
29,DE,30,-0.8390903472900391
29,DE,31,-0.8390997052192688
29,DE,32,-0.8390997052192688
29,DE,33,-0.8392153978347778
29,DE,34,-0.8395395278930664
29,DE,35,-0.8395395278930664
29,DE,36,-0.8396924138069153
29,DE,37,-0.8396924138069153
29,DE,38,-0.8396924138069153
29,DE,39,-0.8397159576416016
29,DE,40,-0.8398290872573853
29,DE,41,-0.839935302734375
29,DE,42,-0.8399736881256104
29,DE,43,-0.8400778770446777
29,DE,44,-0.8400778770446777
29,DE,45,-0.8402568697929382
29,DE,46,-0.8403317928314209
29,DE,47,-0.8404187560081482
29,DE,48,-0.8404187560081482
29,DE,49,-0.8404187560081482
29,DE,50,-0.8404187560081482
29,DE,51,-0.8404187560081482
29,DE,52,-0.8404329419136047
29,DE,53,-0.8404329419136047
29,DE,54,-0.8404329419136047
29,DE,55,-0.8404329419136047
29,DE,56,-0.8404870629310608
29,DE,57,-0.8405044674873352
29,DE,58,-0.8405272960662842
29,DE,59,-0.8405272960662842
29,DE,60,-0.8405272960662842
29,PSO+LBFGS,1,-0.7774034142494202
29,PSO+LBFGS,2,-0.8211454749107361
29,PSO+LBFGS,3,-0.8265795707702637
29,PSO+LBFGS,4,-0.8400119543075562
29,PSO+LBFGS,5,-0.8405513763427734
29,PSO+LBFGS,6,-0.8405513763427734
29,PSO+LBFGS,7,-0.8405513763427734
29,PSO+LBFGS,8,-0.8405513763427734
29,PSO+LBFGS,9,-0.8405513763427734
29,PSO+LBFGS,10,-0.8405513763427734
29,PSO+LBFGS,11,-0.8405513763427734
29,PSO+LBFGS,12,-0.8405513763427734
29,PSO+LBFGS,13,-0.8405513763427734
29,PSO+LBFGS,14,-0.8405513763427734
29,PSO+LBFGS,15,-0.8405513763427734
29,PSO+LBFGS,16,-0.8405513763427734
29,PSO+LBFGS,17,-0.8405513763427734
29,PSO+LBFGS,18,-0.8405513763427734
29,PSO+LBFGS,19,-0.8405513763427734
29,PSO+LBFGS,20,-0.8405513763427734
29,PSO+LBFGS,21,-0.8405513763427734
29,PSO+LBFGS,22,-0.8405513763427734
29,PSO+LBFGS,23,-0.8405513763427734
29,PSO+LBFGS,24,-0.8405513763427734
29,PSO+LBFGS,25,-0.8405513763427734
29,PSO+LBFGS,26,-0.8405513763427734
29,PSO+LBFGS,27,-0.8405513763427734
29,PSO+LBFGS,28,-0.8405513763427734
29,PSO+LBFGS,29,-0.8405513763427734
29,PSO+LBFGS,30,-0.8405513763427734
29,PSO+LBFGS,31,-0.8405513763427734
29,PSO+LBFGS,32,-0.8405513763427734
29,PSO+LBFGS,33,-0.8405513763427734
29,PSO+LBFGS,34,-0.8405513763427734
29,PSO+LBFGS,35,-0.8405513763427734
29,PSO+LBFGS,36,-0.8405513763427734
29,PSO+LBFGS,37,-0.8405513763427734
29,PSO+LBFGS,38,-0.8405513763427734
29,PSO+LBFGS,39,-0.8405513763427734
29,PSO+LBFGS,40,-0.8405513763427734
29,PSO+LBFGS,41,-0.840551495552063
29,PSO+LBFGS,42,-0.840551495552063
29,PSO+LBFGS,43,-0.840551495552063
29,PSO+LBFGS,44,-0.840551495552063
29,PSO+LBFGS,45,-0.840551495552063
29,PSO+LBFGS,46,-0.840551495552063
29,PSO+LBFGS,47,-0.840551495552063
29,PSO+LBFGS,48,-0.840551495552063
29,PSO+LBFGS,49,-0.840551495552063
29,PSO+LBFGS,50,-0.840551495552063
29,PSO+LBFGS,51,-0.840551495552063
29,PSO+LBFGS,52,-0.840551495552063
29,PSO+LBFGS,53,-0.840551495552063
29,PSO+LBFGS,54,-0.840551495552063
29,PSO+LBFGS,55,-0.840551495552063
29,PSO+LBFGS,56,-0.840551495552063
29,PSO+LBFGS,57,-0.840551495552063
29,PSO+LBFGS,58,-0.840551495552063
29,PSO+LBFGS,59,-0.840551495552063
29,PSO+LBFGS,60,-0.840551495552063
30,Adam,1,-0.35091301798820496
30,Adam,2,-0.363916277885437
30,Adam,3,-0.37677714228630066
30,Adam,4,-0.38948434591293335
30,Adam,5,-0.40201088786125183
30,Adam,6,-0.4143274128437042
30,Adam,7,-0.42643049359321594
30,Adam,8,-0.4382792115211487
30,Adam,9,-0.44987764954566956
30,Adam,10,-0.461195170879364
30,Adam,11,-0.47221434116363525
30,Adam,12,-0.4829199016094208
30,Adam,13,-0.4933069050312042
30,Adam,14,-0.5033591389656067
30,Adam,15,-0.5130632519721985
30,Adam,16,-0.5224199891090393
30,Adam,17,-0.5314290523529053
30,Adam,18,-0.5400781035423279
30,Adam,19,-0.5483761429786682
30,Adam,20,-0.5563266277313232
30,Adam,21,-0.5639311075210571
30,Adam,22,-0.5711935758590698
30,Adam,23,-0.5781199932098389
30,Adam,24,-0.5847207307815552
30,Adam,25,-0.5910018086433411
30,Adam,26,-0.5969756841659546
30,Adam,27,-0.6026537418365479
30,Adam,28,-0.6080406904220581
30,Adam,29,-0.6131510138511658
30,Adam,30,-0.6179969310760498
30,Adam,31,-0.6225915551185608
30,Adam,32,-0.6269420385360718
30,Adam,33,-0.6310645937919617
30,Adam,34,-0.6349694728851318
30,Adam,35,-0.6386675238609314
30,Adam,36,-0.6421673893928528
30,Adam,37,-0.6454790234565735
30,Adam,38,-0.6486166715621948
30,Adam,39,-0.6515882015228271
30,Adam,40,-0.6544032096862793
30,Adam,41,-0.6570667028427124
30,Adam,42,-0.6595922708511353
30,Adam,43,-0.6619883179664612
30,Adam,44,-0.6642586588859558
30,Adam,45,-0.6664167046546936
30,Adam,46,-0.6684610247612
30,Adam,47,-0.6704027652740479
30,Adam,48,-0.6722472310066223
30,Adam,49,-0.6740039587020874
30,Adam,50,-0.67567378282547
30,Adam,51,-0.6772609353065491
30,Adam,52,-0.678773820400238
30,Adam,53,-0.6802122592926025
30,Adam,54,-0.6815868020057678
30,Adam,55,-0.6828982830047607
30,Adam,56,-0.6841500997543335
30,Adam,57,-0.6853471398353577
30,Adam,58,-0.686488926410675
30,Adam,59,-0.6875810623168945
30,Adam,60,-0.6886295080184937
30,LBFGS,1,-0.46066972613334656
30,LBFGS,2,-0.6892956495285034
30,LBFGS,3,-0.7033329010009766
30,LBFGS,4,-0.717971682548523
30,LBFGS,5,-0.7234968543052673
30,LBFGS,6,-0.7267070412635803
30,LBFGS,7,-0.7284042835235596
30,LBFGS,8,-0.7292576432228088
30,LBFGS,9,-0.7299685478210449
30,LBFGS,10,-0.730170726776123
30,LBFGS,11,-0.730337381362915
30,LBFGS,12,-0.7304158806800842
30,LBFGS,13,-0.7304635643959045
30,LBFGS,14,-0.7304872870445251
30,LBFGS,15,-0.7305023074150085
30,LBFGS,16,-0.7305079698562622
30,LBFGS,17,-0.7305134534835815
30,LBFGS,18,-0.7305164933204651
30,LBFGS,19,-0.730516791343689
30,LBFGS,20,-0.7305169105529785
30,LBFGS,21,-0.7305171489715576
30,LBFGS,22,-0.7305171489715576
30,LBFGS,23,-0.7305171489715576
30,LBFGS,24,-0.7305171489715576
30,LBFGS,25,-0.7305171489715576
30,LBFGS,26,-0.7305171489715576
30,LBFGS,27,-0.7305171489715576
30,LBFGS,28,-0.7305171489715576
30,LBFGS,29,-0.7305171489715576
30,LBFGS,30,-0.7305171489715576
30,LBFGS,31,-0.7305171489715576
30,LBFGS,32,-0.7305171489715576
30,LBFGS,33,-0.7305171489715576
30,LBFGS,34,-0.7305171489715576
30,LBFGS,35,-0.7305171489715576
30,LBFGS,36,-0.7305171489715576
30,LBFGS,37,-0.7305171489715576
30,LBFGS,38,-0.7305171489715576
30,LBFGS,39,-0.7305171489715576
30,LBFGS,40,-0.7305171489715576
30,LBFGS,41,-0.7305171489715576
30,LBFGS,42,-0.7305171489715576
30,LBFGS,43,-0.7305171489715576
30,LBFGS,44,-0.7305171489715576
30,LBFGS,45,-0.7305171489715576
30,LBFGS,46,-0.7305171489715576
30,LBFGS,47,-0.7305171489715576
30,LBFGS,48,-0.7305171489715576
30,LBFGS,49,-0.7305171489715576
30,LBFGS,50,-0.7305171489715576
30,LBFGS,51,-0.7305171489715576
30,LBFGS,52,-0.7305171489715576
30,LBFGS,53,-0.7305171489715576
30,LBFGS,54,-0.7305171489715576
30,LBFGS,55,-0.7305171489715576
30,LBFGS,56,-0.7305171489715576
30,LBFGS,57,-0.7305171489715576
30,LBFGS,58,-0.7305171489715576
30,LBFGS,59,-0.7305171489715576
30,LBFGS,60,-0.7305171489715576
30,PSO,1,-0.6328964829444885
30,PSO,2,-0.6978092789649963
30,PSO,3,-0.7110969424247742
30,PSO,4,-0.7261426448822021
30,PSO,5,-0.7305142283439636
30,PSO,6,-0.7305142283439636
30,PSO,7,-0.7305170893669128
30,PSO,8,-0.7305170893669128
30,PSO,9,-0.7305170893669128
30,PSO,10,-0.7305171489715576
30,PSO,11,-0.7305171489715576
30,PSO,12,-0.7305172085762024
30,PSO,13,-0.7305172085762024
30,PSO,14,-0.7305172085762024
30,PSO,15,-0.7305172085762024
30,PSO,16,-0.7305172681808472
30,PSO,17,-0.7305172681808472
30,PSO,18,-0.7305172681808472
30,PSO,19,-0.7305172681808472
30,PSO,20,-0.7305172681808472
30,PSO,21,-0.7305172681808472
30,PSO,22,-0.7305172681808472
30,PSO,23,-0.7305172681808472
30,PSO,24,-0.7305172681808472
30,PSO,25,-0.7305173277854919
30,PSO,26,-0.7305173277854919
30,PSO,27,-0.7305173277854919
30,PSO,28,-0.7305173277854919
30,PSO,29,-0.7305173277854919
30,PSO,30,-0.7305173277854919
30,PSO,31,-0.7305173277854919
30,PSO,32,-0.7305173277854919
30,PSO,33,-0.7305173277854919
30,PSO,34,-0.7305174469947815
30,PSO,35,-0.7305174469947815
30,PSO,36,-0.7305174469947815
30,PSO,37,-0.7305174469947815
30,PSO,38,-0.7305174469947815
30,PSO,39,-0.7305174469947815
30,PSO,40,-0.7305174469947815
30,PSO,41,-0.7305174469947815
30,PSO,42,-0.7305174469947815
30,PSO,43,-0.7305174469947815
30,PSO,44,-0.7305174469947815
30,PSO,45,-0.7305174469947815
30,PSO,46,-0.7305174469947815
30,PSO,47,-0.7305174469947815
30,PSO,48,-0.7305174469947815
30,PSO,49,-0.7305174469947815
30,PSO,50,-0.7305174469947815
30,PSO,51,-0.7305174469947815
30,PSO,52,-0.7305174469947815
30,PSO,53,-0.7305174469947815
30,PSO,54,-0.7305174469947815
30,PSO,55,-0.7305174469947815
30,PSO,56,-0.7305174469947815
30,PSO,57,-0.7305174469947815
30,PSO,58,-0.7305174469947815
30,PSO,59,-0.7305174469947815
30,PSO,60,-0.7305174469947815
30,DE,1,-0.5379021763801575
30,DE,2,-0.5870602130889893
30,DE,3,-0.6053758859634399
30,DE,4,-0.6893717646598816
30,DE,5,-0.6893717646598816
30,DE,6,-0.6893717646598816
30,DE,7,-0.6913324594497681
30,DE,8,-0.6965906620025635
30,DE,9,-0.6965906620025635
30,DE,10,-0.6965906620025635
30,DE,11,-0.6965906620025635
30,DE,12,-0.6965906620025635
30,DE,13,-0.7007858157157898
30,DE,14,-0.7027397751808167
30,DE,15,-0.7027397751808167
30,DE,16,-0.7048120498657227
30,DE,17,-0.7123677730560303
30,DE,18,-0.7130646109580994
30,DE,19,-0.7178930044174194
30,DE,20,-0.7201746106147766
30,DE,21,-0.7232581973075867
30,DE,22,-0.7232581973075867
30,DE,23,-0.7232581973075867
30,DE,24,-0.7261006236076355
30,DE,25,-0.7261006236076355
30,DE,26,-0.7261006236076355
30,DE,27,-0.7261006236076355
30,DE,28,-0.7271038293838501
30,DE,29,-0.7277641296386719
30,DE,30,-0.7277641296386719
30,DE,31,-0.7277641296386719
30,DE,32,-0.7277641296386719
30,DE,33,-0.7286338806152344
30,DE,34,-0.7291780710220337
30,DE,35,-0.7291780710220337
30,DE,36,-0.7293004989624023
30,DE,37,-0.7293692827224731
30,DE,38,-0.7296969294548035
30,DE,39,-0.7296969294548035
30,DE,40,-0.7296969294548035
30,DE,41,-0.7296969294548035
30,DE,42,-0.7296969294548035
30,DE,43,-0.7296969294548035
30,DE,44,-0.7298840284347534
30,DE,45,-0.7298840284347534
30,DE,46,-0.7298840284347534
30,DE,47,-0.7300053238868713
30,DE,48,-0.7304251790046692
30,DE,49,-0.7304251790046692
30,DE,50,-0.7304251790046692
30,DE,51,-0.7304251790046692
30,DE,52,-0.7304251790046692
30,DE,53,-0.7304251790046692
30,DE,54,-0.7304251790046692
30,DE,55,-0.7304251790046692
30,DE,56,-0.7304251790046692
30,DE,57,-0.7304251790046692
30,DE,58,-0.7304251790046692
30,DE,59,-0.7304251790046692
30,DE,60,-0.7304251790046692
30,PSO+LBFGS,1,-0.6789911985397339
30,PSO+LBFGS,2,-0.7252984642982483
30,PSO+LBFGS,3,-0.730502724647522
30,PSO+LBFGS,4,-0.7305169701576233
30,PSO+LBFGS,5,-0.7305170297622681
30,PSO+LBFGS,6,-0.7305170297622681
30,PSO+LBFGS,7,-0.7305170297622681
30,PSO+LBFGS,8,-0.7305170893669128
30,PSO+LBFGS,9,-0.7305170893669128
30,PSO+LBFGS,10,-0.7305170893669128
30,PSO+LBFGS,11,-0.7305171489715576
30,PSO+LBFGS,12,-0.7305171489715576
30,PSO+LBFGS,13,-0.7305171489715576
30,PSO+LBFGS,14,-0.7305171489715576
30,PSO+LBFGS,15,-0.7305171489715576
30,PSO+LBFGS,16,-0.7305171489715576
30,PSO+LBFGS,17,-0.7305171489715576
30,PSO+LBFGS,18,-0.7305172681808472
30,PSO+LBFGS,19,-0.7305172681808472
30,PSO+LBFGS,20,-0.7305173873901367
30,PSO+LBFGS,21,-0.7305173873901367
30,PSO+LBFGS,22,-0.7305173873901367
30,PSO+LBFGS,23,-0.7305173873901367
30,PSO+LBFGS,24,-0.7305173873901367
30,PSO+LBFGS,25,-0.7305173873901367
30,PSO+LBFGS,26,-0.7305173873901367
30,PSO+LBFGS,27,-0.7305173873901367
30,PSO+LBFGS,28,-0.7305173873901367
30,PSO+LBFGS,29,-0.7305173873901367
30,PSO+LBFGS,30,-0.7305173873901367
30,PSO+LBFGS,31,-0.7305173873901367
30,PSO+LBFGS,32,-0.7305173873901367
30,PSO+LBFGS,33,-0.7305173873901367
30,PSO+LBFGS,34,-0.7305173873901367
30,PSO+LBFGS,35,-0.7305173873901367
30,PSO+LBFGS,36,-0.7305173873901367
30,PSO+LBFGS,37,-0.7305173873901367
30,PSO+LBFGS,38,-0.7305173873901367
30,PSO+LBFGS,39,-0.7305173873901367
30,PSO+LBFGS,40,-0.7305173873901367
30,PSO+LBFGS,41,-0.7305171489715576
30,PSO+LBFGS,42,-0.7305171489715576
30,PSO+LBFGS,43,-0.7305171489715576
30,PSO+LBFGS,44,-0.7305171489715576
30,PSO+LBFGS,45,-0.7305171489715576
30,PSO+LBFGS,46,-0.7305171489715576
30,PSO+LBFGS,47,-0.7305171489715576
30,PSO+LBFGS,48,-0.7305171489715576
30,PSO+LBFGS,49,-0.7305171489715576
30,PSO+LBFGS,50,-0.7305171489715576
30,PSO+LBFGS,51,-0.7305171489715576
30,PSO+LBFGS,52,-0.7305171489715576
30,PSO+LBFGS,53,-0.7305171489715576
30,PSO+LBFGS,54,-0.7305171489715576
30,PSO+LBFGS,55,-0.7305171489715576
30,PSO+LBFGS,56,-0.7305171489715576
30,PSO+LBFGS,57,-0.7305171489715576
30,PSO+LBFGS,58,-0.7305171489715576
30,PSO+LBFGS,59,-0.7305171489715576
30,PSO+LBFGS,60,-0.7305171489715576
31,Adam,1,-1.9187262058258057
31,Adam,2,-1.923600196838379
31,Adam,3,-1.9283555746078491
31,Adam,4,-1.9329919815063477
31,Adam,5,-1.937511920928955
31,Adam,6,-1.941912055015564
31,Adam,7,-1.9461896419525146
31,Adam,8,-1.9503405094146729
31,Adam,9,-1.9543578624725342
31,Adam,10,-1.9582370519638062
31,Adam,11,-1.9619754552841187
31,Adam,12,-1.9655708074569702
31,Adam,13,-1.9690204858779907
31,Adam,14,-1.9723255634307861
31,Adam,15,-1.975486397743225
31,Adam,16,-1.9785035848617554
31,Adam,17,-1.981378436088562
31,Adam,18,-1.9841135740280151
31,Adam,19,-1.986712098121643
31,Adam,20,-1.9891798496246338
31,Adam,21,-1.9915170669555664
31,Adam,22,-1.9937313795089722
31,Adam,23,-1.9958263635635376
31,Adam,24,-1.9978066682815552
31,Adam,25,-1.999675989151001
31,Adam,26,-2.001441717147827
31,Adam,27,-2.003108501434326
31,Adam,28,-2.0046794414520264
31,Adam,29,-2.006162405014038
31,Adam,30,-2.0075602531433105
31,Adam,31,-2.008878231048584
31,Adam,32,-2.0101208686828613
31,Adam,33,-2.011291980743408
31,Adam,34,-2.012397289276123
31,Adam,35,-2.013439178466797
31,Adam,36,-2.01442289352417
31,Adam,37,-2.0153515338897705
31,Adam,38,-2.016228437423706
31,Adam,39,-2.0170559883117676
31,Adam,40,-2.017838954925537
31,Adam,41,-2.018577814102173
31,Adam,42,-2.019277334213257
31,Adam,43,-2.0199403762817383
31,Adam,44,-2.0205678939819336
31,Adam,45,-2.0211617946624756
31,Adam,46,-2.02172589302063
31,Adam,47,-2.0222597122192383
31,Adam,48,-2.022768259048462
31,Adam,49,-2.0232505798339844
31,Adam,50,-2.023709774017334
31,Adam,51,-2.0241453647613525
31,Adam,52,-2.024561643600464
31,Adam,53,-2.0249571800231934
31,Adam,54,-2.0253350734710693
31,Adam,55,-2.025695323944092
31,Adam,56,-2.0260393619537354
31,Adam,57,-2.0263688564300537
31,Adam,58,-2.0266828536987305
31,Adam,59,-2.026984453201294
31,Adam,60,-2.0272724628448486
31,LBFGS,1,-1.9807474613189697
31,LBFGS,2,-2.0213215351104736
31,LBFGS,3,-2.0286238193511963
31,LBFGS,4,-2.033928394317627
31,LBFGS,5,-2.0364062786102295
31,LBFGS,6,-2.037799835205078
31,LBFGS,7,-2.038562297821045
31,LBFGS,8,-2.03898549079895
31,LBFGS,9,-2.0392212867736816
31,LBFGS,10,-2.03935170173645
31,LBFGS,11,-2.0394251346588135
31,LBFGS,12,-2.0394656658172607
31,LBFGS,13,-2.039477586746216
31,LBFGS,14,-2.0394976139068604
31,LBFGS,15,-2.039505958557129
31,LBFGS,16,-2.039510488510132
31,LBFGS,17,-2.0395123958587646
31,LBFGS,18,-2.0395145416259766
31,LBFGS,19,-2.039515256881714
31,LBFGS,20,-2.039515733718872
31,LBFGS,21,-2.039515733718872
31,LBFGS,22,-2.039515733718872
31,LBFGS,23,-2.039515972137451
31,LBFGS,24,-2.039515972137451
31,LBFGS,25,-2.039515972137451
31,LBFGS,26,-2.039515972137451
31,LBFGS,27,-2.039515972137451
31,LBFGS,28,-2.039515972137451
31,LBFGS,29,-2.039515972137451
31,LBFGS,30,-2.039515972137451
31,LBFGS,31,-2.039515972137451
31,LBFGS,32,-2.039515972137451
31,LBFGS,33,-2.039515972137451
31,LBFGS,34,-2.039515972137451
31,LBFGS,35,-2.039515972137451
31,LBFGS,36,-2.039515972137451
31,LBFGS,37,-2.039515972137451
31,LBFGS,38,-2.039515972137451
31,LBFGS,39,-2.039515972137451
31,LBFGS,40,-2.039515972137451
31,LBFGS,41,-2.039515972137451
31,LBFGS,42,-2.039515972137451
31,LBFGS,43,-2.039515972137451
31,LBFGS,44,-2.039515972137451
31,LBFGS,45,-2.039515972137451
31,LBFGS,46,-2.039515972137451
31,LBFGS,47,-2.039515972137451
31,LBFGS,48,-2.039515972137451
31,LBFGS,49,-2.039515972137451
31,LBFGS,50,-2.039515972137451
31,LBFGS,51,-2.039515972137451
31,LBFGS,52,-2.039515972137451
31,LBFGS,53,-2.039515972137451
31,LBFGS,54,-2.039515972137451
31,LBFGS,55,-2.039515972137451
31,LBFGS,56,-2.039515972137451
31,LBFGS,57,-2.039515972137451
31,LBFGS,58,-2.039515972137451
31,LBFGS,59,-2.039515972137451
31,LBFGS,60,-2.039515972137451
31,PSO,1,-2.0059962272644043
31,PSO,2,-2.0310075283050537
31,PSO,3,-2.03192400932312
31,PSO,4,-2.0353243350982666
31,PSO,5,-2.0376498699188232
31,PSO,6,-2.0392954349517822
31,PSO,7,-2.039515495300293
31,PSO,8,-2.039515495300293
31,PSO,9,-2.039515495300293
31,PSO,10,-2.039515495300293
31,PSO,11,-2.039515733718872
31,PSO,12,-2.039515733718872
31,PSO,13,-2.039515733718872
31,PSO,14,-2.0395162105560303
31,PSO,15,-2.0395162105560303
31,PSO,16,-2.0395162105560303
31,PSO,17,-2.0395162105560303
31,PSO,18,-2.0395162105560303
31,PSO,19,-2.0395162105560303
31,PSO,20,-2.0395162105560303
31,PSO,21,-2.0395164489746094
31,PSO,22,-2.0395164489746094
31,PSO,23,-2.0395164489746094
31,PSO,24,-2.0395164489746094
31,PSO,25,-2.0395164489746094
31,PSO,26,-2.0395164489746094
31,PSO,27,-2.0395164489746094
31,PSO,28,-2.0395164489746094
31,PSO,29,-2.0395164489746094
31,PSO,30,-2.0395164489746094
31,PSO,31,-2.0395164489746094
31,PSO,32,-2.0395164489746094
31,PSO,33,-2.0395164489746094
31,PSO,34,-2.0395164489746094
31,PSO,35,-2.0395164489746094
31,PSO,36,-2.0395164489746094
31,PSO,37,-2.0395164489746094
31,PSO,38,-2.0395164489746094
31,PSO,39,-2.0395164489746094
31,PSO,40,-2.0395164489746094
31,PSO,41,-2.0395164489746094
31,PSO,42,-2.0395164489746094
31,PSO,43,-2.0395164489746094
31,PSO,44,-2.0395164489746094
31,PSO,45,-2.0395164489746094
31,PSO,46,-2.0395164489746094
31,PSO,47,-2.0395164489746094
31,PSO,48,-2.0395164489746094
31,PSO,49,-2.0395164489746094
31,PSO,50,-2.0395164489746094
31,PSO,51,-2.0395164489746094
31,PSO,52,-2.0395164489746094
31,PSO,53,-2.0395164489746094
31,PSO,54,-2.0395164489746094
31,PSO,55,-2.0395164489746094
31,PSO,56,-2.0395164489746094
31,PSO,57,-2.0395164489746094
31,PSO,58,-2.0395164489746094
31,PSO,59,-2.0395164489746094
31,PSO,60,-2.0395164489746094
31,DE,1,-2.003561496734619
31,DE,2,-2.003561496734619
31,DE,3,-2.0058722496032715
31,DE,4,-2.0069451332092285
31,DE,5,-2.0101184844970703
31,DE,6,-2.0189788341522217
31,DE,7,-2.0189788341522217
31,DE,8,-2.0218379497528076
31,DE,9,-2.0260918140411377
31,DE,10,-2.029745101928711
31,DE,11,-2.029745101928711
31,DE,12,-2.0311028957366943
31,DE,13,-2.0335769653320312
31,DE,14,-2.0350635051727295
31,DE,15,-2.0350635051727295
31,DE,16,-2.0350635051727295
31,DE,17,-2.035396099090576
31,DE,18,-2.036332607269287
31,DE,19,-2.036332607269287
31,DE,20,-2.0368540287017822
31,DE,21,-2.0376768112182617
31,DE,22,-2.0379021167755127
31,DE,23,-2.0379021167755127
31,DE,24,-2.038254976272583
31,DE,25,-2.038254976272583
31,DE,26,-2.0383007526397705
31,DE,27,-2.03861141204834
31,DE,28,-2.03861141204834
31,DE,29,-2.0388975143432617
31,DE,30,-2.0388975143432617
31,DE,31,-2.0388975143432617
31,DE,32,-2.0388975143432617
31,DE,33,-2.039222240447998
31,DE,34,-2.039222240447998
31,DE,35,-2.039222240447998
31,DE,36,-2.039222240447998
31,DE,37,-2.039222240447998
31,DE,38,-2.039222240447998
31,DE,39,-2.039222240447998
31,DE,40,-2.039222240447998
31,DE,41,-2.039222240447998
31,DE,42,-2.039222240447998
31,DE,43,-2.039222240447998
31,DE,44,-2.0392539501190186
31,DE,45,-2.0392539501190186
31,DE,46,-2.0393385887145996
31,DE,47,-2.0393385887145996
31,DE,48,-2.0393385887145996
31,DE,49,-2.0393612384796143
31,DE,50,-2.0393612384796143
31,DE,51,-2.039372682571411
31,DE,52,-2.0393900871276855
31,DE,53,-2.039431095123291
31,DE,54,-2.039431095123291
31,DE,55,-2.0394489765167236
31,DE,56,-2.039475202560425
31,DE,57,-2.039475202560425
31,DE,58,-2.039475202560425
31,DE,59,-2.0394790172576904
31,DE,60,-2.0394790172576904
31,PSO+LBFGS,1,-1.9922562837600708
31,PSO+LBFGS,2,-2.0156092643737793
31,PSO+LBFGS,3,-2.0273993015289307
31,PSO+LBFGS,4,-2.0294294357299805
31,PSO+LBFGS,5,-2.037653923034668
31,PSO+LBFGS,6,-2.038440465927124
31,PSO+LBFGS,7,-2.0393614768981934
31,PSO+LBFGS,8,-2.0395162105560303
31,PSO+LBFGS,9,-2.0395162105560303
31,PSO+LBFGS,10,-2.0395162105560303
31,PSO+LBFGS,11,-2.0395162105560303
31,PSO+LBFGS,12,-2.0395162105560303
31,PSO+LBFGS,13,-2.0395162105560303
31,PSO+LBFGS,14,-2.0395162105560303
31,PSO+LBFGS,15,-2.0395162105560303
31,PSO+LBFGS,16,-2.0395162105560303
31,PSO+LBFGS,17,-2.0395162105560303
31,PSO+LBFGS,18,-2.0395162105560303
31,PSO+LBFGS,19,-2.0395162105560303
31,PSO+LBFGS,20,-2.0395162105560303
31,PSO+LBFGS,21,-2.0395162105560303
31,PSO+LBFGS,22,-2.0395162105560303
31,PSO+LBFGS,23,-2.0395162105560303
31,PSO+LBFGS,24,-2.0395162105560303
31,PSO+LBFGS,25,-2.0395162105560303
31,PSO+LBFGS,26,-2.0395162105560303
31,PSO+LBFGS,27,-2.0395162105560303
31,PSO+LBFGS,28,-2.0395162105560303
31,PSO+LBFGS,29,-2.0395162105560303
31,PSO+LBFGS,30,-2.0395162105560303
31,PSO+LBFGS,31,-2.0395162105560303
31,PSO+LBFGS,32,-2.0395164489746094
31,PSO+LBFGS,33,-2.0395164489746094
31,PSO+LBFGS,34,-2.0395164489746094
31,PSO+LBFGS,35,-2.0395164489746094
31,PSO+LBFGS,36,-2.0395164489746094
31,PSO+LBFGS,37,-2.0395164489746094
31,PSO+LBFGS,38,-2.0395164489746094
31,PSO+LBFGS,39,-2.0395164489746094
31,PSO+LBFGS,40,-2.0395164489746094
31,PSO+LBFGS,41,-2.0395162105560303
31,PSO+LBFGS,42,-2.0395162105560303
31,PSO+LBFGS,43,-2.0395162105560303
31,PSO+LBFGS,44,-2.0395162105560303
31,PSO+LBFGS,45,-2.0395162105560303
31,PSO+LBFGS,46,-2.0395162105560303
31,PSO+LBFGS,47,-2.0395162105560303
31,PSO+LBFGS,48,-2.0395162105560303
31,PSO+LBFGS,49,-2.0395162105560303
31,PSO+LBFGS,50,-2.0395162105560303
31,PSO+LBFGS,51,-2.0395162105560303
31,PSO+LBFGS,52,-2.0395162105560303
31,PSO+LBFGS,53,-2.0395162105560303
31,PSO+LBFGS,54,-2.0395162105560303
31,PSO+LBFGS,55,-2.0395162105560303
31,PSO+LBFGS,56,-2.0395162105560303
31,PSO+LBFGS,57,-2.0395162105560303
31,PSO+LBFGS,58,-2.0395162105560303
31,PSO+LBFGS,59,-2.0395162105560303
31,PSO+LBFGS,60,-2.0395162105560303
32,Adam,1,-0.12368753552436829
32,Adam,2,-0.12994366884231567
32,Adam,3,-0.13613684475421906
32,Adam,4,-0.14225837588310242
32,Adam,5,-0.14829520881175995
32,Adam,6,-0.1542394459247589
32,Adam,7,-0.1600763350725174
32,Adam,8,-0.16579757630825043
32,Adam,9,-0.1713964343070984
32,Adam,10,-0.17686328291893005
32,Adam,11,-0.18218593299388885
32,Adam,12,-0.18736441433429718
32,Adam,13,-0.192385733127594
32,Adam,14,-0.1972486823797226
32,Adam,15,-0.20194844901561737
32,Adam,16,-0.20648087561130524
32,Adam,17,-0.21084700524806976
32,Adam,18,-0.21504366397857666
32,Adam,19,-0.2190724015235901
32,Adam,20,-0.22293131053447723
32,Adam,21,-0.2266244888305664
32,Adam,22,-0.23015573620796204
32,Adam,23,-0.23352371156215668
32,Adam,24,-0.23673386871814728
32,Adam,25,-0.23979076743125916
32,Adam,26,-0.24269980192184448
32,Adam,27,-0.2454649657011032
32,Adam,28,-0.24809065461158752
32,Adam,29,-0.250583291053772
32,Adam,30,-0.25294777750968933
32,Adam,31,-0.255187064409256
32,Adam,32,-0.25731250643730164
32,Adam,33,-0.25932350754737854
32,Adam,34,-0.2612292766571045
32,Adam,35,-0.2630344033241272
32,Adam,36,-0.26474255323410034
32,Adam,37,-0.26636162400245667
32,Adam,38,-0.2678937017917633
32,Adam,39,-0.26934465765953064
32,Adam,40,-0.2707192599773407
32,Adam,41,-0.2720220685005188
32,Adam,42,-0.27325430512428284
32,Adam,43,-0.2744252681732178
32,Adam,44,-0.2755345404148102
32,Adam,45,-0.2765861749649048
32,Adam,46,-0.2775857448577881
32,Adam,47,-0.27853280305862427
32,Adam,48,-0.2794347107410431
32,Adam,49,-0.28029200434684753
32,Adam,50,-0.28110694885253906
32,Adam,51,-0.2818800210952759
32,Adam,52,-0.28261905908584595
32,Adam,53,-0.2833223342895508
32,Adam,54,-0.28399187326431274
32,Adam,55,-0.2846302390098572
32,Adam,56,-0.2852391004562378
32,Adam,57,-0.28582432866096497
32,Adam,58,-0.2863791584968567
32,Adam,59,-0.2869121730327606
32,Adam,60,-0.2874225378036499
32,LBFGS,1,-0.2377573698759079
32,LBFGS,2,-0.2831321954727173
32,LBFGS,3,-0.2941091060638428
32,LBFGS,4,-0.30080845952033997
32,LBFGS,5,-0.3039264678955078
32,LBFGS,6,-0.30563241243362427
32,LBFGS,7,-0.30655527114868164
32,LBFGS,8,-0.30706509947776794
32,LBFGS,9,-0.3073454201221466
32,LBFGS,10,-0.30743348598480225
32,LBFGS,11,-0.3075595498085022
32,LBFGS,12,-0.3076237440109253
32,LBFGS,13,-0.3076488971710205
32,LBFGS,14,-0.3076742887496948
32,LBFGS,15,-0.3076837360858917
32,LBFGS,16,-0.30768969655036926
32,LBFGS,17,-0.30769285559654236
32,LBFGS,18,-0.30769532918930054
32,LBFGS,19,-0.3076956868171692
32,LBFGS,20,-0.3076958954334259
32,LBFGS,21,-0.30769628286361694
32,LBFGS,22,-0.30769628286361694
32,LBFGS,23,-0.30769628286361694
32,LBFGS,24,-0.30769628286361694
32,LBFGS,25,-0.30769628286361694
32,LBFGS,26,-0.30769628286361694
32,LBFGS,27,-0.30769628286361694
32,LBFGS,28,-0.30769628286361694
32,LBFGS,29,-0.30769628286361694
32,LBFGS,30,-0.30769628286361694
32,LBFGS,31,-0.30769628286361694
32,LBFGS,32,-0.30769628286361694
32,LBFGS,33,-0.30769628286361694
32,LBFGS,34,-0.30769628286361694
32,LBFGS,35,-0.30769628286361694
32,LBFGS,36,-0.30769628286361694
32,LBFGS,37,-0.30769628286361694
32,LBFGS,38,-0.30769628286361694
32,LBFGS,39,-0.30769628286361694
32,LBFGS,40,-0.30769628286361694
32,LBFGS,41,-0.30769628286361694
32,LBFGS,42,-0.30769628286361694
32,LBFGS,43,-0.30769628286361694
32,LBFGS,44,-0.30769628286361694
32,LBFGS,45,-0.30769628286361694
32,LBFGS,46,-0.30769628286361694
32,LBFGS,47,-0.30769628286361694
32,LBFGS,48,-0.30769628286361694
32,LBFGS,49,-0.30769628286361694
32,LBFGS,50,-0.30769628286361694
32,LBFGS,51,-0.30769628286361694
32,LBFGS,52,-0.30769628286361694
32,LBFGS,53,-0.30769628286361694
32,LBFGS,54,-0.30769628286361694
32,LBFGS,55,-0.30769628286361694
32,LBFGS,56,-0.30769628286361694
32,LBFGS,57,-0.30769628286361694
32,LBFGS,58,-0.30769628286361694
32,LBFGS,59,-0.30769628286361694
32,LBFGS,60,-0.30769628286361694
32,PSO,1,-0.27989569306373596
32,PSO,2,-0.3068528473377228
32,PSO,3,-0.3076161742210388
32,PSO,4,-0.30769598484039307
32,PSO,5,-0.30769622325897217
32,PSO,6,-0.30769622325897217
32,PSO,7,-0.30769622325897217
32,PSO,8,-0.30769622325897217
32,PSO,9,-0.30769628286361694
32,PSO,10,-0.30769628286361694
32,PSO,11,-0.3076963722705841
32,PSO,12,-0.3076963722705841
32,PSO,13,-0.3076963722705841
32,PSO,14,-0.3076963722705841
32,PSO,15,-0.3076963722705841
32,PSO,16,-0.3076963722705841
32,PSO,17,-0.3076963722705841
32,PSO,18,-0.3076964020729065
32,PSO,19,-0.3076964020729065
32,PSO,20,-0.3076964020729065
32,PSO,21,-0.3076964020729065
32,PSO,22,-0.30769649147987366
32,PSO,23,-0.30769649147987366
32,PSO,24,-0.30769649147987366
32,PSO,25,-0.30769649147987366
32,PSO,26,-0.30769649147987366
32,PSO,27,-0.30769649147987366
32,PSO,28,-0.30769649147987366
32,PSO,29,-0.30769649147987366
32,PSO,30,-0.30769649147987366
32,PSO,31,-0.30769649147987366
32,PSO,32,-0.30769649147987366
32,PSO,33,-0.30769652128219604
32,PSO,34,-0.30769652128219604
32,PSO,35,-0.30769652128219604
32,PSO,36,-0.30769652128219604
32,PSO,37,-0.30769652128219604
32,PSO,38,-0.30769652128219604
32,PSO,39,-0.30769652128219604
32,PSO,40,-0.30769652128219604
32,PSO,41,-0.30769652128219604
32,PSO,42,-0.30769652128219604
32,PSO,43,-0.30769652128219604
32,PSO,44,-0.30769655108451843
32,PSO,45,-0.30769655108451843
32,PSO,46,-0.30769655108451843
32,PSO,47,-0.30769655108451843
32,PSO,48,-0.30769655108451843
32,PSO,49,-0.30769655108451843
32,PSO,50,-0.30769655108451843
32,PSO,51,-0.30769655108451843
32,PSO,52,-0.30769655108451843
32,PSO,53,-0.30769655108451843
32,PSO,54,-0.30769655108451843
32,PSO,55,-0.30769655108451843
32,PSO,56,-0.30769655108451843
32,PSO,57,-0.30769655108451843
32,PSO,58,-0.30769655108451843
32,PSO,59,-0.30769655108451843
32,PSO,60,-0.30769655108451843
32,DE,1,-0.26113298535346985
32,DE,2,-0.26113298535346985
32,DE,3,-0.266154021024704
32,DE,4,-0.271282821893692
32,DE,5,-0.2795225977897644
32,DE,6,-0.2909831702709198
32,DE,7,-0.2909831702709198
32,DE,8,-0.2909831702709198
32,DE,9,-0.2909831702709198
32,DE,10,-0.2945045530796051
32,DE,11,-0.2945045530796051
32,DE,12,-0.29784098267555237
32,DE,13,-0.29784098267555237
32,DE,14,-0.29784098267555237
32,DE,15,-0.3024492859840393
32,DE,16,-0.303972989320755
32,DE,17,-0.303972989320755
32,DE,18,-0.303972989320755
32,DE,19,-0.303972989320755
32,DE,20,-0.303972989320755
32,DE,21,-0.303972989320755
32,DE,22,-0.303972989320755
32,DE,23,-0.303972989320755
32,DE,24,-0.30522027611732483
32,DE,25,-0.30546340346336365
32,DE,26,-0.3055276572704315
32,DE,27,-0.3061693012714386
32,DE,28,-0.3061693012714386
32,DE,29,-0.3061693012714386
32,DE,30,-0.3061693012714386
32,DE,31,-0.3061693012714386
32,DE,32,-0.3065599501132965
32,DE,33,-0.3065599501132965
32,DE,34,-0.3067731559276581
32,DE,35,-0.3067731559276581
32,DE,36,-0.3067731559276581
32,DE,37,-0.3067731559276581
32,DE,38,-0.3067837655544281
32,DE,39,-0.3067837655544281
32,DE,40,-0.3070312440395355
32,DE,41,-0.307180255651474
32,DE,42,-0.307180255651474
32,DE,43,-0.307273805141449
32,DE,44,-0.307273805141449
32,DE,45,-0.307273805141449
32,DE,46,-0.3073302209377289
32,DE,47,-0.30740466713905334
32,DE,48,-0.30740466713905334
32,DE,49,-0.30740466713905334
32,DE,50,-0.3074181079864502
32,DE,51,-0.3074181079864502
32,DE,52,-0.3074181079864502
32,DE,53,-0.3074779808521271
32,DE,54,-0.3075098693370819
32,DE,55,-0.307526558637619
32,DE,56,-0.307526558637619
32,DE,57,-0.30754947662353516
32,DE,58,-0.30754947662353516
32,DE,59,-0.30754947662353516
32,DE,60,-0.30754947662353516
32,PSO+LBFGS,1,-0.2658812999725342
32,PSO+LBFGS,2,-0.2981880009174347
32,PSO+LBFGS,3,-0.3046848475933075
32,PSO+LBFGS,4,-0.30747929215431213
32,PSO+LBFGS,5,-0.3076631426811218
32,PSO+LBFGS,6,-0.3076631426811218
32,PSO+LBFGS,7,-0.3076919913291931
32,PSO+LBFGS,8,-0.30769628286361694
32,PSO+LBFGS,9,-0.30769628286361694
32,PSO+LBFGS,10,-0.3076963424682617
32,PSO+LBFGS,11,-0.3076963424682617
32,PSO+LBFGS,12,-0.3076963424682617
32,PSO+LBFGS,13,-0.3076963424682617
32,PSO+LBFGS,14,-0.3076963424682617
32,PSO+LBFGS,15,-0.3076963424682617
32,PSO+LBFGS,16,-0.3076963424682617
32,PSO+LBFGS,17,-0.3076963424682617
32,PSO+LBFGS,18,-0.3076963424682617
32,PSO+LBFGS,19,-0.3076963424682617
32,PSO+LBFGS,20,-0.3076964020729065
32,PSO+LBFGS,21,-0.3076964020729065
32,PSO+LBFGS,22,-0.3076964020729065
32,PSO+LBFGS,23,-0.3076964020729065
32,PSO+LBFGS,24,-0.3076964020729065
32,PSO+LBFGS,25,-0.3076964020729065
32,PSO+LBFGS,26,-0.3076964020729065
32,PSO+LBFGS,27,-0.3076964020729065
32,PSO+LBFGS,28,-0.3076964020729065
32,PSO+LBFGS,29,-0.3076964318752289
32,PSO+LBFGS,30,-0.3076964318752289
32,PSO+LBFGS,31,-0.3076964318752289
32,PSO+LBFGS,32,-0.3076964318752289
32,PSO+LBFGS,33,-0.3076964318752289
32,PSO+LBFGS,34,-0.3076964318752289
32,PSO+LBFGS,35,-0.3076964318752289
32,PSO+LBFGS,36,-0.3076964318752289
32,PSO+LBFGS,37,-0.3076964318752289
32,PSO+LBFGS,38,-0.3076964318752289
32,PSO+LBFGS,39,-0.3076964318752289
32,PSO+LBFGS,40,-0.30769649147987366
32,PSO+LBFGS,41,-0.3076963722705841
32,PSO+LBFGS,42,-0.3076963722705841
32,PSO+LBFGS,43,-0.3076963722705841
32,PSO+LBFGS,44,-0.3076963722705841
32,PSO+LBFGS,45,-0.3076963722705841
32,PSO+LBFGS,46,-0.3076963722705841
32,PSO+LBFGS,47,-0.3076963722705841
32,PSO+LBFGS,48,-0.3076963722705841
32,PSO+LBFGS,49,-0.3076963722705841
32,PSO+LBFGS,50,-0.3076963722705841
32,PSO+LBFGS,51,-0.3076963722705841
32,PSO+LBFGS,52,-0.3076963722705841
32,PSO+LBFGS,53,-0.3076963722705841
32,PSO+LBFGS,54,-0.3076963722705841
32,PSO+LBFGS,55,-0.3076963722705841
32,PSO+LBFGS,56,-0.3076963722705841
32,PSO+LBFGS,57,-0.3076963722705841
32,PSO+LBFGS,58,-0.3076963722705841
32,PSO+LBFGS,59,-0.3076963722705841
32,PSO+LBFGS,60,-0.3076963722705841
33,Adam,1,-0.6838270425796509
33,Adam,2,-0.6939738392829895
33,Adam,3,-0.7039750218391418
33,Adam,4,-0.7138157486915588
33,Adam,5,-0.7234756350517273
33,Adam,6,-0.7329409122467041
33,Adam,7,-0.7421890497207642
33,Adam,8,-0.7512094378471375
33,Adam,9,-0.7599886655807495
33,Adam,10,-0.7685141563415527
33,Adam,11,-0.7767752408981323
33,Adam,12,-0.7847661972045898
33,Adam,13,-0.7924745678901672
33,Adam,14,-0.7999056577682495
33,Adam,15,-0.8070468306541443
33,Adam,16,-0.8139026761054993
33,Adam,17,-0.820471465587616
33,Adam,18,-0.8267543315887451
33,Adam,19,-0.8327593803405762
33,Adam,20,-0.8384838700294495
33,Adam,21,-0.8439382910728455
33,Adam,22,-0.8491319417953491
33,Adam,23,-0.8540646433830261
33,Adam,24,-0.8587481379508972
33,Adam,25,-0.8631954193115234
33,Adam,26,-0.8674101233482361
33,Adam,27,-0.8714008331298828
33,Adam,28,-0.8751813173294067
33,Adam,29,-0.8787606358528137
33,Adam,30,-0.8821436166763306
33,Adam,31,-0.8853451013565063
33,Adam,32,-0.8883726596832275
33,Adam,33,-0.8912351131439209
33,Adam,34,-0.8939414620399475
33,Adam,35,-0.89649897813797
33,Adam,36,-0.8989174962043762
33,Adam,37,-0.9012070298194885
33,Adam,38,-0.9033709764480591
33,Adam,39,-0.9054162502288818
33,Adam,40,-0.907355546951294
33,Adam,41,-0.909189760684967
33,Adam,42,-0.9109264016151428
33,Adam,43,-0.9125733375549316
33,Adam,44,-0.9141356945037842
33,Adam,45,-0.9156163334846497
33,Adam,46,-0.9170218706130981
33,Adam,47,-0.9183554649353027
33,Adam,48,-0.9196239113807678
33,Adam,49,-0.9208295941352844
33,Adam,50,-0.9219751954078674
33,Adam,51,-0.9230692386627197
33,Adam,52,-0.9241073727607727
33,Adam,53,-0.9250990748405457
33,Adam,54,-0.9260445833206177
33,Adam,55,-0.926947295665741
33,Adam,56,-0.9278104305267334
33,Adam,57,-0.9286344647407532
33,Adam,58,-0.9294207096099854
33,Adam,59,-0.9301769733428955
33,Adam,60,-0.9308992028236389
33,LBFGS,1,-0.7355074882507324
33,LBFGS,2,-0.9298751354217529
33,LBFGS,3,-0.9400428533554077
33,LBFGS,4,-0.950752854347229
33,LBFGS,5,-0.9551217555999756
33,LBFGS,6,-0.9576573371887207
33,LBFGS,7,-0.959019124507904
33,LBFGS,8,-0.9597786664962769
33,LBFGS,9,-0.9601974487304688
33,LBFGS,10,-0.9604288935661316
33,LBFGS,11,-0.9605584144592285
33,LBFGS,12,-0.9606294631958008
33,LBFGS,13,-0.960669994354248
33,LBFGS,14,-0.9606924653053284
33,LBFGS,15,-0.9607053995132446
33,LBFGS,16,-0.9607110023498535
33,LBFGS,17,-0.9607142210006714
33,LBFGS,18,-0.9607185125350952
33,LBFGS,19,-0.9607188701629639
33,LBFGS,20,-0.9607188701629639
33,LBFGS,21,-0.9607192277908325
33,LBFGS,22,-0.9607193470001221
33,LBFGS,23,-0.9607193470001221
33,LBFGS,24,-0.9607193470001221
33,LBFGS,25,-0.9607193470001221
33,LBFGS,26,-0.9607193470001221
33,LBFGS,27,-0.9607193470001221
33,LBFGS,28,-0.9607193470001221
33,LBFGS,29,-0.9607193470001221
33,LBFGS,30,-0.9607193470001221
33,LBFGS,31,-0.9607193470001221
33,LBFGS,32,-0.9607193470001221
33,LBFGS,33,-0.9607193470001221
33,LBFGS,34,-0.9607193470001221
33,LBFGS,35,-0.9607193470001221
33,LBFGS,36,-0.9607193470001221
33,LBFGS,37,-0.9607193470001221
33,LBFGS,38,-0.9607193470001221
33,LBFGS,39,-0.9607193470001221
33,LBFGS,40,-0.9607193470001221
33,LBFGS,41,-0.9607193470001221
33,LBFGS,42,-0.9607193470001221
33,LBFGS,43,-0.9607193470001221
33,LBFGS,44,-0.9607193470001221
33,LBFGS,45,-0.9607193470001221
33,LBFGS,46,-0.9607193470001221
33,LBFGS,47,-0.9607193470001221
33,LBFGS,48,-0.9607193470001221
33,LBFGS,49,-0.9607193470001221
33,LBFGS,50,-0.9607193470001221
33,LBFGS,51,-0.9607193470001221
33,LBFGS,52,-0.9607193470001221
33,LBFGS,53,-0.9607193470001221
33,LBFGS,54,-0.9607193470001221
33,LBFGS,55,-0.9607193470001221
33,LBFGS,56,-0.9607193470001221
33,LBFGS,57,-0.9607193470001221
33,LBFGS,58,-0.9607193470001221
33,LBFGS,59,-0.9607193470001221
33,LBFGS,60,-0.9607193470001221
33,PSO,1,-0.8499382138252258
33,PSO,2,-0.8681824803352356
33,PSO,3,-0.8870072960853577
33,PSO,4,-0.8870072960853577
33,PSO,5,-0.8903516530990601
33,PSO,6,-0.8942718505859375
33,PSO,7,-0.9006075859069824
33,PSO,8,-0.9103289842605591
33,PSO,9,-0.9216351509094238
33,PSO,10,-0.9311767220497131
33,PSO,11,-0.9423679709434509
33,PSO,12,-0.9572634100914001
33,PSO,13,-0.9607194662094116
33,PSO,14,-0.9607194662094116
33,PSO,15,-0.9607194662094116
33,PSO,16,-0.9607194662094116
33,PSO,17,-0.9607194662094116
33,PSO,18,-0.9607194662094116
33,PSO,19,-0.9607194662094116
33,PSO,20,-0.9607194662094116
33,PSO,21,-0.9607194662094116
33,PSO,22,-0.9607194662094116
33,PSO,23,-0.9607194662094116
33,PSO,24,-0.9607194662094116
33,PSO,25,-0.9607194662094116
33,PSO,26,-0.9607194662094116
33,PSO,27,-0.9607194662094116
33,PSO,28,-0.9607194662094116
33,PSO,29,-0.9607194662094116
33,PSO,30,-0.9607194662094116
33,PSO,31,-0.9607194662094116
33,PSO,32,-0.9607194662094116
33,PSO,33,-0.9607194662094116
33,PSO,34,-0.9607194662094116
33,PSO,35,-0.9607194662094116
33,PSO,36,-0.9607194662094116
33,PSO,37,-0.9607194662094116
33,PSO,38,-0.9607194662094116
33,PSO,39,-0.9607194662094116
33,PSO,40,-0.9607194662094116
33,PSO,41,-0.9607194662094116
33,PSO,42,-0.9607194662094116
33,PSO,43,-0.9607194662094116
33,PSO,44,-0.9607194662094116
33,PSO,45,-0.9607194662094116
33,PSO,46,-0.9607194662094116
33,PSO,47,-0.9607194662094116
33,PSO,48,-0.9607194662094116
33,PSO,49,-0.9607194662094116
33,PSO,50,-0.9607194662094116
33,PSO,51,-0.9607194662094116
33,PSO,52,-0.9607194662094116
33,PSO,53,-0.9607194662094116
33,PSO,54,-0.9607194662094116
33,PSO,55,-0.9607194662094116
33,PSO,56,-0.9607194662094116
33,PSO,57,-0.9607194662094116
33,PSO,58,-0.9607194662094116
33,PSO,59,-0.9607194662094116
33,PSO,60,-0.9607194662094116
33,DE,1,-0.8502475023269653
33,DE,2,-0.8648916482925415
33,DE,3,-0.9067572355270386
33,DE,4,-0.9098440408706665
33,DE,5,-0.91178297996521
33,DE,6,-0.913496196269989
33,DE,7,-0.913496196269989
33,DE,8,-0.9321542978286743
33,DE,9,-0.9321542978286743
33,DE,10,-0.9321542978286743
33,DE,11,-0.9332066178321838
33,DE,12,-0.9332066178321838
33,DE,13,-0.9412792921066284
33,DE,14,-0.9412792921066284
33,DE,15,-0.9476352334022522
33,DE,16,-0.9476352334022522
33,DE,17,-0.9511759281158447
33,DE,18,-0.9511759281158447
33,DE,19,-0.9518861174583435
33,DE,20,-0.9519107937812805
33,DE,21,-0.95250004529953
33,DE,22,-0.954165518283844
33,DE,23,-0.9542976021766663
33,DE,24,-0.9542976021766663
33,DE,25,-0.9550274014472961
33,DE,26,-0.9559882879257202
33,DE,27,-0.9559882879257202
33,DE,28,-0.9559882879257202
33,DE,29,-0.9562060236930847
33,DE,30,-0.9579331278800964
33,DE,31,-0.9579331278800964
33,DE,32,-0.9593287110328674
33,DE,33,-0.9593287110328674
33,DE,34,-0.9593287110328674
33,DE,35,-0.9598181247711182
33,DE,36,-0.9598181247711182
33,DE,37,-0.9598181247711182
33,DE,38,-0.95989590883255
33,DE,39,-0.95989590883255
33,DE,40,-0.9599652886390686
33,DE,41,-0.9600344300270081
33,DE,42,-0.9603636860847473
33,DE,43,-0.9603636860847473
33,DE,44,-0.9603636860847473
33,DE,45,-0.9603636860847473
33,DE,46,-0.9603636860847473
33,DE,47,-0.9603636860847473
33,DE,48,-0.9603636860847473
33,DE,49,-0.9604492783546448
33,DE,50,-0.9604492783546448
33,DE,51,-0.9605550765991211
33,DE,52,-0.9605550765991211
33,DE,53,-0.9605901837348938
33,DE,54,-0.9605901837348938
33,DE,55,-0.9606438279151917
33,DE,56,-0.9606438279151917
33,DE,57,-0.9606438279151917
33,DE,58,-0.9606438279151917
33,DE,59,-0.9606438279151917
33,DE,60,-0.9606488347053528
33,PSO+LBFGS,1,-0.8450652360916138
33,PSO+LBFGS,2,-0.9116657972335815
33,PSO+LBFGS,3,-0.9405409693717957
33,PSO+LBFGS,4,-0.9406826496124268
33,PSO+LBFGS,5,-0.945002019405365
33,PSO+LBFGS,6,-0.9506044983863831
33,PSO+LBFGS,7,-0.9561212658882141
33,PSO+LBFGS,8,-0.9607194662094116
33,PSO+LBFGS,9,-0.9607194662094116
33,PSO+LBFGS,10,-0.9607194662094116
33,PSO+LBFGS,11,-0.9607194662094116
33,PSO+LBFGS,12,-0.9607194662094116
33,PSO+LBFGS,13,-0.9607194662094116
33,PSO+LBFGS,14,-0.9607194662094116
33,PSO+LBFGS,15,-0.9607194662094116
33,PSO+LBFGS,16,-0.9607194662094116
33,PSO+LBFGS,17,-0.9607194662094116
33,PSO+LBFGS,18,-0.9607194662094116
33,PSO+LBFGS,19,-0.9607194662094116
33,PSO+LBFGS,20,-0.9607194662094116
33,PSO+LBFGS,21,-0.9607194662094116
33,PSO+LBFGS,22,-0.9607194662094116
33,PSO+LBFGS,23,-0.9607194662094116
33,PSO+LBFGS,24,-0.9607194662094116
33,PSO+LBFGS,25,-0.9607194662094116
33,PSO+LBFGS,26,-0.9607194662094116
33,PSO+LBFGS,27,-0.9607194662094116
33,PSO+LBFGS,28,-0.9607194662094116
33,PSO+LBFGS,29,-0.9607194662094116
33,PSO+LBFGS,30,-0.9607194662094116
33,PSO+LBFGS,31,-0.9607194662094116
33,PSO+LBFGS,32,-0.9607194662094116
33,PSO+LBFGS,33,-0.9607194662094116
33,PSO+LBFGS,34,-0.9607194662094116
33,PSO+LBFGS,35,-0.9607194662094116
33,PSO+LBFGS,36,-0.9607194662094116
33,PSO+LBFGS,37,-0.9607194662094116
33,PSO+LBFGS,38,-0.9607194662094116
33,PSO+LBFGS,39,-0.9607194662094116
33,PSO+LBFGS,40,-0.9607194662094116
33,PSO+LBFGS,41,-0.9607194066047668
33,PSO+LBFGS,42,-0.9607194066047668
33,PSO+LBFGS,43,-0.9607194066047668
33,PSO+LBFGS,44,-0.9607194066047668
33,PSO+LBFGS,45,-0.9607194066047668
33,PSO+LBFGS,46,-0.9607194066047668
33,PSO+LBFGS,47,-0.9607194066047668
33,PSO+LBFGS,48,-0.9607194066047668
33,PSO+LBFGS,49,-0.9607194066047668
33,PSO+LBFGS,50,-0.9607194066047668
33,PSO+LBFGS,51,-0.9607194066047668
33,PSO+LBFGS,52,-0.9607194066047668
33,PSO+LBFGS,53,-0.9607194066047668
33,PSO+LBFGS,54,-0.9607194066047668
33,PSO+LBFGS,55,-0.9607194066047668
33,PSO+LBFGS,56,-0.9607194066047668
33,PSO+LBFGS,57,-0.9607194066047668
33,PSO+LBFGS,58,-0.9607194066047668
33,PSO+LBFGS,59,-0.9607194066047668
33,PSO+LBFGS,60,-0.9607194066047668
34,Adam,1,-1.6050341129302979
34,Adam,2,-1.6089653968811035
34,Adam,3,-1.612808346748352
34,Adam,4,-1.6165565252304077
34,Adam,5,-1.6202067136764526
34,Adam,6,-1.6237493753433228
34,Adam,7,-1.627185583114624
34,Adam,8,-1.6305086612701416
34,Adam,9,-1.6337193250656128
34,Adam,10,-1.6368154287338257
34,Adam,11,-1.639796257019043
34,Adam,12,-1.6426656246185303
34,Adam,13,-1.6454226970672607
34,Adam,14,-1.6480714082717896
34,Adam,15,-1.6506119966506958
34,Adam,16,-1.65304696559906
34,Adam,17,-1.655380368232727
34,Adam,18,-1.6576149463653564
34,Adam,19,-1.6597504615783691
34,Adam,20,-1.6617923974990845
34,Adam,21,-1.6637414693832397
34,Adam,22,-1.6656020879745483
34,Adam,23,-1.6673741340637207
34,Adam,24,-1.669062614440918
34,Adam,25,-1.670668125152588
34,Adam,26,-1.6721951961517334
34,Adam,27,-1.6736441850662231
34,Adam,28,-1.6750200986862183
34,Adam,29,-1.6763248443603516
34,Adam,30,-1.6775591373443604
34,Adam,31,-1.6787289381027222
34,Adam,32,-1.679834008216858
34,Adam,33,-1.680878758430481
34,Adam,34,-1.6818660497665405
34,Adam,35,-1.6827998161315918
34,Adam,36,-1.6836799383163452
34,Adam,37,-1.684511423110962
34,Adam,38,-1.6852976083755493
34,Adam,39,-1.6860404014587402
34,Adam,40,-1.6867427825927734
34,Adam,41,-1.6874070167541504
34,Adam,42,-1.6880366802215576
34,Adam,43,-1.688633680343628
34,Adam,44,-1.6891998052597046
34,Adam,45,-1.6897377967834473
34,Adam,46,-1.6902493238449097
34,Adam,47,-1.690735936164856
34,Adam,48,-1.6911990642547607
34,Adam,49,-1.6916395425796509
34,Adam,50,-1.6920597553253174
34,Adam,51,-1.6924599409103394
34,Adam,52,-1.692840576171875
34,Adam,53,-1.6932042837142944
34,Adam,54,-1.6935514211654663
34,Adam,55,-1.6938813924789429
34,Adam,56,-1.6941972970962524
34,Adam,57,-1.694498062133789
34,Adam,58,-1.694785714149475
34,Adam,59,-1.6950615644454956
34,Adam,60,-1.6953250169754028
34,LBFGS,1,-1.6762604713439941
34,LBFGS,2,-1.6930131912231445
34,LBFGS,3,-1.699122428894043
34,LBFGS,4,-1.702459454536438
34,LBFGS,5,-1.7040830850601196
34,LBFGS,6,-1.7047456502914429
34,LBFGS,7,-1.7053951025009155
34,LBFGS,8,-1.7057509422302246
34,LBFGS,9,-1.7058725357055664
34,LBFGS,10,-1.7060000896453857
34,LBFGS,11,-1.7060590982437134
34,LBFGS,12,-1.706092357635498
34,LBFGS,13,-1.7061108350753784
34,LBFGS,14,-1.7061219215393066
34,LBFGS,15,-1.7061277627944946
34,LBFGS,16,-1.7061307430267334
34,LBFGS,17,-1.706132173538208
34,LBFGS,18,-1.7061337232589722
34,LBFGS,19,-1.7061342000961304
34,LBFGS,20,-1.7061342000961304
34,LBFGS,21,-1.7061346769332886
34,LBFGS,22,-1.7061346769332886
34,LBFGS,23,-1.7061346769332886
34,LBFGS,24,-1.7061346769332886
34,LBFGS,25,-1.7061346769332886
34,LBFGS,26,-1.7061346769332886
34,LBFGS,27,-1.7061346769332886
34,LBFGS,28,-1.7061346769332886
34,LBFGS,29,-1.7061346769332886
34,LBFGS,30,-1.7061346769332886
34,LBFGS,31,-1.7061346769332886
34,LBFGS,32,-1.7061346769332886
34,LBFGS,33,-1.7061346769332886
34,LBFGS,34,-1.7061346769332886
34,LBFGS,35,-1.7061346769332886
34,LBFGS,36,-1.7061346769332886
34,LBFGS,37,-1.7061346769332886
34,LBFGS,38,-1.7061346769332886
34,LBFGS,39,-1.7061346769332886
34,LBFGS,40,-1.7061346769332886
34,LBFGS,41,-1.7061346769332886
34,LBFGS,42,-1.7061346769332886
34,LBFGS,43,-1.7061346769332886
34,LBFGS,44,-1.7061346769332886
34,LBFGS,45,-1.7061346769332886
34,LBFGS,46,-1.7061346769332886
34,LBFGS,47,-1.7061346769332886
34,LBFGS,48,-1.7061346769332886
34,LBFGS,49,-1.7061346769332886
34,LBFGS,50,-1.7061346769332886
34,LBFGS,51,-1.7061346769332886
34,LBFGS,52,-1.7061346769332886
34,LBFGS,53,-1.7061346769332886
34,LBFGS,54,-1.7061346769332886
34,LBFGS,55,-1.7061346769332886
34,LBFGS,56,-1.7061346769332886
34,LBFGS,57,-1.7061346769332886
34,LBFGS,58,-1.7061346769332886
34,LBFGS,59,-1.7061346769332886
34,LBFGS,60,-1.7061346769332886
34,PSO,1,-1.652880072593689
34,PSO,2,-1.6640862226486206
34,PSO,3,-1.6704604625701904
34,PSO,4,-1.6829150915145874
34,PSO,5,-1.6943343877792358
34,PSO,6,-1.7027997970581055
34,PSO,7,-1.706131100654602
34,PSO,8,-1.7061344385147095
34,PSO,9,-1.7061344385147095
34,PSO,10,-1.7061344385147095
34,PSO,11,-1.7061344385147095
34,PSO,12,-1.7061344385147095
34,PSO,13,-1.7061344385147095
34,PSO,14,-1.7061344385147095
34,PSO,15,-1.7061344385147095
34,PSO,16,-1.7061344385147095
34,PSO,17,-1.7061346769332886
34,PSO,18,-1.7061346769332886
34,PSO,19,-1.7061346769332886
34,PSO,20,-1.7061346769332886
34,PSO,21,-1.7061346769332886
34,PSO,22,-1.7061346769332886
34,PSO,23,-1.7061346769332886
34,PSO,24,-1.7061346769332886
34,PSO,25,-1.7061346769332886
34,PSO,26,-1.7061346769332886
34,PSO,27,-1.7061346769332886
34,PSO,28,-1.7061346769332886
34,PSO,29,-1.7061346769332886
34,PSO,30,-1.7061346769332886
34,PSO,31,-1.7061346769332886
34,PSO,32,-1.7061346769332886
34,PSO,33,-1.7061346769332886
34,PSO,34,-1.7061346769332886
34,PSO,35,-1.7061346769332886
34,PSO,36,-1.7061346769332886
34,PSO,37,-1.7061346769332886
34,PSO,38,-1.7061346769332886
34,PSO,39,-1.7061346769332886
34,PSO,40,-1.7061346769332886
34,PSO,41,-1.7061346769332886
34,PSO,42,-1.7061346769332886
34,PSO,43,-1.7061346769332886
34,PSO,44,-1.7061346769332886
34,PSO,45,-1.7061346769332886
34,PSO,46,-1.7061346769332886
34,PSO,47,-1.7061346769332886
34,PSO,48,-1.7061347961425781
34,PSO,49,-1.7061347961425781
34,PSO,50,-1.7061347961425781
34,PSO,51,-1.7061347961425781
34,PSO,52,-1.7061347961425781
34,PSO,53,-1.7061347961425781
34,PSO,54,-1.7061347961425781
34,PSO,55,-1.7061347961425781
34,PSO,56,-1.7061347961425781
34,PSO,57,-1.7061347961425781
34,PSO,58,-1.7061347961425781
34,PSO,59,-1.7061347961425781
34,PSO,60,-1.7061347961425781
34,DE,1,-1.6857935190200806
34,DE,2,-1.6857935190200806
34,DE,3,-1.690290927886963
34,DE,4,-1.690290927886963
34,DE,5,-1.690290927886963
34,DE,6,-1.690290927886963
34,DE,7,-1.6932134628295898
34,DE,8,-1.693514108657837
34,DE,9,-1.6958028078079224
34,DE,10,-1.6958028078079224
34,DE,11,-1.6958028078079224
34,DE,12,-1.6985317468643188
34,DE,13,-1.6985498666763306
34,DE,14,-1.6985498666763306
34,DE,15,-1.7018920183181763
34,DE,16,-1.7029045820236206
34,DE,17,-1.7029045820236206
34,DE,18,-1.7029045820236206
34,DE,19,-1.7029045820236206
34,DE,20,-1.7031309604644775
34,DE,21,-1.7039601802825928
34,DE,22,-1.7049652338027954
34,DE,23,-1.7049652338027954
34,DE,24,-1.7049652338027954
34,DE,25,-1.7049652338027954
34,DE,26,-1.7054190635681152
34,DE,27,-1.7056633234024048
34,DE,28,-1.7056633234024048
34,DE,29,-1.7056633234024048
34,DE,30,-1.7058804035186768
34,DE,31,-1.7058804035186768
34,DE,32,-1.7058804035186768
34,DE,33,-1.7060434818267822
34,DE,34,-1.7060434818267822
34,DE,35,-1.7060434818267822
34,DE,36,-1.7060434818267822
34,DE,37,-1.7060434818267822
34,DE,38,-1.7060492038726807
34,DE,39,-1.7060531377792358
34,DE,40,-1.7060531377792358
34,DE,41,-1.7060531377792358
34,DE,42,-1.7060531377792358
34,DE,43,-1.7060531377792358
34,DE,44,-1.7060531377792358
34,DE,45,-1.7060531377792358
34,DE,46,-1.7060531377792358
34,DE,47,-1.7060531377792358
34,DE,48,-1.7060576677322388
34,DE,49,-1.7060894966125488
34,DE,50,-1.7060894966125488
34,DE,51,-1.7061079740524292
34,DE,52,-1.7061079740524292
34,DE,53,-1.7061079740524292
34,DE,54,-1.7061079740524292
34,DE,55,-1.7061079740524292
34,DE,56,-1.7061079740524292
34,DE,57,-1.7061079740524292
34,DE,58,-1.706111192703247
34,DE,59,-1.706111192703247
34,DE,60,-1.7061175107955933
34,PSO+LBFGS,1,-1.6805659532546997
34,PSO+LBFGS,2,-1.6985361576080322
34,PSO+LBFGS,3,-1.7032899856567383
34,PSO+LBFGS,4,-1.7032899856567383
34,PSO+LBFGS,5,-1.7045495510101318
34,PSO+LBFGS,6,-1.7055168151855469
34,PSO+LBFGS,7,-1.7059649229049683
34,PSO+LBFGS,8,-1.7061342000961304
34,PSO+LBFGS,9,-1.7061342000961304
34,PSO+LBFGS,10,-1.7061342000961304
34,PSO+LBFGS,11,-1.7061342000961304
34,PSO+LBFGS,12,-1.7061342000961304
34,PSO+LBFGS,13,-1.7061344385147095
34,PSO+LBFGS,14,-1.7061344385147095
34,PSO+LBFGS,15,-1.706134557723999
34,PSO+LBFGS,16,-1.706134557723999
34,PSO+LBFGS,17,-1.706134557723999
34,PSO+LBFGS,18,-1.706134557723999
34,PSO+LBFGS,19,-1.706134557723999
34,PSO+LBFGS,20,-1.706134557723999
34,PSO+LBFGS,21,-1.706134557723999
34,PSO+LBFGS,22,-1.706134557723999
34,PSO+LBFGS,23,-1.706134557723999
34,PSO+LBFGS,24,-1.7061346769332886
34,PSO+LBFGS,25,-1.7061346769332886
34,PSO+LBFGS,26,-1.7061346769332886
34,PSO+LBFGS,27,-1.7061346769332886
34,PSO+LBFGS,28,-1.7061346769332886
34,PSO+LBFGS,29,-1.7061346769332886
34,PSO+LBFGS,30,-1.7061346769332886
34,PSO+LBFGS,31,-1.7061346769332886
34,PSO+LBFGS,32,-1.7061346769332886
34,PSO+LBFGS,33,-1.7061346769332886
34,PSO+LBFGS,34,-1.7061346769332886
34,PSO+LBFGS,35,-1.7061346769332886
34,PSO+LBFGS,36,-1.7061346769332886
34,PSO+LBFGS,37,-1.7061346769332886
34,PSO+LBFGS,38,-1.7061346769332886
34,PSO+LBFGS,39,-1.7061347961425781
34,PSO+LBFGS,40,-1.7061347961425781
34,PSO+LBFGS,41,-1.706134557723999
34,PSO+LBFGS,42,-1.706134557723999
34,PSO+LBFGS,43,-1.706134557723999
34,PSO+LBFGS,44,-1.706134557723999
34,PSO+LBFGS,45,-1.706134557723999
34,PSO+LBFGS,46,-1.706134557723999
34,PSO+LBFGS,47,-1.706134557723999
34,PSO+LBFGS,48,-1.706134557723999
34,PSO+LBFGS,49,-1.706134557723999
34,PSO+LBFGS,50,-1.706134557723999
34,PSO+LBFGS,51,-1.706134557723999
34,PSO+LBFGS,52,-1.706134557723999
34,PSO+LBFGS,53,-1.706134557723999
34,PSO+LBFGS,54,-1.706134557723999
34,PSO+LBFGS,55,-1.706134557723999
34,PSO+LBFGS,56,-1.706134557723999
34,PSO+LBFGS,57,-1.706134557723999
34,PSO+LBFGS,58,-1.706134557723999
34,PSO+LBFGS,59,-1.706134557723999
34,PSO+LBFGS,60,-1.706134557723999
35,Adam,1,1.311005711555481
35,Adam,2,1.2976162433624268
35,Adam,3,1.2843177318572998
35,Adam,4,1.2711310386657715
35,Adam,5,1.2580889463424683
35,Adam,6,1.24520742893219
35,Adam,7,1.2325156927108765
35,Adam,8,1.2200334072113037
35,Adam,9,1.2077909708023071
35,Adam,10,1.1958024501800537
35,Adam,11,1.184083104133606
35,Adam,12,1.1726598739624023
35,Adam,13,1.161541223526001
35,Adam,14,1.150742530822754
35,Adam,15,1.140276551246643
35,Adam,16,1.1301474571228027
35,Adam,17,1.1203649044036865
35,Adam,18,1.1109391450881958
35,Adam,19,1.1018619537353516
35,Adam,20,1.0931475162506104
35,Adam,21,1.0847853422164917
35,Adam,22,1.0767743587493896
35,Adam,23,1.0691108703613281
35,Adam,24,1.0617927312850952
35,Adam,25,1.054809808731079
35,Adam,26,1.048146367073059
35,Adam,27,1.0418105125427246
35,Adam,28,1.0357747077941895
35,Adam,29,1.0300391912460327
35,Adam,30,1.024594783782959
35,Adam,31,1.0194205045700073
35,Adam,32,1.0145163536071777
35,Adam,33,1.0098594427108765
35,Adam,34,1.0054473876953125
35,Adam,35,1.0012636184692383
35,Adam,36,0.9972987771034241
35,Adam,37,0.9935370683670044
35,Adam,38,0.9899789094924927
35,Adam,39,0.9866045117378235
35,Adam,40,0.9834051132202148
35,Adam,41,0.9803755283355713
35,Adam,42,0.9775024056434631
35,Adam,43,0.974777340888977
35,Adam,44,0.9721951484680176
35,Adam,45,0.9697425961494446
35,Adam,46,0.9674128890037537
35,Adam,47,0.9652018547058105
35,Adam,48,0.9631064534187317
35,Adam,49,0.9611093401908875
35,Adam,50,0.9592126607894897
35,Adam,51,0.9574041366577148
35,Adam,52,0.9556863903999329
35,Adam,53,0.9540469646453857
35,Adam,54,0.9524896740913391
35,Adam,55,0.9510011076927185
35,Adam,56,0.9495815634727478
35,Adam,57,0.9482232332229614
35,Adam,58,0.9469295144081116
35,Adam,59,0.9456892013549805
35,Adam,60,0.9445066452026367
35,LBFGS,1,1.17359459400177
35,LBFGS,2,0.9543138146400452
35,LBFGS,3,0.9368908405303955
35,LBFGS,4,0.9148520231246948
35,LBFGS,5,0.9072932600975037
35,LBFGS,6,0.9031640291213989
35,LBFGS,7,0.9009716510772705
35,LBFGS,8,0.8997601866722107
35,LBFGS,9,0.8990921974182129
35,LBFGS,10,0.8987247943878174
35,LBFGS,11,0.8985183835029602
35,LBFGS,12,0.8984058499336243
35,LBFGS,13,0.8983426690101624
35,LBFGS,14,0.8983058333396912
35,LBFGS,15,0.8982866406440735
35,LBFGS,16,0.8982734084129333
35,LBFGS,17,0.8982687592506409
35,LBFGS,18,0.8982667922973633
35,LBFGS,19,0.8982645273208618
35,LBFGS,20,0.8982640504837036
35,LBFGS,21,0.8982634544372559
35,LBFGS,22,0.8982634544372559
35,LBFGS,23,0.8982634544372559
35,LBFGS,24,0.8982634544372559
35,LBFGS,25,0.8982634544372559
35,LBFGS,26,0.8982634544372559
35,LBFGS,27,0.8982634544372559
35,LBFGS,28,0.8982634544372559
35,LBFGS,29,0.8982634544372559
35,LBFGS,30,0.8982634544372559
35,LBFGS,31,0.8982634544372559
35,LBFGS,32,0.8982634544372559
35,LBFGS,33,0.8982634544372559
35,LBFGS,34,0.8982634544372559
35,LBFGS,35,0.8982634544372559
35,LBFGS,36,0.8982634544372559
35,LBFGS,37,0.8982634544372559
35,LBFGS,38,0.8982634544372559
35,LBFGS,39,0.8982634544372559
35,LBFGS,40,0.8982634544372559
35,LBFGS,41,0.8982634544372559
35,LBFGS,42,0.8982634544372559
35,LBFGS,43,0.8982634544372559
35,LBFGS,44,0.8982634544372559
35,LBFGS,45,0.8982634544372559
35,LBFGS,46,0.8982634544372559
35,LBFGS,47,0.8982634544372559
35,LBFGS,48,0.8982634544372559
35,LBFGS,49,0.8982634544372559
35,LBFGS,50,0.8982634544372559
35,LBFGS,51,0.8982634544372559
35,LBFGS,52,0.8982634544372559
35,LBFGS,53,0.8982634544372559
35,LBFGS,54,0.8982634544372559
35,LBFGS,55,0.8982634544372559
35,LBFGS,56,0.8982634544372559
35,LBFGS,57,0.8982634544372559
35,LBFGS,58,0.8982634544372559
35,LBFGS,59,0.8982634544372559
35,LBFGS,60,0.8982634544372559
35,PSO,1,0.9261728525161743
35,PSO,2,0.9011939764022827
35,PSO,3,0.8982633948326111
35,PSO,4,0.8982633948326111
35,PSO,5,0.8982633948326111
35,PSO,6,0.8982633948326111
35,PSO,7,0.8982633948326111
35,PSO,8,0.8982633948326111
35,PSO,9,0.8982633948326111
35,PSO,10,0.8982633948326111
35,PSO,11,0.8982633948326111
35,PSO,12,0.8982633948326111
35,PSO,13,0.8982633948326111
35,PSO,14,0.8982633948326111
35,PSO,15,0.8982633948326111
35,PSO,16,0.8982633948326111
35,PSO,17,0.8982633948326111
35,PSO,18,0.8982633948326111
35,PSO,19,0.8982633948326111
35,PSO,20,0.8982633948326111
35,PSO,21,0.8982633948326111
35,PSO,22,0.8982633948326111
35,PSO,23,0.8982633948326111
35,PSO,24,0.8982633948326111
35,PSO,25,0.8982633948326111
35,PSO,26,0.8982633948326111
35,PSO,27,0.8982633948326111
35,PSO,28,0.8982633948326111
35,PSO,29,0.8982633948326111
35,PSO,30,0.8982633948326111
35,PSO,31,0.8982633948326111
35,PSO,32,0.8982633948326111
35,PSO,33,0.8982633948326111
35,PSO,34,0.8982633948326111
35,PSO,35,0.8982633948326111
35,PSO,36,0.8982633948326111
35,PSO,37,0.8982633948326111
35,PSO,38,0.8982633948326111
35,PSO,39,0.8982633948326111
35,PSO,40,0.8982633948326111
35,PSO,41,0.8982633948326111
35,PSO,42,0.8982633948326111
35,PSO,43,0.8982633948326111
35,PSO,44,0.8982633948326111
35,PSO,45,0.8982633948326111
35,PSO,46,0.8982633948326111
35,PSO,47,0.8982633948326111
35,PSO,48,0.8982633948326111
35,PSO,49,0.8982633948326111
35,PSO,50,0.8982633948326111
35,PSO,51,0.8982633948326111
35,PSO,52,0.8982633948326111
35,PSO,53,0.8982633948326111
35,PSO,54,0.8982633948326111
35,PSO,55,0.8982633948326111
35,PSO,56,0.8982633948326111
35,PSO,57,0.8982633948326111
35,PSO,58,0.8982633948326111
35,PSO,59,0.8982633948326111
35,PSO,60,0.8982633948326111
35,DE,1,1.0433886051177979
35,DE,2,1.0433886051177979
35,DE,3,0.9974785447120667
35,DE,4,0.9418102502822876
35,DE,5,0.9418102502822876
35,DE,6,0.938368022441864
35,DE,7,0.938368022441864
35,DE,8,0.9320776462554932
35,DE,9,0.9320776462554932
35,DE,10,0.9307623505592346
35,DE,11,0.9163745641708374
35,DE,12,0.9163745641708374
35,DE,13,0.9163745641708374
35,DE,14,0.9163745641708374
35,DE,15,0.9163745641708374
35,DE,16,0.9066624641418457
35,DE,17,0.9066624641418457
35,DE,18,0.9066624641418457
35,DE,19,0.9066624641418457
35,DE,20,0.9065936803817749
35,DE,21,0.9065936803817749
35,DE,22,0.9058899283409119
35,DE,23,0.9058899283409119
35,DE,24,0.9058899283409119
35,DE,25,0.9027436971664429
35,DE,26,0.9027436971664429
35,DE,27,0.9021680355072021
35,DE,28,0.9021680355072021
35,DE,29,0.9021680355072021
35,DE,30,0.9008060097694397
35,DE,31,0.9008060097694397
35,DE,32,0.9008060097694397
35,DE,33,0.9008060097694397
35,DE,34,0.9008060097694397
35,DE,35,0.9008060097694397
35,DE,36,0.9006230235099792
35,DE,37,0.9006230235099792
35,DE,38,0.9005513787269592
35,DE,39,0.8999558091163635
35,DE,40,0.8999558091163635
35,DE,41,0.8995776772499084
35,DE,42,0.8989988565444946
35,DE,43,0.8989988565444946
35,DE,44,0.8989988565444946
35,DE,45,0.8989740610122681
35,DE,46,0.8989740610122681
35,DE,47,0.8989660143852234
35,DE,48,0.8989660143852234
35,DE,49,0.8989660143852234
35,DE,50,0.8989660143852234
35,DE,51,0.8988199234008789
35,DE,52,0.8987700939178467
35,DE,53,0.8986818194389343
35,DE,54,0.8986818194389343
35,DE,55,0.8986812829971313
35,DE,56,0.8986560702323914
35,DE,57,0.8986239433288574
35,DE,58,0.898520827293396
35,DE,59,0.898520827293396
35,DE,60,0.89848393201828
35,PSO+LBFGS,1,0.9496665000915527
35,PSO+LBFGS,2,0.9208747744560242
35,PSO+LBFGS,3,0.9190621376037598
35,PSO+LBFGS,4,0.9161092042922974
35,PSO+LBFGS,5,0.9102604389190674
35,PSO+LBFGS,6,0.9047435522079468
35,PSO+LBFGS,7,0.9000809192657471
35,PSO+LBFGS,8,0.8982633948326111
35,PSO+LBFGS,9,0.8982633948326111
35,PSO+LBFGS,10,0.8982633948326111
35,PSO+LBFGS,11,0.8982633948326111
35,PSO+LBFGS,12,0.8982633948326111
35,PSO+LBFGS,13,0.8982633948326111
35,PSO+LBFGS,14,0.8982633948326111
35,PSO+LBFGS,15,0.8982633948326111
35,PSO+LBFGS,16,0.8982633948326111
35,PSO+LBFGS,17,0.8982633948326111
35,PSO+LBFGS,18,0.8982633948326111
35,PSO+LBFGS,19,0.8982633948326111
35,PSO+LBFGS,20,0.8982633948326111
35,PSO+LBFGS,21,0.8982633948326111
35,PSO+LBFGS,22,0.8982633948326111
35,PSO+LBFGS,23,0.8982633948326111
35,PSO+LBFGS,24,0.8982633948326111
35,PSO+LBFGS,25,0.8982633948326111
35,PSO+LBFGS,26,0.8982633948326111
35,PSO+LBFGS,27,0.8982633948326111
35,PSO+LBFGS,28,0.8982633948326111
35,PSO+LBFGS,29,0.8982633948326111
35,PSO+LBFGS,30,0.8982633948326111
35,PSO+LBFGS,31,0.8982633948326111
35,PSO+LBFGS,32,0.8982633948326111
35,PSO+LBFGS,33,0.8982633948326111
35,PSO+LBFGS,34,0.8982633948326111
35,PSO+LBFGS,35,0.8982633948326111
35,PSO+LBFGS,36,0.8982633948326111
35,PSO+LBFGS,37,0.8982633948326111
35,PSO+LBFGS,38,0.8982633948326111
35,PSO+LBFGS,39,0.8982633948326111
35,PSO+LBFGS,40,0.8982633948326111
35,PSO+LBFGS,41,0.8982632756233215
35,PSO+LBFGS,42,0.8982632756233215
35,PSO+LBFGS,43,0.8982632756233215
35,PSO+LBFGS,44,0.8982632756233215
35,PSO+LBFGS,45,0.8982632756233215
35,PSO+LBFGS,46,0.8982632756233215
35,PSO+LBFGS,47,0.8982632756233215
35,PSO+LBFGS,48,0.8982632756233215
35,PSO+LBFGS,49,0.8982632756233215
35,PSO+LBFGS,50,0.8982632756233215
35,PSO+LBFGS,51,0.8982632756233215
35,PSO+LBFGS,52,0.8982632756233215
35,PSO+LBFGS,53,0.8982632756233215
35,PSO+LBFGS,54,0.8982632756233215
35,PSO+LBFGS,55,0.8982632756233215
35,PSO+LBFGS,56,0.8982632756233215
35,PSO+LBFGS,57,0.8982632756233215
35,PSO+LBFGS,58,0.8982632756233215
35,PSO+LBFGS,59,0.8982632756233215
35,PSO+LBFGS,60,0.8982632756233215
36,Adam,1,-2.259096622467041
36,Adam,2,-2.262402296066284
36,Adam,3,-2.2656450271606445
36,Adam,4,-2.2688212394714355
36,Adam,5,-2.2719266414642334
36,Adam,6,-2.2749552726745605
36,Adam,7,-2.277907609939575
36,Adam,8,-2.2807776927948
36,Adam,9,-2.2835657596588135
36,Adam,10,-2.2862706184387207
36,Adam,11,-2.2888896465301514
36,Adam,12,-2.2914228439331055
36,Adam,13,-2.2938694953918457
36,Adam,14,-2.2962257862091064
36,Adam,15,-2.2984933853149414
36,Adam,16,-2.3006701469421387
36,Adam,17,-2.30275559425354
36,Adam,18,-2.304750680923462
36,Adam,19,-2.306654453277588
36,Adam,20,-2.3084702491760254
36,Adam,21,-2.3102006912231445
36,Adam,22,-2.3118441104888916
36,Adam,23,-2.3134076595306396
36,Adam,24,-2.3148934841156006
36,Adam,25,-2.3163013458251953
36,Adam,26,-2.3176379203796387
36,Adam,27,-2.3189046382904053
36,Adam,28,-2.3201048374176025
36,Adam,29,-2.321242570877075
36,Adam,30,-2.3223204612731934
36,Adam,31,-2.323338270187378
36,Adam,32,-2.3243021965026855
36,Adam,33,-2.3252155780792236
36,Adam,34,-2.326077461242676
36,Adam,35,-2.3268918991088867
36,Adam,36,-2.327662944793701
36,Adam,37,-2.32839035987854
36,Adam,38,-2.3290798664093018
36,Adam,39,-2.32973313331604
36,Adam,40,-2.3303494453430176
36,Adam,41,-2.330934762954712
36,Adam,42,-2.331488847732544
36,Adam,43,-2.332014322280884
36,Adam,44,-2.332512140274048
36,Adam,45,-2.3329856395721436
36,Adam,46,-2.3334336280822754
36,Adam,47,-2.3338587284088135
36,Adam,48,-2.334263324737549
36,Adam,49,-2.3346476554870605
36,Adam,50,-2.3350136280059814
36,Adam,51,-2.335361957550049
36,Adam,52,-2.335692882537842
36,Adam,53,-2.3360097408294678
36,Adam,54,-2.336311101913452
36,Adam,55,-2.336596965789795
36,Adam,56,-2.33687162399292
36,Adam,57,-2.3371341228485107
36,Adam,58,-2.3373842239379883
36,Adam,59,-2.3376235961914062
36,Adam,60,-2.3378539085388184
36,LBFGS,1,-2.306399345397949
36,LBFGS,2,-2.3337767124176025
36,LBFGS,3,-2.339731454849243
36,LBFGS,4,-2.3433139324188232
36,LBFGS,5,-2.3450212478637695
36,LBFGS,6,-2.3458940982818604
36,LBFGS,7,-2.346534252166748
36,LBFGS,8,-2.3467721939086914
36,LBFGS,9,-2.346923589706421
36,LBFGS,10,-2.347027063369751
36,LBFGS,11,-2.3470656871795654
36,LBFGS,12,-2.3470938205718994
36,LBFGS,13,-2.347106695175171
36,LBFGS,14,-2.3471152782440186
36,LBFGS,15,-2.3471195697784424
36,LBFGS,16,-2.347120523452759
36,LBFGS,17,-2.347123384475708
36,LBFGS,18,-2.347123861312866
36,LBFGS,19,-2.3471243381500244
36,LBFGS,20,-2.3471243381500244
36,LBFGS,21,-2.3471243381500244
36,LBFGS,22,-2.3471243381500244
36,LBFGS,23,-2.3471243381500244
36,LBFGS,24,-2.3471243381500244
36,LBFGS,25,-2.3471243381500244
36,LBFGS,26,-2.3471243381500244
36,LBFGS,27,-2.3471243381500244
36,LBFGS,28,-2.3471243381500244
36,LBFGS,29,-2.3471243381500244
36,LBFGS,30,-2.3471243381500244
36,LBFGS,31,-2.3471243381500244
36,LBFGS,32,-2.3471243381500244
36,LBFGS,33,-2.3471243381500244
36,LBFGS,34,-2.3471243381500244
36,LBFGS,35,-2.3471243381500244
36,LBFGS,36,-2.3471243381500244
36,LBFGS,37,-2.3471243381500244
36,LBFGS,38,-2.3471243381500244
36,LBFGS,39,-2.3471243381500244
36,LBFGS,40,-2.3471243381500244
36,LBFGS,41,-2.3471243381500244
36,LBFGS,42,-2.3471243381500244
36,LBFGS,43,-2.3471243381500244
36,LBFGS,44,-2.3471243381500244
36,LBFGS,45,-2.3471243381500244
36,LBFGS,46,-2.3471243381500244
36,LBFGS,47,-2.3471243381500244
36,LBFGS,48,-2.3471243381500244
36,LBFGS,49,-2.3471243381500244
36,LBFGS,50,-2.3471243381500244
36,LBFGS,51,-2.3471243381500244
36,LBFGS,52,-2.3471243381500244
36,LBFGS,53,-2.3471243381500244
36,LBFGS,54,-2.3471243381500244
36,LBFGS,55,-2.3471243381500244
36,LBFGS,56,-2.3471243381500244
36,LBFGS,57,-2.3471243381500244
36,LBFGS,58,-2.3471243381500244
36,LBFGS,59,-2.3471243381500244
36,LBFGS,60,-2.3471243381500244
36,PSO,1,-2.3298866748809814
36,PSO,2,-2.335721969604492
36,PSO,3,-2.3396756649017334
36,PSO,4,-2.3404226303100586
36,PSO,5,-2.3421781063079834
36,PSO,6,-2.3436267375946045
36,PSO,7,-2.344782829284668
36,PSO,8,-2.3460936546325684
36,PSO,9,-2.3469581604003906
36,PSO,10,-2.347024917602539
36,PSO,11,-2.3471004962921143
36,PSO,12,-2.3471004962921143
36,PSO,13,-2.3471105098724365
36,PSO,14,-2.347123622894287
36,PSO,15,-2.347123622894287
36,PSO,16,-2.347123622894287
36,PSO,17,-2.347123622894287
36,PSO,18,-2.347123622894287
36,PSO,19,-2.347123622894287
36,PSO,20,-2.347123622894287
36,PSO,21,-2.347123861312866
36,PSO,22,-2.347123861312866
36,PSO,23,-2.347123861312866
36,PSO,24,-2.3471243381500244
36,PSO,25,-2.3471243381500244
36,PSO,26,-2.3471243381500244
36,PSO,27,-2.3471245765686035
36,PSO,28,-2.3471245765686035
36,PSO,29,-2.3471245765686035
36,PSO,30,-2.3471245765686035
36,PSO,31,-2.3471245765686035
36,PSO,32,-2.3471245765686035
36,PSO,33,-2.3471245765686035
36,PSO,34,-2.3471245765686035
36,PSO,35,-2.3471245765686035
36,PSO,36,-2.3471245765686035
36,PSO,37,-2.3471245765686035
36,PSO,38,-2.3471245765686035
36,PSO,39,-2.3471245765686035
36,PSO,40,-2.3471245765686035
36,PSO,41,-2.3471248149871826
36,PSO,42,-2.3471248149871826
36,PSO,43,-2.3471248149871826
36,PSO,44,-2.3471248149871826
36,PSO,45,-2.3471248149871826
36,PSO,46,-2.3471248149871826
36,PSO,47,-2.3471248149871826
36,PSO,48,-2.3471248149871826
36,PSO,49,-2.3471248149871826
36,PSO,50,-2.3471248149871826
36,PSO,51,-2.3471248149871826
36,PSO,52,-2.3471248149871826
36,PSO,53,-2.3471248149871826
36,PSO,54,-2.3471248149871826
36,PSO,55,-2.3471248149871826
36,PSO,56,-2.3471248149871826
36,PSO,57,-2.3471248149871826
36,PSO,58,-2.3471248149871826
36,PSO,59,-2.3471248149871826
36,PSO,60,-2.3471248149871826
36,DE,1,-2.3331854343414307
36,DE,2,-2.3331854343414307
36,DE,3,-2.3331854343414307
36,DE,4,-2.336074113845825
36,DE,5,-2.33927583694458
36,DE,6,-2.33927583694458
36,DE,7,-2.33927583694458
36,DE,8,-2.33927583694458
36,DE,9,-2.3432819843292236
36,DE,10,-2.3432819843292236
36,DE,11,-2.3432819843292236
36,DE,12,-2.3432958126068115
36,DE,13,-2.3434033393859863
36,DE,14,-2.3434033393859863
36,DE,15,-2.3438355922698975
36,DE,16,-2.3443405628204346
36,DE,17,-2.3452181816101074
36,DE,18,-2.3452181816101074
36,DE,19,-2.3452181816101074
36,DE,20,-2.34560227394104
36,DE,21,-2.3464515209198
36,DE,22,-2.3464515209198
36,DE,23,-2.3464515209198
36,DE,24,-2.346686601638794
36,DE,25,-2.346686601638794
36,DE,26,-2.346686601638794
36,DE,27,-2.346686601638794
36,DE,28,-2.346686601638794
36,DE,29,-2.346686601638794
36,DE,30,-2.3467133045196533
36,DE,31,-2.346764087677002
36,DE,32,-2.346871852874756
36,DE,33,-2.3468759059906006
36,DE,34,-2.3468759059906006
36,DE,35,-2.3469700813293457
36,DE,36,-2.3469700813293457
36,DE,37,-2.3470022678375244
36,DE,38,-2.3470022678375244
36,DE,39,-2.3470218181610107
36,DE,40,-2.3470218181610107
36,DE,41,-2.347053289413452
36,DE,42,-2.347053289413452
36,DE,43,-2.347053289413452
36,DE,44,-2.347053289413452
36,DE,45,-2.347053289413452
36,DE,46,-2.347053289413452
36,DE,47,-2.347053289413452
36,DE,48,-2.347053289413452
36,DE,49,-2.3470706939697266
36,DE,50,-2.3470873832702637
36,DE,51,-2.3470919132232666
36,DE,52,-2.3470919132232666
36,DE,53,-2.3470964431762695
36,DE,54,-2.3470964431762695
36,DE,55,-2.3470988273620605
36,DE,56,-2.3470988273620605
36,DE,57,-2.347106695175171
36,DE,58,-2.347106695175171
36,DE,59,-2.347106695175171
36,DE,60,-2.347106695175171
36,PSO+LBFGS,1,-2.312607526779175
36,PSO+LBFGS,2,-2.3305857181549072
36,PSO+LBFGS,3,-2.3305857181549072
36,PSO+LBFGS,4,-2.332542657852173
36,PSO+LBFGS,5,-2.3367037773132324
36,PSO+LBFGS,6,-2.338951349258423
36,PSO+LBFGS,7,-2.3429932594299316
36,PSO+LBFGS,8,-2.3453056812286377
36,PSO+LBFGS,9,-2.346856117248535
36,PSO+LBFGS,10,-2.3470966815948486
36,PSO+LBFGS,11,-2.3470966815948486
36,PSO+LBFGS,12,-2.3470966815948486
36,PSO+LBFGS,13,-2.347118616104126
36,PSO+LBFGS,14,-2.347118616104126
36,PSO+LBFGS,15,-2.347120523452759
36,PSO+LBFGS,16,-2.347120761871338
36,PSO+LBFGS,17,-2.3471240997314453
36,PSO+LBFGS,18,-2.3471240997314453
36,PSO+LBFGS,19,-2.3471240997314453
36,PSO+LBFGS,20,-2.3471240997314453
36,PSO+LBFGS,21,-2.3471240997314453
36,PSO+LBFGS,22,-2.3471240997314453
36,PSO+LBFGS,23,-2.3471245765686035
36,PSO+LBFGS,24,-2.3471245765686035
36,PSO+LBFGS,25,-2.3471245765686035
36,PSO+LBFGS,26,-2.3471245765686035
36,PSO+LBFGS,27,-2.3471245765686035
36,PSO+LBFGS,28,-2.3471245765686035
36,PSO+LBFGS,29,-2.3471245765686035
36,PSO+LBFGS,30,-2.3471245765686035
36,PSO+LBFGS,31,-2.3471245765686035
36,PSO+LBFGS,32,-2.3471245765686035
36,PSO+LBFGS,33,-2.3471245765686035
36,PSO+LBFGS,34,-2.3471245765686035
36,PSO+LBFGS,35,-2.3471245765686035
36,PSO+LBFGS,36,-2.3471245765686035
36,PSO+LBFGS,37,-2.3471245765686035
36,PSO+LBFGS,38,-2.3471245765686035
36,PSO+LBFGS,39,-2.3471245765686035
36,PSO+LBFGS,40,-2.3471245765686035
36,PSO+LBFGS,41,-2.3471240997314453
36,PSO+LBFGS,42,-2.3471240997314453
36,PSO+LBFGS,43,-2.3471240997314453
36,PSO+LBFGS,44,-2.3471240997314453
36,PSO+LBFGS,45,-2.3471240997314453
36,PSO+LBFGS,46,-2.3471240997314453
36,PSO+LBFGS,47,-2.3471240997314453
36,PSO+LBFGS,48,-2.3471240997314453
36,PSO+LBFGS,49,-2.3471240997314453
36,PSO+LBFGS,50,-2.3471240997314453
36,PSO+LBFGS,51,-2.3471240997314453
36,PSO+LBFGS,52,-2.3471240997314453
36,PSO+LBFGS,53,-2.3471240997314453
36,PSO+LBFGS,54,-2.3471240997314453
36,PSO+LBFGS,55,-2.3471240997314453
36,PSO+LBFGS,56,-2.3471240997314453
36,PSO+LBFGS,57,-2.3471240997314453
36,PSO+LBFGS,58,-2.3471240997314453
36,PSO+LBFGS,59,-2.3471240997314453
36,PSO+LBFGS,60,-2.3471240997314453
37,Adam,1,-2.05029559135437
37,Adam,2,-2.056191921234131
37,Adam,3,-2.0619826316833496
37,Adam,4,-2.067660331726074
37,Adam,5,-2.0732109546661377
37,Adam,6,-2.0786283016204834
37,Adam,7,-2.083902359008789
37,Adam,8,-2.0890250205993652
37,Adam,9,-2.0939900875091553
37,Adam,10,-2.0987906455993652
37,Adam,11,-2.103423833847046
37,Adam,12,-2.1078832149505615
37,Adam,13,-2.112171173095703
37,Adam,14,-2.116284132003784
37,Adam,15,-2.1202199459075928
37,Adam,16,-2.123983860015869
37,Adam,17,-2.1275737285614014
37,Adam,18,-2.1309962272644043
37,Adam,19,-2.1342523097991943
37,Adam,20,-2.1373445987701416
37,Adam,21,-2.1402809619903564
37,Adam,22,-2.1430652141571045
37,Adam,23,-2.1457018852233887
37,Adam,24,-2.148197889328003
37,Adam,25,-2.1505582332611084
37,Adam,26,-2.152787446975708
37,Adam,27,-2.1548943519592285
37,Adam,28,-2.1568849086761475
37,Adam,29,-2.1587612628936768
37,Adam,30,-2.160534620285034
37,Adam,31,-2.1622045040130615
37,Adam,32,-2.1637816429138184
37,Adam,33,-2.165271043777466
37,Adam,34,-2.1666741371154785
37,Adam,35,-2.1680002212524414
37,Adam,36,-2.1692497730255127
37,Adam,37,-2.1704299449920654
37,Adam,38,-2.1715445518493652
37,Adam,39,-2.1725964546203613
37,Adam,40,-2.1735923290252686
37,Adam,41,-2.174534320831299
37,Adam,42,-2.1754236221313477
37,Adam,43,-2.176267623901367
37,Adam,44,-2.1770646572113037
37,Adam,45,-2.1778204441070557
37,Adam,46,-2.1785378456115723
37,Adam,47,-2.179218053817749
37,Adam,48,-2.1798641681671143
37,Adam,49,-2.180476188659668
37,Adam,50,-2.181060552597046
37,Adam,51,-2.1816155910491943
37,Adam,52,-2.182143211364746
37,Adam,53,-2.182647228240967
37,Adam,54,-2.1831274032592773
37,Adam,55,-2.1835837364196777
37,Adam,56,-2.184021234512329
37,Adam,57,-2.184438943862915
37,Adam,58,-2.18483829498291
37,Adam,59,-2.1852192878723145
37,Adam,60,-2.1855852603912354
37,LBFGS,1,-2.1326255798339844
37,LBFGS,2,-2.1790823936462402
37,LBFGS,3,-2.1882739067077637
37,LBFGS,4,-2.1941497325897217
37,LBFGS,5,-2.197115898132324
37,LBFGS,6,-2.1988046169281006
37,LBFGS,7,-2.1997451782226562
37,LBFGS,8,-2.2002735137939453
37,LBFGS,9,-2.2005696296691895
37,LBFGS,10,-2.200735330581665
37,LBFGS,11,-2.2008275985717773
37,LBFGS,12,-2.2008795738220215
37,LBFGS,13,-2.200906991958618
37,LBFGS,14,-2.2009224891662598
37,LBFGS,15,-2.200932502746582
37,LBFGS,16,-2.2009365558624268
37,LBFGS,17,-2.2009401321411133
37,LBFGS,18,-2.2009408473968506
37,LBFGS,19,-2.200941801071167
37,LBFGS,20,-2.200942277908325
37,LBFGS,21,-2.2009425163269043
37,LBFGS,22,-2.2009425163269043
37,LBFGS,23,-2.2009425163269043
37,LBFGS,24,-2.2009425163269043
37,LBFGS,25,-2.2009425163269043
37,LBFGS,26,-2.2009425163269043
37,LBFGS,27,-2.2009425163269043
37,LBFGS,28,-2.2009425163269043
37,LBFGS,29,-2.2009425163269043
37,LBFGS,30,-2.2009425163269043
37,LBFGS,31,-2.2009425163269043
37,LBFGS,32,-2.2009425163269043
37,LBFGS,33,-2.2009425163269043
37,LBFGS,34,-2.2009425163269043
37,LBFGS,35,-2.2009425163269043
37,LBFGS,36,-2.2009425163269043
37,LBFGS,37,-2.2009425163269043
37,LBFGS,38,-2.2009425163269043
37,LBFGS,39,-2.2009425163269043
37,LBFGS,40,-2.2009425163269043
37,LBFGS,41,-2.2009425163269043
37,LBFGS,42,-2.2009425163269043
37,LBFGS,43,-2.2009425163269043
37,LBFGS,44,-2.2009425163269043
37,LBFGS,45,-2.2009425163269043
37,LBFGS,46,-2.2009425163269043
37,LBFGS,47,-2.2009425163269043
37,LBFGS,48,-2.2009425163269043
37,LBFGS,49,-2.2009425163269043
37,LBFGS,50,-2.2009425163269043
37,LBFGS,51,-2.2009425163269043
37,LBFGS,52,-2.2009425163269043
37,LBFGS,53,-2.2009425163269043
37,LBFGS,54,-2.2009425163269043
37,LBFGS,55,-2.2009425163269043
37,LBFGS,56,-2.2009425163269043
37,LBFGS,57,-2.2009425163269043
37,LBFGS,58,-2.2009425163269043
37,LBFGS,59,-2.2009425163269043
37,LBFGS,60,-2.2009425163269043
37,PSO,1,-2.16613507270813
37,PSO,2,-2.1940715312957764
37,PSO,3,-2.2009425163269043
37,PSO,4,-2.2009425163269043
37,PSO,5,-2.2009425163269043
37,PSO,6,-2.2009425163269043
37,PSO,7,-2.2009425163269043
37,PSO,8,-2.2009425163269043
37,PSO,9,-2.2009425163269043
37,PSO,10,-2.2009425163269043
37,PSO,11,-2.2009425163269043
37,PSO,12,-2.2009425163269043
37,PSO,13,-2.2009425163269043
37,PSO,14,-2.2009425163269043
37,PSO,15,-2.2009425163269043
37,PSO,16,-2.2009425163269043
37,PSO,17,-2.2009425163269043
37,PSO,18,-2.2009425163269043
37,PSO,19,-2.2009425163269043
37,PSO,20,-2.2009425163269043
37,PSO,21,-2.2009425163269043
37,PSO,22,-2.2009425163269043
37,PSO,23,-2.2009425163269043
37,PSO,24,-2.2009425163269043
37,PSO,25,-2.2009425163269043
37,PSO,26,-2.2009425163269043
37,PSO,27,-2.2009425163269043
37,PSO,28,-2.2009425163269043
37,PSO,29,-2.2009425163269043
37,PSO,30,-2.2009425163269043
37,PSO,31,-2.2009425163269043
37,PSO,32,-2.2009425163269043
37,PSO,33,-2.2009425163269043
37,PSO,34,-2.2009425163269043
37,PSO,35,-2.2009425163269043
37,PSO,36,-2.2009425163269043
37,PSO,37,-2.2009425163269043
37,PSO,38,-2.2009425163269043
37,PSO,39,-2.2009425163269043
37,PSO,40,-2.2009425163269043
37,PSO,41,-2.2009425163269043
37,PSO,42,-2.2009425163269043
37,PSO,43,-2.2009425163269043
37,PSO,44,-2.2009425163269043
37,PSO,45,-2.2009425163269043
37,PSO,46,-2.2009425163269043
37,PSO,47,-2.2009425163269043
37,PSO,48,-2.2009425163269043
37,PSO,49,-2.2009425163269043
37,PSO,50,-2.2009425163269043
37,PSO,51,-2.2009425163269043
37,PSO,52,-2.2009425163269043
37,PSO,53,-2.2009425163269043
37,PSO,54,-2.2009425163269043
37,PSO,55,-2.2009425163269043
37,PSO,56,-2.2009425163269043
37,PSO,57,-2.2009425163269043
37,PSO,58,-2.2009425163269043
37,PSO,59,-2.2009425163269043
37,PSO,60,-2.2009425163269043
37,DE,1,-2.1572701930999756
37,DE,2,-2.1572701930999756
37,DE,3,-2.1572701930999756
37,DE,4,-2.1731481552124023
37,DE,5,-2.1731481552124023
37,DE,6,-2.1731481552124023
37,DE,7,-2.1887621879577637
37,DE,8,-2.1890358924865723
37,DE,9,-2.1890358924865723
37,DE,10,-2.1890358924865723
37,DE,11,-2.1894683837890625
37,DE,12,-2.1908721923828125
37,DE,13,-2.1925718784332275
37,DE,14,-2.19433331489563
37,DE,15,-2.1949877738952637
37,DE,16,-2.1949877738952637
37,DE,17,-2.198150157928467
37,DE,18,-2.198150157928467
37,DE,19,-2.198150157928467
37,DE,20,-2.198150157928467
37,DE,21,-2.198150157928467
37,DE,22,-2.1985599994659424
37,DE,23,-2.1985599994659424
37,DE,24,-2.1985599994659424
37,DE,25,-2.1985599994659424
37,DE,26,-2.1990625858306885
37,DE,27,-2.1990625858306885
37,DE,28,-2.1990625858306885
37,DE,29,-2.1992573738098145
37,DE,30,-2.1992573738098145
37,DE,31,-2.200042486190796
37,DE,32,-2.200042486190796
37,DE,33,-2.200042486190796
37,DE,34,-2.200042486190796
37,DE,35,-2.200042486190796
37,DE,36,-2.2001302242279053
37,DE,37,-2.200234889984131
37,DE,38,-2.200234889984131
37,DE,39,-2.200234889984131
37,DE,40,-2.200234889984131
37,DE,41,-2.200234889984131
37,DE,42,-2.2004647254943848
37,DE,43,-2.20058536529541
37,DE,44,-2.20058536529541
37,DE,45,-2.20058536529541
37,DE,46,-2.2006442546844482
37,DE,47,-2.2006442546844482
37,DE,48,-2.2006442546844482
37,DE,49,-2.2006442546844482
37,DE,50,-2.2006442546844482
37,DE,51,-2.2006993293762207
37,DE,52,-2.200731039047241
37,DE,53,-2.200731039047241
37,DE,54,-2.200773000717163
37,DE,55,-2.200773000717163
37,DE,56,-2.200828790664673
37,DE,57,-2.200835704803467
37,DE,58,-2.200835704803467
37,DE,59,-2.200835704803467
37,DE,60,-2.2008559703826904
37,PSO+LBFGS,1,-2.157803535461426
37,PSO+LBFGS,2,-2.182507276535034
37,PSO+LBFGS,3,-2.194197177886963
37,PSO+LBFGS,4,-2.196847677230835
37,PSO+LBFGS,5,-2.2009425163269043
37,PSO+LBFGS,6,-2.2009425163269043
37,PSO+LBFGS,7,-2.2009425163269043
37,PSO+LBFGS,8,-2.2009425163269043
37,PSO+LBFGS,9,-2.2009425163269043
37,PSO+LBFGS,10,-2.2009425163269043
37,PSO+LBFGS,11,-2.2009425163269043
37,PSO+LBFGS,12,-2.2009425163269043
37,PSO+LBFGS,13,-2.2009425163269043
37,PSO+LBFGS,14,-2.2009425163269043
37,PSO+LBFGS,15,-2.2009425163269043
37,PSO+LBFGS,16,-2.2009425163269043
37,PSO+LBFGS,17,-2.2009425163269043
37,PSO+LBFGS,18,-2.2009425163269043
37,PSO+LBFGS,19,-2.2009425163269043
37,PSO+LBFGS,20,-2.2009425163269043
37,PSO+LBFGS,21,-2.2009425163269043
37,PSO+LBFGS,22,-2.2009425163269043
37,PSO+LBFGS,23,-2.2009425163269043
37,PSO+LBFGS,24,-2.2009425163269043
37,PSO+LBFGS,25,-2.2009425163269043
37,PSO+LBFGS,26,-2.2009425163269043
37,PSO+LBFGS,27,-2.2009425163269043
37,PSO+LBFGS,28,-2.2009425163269043
37,PSO+LBFGS,29,-2.2009425163269043
37,PSO+LBFGS,30,-2.2009425163269043
37,PSO+LBFGS,31,-2.2009425163269043
37,PSO+LBFGS,32,-2.2009425163269043
37,PSO+LBFGS,33,-2.2009425163269043
37,PSO+LBFGS,34,-2.2009425163269043
37,PSO+LBFGS,35,-2.2009425163269043
37,PSO+LBFGS,36,-2.2009425163269043
37,PSO+LBFGS,37,-2.2009425163269043
37,PSO+LBFGS,38,-2.2009425163269043
37,PSO+LBFGS,39,-2.2009425163269043
37,PSO+LBFGS,40,-2.2009425163269043
37,PSO+LBFGS,41,-2.2009425163269043
37,PSO+LBFGS,42,-2.2009425163269043
37,PSO+LBFGS,43,-2.2009425163269043
37,PSO+LBFGS,44,-2.2009425163269043
37,PSO+LBFGS,45,-2.2009425163269043
37,PSO+LBFGS,46,-2.2009425163269043
37,PSO+LBFGS,47,-2.2009425163269043
37,PSO+LBFGS,48,-2.2009425163269043
37,PSO+LBFGS,49,-2.2009425163269043
37,PSO+LBFGS,50,-2.2009425163269043
37,PSO+LBFGS,51,-2.2009425163269043
37,PSO+LBFGS,52,-2.2009425163269043
37,PSO+LBFGS,53,-2.2009425163269043
37,PSO+LBFGS,54,-2.2009425163269043
37,PSO+LBFGS,55,-2.2009425163269043
37,PSO+LBFGS,56,-2.2009425163269043
37,PSO+LBFGS,57,-2.2009425163269043
37,PSO+LBFGS,58,-2.2009425163269043
37,PSO+LBFGS,59,-2.2009425163269043
37,PSO+LBFGS,60,-2.2009425163269043
38,Adam,1,-1.7384670972824097
38,Adam,2,-1.7416789531707764
38,Adam,3,-1.7448348999023438
38,Adam,4,-1.7479299306869507
38,Adam,5,-1.7509572505950928
38,Adam,6,-1.7539132833480835
38,Adam,7,-1.7567914724349976
38,Adam,8,-1.7595900297164917
38,Adam,9,-1.7623015642166138
38,Adam,10,-1.7649255990982056
38,Adam,11,-1.7674602270126343
38,Adam,12,-1.7699028253555298
38,Adam,13,-1.7722506523132324
38,Adam,14,-1.7745048999786377
38,Adam,15,-1.7766647338867188
38,Adam,16,-1.778732180595398
38,Adam,17,-1.7807056903839111
38,Adam,18,-1.7825883626937866
38,Adam,19,-1.7843815088272095
38,Adam,20,-1.7860870361328125
38,Adam,21,-1.787708044052124
38,Adam,22,-1.7892459630966187
38,Adam,23,-1.7907038927078247
38,Adam,24,-1.792085886001587
38,Adam,25,-1.793393850326538
38,Adam,26,-1.7946316003799438
38,Adam,27,-1.7958014011383057
38,Adam,28,-1.79690682888031
38,Adam,29,-1.797951102256775
38,Adam,30,-1.7989376783370972
38,Adam,31,-1.7998698949813843
38,Adam,32,-1.800749659538269
38,Adam,33,-1.8015810251235962
38,Adam,34,-1.8023651838302612
38,Adam,35,-1.8031058311462402
38,Adam,36,-1.8038047552108765
38,Adam,37,-1.8044666051864624
38,Adam,38,-1.8050907850265503
38,Adam,39,-1.8056796789169312
38,Adam,40,-1.8062387704849243
38,Adam,41,-1.8067659139633179
38,Adam,42,-1.8072657585144043
38,Adam,43,-1.8077384233474731
38,Adam,44,-1.808185338973999
38,Adam,45,-1.808610439300537
38,Adam,46,-1.8090126514434814
38,Adam,47,-1.809395432472229
38,Adam,48,-1.8097577095031738
38,Adam,49,-1.8101027011871338
38,Adam,50,-1.8104296922683716
38,Adam,51,-1.810741901397705
38,Adam,52,-1.8110380172729492
38,Adam,53,-1.8113211393356323
38,Adam,54,-1.811590313911438
38,Adam,55,-1.8118473291397095
38,Adam,56,-1.8120921850204468
38,Adam,57,-1.8123265504837036
38,Adam,58,-1.8125507831573486
38,Adam,59,-1.812764286994934
38,Adam,60,-1.8129700422286987
38,LBFGS,1,-1.7746765613555908
38,LBFGS,2,-1.809494972229004
38,LBFGS,3,-1.8145889043807983
38,LBFGS,4,-1.8179147243499756
38,LBFGS,5,-1.8194735050201416
38,LBFGS,6,-1.8202738761901855
38,LBFGS,7,-1.820861577987671
38,LBFGS,8,-1.8210607767105103
38,LBFGS,9,-1.8211957216262817
38,LBFGS,10,-1.82126784324646
38,LBFGS,11,-1.8213081359863281
38,LBFGS,12,-1.8213313817977905
38,LBFGS,13,-1.8213434219360352
38,LBFGS,14,-1.8213497400283813
38,LBFGS,15,-1.821351170539856
38,LBFGS,16,-1.8213551044464111
38,LBFGS,17,-1.8213562965393066
38,LBFGS,18,-1.8213578462600708
38,LBFGS,19,-1.8213582038879395
38,LBFGS,20,-1.8213584423065186
38,LBFGS,21,-1.821358561515808
38,LBFGS,22,-1.821358561515808
38,LBFGS,23,-1.821358561515808
38,LBFGS,24,-1.821358561515808
38,LBFGS,25,-1.821358561515808
38,LBFGS,26,-1.821358561515808
38,LBFGS,27,-1.821358561515808
38,LBFGS,28,-1.821358561515808
38,LBFGS,29,-1.821358561515808
38,LBFGS,30,-1.821358561515808
38,LBFGS,31,-1.821358561515808
38,LBFGS,32,-1.821358561515808
38,LBFGS,33,-1.821358561515808
38,LBFGS,34,-1.821358561515808
38,LBFGS,35,-1.821358561515808
38,LBFGS,36,-1.821358561515808
38,LBFGS,37,-1.821358561515808
38,LBFGS,38,-1.821358561515808
38,LBFGS,39,-1.821358561515808
38,LBFGS,40,-1.821358561515808
38,LBFGS,41,-1.821358561515808
38,LBFGS,42,-1.821358561515808
38,LBFGS,43,-1.821358561515808
38,LBFGS,44,-1.821358561515808
38,LBFGS,45,-1.821358561515808
38,LBFGS,46,-1.821358561515808
38,LBFGS,47,-1.821358561515808
38,LBFGS,48,-1.821358561515808
38,LBFGS,49,-1.821358561515808
38,LBFGS,50,-1.821358561515808
38,LBFGS,51,-1.821358561515808
38,LBFGS,52,-1.821358561515808
38,LBFGS,53,-1.821358561515808
38,LBFGS,54,-1.821358561515808
38,LBFGS,55,-1.821358561515808
38,LBFGS,56,-1.821358561515808
38,LBFGS,57,-1.821358561515808
38,LBFGS,58,-1.821358561515808
38,LBFGS,59,-1.821358561515808
38,LBFGS,60,-1.821358561515808
38,PSO,1,-1.7877309322357178
38,PSO,2,-1.7929902076721191
38,PSO,3,-1.8112714290618896
38,PSO,4,-1.8188332319259644
38,PSO,5,-1.8208404779434204
38,PSO,6,-1.8212887048721313
38,PSO,7,-1.8212887048721313
38,PSO,8,-1.8213505744934082
38,PSO,9,-1.8213505744934082
38,PSO,10,-1.8213505744934082
38,PSO,11,-1.8213505744934082
38,PSO,12,-1.8213512897491455
38,PSO,13,-1.8213531970977783
38,PSO,14,-1.8213531970977783
38,PSO,15,-1.8213565349578857
38,PSO,16,-1.8213577270507812
38,PSO,17,-1.8213577270507812
38,PSO,18,-1.8213577270507812
38,PSO,19,-1.821358561515808
38,PSO,20,-1.821358561515808
38,PSO,21,-1.821358561515808
38,PSO,22,-1.821358561515808
38,PSO,23,-1.821358561515808
38,PSO,24,-1.821358561515808
38,PSO,25,-1.821358561515808
38,PSO,26,-1.821358561515808
38,PSO,27,-1.821358561515808
38,PSO,28,-1.821358561515808
38,PSO,29,-1.8213586807250977
38,PSO,30,-1.8213586807250977
38,PSO,31,-1.8213586807250977
38,PSO,32,-1.8213586807250977
38,PSO,33,-1.8213586807250977
38,PSO,34,-1.8213586807250977
38,PSO,35,-1.8213586807250977
38,PSO,36,-1.8213586807250977
38,PSO,37,-1.8213586807250977
38,PSO,38,-1.8213586807250977
38,PSO,39,-1.8213586807250977
38,PSO,40,-1.8213586807250977
38,PSO,41,-1.8213586807250977
38,PSO,42,-1.8213586807250977
38,PSO,43,-1.8213586807250977
38,PSO,44,-1.8213586807250977
38,PSO,45,-1.8213586807250977
38,PSO,46,-1.8213586807250977
38,PSO,47,-1.8213586807250977
38,PSO,48,-1.8213586807250977
38,PSO,49,-1.8213586807250977
38,PSO,50,-1.8213586807250977
38,PSO,51,-1.8213587999343872
38,PSO,52,-1.8213587999343872
38,PSO,53,-1.8213587999343872
38,PSO,54,-1.8213587999343872
38,PSO,55,-1.8213587999343872
38,PSO,56,-1.8213587999343872
38,PSO,57,-1.8213587999343872
38,PSO,58,-1.8213587999343872
38,PSO,59,-1.8213587999343872
38,PSO,60,-1.8213587999343872
38,DE,1,-1.7884101867675781
38,DE,2,-1.7986952066421509
38,DE,3,-1.8081594705581665
38,DE,4,-1.8081594705581665
38,DE,5,-1.8081594705581665
38,DE,6,-1.81021249294281
38,DE,7,-1.8113470077514648
38,DE,8,-1.8136281967163086
38,DE,9,-1.8162187337875366
38,DE,10,-1.8162187337875366
38,DE,11,-1.8162187337875366
38,DE,12,-1.8162187337875366
38,DE,13,-1.8162187337875366
38,DE,14,-1.8162187337875366
38,DE,15,-1.8184068202972412
38,DE,16,-1.8193753957748413
38,DE,17,-1.8193753957748413
38,DE,18,-1.8193753957748413
38,DE,19,-1.8198076486587524
38,DE,20,-1.8198076486587524
38,DE,21,-1.8198076486587524
38,DE,22,-1.8199270963668823
38,DE,23,-1.8199270963668823
38,DE,24,-1.820380687713623
38,DE,25,-1.820380687713623
38,DE,26,-1.820380687713623
38,DE,27,-1.8207799196243286
38,DE,28,-1.8207799196243286
38,DE,29,-1.8209350109100342
38,DE,30,-1.8209350109100342
38,DE,31,-1.8209350109100342
38,DE,32,-1.8209350109100342
38,DE,33,-1.8209350109100342
38,DE,34,-1.8210581541061401
38,DE,35,-1.8210581541061401
38,DE,36,-1.8210581541061401
38,DE,37,-1.821114182472229
38,DE,38,-1.821131944656372
38,DE,39,-1.8211472034454346
38,DE,40,-1.8212130069732666
38,DE,41,-1.8212345838546753
38,DE,42,-1.8212345838546753
38,DE,43,-1.8212345838546753
38,DE,44,-1.8212878704071045
38,DE,45,-1.8212878704071045
38,DE,46,-1.8212878704071045
38,DE,47,-1.8212878704071045
38,DE,48,-1.8213375806808472
38,DE,49,-1.8213375806808472
38,DE,50,-1.8213375806808472
38,DE,51,-1.8213375806808472
38,DE,52,-1.8213375806808472
38,DE,53,-1.8213375806808472
38,DE,54,-1.8213375806808472
38,DE,55,-1.8213375806808472
38,DE,56,-1.8213375806808472
38,DE,57,-1.8213375806808472
38,DE,58,-1.8213410377502441
38,DE,59,-1.8213410377502441
38,DE,60,-1.8213419914245605
38,PSO+LBFGS,1,-1.8052784204483032
38,PSO+LBFGS,2,-1.8106498718261719
38,PSO+LBFGS,3,-1.821240782737732
38,PSO+LBFGS,4,-1.8213562965393066
38,PSO+LBFGS,5,-1.8213562965393066
38,PSO+LBFGS,6,-1.8213562965393066
38,PSO+LBFGS,7,-1.8213566541671753
38,PSO+LBFGS,8,-1.8213577270507812
38,PSO+LBFGS,9,-1.8213577270507812
38,PSO+LBFGS,10,-1.8213577270507812
38,PSO+LBFGS,11,-1.8213577270507812
38,PSO+LBFGS,12,-1.8213577270507812
38,PSO+LBFGS,13,-1.8213577270507812
38,PSO+LBFGS,14,-1.8213577270507812
38,PSO+LBFGS,15,-1.8213579654693604
38,PSO+LBFGS,16,-1.8213579654693604
38,PSO+LBFGS,17,-1.82135808467865
38,PSO+LBFGS,18,-1.821358323097229
38,PSO+LBFGS,19,-1.821358323097229
38,PSO+LBFGS,20,-1.8213584423065186
38,PSO+LBFGS,21,-1.8213584423065186
38,PSO+LBFGS,22,-1.8213584423065186
38,PSO+LBFGS,23,-1.8213584423065186
38,PSO+LBFGS,24,-1.8213584423065186
38,PSO+LBFGS,25,-1.821358561515808
38,PSO+LBFGS,26,-1.821358561515808
38,PSO+LBFGS,27,-1.821358561515808
38,PSO+LBFGS,28,-1.821358561515808
38,PSO+LBFGS,29,-1.821358561515808
38,PSO+LBFGS,30,-1.821358561515808
38,PSO+LBFGS,31,-1.821358561515808
38,PSO+LBFGS,32,-1.8213586807250977
38,PSO+LBFGS,33,-1.8213586807250977
38,PSO+LBFGS,34,-1.8213586807250977
38,PSO+LBFGS,35,-1.8213586807250977
38,PSO+LBFGS,36,-1.8213586807250977
38,PSO+LBFGS,37,-1.8213586807250977
38,PSO+LBFGS,38,-1.8213586807250977
38,PSO+LBFGS,39,-1.8213586807250977
38,PSO+LBFGS,40,-1.8213587999343872
38,PSO+LBFGS,41,-1.821358561515808
38,PSO+LBFGS,42,-1.821358561515808
38,PSO+LBFGS,43,-1.821358561515808
38,PSO+LBFGS,44,-1.821358561515808
38,PSO+LBFGS,45,-1.821358561515808
38,PSO+LBFGS,46,-1.821358561515808
38,PSO+LBFGS,47,-1.821358561515808
38,PSO+LBFGS,48,-1.821358561515808
38,PSO+LBFGS,49,-1.821358561515808
38,PSO+LBFGS,50,-1.821358561515808
38,PSO+LBFGS,51,-1.821358561515808
38,PSO+LBFGS,52,-1.821358561515808
38,PSO+LBFGS,53,-1.821358561515808
38,PSO+LBFGS,54,-1.821358561515808
38,PSO+LBFGS,55,-1.821358561515808
38,PSO+LBFGS,56,-1.821358561515808
38,PSO+LBFGS,57,-1.821358561515808
38,PSO+LBFGS,58,-1.821358561515808
38,PSO+LBFGS,59,-1.821358561515808
38,PSO+LBFGS,60,-1.821358561515808
39,Adam,1,-1.1271593570709229
39,Adam,2,-1.1319952011108398
39,Adam,3,-1.1367285251617432
39,Adam,4,-1.1413512229919434
39,Adam,5,-1.1458547115325928
39,Adam,6,-1.1502320766448975
39,Adam,7,-1.1544774770736694
39,Adam,8,-1.158585786819458
39,Adam,9,-1.1625560522079468
39,Adam,10,-1.1663825511932373
39,Adam,11,-1.1700642108917236
39,Adam,12,-1.1736018657684326
39,Adam,13,-1.176998257637024
39,Adam,14,-1.1802505254745483
39,Adam,15,-1.183363914489746
39,Adam,16,-1.1863402128219604
39,Adam,17,-1.1891814470291138
39,Adam,18,-1.191891074180603
39,Adam,19,-1.1944739818572998
39,Adam,20,-1.196932077407837
39,Adam,21,-1.1992700099945068
39,Adam,22,-1.2014919519424438
39,Adam,23,-1.203600287437439
39,Adam,24,-1.205600619316101
39,Adam,25,-1.207496166229248
39,Adam,26,-1.209291934967041
39,Adam,27,-1.21099054813385
39,Adam,28,-1.2125965356826782
39,Adam,29,-1.214114785194397
39,Adam,30,-1.2155475616455078
39,Adam,31,-1.2169009447097778
39,Adam,32,-1.2181788682937622
39,Adam,33,-1.219382882118225
39,Adam,34,-1.220518708229065
39,Adam,35,-1.2215911149978638
39,Adam,36,-1.2226020097732544
39,Adam,37,-1.223556399345398
39,Adam,38,-1.224456548690796
39,Adam,39,-1.2253074645996094
39,Adam,40,-1.2261110544204712
39,Adam,41,-1.2268718481063843
39,Adam,42,-1.2275915145874023
39,Adam,43,-1.2282742261886597
39,Adam,44,-1.2289204597473145
39,Adam,45,-1.2295336723327637
39,Adam,46,-1.2301174402236938
39,Adam,47,-1.2306708097457886
39,Adam,48,-1.2311962842941284
39,Adam,49,-1.2316969633102417
39,Adam,50,-1.2321726083755493
39,Adam,51,-1.2326264381408691
39,Adam,52,-1.2330572605133057
39,Adam,53,-1.233469843864441
39,Adam,54,-1.2338619232177734
39,Adam,55,-1.2342346906661987
39,Adam,56,-1.2345917224884033
39,Adam,57,-1.2349332571029663
39,Adam,58,-1.235258936882019
39,Adam,59,-1.2355711460113525
39,Adam,60,-1.2358685731887817
39,LBFGS,1,-1.1944230794906616
39,LBFGS,2,-1.2328687906265259
39,LBFGS,3,-1.239385724067688
39,LBFGS,4,-1.2436610460281372
39,LBFGS,5,-1.2457457780838013
39,LBFGS,6,-1.2469090223312378
39,LBFGS,7,-1.24753737449646
39,LBFGS,8,-1.2477104663848877
39,LBFGS,9,-1.2479835748672485
39,LBFGS,10,-1.2481483221054077
39,LBFGS,11,-1.2482267618179321
39,LBFGS,12,-1.2482388019561768
39,LBFGS,13,-1.2482880353927612
39,LBFGS,14,-1.2483079433441162
39,LBFGS,15,-1.2483150959014893
39,LBFGS,16,-1.248321771621704
39,LBFGS,17,-1.248325228691101
39,LBFGS,18,-1.2483278512954712
39,LBFGS,19,-1.2483280897140503
39,LBFGS,20,-1.2483289241790771
39,LBFGS,21,-1.2483289241790771
39,LBFGS,22,-1.2483289241790771
39,LBFGS,23,-1.2483289241790771
39,LBFGS,24,-1.2483289241790771
39,LBFGS,25,-1.2483289241790771
39,LBFGS,26,-1.2483289241790771
39,LBFGS,27,-1.2483289241790771
39,LBFGS,28,-1.2483289241790771
39,LBFGS,29,-1.2483289241790771
39,LBFGS,30,-1.2483289241790771
39,LBFGS,31,-1.2483289241790771
39,LBFGS,32,-1.2483289241790771
39,LBFGS,33,-1.2483289241790771
39,LBFGS,34,-1.2483289241790771
39,LBFGS,35,-1.2483289241790771
39,LBFGS,36,-1.2483289241790771
39,LBFGS,37,-1.2483289241790771
39,LBFGS,38,-1.2483289241790771
39,LBFGS,39,-1.2483289241790771
39,LBFGS,40,-1.2483289241790771
39,LBFGS,41,-1.2483289241790771
39,LBFGS,42,-1.2483289241790771
39,LBFGS,43,-1.2483289241790771
39,LBFGS,44,-1.2483289241790771
39,LBFGS,45,-1.2483289241790771
39,LBFGS,46,-1.2483289241790771
39,LBFGS,47,-1.2483289241790771
39,LBFGS,48,-1.2483289241790771
39,LBFGS,49,-1.2483289241790771
39,LBFGS,50,-1.2483289241790771
39,LBFGS,51,-1.2483289241790771
39,LBFGS,52,-1.2483289241790771
39,LBFGS,53,-1.2483289241790771
39,LBFGS,54,-1.2483289241790771
39,LBFGS,55,-1.2483289241790771
39,LBFGS,56,-1.2483289241790771
39,LBFGS,57,-1.2483289241790771
39,LBFGS,58,-1.2483289241790771
39,LBFGS,59,-1.2483289241790771
39,LBFGS,60,-1.2483289241790771
39,PSO,1,-1.2282878160476685
39,PSO,2,-1.244200348854065
39,PSO,3,-1.2454901933670044
39,PSO,4,-1.247839093208313
39,PSO,5,-1.248052716255188
39,PSO,6,-1.2483142614364624
39,PSO,7,-1.2483142614364624
39,PSO,8,-1.2483152151107788
39,PSO,9,-1.2483152151107788
39,PSO,10,-1.2483198642730713
39,PSO,11,-1.2483237981796265
39,PSO,12,-1.2483237981796265
39,PSO,13,-1.248327374458313
39,PSO,14,-1.248327612876892
39,PSO,15,-1.2483288049697876
39,PSO,16,-1.2483288049697876
39,PSO,17,-1.2483288049697876
39,PSO,18,-1.2483288049697876
39,PSO,19,-1.2483288049697876
39,PSO,20,-1.2483289241790771
39,PSO,21,-1.2483290433883667
39,PSO,22,-1.2483290433883667
39,PSO,23,-1.2483290433883667
39,PSO,24,-1.2483290433883667
39,PSO,25,-1.2483290433883667
39,PSO,26,-1.2483290433883667
39,PSO,27,-1.2483290433883667
39,PSO,28,-1.2483290433883667
39,PSO,29,-1.2483290433883667
39,PSO,30,-1.2483291625976562
39,PSO,31,-1.2483291625976562
39,PSO,32,-1.2483291625976562
39,PSO,33,-1.2483291625976562
39,PSO,34,-1.2483291625976562
39,PSO,35,-1.2483291625976562
39,PSO,36,-1.2483291625976562
39,PSO,37,-1.2483291625976562
39,PSO,38,-1.2483291625976562
39,PSO,39,-1.2483291625976562
39,PSO,40,-1.2483291625976562
39,PSO,41,-1.2483291625976562
39,PSO,42,-1.2483291625976562
39,PSO,43,-1.2483291625976562
39,PSO,44,-1.2483291625976562
39,PSO,45,-1.2483291625976562
39,PSO,46,-1.2483291625976562
39,PSO,47,-1.2483291625976562
39,PSO,48,-1.2483291625976562
39,PSO,49,-1.2483291625976562
39,PSO,50,-1.2483291625976562
39,PSO,51,-1.2483291625976562
39,PSO,52,-1.2483291625976562
39,PSO,53,-1.2483291625976562
39,PSO,54,-1.2483291625976562
39,PSO,55,-1.2483291625976562
39,PSO,56,-1.2483291625976562
39,PSO,57,-1.2483291625976562
39,PSO,58,-1.2483291625976562
39,PSO,59,-1.2483291625976562
39,PSO,60,-1.2483291625976562
39,DE,1,-1.2070679664611816
39,DE,2,-1.2131613492965698
39,DE,3,-1.2131613492965698
39,DE,4,-1.2131613492965698
39,DE,5,-1.222623348236084
39,DE,6,-1.2228710651397705
39,DE,7,-1.2284404039382935
39,DE,8,-1.2334269285202026
39,DE,9,-1.2334269285202026
39,DE,10,-1.2451934814453125
39,DE,11,-1.2451934814453125
39,DE,12,-1.2451934814453125
39,DE,13,-1.2451934814453125
39,DE,14,-1.2451934814453125
39,DE,15,-1.2451934814453125
39,DE,16,-1.2451934814453125
39,DE,17,-1.2451934814453125
39,DE,18,-1.24520742893219
39,DE,19,-1.2456272840499878
39,DE,20,-1.2460055351257324
39,DE,21,-1.2460055351257324
39,DE,22,-1.2460055351257324
39,DE,23,-1.2460055351257324
39,DE,24,-1.2460626363754272
39,DE,25,-1.2464145421981812
39,DE,26,-1.2465473413467407
39,DE,27,-1.2467235326766968
39,DE,28,-1.2470927238464355
39,DE,29,-1.2470927238464355
39,DE,30,-1.2470927238464355
39,DE,31,-1.2470927238464355
39,DE,32,-1.2473384141921997
39,DE,33,-1.247734785079956
39,DE,34,-1.247734785079956
39,DE,35,-1.2477947473526
39,DE,36,-1.2477947473526
39,DE,37,-1.2480072975158691
39,DE,38,-1.248022437095642
39,DE,39,-1.2481520175933838
39,DE,40,-1.2481520175933838
39,DE,41,-1.2481520175933838
39,DE,42,-1.2481520175933838
39,DE,43,-1.2481541633605957
39,DE,44,-1.2481541633605957
39,DE,45,-1.2481541633605957
39,DE,46,-1.2481541633605957
39,DE,47,-1.2481871843338013
39,DE,48,-1.2482236623764038
39,DE,49,-1.2482236623764038
39,DE,50,-1.2482389211654663
39,DE,51,-1.2482819557189941
39,DE,52,-1.2482819557189941
39,DE,53,-1.2482997179031372
39,DE,54,-1.2482997179031372
39,DE,55,-1.2483032941818237
39,DE,56,-1.2483032941818237
39,DE,57,-1.2483032941818237
39,DE,58,-1.2483032941818237
39,DE,59,-1.2483032941818237
39,DE,60,-1.2483032941818237
39,PSO+LBFGS,1,-1.222257137298584
39,PSO+LBFGS,2,-1.2420817613601685
39,PSO+LBFGS,3,-1.2460156679153442
39,PSO+LBFGS,4,-1.2476701736450195
39,PSO+LBFGS,5,-1.2483235597610474
39,PSO+LBFGS,6,-1.2483254671096802
39,PSO+LBFGS,7,-1.2483254671096802
39,PSO+LBFGS,8,-1.2483254671096802
39,PSO+LBFGS,9,-1.2483270168304443
39,PSO+LBFGS,10,-1.2483270168304443
39,PSO+LBFGS,11,-1.2483270168304443
39,PSO+LBFGS,12,-1.248327612876892
39,PSO+LBFGS,13,-1.248327612876892
39,PSO+LBFGS,14,-1.248327612876892
39,PSO+LBFGS,15,-1.248328685760498
39,PSO+LBFGS,16,-1.248328685760498
39,PSO+LBFGS,17,-1.2483288049697876
39,PSO+LBFGS,18,-1.2483290433883667
39,PSO+LBFGS,19,-1.2483290433883667
39,PSO+LBFGS,20,-1.2483290433883667
39,PSO+LBFGS,21,-1.2483290433883667
39,PSO+LBFGS,22,-1.2483290433883667
39,PSO+LBFGS,23,-1.2483290433883667
39,PSO+LBFGS,24,-1.2483290433883667
39,PSO+LBFGS,25,-1.2483290433883667
39,PSO+LBFGS,26,-1.2483290433883667
39,PSO+LBFGS,27,-1.2483290433883667
39,PSO+LBFGS,28,-1.2483290433883667
39,PSO+LBFGS,29,-1.2483290433883667
39,PSO+LBFGS,30,-1.2483290433883667
39,PSO+LBFGS,31,-1.2483290433883667
39,PSO+LBFGS,32,-1.2483290433883667
39,PSO+LBFGS,33,-1.2483291625976562
39,PSO+LBFGS,34,-1.2483291625976562
39,PSO+LBFGS,35,-1.2483291625976562
39,PSO+LBFGS,36,-1.2483291625976562
39,PSO+LBFGS,37,-1.2483291625976562
39,PSO+LBFGS,38,-1.2483291625976562
39,PSO+LBFGS,39,-1.2483291625976562
39,PSO+LBFGS,40,-1.2483291625976562
39,PSO+LBFGS,41,-1.2483289241790771
39,PSO+LBFGS,42,-1.2483289241790771
39,PSO+LBFGS,43,-1.2483289241790771
39,PSO+LBFGS,44,-1.2483289241790771
39,PSO+LBFGS,45,-1.2483289241790771
39,PSO+LBFGS,46,-1.2483289241790771
39,PSO+LBFGS,47,-1.2483289241790771
39,PSO+LBFGS,48,-1.2483289241790771
39,PSO+LBFGS,49,-1.2483289241790771
39,PSO+LBFGS,50,-1.2483289241790771
39,PSO+LBFGS,51,-1.2483289241790771
39,PSO+LBFGS,52,-1.2483289241790771
39,PSO+LBFGS,53,-1.2483289241790771
39,PSO+LBFGS,54,-1.2483289241790771
39,PSO+LBFGS,55,-1.2483289241790771
39,PSO+LBFGS,56,-1.2483289241790771
39,PSO+LBFGS,57,-1.2483289241790771
39,PSO+LBFGS,58,-1.2483289241790771
39,PSO+LBFGS,59,-1.2483289241790771
39,PSO+LBFGS,60,-1.2483289241790771
40,Adam,1,-1.6252474784851074
40,Adam,2,-1.6317112445831299
40,Adam,3,-1.6380740404129028
40,Adam,4,-1.6443253755569458
40,Adam,5,-1.6504533290863037
40,Adam,6,-1.656447410583496
40,Adam,7,-1.6622955799102783
40,Adam,8,-1.6679906845092773
40,Adam,9,-1.6735246181488037
40,Adam,10,-1.678889274597168
40,Adam,11,-1.6840814352035522
40,Adam,12,-1.6890950202941895
40,Adam,13,-1.6939235925674438
40,Adam,14,-1.6985719203948975
40,Adam,15,-1.7030327320098877
40,Adam,16,-1.7073076963424683
40,Adam,17,-1.7113996744155884
40,Adam,18,-1.7153079509735107
40,Adam,19,-1.7190377712249756
40,Adam,20,-1.7225933074951172
40,Adam,21,-1.7259745597839355
40,Adam,22,-1.729188323020935
40,Adam,23,-1.7322419881820679
40,Adam,24,-1.7351369857788086
40,Adam,25,-1.7378815412521362
40,Adam,26,-1.7404814958572388
40,Adam,27,-1.7429428100585938
40,Adam,28,-1.7452714443206787
40,Adam,29,-1.7474727630615234
40,Adam,30,-1.7495542764663696
40,Adam,31,-1.7515209913253784
40,Adam,32,-1.7533812522888184
40,Adam,33,-1.7551380395889282
40,Adam,34,-1.756796956062317
40,Adam,35,-1.7583657503128052
40,Adam,36,-1.7598470449447632
40,Adam,37,-1.7612476348876953
40,Adam,38,-1.7625703811645508
40,Adam,39,-1.7638226747512817
40,Adam,40,-1.7650065422058105
40,Adam,41,-1.766125202178955
40,Adam,42,-1.7671864032745361
40,Adam,43,-1.7681905031204224
40,Adam,44,-1.7691415548324585
40,Adam,45,-1.770041584968567
40,Adam,46,-1.7708983421325684
40,Adam,47,-1.7717093229293823
40,Adam,48,-1.7724802494049072
40,Adam,49,-1.7732105255126953
40,Adam,50,-1.7739068269729614
40,Adam,51,-1.7745699882507324
40,Adam,52,-1.7751994132995605
40,Adam,53,-1.7757993936538696
40,Adam,54,-1.7763721942901611
40,Adam,55,-1.7769170999526978
40,Adam,56,-1.7774393558502197
40,Adam,57,-1.7779362201690674
40,Adam,58,-1.7784124612808228
40,Adam,59,-1.7788673639297485
40,Adam,60,-1.7793022394180298
40,LBFGS,1,-1.721435785293579
40,LBFGS,2,-1.7762513160705566
40,LBFGS,3,-1.7846392393112183
40,LBFGS,4,-1.7905219793319702
40,LBFGS,5,-1.7933917045593262
40,LBFGS,6,-1.7950094938278198
40,LBFGS,7,-1.7958955764770508
40,LBFGS,8,-1.796388030052185
40,LBFGS,9,-1.7966617345809937
40,LBFGS,10,-1.7968151569366455
40,LBFGS,11,-1.7968987226486206
40,LBFGS,12,-1.7969461679458618
40,LBFGS,13,-1.7969728708267212
40,LBFGS,14,-1.7969876527786255
40,LBFGS,15,-1.7969974279403687
40,LBFGS,16,-1.797000765800476
40,LBFGS,17,-1.7970044612884521
40,LBFGS,18,-1.7970057725906372
40,LBFGS,19,-1.7970060110092163
40,LBFGS,20,-1.797006607055664
40,LBFGS,21,-1.7970070838928223
40,LBFGS,22,-1.7970070838928223
40,LBFGS,23,-1.7970070838928223
40,LBFGS,24,-1.7970070838928223
40,LBFGS,25,-1.7970070838928223
40,LBFGS,26,-1.7970070838928223
40,LBFGS,27,-1.7970070838928223
40,LBFGS,28,-1.7970070838928223
40,LBFGS,29,-1.7970070838928223
40,LBFGS,30,-1.7970070838928223
40,LBFGS,31,-1.7970070838928223
40,LBFGS,32,-1.7970070838928223
40,LBFGS,33,-1.7970070838928223
40,LBFGS,34,-1.7970070838928223
40,LBFGS,35,-1.7970070838928223
40,LBFGS,36,-1.7970070838928223
40,LBFGS,37,-1.7970070838928223
40,LBFGS,38,-1.7970070838928223
40,LBFGS,39,-1.7970070838928223
40,LBFGS,40,-1.7970070838928223
40,LBFGS,41,-1.7970070838928223
40,LBFGS,42,-1.7970070838928223
40,LBFGS,43,-1.7970070838928223
40,LBFGS,44,-1.7970070838928223
40,LBFGS,45,-1.7970070838928223
40,LBFGS,46,-1.7970070838928223
40,LBFGS,47,-1.7970070838928223
40,LBFGS,48,-1.7970070838928223
40,LBFGS,49,-1.7970070838928223
40,LBFGS,50,-1.7970070838928223
40,LBFGS,51,-1.7970070838928223
40,LBFGS,52,-1.7970070838928223
40,LBFGS,53,-1.7970070838928223
40,LBFGS,54,-1.7970070838928223
40,LBFGS,55,-1.7970070838928223
40,LBFGS,56,-1.7970070838928223
40,LBFGS,57,-1.7970070838928223
40,LBFGS,58,-1.7970070838928223
40,LBFGS,59,-1.7970070838928223
40,LBFGS,60,-1.7970070838928223
40,PSO,1,-1.7222011089324951
40,PSO,2,-1.7600761651992798
40,PSO,3,-1.7690461874008179
40,PSO,4,-1.7825660705566406
40,PSO,5,-1.7908070087432861
40,PSO,6,-1.7970072031021118
40,PSO,7,-1.7970072031021118
40,PSO,8,-1.7970072031021118
40,PSO,9,-1.7970072031021118
40,PSO,10,-1.7970072031021118
40,PSO,11,-1.7970072031021118
40,PSO,12,-1.7970072031021118
40,PSO,13,-1.7970072031021118
40,PSO,14,-1.7970072031021118
40,PSO,15,-1.7970072031021118
40,PSO,16,-1.7970072031021118
40,PSO,17,-1.7970072031021118
40,PSO,18,-1.7970072031021118
40,PSO,19,-1.7970072031021118
40,PSO,20,-1.7970072031021118
40,PSO,21,-1.7970072031021118
40,PSO,22,-1.7970072031021118
40,PSO,23,-1.7970072031021118
40,PSO,24,-1.7970072031021118
40,PSO,25,-1.7970072031021118
40,PSO,26,-1.7970072031021118
40,PSO,27,-1.7970072031021118
40,PSO,28,-1.7970072031021118
40,PSO,29,-1.7970072031021118
40,PSO,30,-1.7970072031021118
40,PSO,31,-1.7970072031021118
40,PSO,32,-1.7970072031021118
40,PSO,33,-1.7970072031021118
40,PSO,34,-1.7970072031021118
40,PSO,35,-1.7970072031021118
40,PSO,36,-1.7970072031021118
40,PSO,37,-1.7970072031021118
40,PSO,38,-1.7970072031021118
40,PSO,39,-1.7970072031021118
40,PSO,40,-1.7970072031021118
40,PSO,41,-1.7970072031021118
40,PSO,42,-1.7970072031021118
40,PSO,43,-1.7970072031021118
40,PSO,44,-1.7970072031021118
40,PSO,45,-1.7970072031021118
40,PSO,46,-1.7970072031021118
40,PSO,47,-1.7970072031021118
40,PSO,48,-1.7970072031021118
40,PSO,49,-1.7970072031021118
40,PSO,50,-1.7970072031021118
40,PSO,51,-1.7970072031021118
40,PSO,52,-1.7970072031021118
40,PSO,53,-1.7970072031021118
40,PSO,54,-1.7970072031021118
40,PSO,55,-1.7970072031021118
40,PSO,56,-1.7970072031021118
40,PSO,57,-1.7970072031021118
40,PSO,58,-1.7970072031021118
40,PSO,59,-1.7970072031021118
40,PSO,60,-1.7970072031021118
40,DE,1,-1.7445323467254639
40,DE,2,-1.7445323467254639
40,DE,3,-1.7445323467254639
40,DE,4,-1.7525742053985596
40,DE,5,-1.7525742053985596
40,DE,6,-1.7527409791946411
40,DE,7,-1.765000581741333
40,DE,8,-1.7675819396972656
40,DE,9,-1.7675819396972656
40,DE,10,-1.7705166339874268
40,DE,11,-1.7790162563323975
40,DE,12,-1.7864865064620972
40,DE,13,-1.7864865064620972
40,DE,14,-1.7884469032287598
40,DE,15,-1.7884469032287598
40,DE,16,-1.7884469032287598
40,DE,17,-1.7884469032287598
40,DE,18,-1.7884469032287598
40,DE,19,-1.7921451330184937
40,DE,20,-1.7921451330184937
40,DE,21,-1.7921451330184937
40,DE,22,-1.7921451330184937
40,DE,23,-1.7921451330184937
40,DE,24,-1.7921451330184937
40,DE,25,-1.7921451330184937
40,DE,26,-1.7921451330184937
40,DE,27,-1.7921451330184937
40,DE,28,-1.7921451330184937
40,DE,29,-1.7921451330184937
40,DE,30,-1.793360948562622
40,DE,31,-1.793360948562622
40,DE,32,-1.793686032295227
40,DE,33,-1.7942354679107666
40,DE,34,-1.7942442893981934
40,DE,35,-1.7942442893981934
40,DE,36,-1.7942469120025635
40,DE,37,-1.794755220413208
40,DE,38,-1.7953535318374634
40,DE,39,-1.7955275774002075
40,DE,40,-1.7955275774002075
40,DE,41,-1.7955275774002075
40,DE,42,-1.7955275774002075
40,DE,43,-1.7955275774002075
40,DE,44,-1.7957202196121216
40,DE,45,-1.7957202196121216
40,DE,46,-1.7958425283432007
40,DE,47,-1.7959994077682495
40,DE,48,-1.7959994077682495
40,DE,49,-1.7959994077682495
40,DE,50,-1.7960411310195923
40,DE,51,-1.7961273193359375
40,DE,52,-1.7961273193359375
40,DE,53,-1.7962583303451538
40,DE,54,-1.7962583303451538
40,DE,55,-1.7962583303451538
40,DE,56,-1.7962634563446045
40,DE,57,-1.7964322566986084
40,DE,58,-1.7964322566986084
40,DE,59,-1.7965766191482544
40,DE,60,-1.7966830730438232
40,PSO+LBFGS,1,-1.7687979936599731
40,PSO+LBFGS,2,-1.78518545627594
40,PSO+LBFGS,3,-1.7916977405548096
40,PSO+LBFGS,4,-1.7970072031021118
40,PSO+LBFGS,5,-1.7970072031021118
40,PSO+LBFGS,6,-1.7970072031021118
40,PSO+LBFGS,7,-1.7970072031021118
40,PSO+LBFGS,8,-1.7970072031021118
40,PSO+LBFGS,9,-1.7970072031021118
40,PSO+LBFGS,10,-1.7970072031021118
40,PSO+LBFGS,11,-1.7970072031021118
40,PSO+LBFGS,12,-1.7970072031021118
40,PSO+LBFGS,13,-1.7970072031021118
40,PSO+LBFGS,14,-1.7970072031021118
40,PSO+LBFGS,15,-1.7970072031021118
40,PSO+LBFGS,16,-1.7970072031021118
40,PSO+LBFGS,17,-1.7970072031021118
40,PSO+LBFGS,18,-1.7970072031021118
40,PSO+LBFGS,19,-1.7970072031021118
40,PSO+LBFGS,20,-1.7970072031021118
40,PSO+LBFGS,21,-1.7970072031021118
40,PSO+LBFGS,22,-1.7970072031021118
40,PSO+LBFGS,23,-1.7970072031021118
40,PSO+LBFGS,24,-1.7970072031021118
40,PSO+LBFGS,25,-1.7970072031021118
40,PSO+LBFGS,26,-1.7970072031021118
40,PSO+LBFGS,27,-1.7970072031021118
40,PSO+LBFGS,28,-1.7970072031021118
40,PSO+LBFGS,29,-1.7970072031021118
40,PSO+LBFGS,30,-1.7970072031021118
40,PSO+LBFGS,31,-1.7970072031021118
40,PSO+LBFGS,32,-1.7970072031021118
40,PSO+LBFGS,33,-1.7970072031021118
40,PSO+LBFGS,34,-1.7970072031021118
40,PSO+LBFGS,35,-1.7970072031021118
40,PSO+LBFGS,36,-1.7970072031021118
40,PSO+LBFGS,37,-1.7970072031021118
40,PSO+LBFGS,38,-1.7970072031021118
40,PSO+LBFGS,39,-1.7970072031021118
40,PSO+LBFGS,40,-1.7970072031021118
40,PSO+LBFGS,41,-1.7970070838928223
40,PSO+LBFGS,42,-1.7970070838928223
40,PSO+LBFGS,43,-1.7970070838928223
40,PSO+LBFGS,44,-1.7970070838928223
40,PSO+LBFGS,45,-1.7970070838928223
40,PSO+LBFGS,46,-1.7970070838928223
40,PSO+LBFGS,47,-1.7970070838928223
40,PSO+LBFGS,48,-1.7970070838928223
40,PSO+LBFGS,49,-1.7970070838928223
40,PSO+LBFGS,50,-1.7970070838928223
40,PSO+LBFGS,51,-1.7970070838928223
40,PSO+LBFGS,52,-1.7970070838928223
40,PSO+LBFGS,53,-1.7970070838928223
40,PSO+LBFGS,54,-1.7970070838928223
40,PSO+LBFGS,55,-1.7970070838928223
40,PSO+LBFGS,56,-1.7970070838928223
40,PSO+LBFGS,57,-1.7970070838928223
40,PSO+LBFGS,58,-1.7970070838928223
40,PSO+LBFGS,59,-1.7970070838928223
40,PSO+LBFGS,60,-1.7970070838928223
41,Adam,1,-0.3990594744682312
41,Adam,2,-0.4053569436073303
41,Adam,3,-0.41158661246299744
41,Adam,4,-0.4177398085594177
41,Adam,5,-0.42380285263061523
41,Adam,6,-0.42976629734039307
41,Adam,7,-0.43561866879463196
41,Adam,8,-0.44134971499443054
41,Adam,9,-0.4469510018825531
41,Adam,10,-0.45241230726242065
41,Adam,11,-0.4577304422855377
41,Adam,12,-0.4628922939300537
41,Adam,13,-0.46789899468421936
41,Adam,14,-0.47274187207221985
41,Adam,15,-0.47741687297821045
41,Adam,16,-0.481927752494812
41,Adam,17,-0.48626479506492615
41,Adam,18,-0.49043214321136475
41,Adam,19,-0.4944281280040741
41,Adam,20,-0.4982549250125885
41,Adam,21,-0.5019152760505676
41,Adam,22,-0.5054112076759338
41,Adam,23,-0.508745551109314
41,Adam,24,-0.5119222402572632
41,Adam,25,-0.5149454474449158
41,Adam,26,-0.5178213715553284
41,Adam,27,-0.5205520987510681
41,Adam,28,-0.5231468677520752
41,Adam,29,-0.5256047248840332
41,Adam,30,-0.5279382467269897
41,Adam,31,-0.5301475524902344
41,Adam,32,-0.5322434902191162
41,Adam,33,-0.5342258810997009
41,Adam,34,-0.5361040234565735
41,Adam,35,-0.5378822684288025
41,Adam,36,-0.5395662784576416
41,Adam,37,-0.5411585569381714
41,Adam,38,-0.5426682233810425
41,Adam,39,-0.5440974831581116
41,Adam,40,-0.5454477667808533
41,Adam,41,-0.5467290282249451
41,Adam,42,-0.5479439496994019
41,Adam,43,-0.5490931272506714
41,Adam,44,-0.5501846075057983
41,Adam,45,-0.5512192249298096
41,Adam,46,-0.552200973033905
41,Adam,47,-0.5531358122825623
41,Adam,48,-0.5540211796760559
41,Adam,49,-0.5548622608184814
41,Adam,50,-0.5556634664535522
41,Adam,51,-0.5564252138137817
41,Adam,52,-0.5571497082710266
41,Adam,53,-0.5578389763832092
41,Adam,54,-0.5584988594055176
41,Adam,55,-0.5591256022453308
41,Adam,56,-0.5597255825996399
41,Adam,57,-0.5602985620498657
41,Adam,58,-0.5608450174331665
41,Adam,59,-0.5613688826560974
41,Adam,60,-0.5618679523468018
41,LBFGS,1,-0.52413409948349
41,LBFGS,2,-0.556625247001648
41,LBFGS,3,-0.5683902502059937
41,LBFGS,4,-0.5749890804290771
41,LBFGS,5,-0.5780977010726929
41,LBFGS,6,-0.5797892212867737
41,LBFGS,7,-0.5807039737701416
41,LBFGS,8,-0.5812086462974548
41,LBFGS,9,-0.581488311290741
41,LBFGS,10,-0.5816406607627869
41,LBFGS,11,-0.581721305847168
41,LBFGS,12,-0.5817722678184509
41,LBFGS,13,-0.5817931890487671
41,LBFGS,14,-0.5818164348602295
41,LBFGS,15,-0.5818206667900085
41,LBFGS,16,-0.5818272829055786
41,LBFGS,17,-0.5818317532539368
41,LBFGS,18,-0.5818325281143188
41,LBFGS,19,-0.5818328261375427
41,LBFGS,20,-0.5818330645561218
41,LBFGS,21,-0.5818333029747009
41,LBFGS,22,-0.5818333029747009
41,LBFGS,23,-0.5818333029747009
41,LBFGS,24,-0.5818333029747009
41,LBFGS,25,-0.5818333029747009
41,LBFGS,26,-0.5818333029747009
41,LBFGS,27,-0.5818333029747009
41,LBFGS,28,-0.5818333029747009
41,LBFGS,29,-0.5818333029747009
41,LBFGS,30,-0.5818333029747009
41,LBFGS,31,-0.5818333029747009
41,LBFGS,32,-0.5818333029747009
41,LBFGS,33,-0.5818333029747009
41,LBFGS,34,-0.5818333029747009
41,LBFGS,35,-0.5818333029747009
41,LBFGS,36,-0.5818333029747009
41,LBFGS,37,-0.5818333029747009
41,LBFGS,38,-0.5818333029747009
41,LBFGS,39,-0.5818333029747009
41,LBFGS,40,-0.5818333029747009
41,LBFGS,41,-0.5818333029747009
41,LBFGS,42,-0.5818333029747009
41,LBFGS,43,-0.5818333029747009
41,LBFGS,44,-0.5818333029747009
41,LBFGS,45,-0.5818333029747009
41,LBFGS,46,-0.5818333029747009
41,LBFGS,47,-0.5818333029747009
41,LBFGS,48,-0.5818333029747009
41,LBFGS,49,-0.5818333029747009
41,LBFGS,50,-0.5818333029747009
41,LBFGS,51,-0.5818333029747009
41,LBFGS,52,-0.5818333029747009
41,LBFGS,53,-0.5818333029747009
41,LBFGS,54,-0.5818333029747009
41,LBFGS,55,-0.5818333029747009
41,LBFGS,56,-0.5818333029747009
41,LBFGS,57,-0.5818333029747009
41,LBFGS,58,-0.5818333029747009
41,LBFGS,59,-0.5818333029747009
41,LBFGS,60,-0.5818333029747009
41,PSO,1,-0.5630099177360535
41,PSO,2,-0.5818169713020325
41,PSO,3,-0.5818319916725159
41,PSO,4,-0.5818327069282532
41,PSO,5,-0.5818327069282532
41,PSO,6,-0.5818331241607666
41,PSO,7,-0.5818333029747009
41,PSO,8,-0.5818333029747009
41,PSO,9,-0.5818333029747009
41,PSO,10,-0.5818333029747009
41,PSO,11,-0.5818333029747009
41,PSO,12,-0.5818333029747009
41,PSO,13,-0.5818333029747009
41,PSO,14,-0.5818333029747009
41,PSO,15,-0.5818333029747009
41,PSO,16,-0.5818333029747009
41,PSO,17,-0.5818333029747009
41,PSO,18,-0.5818333029747009
41,PSO,19,-0.5818333029747009
41,PSO,20,-0.5818333029747009
41,PSO,21,-0.5818333625793457
41,PSO,22,-0.5818333625793457
41,PSO,23,-0.5818333625793457
41,PSO,24,-0.5818333625793457
41,PSO,25,-0.5818333625793457
41,PSO,26,-0.5818333625793457
41,PSO,27,-0.5818333625793457
41,PSO,28,-0.5818333625793457
41,PSO,29,-0.5818333625793457
41,PSO,30,-0.5818333625793457
41,PSO,31,-0.5818333625793457
41,PSO,32,-0.5818333625793457
41,PSO,33,-0.5818333625793457
41,PSO,34,-0.5818333625793457
41,PSO,35,-0.5818333625793457
41,PSO,36,-0.5818333625793457
41,PSO,37,-0.5818333625793457
41,PSO,38,-0.5818334221839905
41,PSO,39,-0.5818334221839905
41,PSO,40,-0.5818334221839905
41,PSO,41,-0.5818334221839905
41,PSO,42,-0.5818334221839905
41,PSO,43,-0.5818334221839905
41,PSO,44,-0.5818334221839905
41,PSO,45,-0.5818334221839905
41,PSO,46,-0.5818334221839905
41,PSO,47,-0.5818334221839905
41,PSO,48,-0.5818334221839905
41,PSO,49,-0.5818334221839905
41,PSO,50,-0.5818334221839905
41,PSO,51,-0.5818334221839905
41,PSO,52,-0.5818334221839905
41,PSO,53,-0.5818334221839905
41,PSO,54,-0.5818334221839905
41,PSO,55,-0.5818334221839905
41,PSO,56,-0.5818334221839905
41,PSO,57,-0.5818334221839905
41,PSO,58,-0.5818334221839905
41,PSO,59,-0.5818334221839905
41,PSO,60,-0.5818334221839905
41,DE,1,-0.5235483050346375
41,DE,2,-0.5419766902923584
41,DE,3,-0.5419766902923584
41,DE,4,-0.5419766902923584
41,DE,5,-0.5584992170333862
41,DE,6,-0.5584992170333862
41,DE,7,-0.5701027512550354
41,DE,8,-0.5701027512550354
41,DE,9,-0.5701027512550354
41,DE,10,-0.5701027512550354
41,DE,11,-0.5701027512550354
41,DE,12,-0.5701027512550354
41,DE,13,-0.5727137327194214
41,DE,14,-0.5727137327194214
41,DE,15,-0.5727137327194214
41,DE,16,-0.5731236934661865
41,DE,17,-0.5762383937835693
41,DE,18,-0.5762383937835693
41,DE,19,-0.5769850611686707
41,DE,20,-0.5769850611686707
41,DE,21,-0.5769850611686707
41,DE,22,-0.5769850611686707
41,DE,23,-0.5781044363975525
41,DE,24,-0.5781044363975525
41,DE,25,-0.5790364742279053
41,DE,26,-0.5794337391853333
41,DE,27,-0.5799355506896973
41,DE,28,-0.5799355506896973
41,DE,29,-0.5803663730621338
41,DE,30,-0.5803663730621338
41,DE,31,-0.5803663730621338
41,DE,32,-0.5803663730621338
41,DE,33,-0.5803663730621338
41,DE,34,-0.5803663730621338
41,DE,35,-0.5803663730621338
41,DE,36,-0.5808811783790588
41,DE,37,-0.5808811783790588
41,DE,38,-0.5809032917022705
41,DE,39,-0.5809124112129211
41,DE,40,-0.5809124112129211
41,DE,41,-0.5812221169471741
41,DE,42,-0.5813165903091431
41,DE,43,-0.5813165903091431
41,DE,44,-0.5814089775085449
41,DE,45,-0.5814754366874695
41,DE,46,-0.5814754366874695
41,DE,47,-0.5816413164138794
41,DE,48,-0.5816413164138794
41,DE,49,-0.5816413164138794
41,DE,50,-0.5816413164138794
41,DE,51,-0.581649899482727
41,DE,52,-0.581649899482727
41,DE,53,-0.581649899482727
41,DE,54,-0.581649899482727
41,DE,55,-0.5817644000053406
41,DE,56,-0.5817644000053406
41,DE,57,-0.5817644000053406
41,DE,58,-0.5817644000053406
41,DE,59,-0.5817644000053406
41,DE,60,-0.5817644000053406
41,PSO+LBFGS,1,-0.5409802794456482
41,PSO+LBFGS,2,-0.5722498297691345
41,PSO+LBFGS,3,-0.5758623480796814
41,PSO+LBFGS,4,-0.5799816250801086
41,PSO+LBFGS,5,-0.5817349553108215
41,PSO+LBFGS,6,-0.581801176071167
41,PSO+LBFGS,7,-0.5818327069282532
41,PSO+LBFGS,8,-0.5818331241607666
41,PSO+LBFGS,9,-0.5818331241607666
41,PSO+LBFGS,10,-0.5818331241607666
41,PSO+LBFGS,11,-0.5818331837654114
41,PSO+LBFGS,12,-0.5818331837654114
41,PSO+LBFGS,13,-0.5818332433700562
41,PSO+LBFGS,14,-0.5818333029747009
41,PSO+LBFGS,15,-0.5818333029747009
41,PSO+LBFGS,16,-0.5818333029747009
41,PSO+LBFGS,17,-0.5818333029747009
41,PSO+LBFGS,18,-0.5818333029747009
41,PSO+LBFGS,19,-0.5818333029747009
41,PSO+LBFGS,20,-0.5818334221839905
41,PSO+LBFGS,21,-0.5818334221839905
41,PSO+LBFGS,22,-0.5818334221839905
41,PSO+LBFGS,23,-0.5818334221839905
41,PSO+LBFGS,24,-0.5818334221839905
41,PSO+LBFGS,25,-0.5818334221839905
41,PSO+LBFGS,26,-0.5818334221839905
41,PSO+LBFGS,27,-0.5818334221839905
41,PSO+LBFGS,28,-0.5818334221839905
41,PSO+LBFGS,29,-0.5818334221839905
41,PSO+LBFGS,30,-0.5818334221839905
41,PSO+LBFGS,31,-0.5818334221839905
41,PSO+LBFGS,32,-0.5818334221839905
41,PSO+LBFGS,33,-0.5818334221839905
41,PSO+LBFGS,34,-0.5818334221839905
41,PSO+LBFGS,35,-0.5818334221839905
41,PSO+LBFGS,36,-0.5818334221839905
41,PSO+LBFGS,37,-0.5818334221839905
41,PSO+LBFGS,38,-0.5818334221839905
41,PSO+LBFGS,39,-0.5818334221839905
41,PSO+LBFGS,40,-0.5818334221839905
41,PSO+LBFGS,41,-0.5818333029747009
41,PSO+LBFGS,42,-0.5818333029747009
41,PSO+LBFGS,43,-0.5818333029747009
41,PSO+LBFGS,44,-0.5818333029747009
41,PSO+LBFGS,45,-0.5818333029747009
41,PSO+LBFGS,46,-0.5818333029747009
41,PSO+LBFGS,47,-0.5818333029747009
41,PSO+LBFGS,48,-0.5818333029747009
41,PSO+LBFGS,49,-0.5818333029747009
41,PSO+LBFGS,50,-0.5818333029747009
41,PSO+LBFGS,51,-0.5818333029747009
41,PSO+LBFGS,52,-0.5818333029747009
41,PSO+LBFGS,53,-0.5818333029747009
41,PSO+LBFGS,54,-0.5818333029747009
41,PSO+LBFGS,55,-0.5818333029747009
41,PSO+LBFGS,56,-0.5818333029747009
41,PSO+LBFGS,57,-0.5818333029747009
41,PSO+LBFGS,58,-0.5818333029747009
41,PSO+LBFGS,59,-0.5818333029747009
41,PSO+LBFGS,60,-0.5818333029747009
42,Adam,1,-1.2047227621078491
42,Adam,2,-1.2087534666061401
42,Adam,3,-1.2127195596694946
42,Adam,4,-1.216618537902832
42,Adam,5,-1.2204450368881226
42,Adam,6,-1.2241950035095215
42,Adam,7,-1.227867841720581
42,Adam,8,-1.231456995010376
42,Adam,9,-1.2349565029144287
42,Adam,10,-1.238361120223999
42,Adam,11,-1.241665244102478
42,Adam,12,-1.2448629140853882
42,Adam,13,-1.2479525804519653
42,Adam,14,-1.250931978225708
42,Adam,15,-1.2538000345230103
42,Adam,16,-1.2565577030181885
42,Adam,17,-1.2592062950134277
42,Adam,18,-1.2617435455322266
42,Adam,19,-1.2641713619232178
42,Adam,20,-1.2664908170700073
42,Adam,21,-1.268703579902649
42,Adam,22,-1.270810842514038
42,Adam,23,-1.2728158235549927
42,Adam,24,-1.2747224569320679
42,Adam,25,-1.276532769203186
42,Adam,26,-1.2782506942749023
42,Adam,27,-1.2798811197280884
42,Adam,28,-1.2814275026321411
42,Adam,29,-1.2828924655914307
42,Adam,30,-1.284279465675354
42,Adam,31,-1.2855916023254395
42,Adam,32,-1.2868331670761108
42,Adam,33,-1.2880089282989502
42,Adam,34,-1.2891196012496948
42,Adam,35,-1.2901713848114014
42,Adam,36,-1.2911664247512817
42,Adam,37,-1.2921088933944702
42,Adam,38,-1.2930002212524414
42,Adam,39,-1.293843388557434
42,Adam,40,-1.2946420907974243
42,Adam,41,-1.2953991889953613
42,Adam,42,-1.296115756034851
42,Adam,43,-1.2967948913574219
42,Adam,44,-1.2974382638931274
42,Adam,45,-1.2980504035949707
42,Adam,46,-1.2986304759979248
42,Adam,47,-1.299181342124939
42,Adam,48,-1.2997058629989624
42,Adam,49,-1.3002034425735474
42,Adam,50,-1.300676703453064
42,Adam,51,-1.3011285066604614
42,Adam,52,-1.3015573024749756
42,Adam,53,-1.3019673824310303
42,Adam,54,-1.3023579120635986
42,Adam,55,-1.302730917930603
42,Adam,56,-1.303086757659912
42,Adam,57,-1.3034275770187378
42,Adam,58,-1.3037519454956055
42,Adam,59,-1.3040635585784912
42,Adam,60,-1.3043625354766846
42,LBFGS,1,-1.2812367677688599
42,LBFGS,2,-1.301946759223938
42,LBFGS,3,-1.3087923526763916
42,LBFGS,4,-1.3124223947525024
42,LBFGS,5,-1.314252257347107
42,LBFGS,6,-1.31517493724823
42,LBFGS,7,-1.3158388137817383
42,LBFGS,8,-1.3161499500274658
42,LBFGS,9,-1.3163172006607056
42,LBFGS,10,-1.3164188861846924
42,LBFGS,11,-1.3164769411087036
42,LBFGS,12,-1.3165076971054077
42,LBFGS,13,-1.316525936126709
42,LBFGS,14,-1.3165357112884521
42,LBFGS,15,-1.3165405988693237
42,LBFGS,16,-1.3165438175201416
42,LBFGS,17,-1.3165462017059326
42,LBFGS,18,-1.3165467977523804
42,LBFGS,19,-1.3165472745895386
42,LBFGS,20,-1.3165473937988281
42,LBFGS,21,-1.3165473937988281
42,LBFGS,22,-1.3165473937988281
42,LBFGS,23,-1.3165475130081177
42,LBFGS,24,-1.3165475130081177
42,LBFGS,25,-1.3165475130081177
42,LBFGS,26,-1.3165475130081177
42,LBFGS,27,-1.3165475130081177
42,LBFGS,28,-1.3165475130081177
42,LBFGS,29,-1.3165475130081177
42,LBFGS,30,-1.3165475130081177
42,LBFGS,31,-1.3165475130081177
42,LBFGS,32,-1.3165475130081177
42,LBFGS,33,-1.3165475130081177
42,LBFGS,34,-1.3165475130081177
42,LBFGS,35,-1.3165475130081177
42,LBFGS,36,-1.3165475130081177
42,LBFGS,37,-1.3165475130081177
42,LBFGS,38,-1.3165475130081177
42,LBFGS,39,-1.3165475130081177
42,LBFGS,40,-1.3165475130081177
42,LBFGS,41,-1.3165475130081177
42,LBFGS,42,-1.3165475130081177
42,LBFGS,43,-1.3165475130081177
42,LBFGS,44,-1.3165475130081177
42,LBFGS,45,-1.3165475130081177
42,LBFGS,46,-1.3165475130081177
42,LBFGS,47,-1.3165475130081177
42,LBFGS,48,-1.3165475130081177
42,LBFGS,49,-1.3165475130081177
42,LBFGS,50,-1.3165475130081177
42,LBFGS,51,-1.3165475130081177
42,LBFGS,52,-1.3165475130081177
42,LBFGS,53,-1.3165475130081177
42,LBFGS,54,-1.3165475130081177
42,LBFGS,55,-1.3165475130081177
42,LBFGS,56,-1.3165475130081177
42,LBFGS,57,-1.3165475130081177
42,LBFGS,58,-1.3165475130081177
42,LBFGS,59,-1.3165475130081177
42,LBFGS,60,-1.3165475130081177
42,PSO,1,-1.287116527557373
42,PSO,2,-1.3053309917449951
42,PSO,3,-1.3165419101715088
42,PSO,4,-1.3165419101715088
42,PSO,5,-1.3165472745895386
42,PSO,6,-1.3165472745895386
42,PSO,7,-1.3165472745895386
42,PSO,8,-1.3165475130081177
42,PSO,9,-1.3165475130081177
42,PSO,10,-1.3165475130081177
42,PSO,11,-1.3165475130081177
42,PSO,12,-1.3165475130081177
42,PSO,13,-1.3165475130081177
42,PSO,14,-1.3165475130081177
42,PSO,15,-1.3165475130081177
42,PSO,16,-1.3165475130081177
42,PSO,17,-1.3165475130081177
42,PSO,18,-1.3165475130081177
42,PSO,19,-1.3165475130081177
42,PSO,20,-1.3165475130081177
42,PSO,21,-1.3165475130081177
42,PSO,22,-1.3165475130081177
42,PSO,23,-1.3165475130081177
42,PSO,24,-1.3165476322174072
42,PSO,25,-1.3165476322174072
42,PSO,26,-1.3165476322174072
42,PSO,27,-1.3165476322174072
42,PSO,28,-1.3165476322174072
42,PSO,29,-1.3165476322174072
42,PSO,30,-1.3165476322174072
42,PSO,31,-1.3165476322174072
42,PSO,32,-1.3165476322174072
42,PSO,33,-1.3165476322174072
42,PSO,34,-1.3165476322174072
42,PSO,35,-1.3165476322174072
42,PSO,36,-1.3165476322174072
42,PSO,37,-1.3165476322174072
42,PSO,38,-1.3165476322174072
42,PSO,39,-1.3165476322174072
42,PSO,40,-1.3165477514266968
42,PSO,41,-1.3165477514266968
42,PSO,42,-1.3165477514266968
42,PSO,43,-1.3165477514266968
42,PSO,44,-1.3165477514266968
42,PSO,45,-1.3165477514266968
42,PSO,46,-1.3165477514266968
42,PSO,47,-1.3165477514266968
42,PSO,48,-1.3165477514266968
42,PSO,49,-1.3165477514266968
42,PSO,50,-1.3165477514266968
42,PSO,51,-1.3165477514266968
42,PSO,52,-1.3165477514266968
42,PSO,53,-1.3165477514266968
42,PSO,54,-1.3165477514266968
42,PSO,55,-1.3165477514266968
42,PSO,56,-1.3165477514266968
42,PSO,57,-1.3165477514266968
42,PSO,58,-1.3165477514266968
42,PSO,59,-1.3165477514266968
42,PSO,60,-1.3165477514266968
42,DE,1,-1.2652480602264404
42,DE,2,-1.2757028341293335
42,DE,3,-1.2757028341293335
42,DE,4,-1.2829669713974
42,DE,5,-1.2908751964569092
42,DE,6,-1.3017061948776245
42,DE,7,-1.3043479919433594
42,DE,8,-1.3051387071609497
42,DE,9,-1.3069803714752197
42,DE,10,-1.3069803714752197
42,DE,11,-1.3078479766845703
42,DE,12,-1.3099998235702515
42,DE,13,-1.3105177879333496
42,DE,14,-1.3105177879333496
42,DE,15,-1.3117762804031372
42,DE,16,-1.3117762804031372
42,DE,17,-1.3117762804031372
42,DE,18,-1.3124933242797852
42,DE,19,-1.3127124309539795
42,DE,20,-1.3131964206695557
42,DE,21,-1.3131964206695557
42,DE,22,-1.3131964206695557
42,DE,23,-1.314252257347107
42,DE,24,-1.3147742748260498
42,DE,25,-1.3149179220199585
42,DE,26,-1.315671682357788
42,DE,27,-1.315671682357788
42,DE,28,-1.315671682357788
42,DE,29,-1.315671682357788
42,DE,30,-1.315671682357788
42,DE,31,-1.315671682357788
42,DE,32,-1.3158166408538818
42,DE,33,-1.3160327672958374
42,DE,34,-1.3160327672958374
42,DE,35,-1.3160585165023804
42,DE,36,-1.3160585165023804
42,DE,37,-1.3161746263504028
42,DE,38,-1.3163251876831055
42,DE,39,-1.3163251876831055
42,DE,40,-1.3163251876831055
42,DE,41,-1.3163373470306396
42,DE,42,-1.3163373470306396
42,DE,43,-1.316408395767212
42,DE,44,-1.316408395767212
42,DE,45,-1.316408395767212
42,DE,46,-1.316408395767212
42,DE,47,-1.3164435625076294
42,DE,48,-1.3164435625076294
42,DE,49,-1.3164435625076294
42,DE,50,-1.3164777755737305
42,DE,51,-1.3164777755737305
42,DE,52,-1.3164777755737305
42,DE,53,-1.3164777755737305
42,DE,54,-1.3164916038513184
42,DE,55,-1.3164916038513184
42,DE,56,-1.3164916038513184
42,DE,57,-1.3165189027786255
42,DE,58,-1.3165189027786255
42,DE,59,-1.3165189027786255
42,DE,60,-1.3165189027786255
42,PSO+LBFGS,1,-1.2886478900909424
42,PSO+LBFGS,2,-1.3078805208206177
42,PSO+LBFGS,3,-1.3165379762649536
42,PSO+LBFGS,4,-1.3165379762649536
42,PSO+LBFGS,5,-1.3165444135665894
42,PSO+LBFGS,6,-1.316547155380249
42,PSO+LBFGS,7,-1.316547155380249
42,PSO+LBFGS,8,-1.316547155380249
42,PSO+LBFGS,9,-1.316547155380249
42,PSO+LBFGS,10,-1.3165475130081177
42,PSO+LBFGS,11,-1.3165475130081177
42,PSO+LBFGS,12,-1.3165475130081177
42,PSO+LBFGS,13,-1.3165475130081177
42,PSO+LBFGS,14,-1.3165475130081177
42,PSO+LBFGS,15,-1.3165475130081177
42,PSO+LBFGS,16,-1.3165475130081177
42,PSO+LBFGS,17,-1.3165475130081177
42,PSO+LBFGS,18,-1.3165475130081177
42,PSO+LBFGS,19,-1.3165475130081177
42,PSO+LBFGS,20,-1.3165475130081177
42,PSO+LBFGS,21,-1.3165475130081177
42,PSO+LBFGS,22,-1.3165475130081177
42,PSO+LBFGS,23,-1.3165475130081177
42,PSO+LBFGS,24,-1.3165475130081177
42,PSO+LBFGS,25,-1.3165475130081177
42,PSO+LBFGS,26,-1.3165476322174072
42,PSO+LBFGS,27,-1.3165476322174072
42,PSO+LBFGS,28,-1.3165476322174072
42,PSO+LBFGS,29,-1.3165476322174072
42,PSO+LBFGS,30,-1.3165476322174072
42,PSO+LBFGS,31,-1.3165476322174072
42,PSO+LBFGS,32,-1.3165476322174072
42,PSO+LBFGS,33,-1.3165476322174072
42,PSO+LBFGS,34,-1.3165476322174072
42,PSO+LBFGS,35,-1.3165476322174072
42,PSO+LBFGS,36,-1.3165476322174072
42,PSO+LBFGS,37,-1.3165476322174072
42,PSO+LBFGS,38,-1.3165476322174072
42,PSO+LBFGS,39,-1.3165476322174072
42,PSO+LBFGS,40,-1.3165476322174072
42,PSO+LBFGS,41,-1.3165473937988281
42,PSO+LBFGS,42,-1.3165473937988281
42,PSO+LBFGS,43,-1.3165473937988281
42,PSO+LBFGS,44,-1.3165473937988281
42,PSO+LBFGS,45,-1.3165473937988281
42,PSO+LBFGS,46,-1.3165473937988281
42,PSO+LBFGS,47,-1.3165473937988281
42,PSO+LBFGS,48,-1.3165473937988281
42,PSO+LBFGS,49,-1.3165473937988281
42,PSO+LBFGS,50,-1.3165473937988281
42,PSO+LBFGS,51,-1.3165473937988281
42,PSO+LBFGS,52,-1.3165473937988281
42,PSO+LBFGS,53,-1.3165473937988281
42,PSO+LBFGS,54,-1.3165473937988281
42,PSO+LBFGS,55,-1.3165473937988281
42,PSO+LBFGS,56,-1.3165473937988281
42,PSO+LBFGS,57,-1.3165473937988281
42,PSO+LBFGS,58,-1.3165473937988281
42,PSO+LBFGS,59,-1.3165473937988281
42,PSO+LBFGS,60,-1.3165473937988281
43,Adam,1,-0.9630314707756042
43,Adam,2,-0.9722834825515747
43,Adam,3,-0.9813865423202515
43,Adam,4,-0.9903351664543152
43,Adam,5,-0.999104917049408
43,Adam,6,-1.0076851844787598
43,Adam,7,-1.0160571336746216
43,Adam,8,-1.0242093801498413
43,Adam,9,-1.032131552696228
43,Adam,10,-1.039814829826355
43,Adam,11,-1.0472455024719238
43,Adam,12,-1.0544240474700928
43,Adam,13,-1.0613393783569336
43,Adam,14,-1.0679914951324463
43,Adam,15,-1.0743794441223145
43,Adam,16,-1.0805007219314575
43,Adam,17,-1.0863580703735352
43,Adam,18,-1.091955542564392
43,Adam,19,-1.0972939729690552
43,Adam,20,-1.1023805141448975
43,Adam,21,-1.107221007347107
43,Adam,22,-1.1118218898773193
43,Adam,23,-1.1161894798278809
43,Adam,24,-1.120333194732666
43,Adam,25,-1.1242616176605225
43,Adam,26,-1.1279810667037964
43,Adam,27,-1.1315034627914429
43,Adam,28,-1.1348342895507812
43,Adam,29,-1.1379854679107666
43,Adam,30,-1.1409662961959839
43,Adam,31,-1.143782138824463
43,Adam,32,-1.1464416980743408
43,Adam,33,-1.1489570140838623
43,Adam,34,-1.1513335704803467
43,Adam,35,-1.1535788774490356
43,Adam,36,-1.1557021141052246
43,Adam,37,-1.1577094793319702
43,Adam,38,-1.159607172012329
43,Adam,39,-1.1614015102386475
43,Adam,40,-1.1631001234054565
43,Adam,41,-1.1647074222564697
43,Adam,42,-1.1662310361862183
43,Adam,43,-1.1676734685897827
43,Adam,44,-1.169039011001587
43,Adam,45,-1.1703373193740845
43,Adam,46,-1.1715679168701172
43,Adam,47,-1.1727372407913208
43,Adam,48,-1.1738473176956177
43,Adam,49,-1.1749025583267212
43,Adam,50,-1.1759074926376343
43,Adam,51,-1.1768624782562256
43,Adam,52,-1.1777727603912354
43,Adam,53,-1.1786407232284546
43,Adam,54,-1.1794688701629639
43,Adam,55,-1.1802589893341064
43,Adam,56,-1.1810147762298584
43,Adam,57,-1.1817357540130615
43,Adam,58,-1.1824259757995605
43,Adam,59,-1.183085322380066
43,Adam,60,-1.183719515800476
43,LBFGS,1,-1.0049808025360107
43,LBFGS,2,-1.1876881122589111
43,LBFGS,3,-1.194535493850708
43,LBFGS,4,-1.2023495435714722
43,LBFGS,5,-1.2057132720947266
43,LBFGS,6,-1.2076170444488525
43,LBFGS,7,-1.2086344957351685
43,LBFGS,8,-1.2091925144195557
43,LBFGS,9,-1.209499478340149
43,LBFGS,10,-1.2096688747406006
43,LBFGS,11,-1.2097628116607666
43,LBFGS,12,-1.2098145484924316
43,LBFGS,13,-1.2098382711410522
43,LBFGS,14,-1.2098610401153564
43,LBFGS,15,-1.2098687887191772
43,LBFGS,16,-1.2098731994628906
43,LBFGS,17,-1.2098757028579712
43,LBFGS,18,-1.2098774909973145
43,LBFGS,19,-1.209877848625183
43,LBFGS,20,-1.2098780870437622
43,LBFGS,21,-1.2098780870437622
43,LBFGS,22,-1.2098780870437622
43,LBFGS,23,-1.2098780870437622
43,LBFGS,24,-1.2098780870437622
43,LBFGS,25,-1.2098780870437622
43,LBFGS,26,-1.2098780870437622
43,LBFGS,27,-1.2098780870437622
43,LBFGS,28,-1.2098780870437622
43,LBFGS,29,-1.2098780870437622
43,LBFGS,30,-1.2098780870437622
43,LBFGS,31,-1.2098780870437622
43,LBFGS,32,-1.2098780870437622
43,LBFGS,33,-1.2098780870437622
43,LBFGS,34,-1.2098780870437622
43,LBFGS,35,-1.2098780870437622
43,LBFGS,36,-1.2098780870437622
43,LBFGS,37,-1.2098780870437622
43,LBFGS,38,-1.2098780870437622
43,LBFGS,39,-1.2098780870437622
43,LBFGS,40,-1.2098780870437622
43,LBFGS,41,-1.2098780870437622
43,LBFGS,42,-1.2098780870437622
43,LBFGS,43,-1.2098780870437622
43,LBFGS,44,-1.2098780870437622
43,LBFGS,45,-1.2098780870437622
43,LBFGS,46,-1.2098780870437622
43,LBFGS,47,-1.2098780870437622
43,LBFGS,48,-1.2098780870437622
43,LBFGS,49,-1.2098780870437622
43,LBFGS,50,-1.2098780870437622
43,LBFGS,51,-1.2098780870437622
43,LBFGS,52,-1.2098780870437622
43,LBFGS,53,-1.2098780870437622
43,LBFGS,54,-1.2098780870437622
43,LBFGS,55,-1.2098780870437622
43,LBFGS,56,-1.2098780870437622
43,LBFGS,57,-1.2098780870437622
43,LBFGS,58,-1.2098780870437622
43,LBFGS,59,-1.2098780870437622
43,LBFGS,60,-1.2098780870437622
43,PSO,1,-1.1159831285476685
43,PSO,2,-1.1804308891296387
43,PSO,3,-1.2047631740570068
43,PSO,4,-1.206774353981018
43,PSO,5,-1.2091172933578491
43,PSO,6,-1.209875464439392
43,PSO,7,-1.209875464439392
43,PSO,8,-1.209875464439392
43,PSO,9,-1.2098772525787354
43,PSO,10,-1.2098772525787354
43,PSO,11,-1.209877848625183
43,PSO,12,-1.209877848625183
43,PSO,13,-1.2098779678344727
43,PSO,14,-1.2098780870437622
43,PSO,15,-1.2098782062530518
43,PSO,16,-1.2098782062530518
43,PSO,17,-1.2098782062530518
43,PSO,18,-1.2098782062530518
43,PSO,19,-1.2098782062530518
43,PSO,20,-1.2098782062530518
43,PSO,21,-1.2098782062530518
43,PSO,22,-1.2098782062530518
43,PSO,23,-1.2098782062530518
43,PSO,24,-1.2098782062530518
43,PSO,25,-1.2098782062530518
43,PSO,26,-1.2098782062530518
43,PSO,27,-1.2098782062530518
43,PSO,28,-1.2098782062530518
43,PSO,29,-1.2098782062530518
43,PSO,30,-1.2098783254623413
43,PSO,31,-1.2098783254623413
43,PSO,32,-1.2098783254623413
43,PSO,33,-1.2098783254623413
43,PSO,34,-1.2098783254623413
43,PSO,35,-1.2098783254623413
43,PSO,36,-1.2098783254623413
43,PSO,37,-1.2098783254623413
43,PSO,38,-1.2098783254623413
43,PSO,39,-1.2098783254623413
43,PSO,40,-1.2098783254623413
43,PSO,41,-1.2098783254623413
43,PSO,42,-1.2098783254623413
43,PSO,43,-1.2098783254623413
43,PSO,44,-1.2098783254623413
43,PSO,45,-1.2098783254623413
43,PSO,46,-1.2098783254623413
43,PSO,47,-1.2098783254623413
43,PSO,48,-1.2098783254623413
43,PSO,49,-1.2098783254623413
43,PSO,50,-1.2098783254623413
43,PSO,51,-1.2098783254623413
43,PSO,52,-1.2098783254623413
43,PSO,53,-1.2098783254623413
43,PSO,54,-1.2098783254623413
43,PSO,55,-1.2098783254623413
43,PSO,56,-1.2098783254623413
43,PSO,57,-1.2098783254623413
43,PSO,58,-1.2098783254623413
43,PSO,59,-1.2098783254623413
43,PSO,60,-1.2098783254623413
43,DE,1,-1.1513372659683228
43,DE,2,-1.1513372659683228
43,DE,3,-1.1639788150787354
43,DE,4,-1.1711734533309937
43,DE,5,-1.1786279678344727
43,DE,6,-1.1794484853744507
43,DE,7,-1.1794484853744507
43,DE,8,-1.1826608180999756
43,DE,9,-1.187099575996399
43,DE,10,-1.1889373064041138
43,DE,11,-1.1893490552902222
43,DE,12,-1.1954952478408813
43,DE,13,-1.1954952478408813
43,DE,14,-1.196097493171692
43,DE,15,-1.1991448402404785
43,DE,16,-1.1991448402404785
43,DE,17,-1.1991448402404785
43,DE,18,-1.1991626024246216
43,DE,19,-1.1994929313659668
43,DE,20,-1.201341986656189
43,DE,21,-1.2045012712478638
43,DE,22,-1.2060917615890503
43,DE,23,-1.2060917615890503
43,DE,24,-1.2060917615890503
43,DE,25,-1.2060917615890503
43,DE,26,-1.2062034606933594
43,DE,27,-1.2073642015457153
43,DE,28,-1.2073642015457153
43,DE,29,-1.207558512687683
43,DE,30,-1.2089112997055054
43,DE,31,-1.2089112997055054
43,DE,32,-1.2089112997055054
43,DE,33,-1.2089112997055054
43,DE,34,-1.2089295387268066
43,DE,35,-1.2089295387268066
43,DE,36,-1.2091748714447021
43,DE,37,-1.2092278003692627
43,DE,38,-1.2092278003692627
43,DE,39,-1.2092278003692627
43,DE,40,-1.2094334363937378
43,DE,41,-1.2094334363937378
43,DE,42,-1.2094334363937378
43,DE,43,-1.2094334363937378
43,DE,44,-1.2094334363937378
43,DE,45,-1.2095916271209717
43,DE,46,-1.2095916271209717
43,DE,47,-1.2096278667449951
43,DE,48,-1.2097814083099365
43,DE,49,-1.2097814083099365
43,DE,50,-1.2097814083099365
43,DE,51,-1.2097814083099365
43,DE,52,-1.2097814083099365
43,DE,53,-1.2097814083099365
43,DE,54,-1.2097814083099365
43,DE,55,-1.2097814083099365
43,DE,56,-1.2097814083099365
43,DE,57,-1.2097814083099365
43,DE,58,-1.2097814083099365
43,DE,59,-1.2097814083099365
43,DE,60,-1.2097814083099365
43,PSO+LBFGS,1,-1.1449432373046875
43,PSO+LBFGS,2,-1.1682984828948975
43,PSO+LBFGS,3,-1.2016717195510864
43,PSO+LBFGS,4,-1.20982825756073
43,PSO+LBFGS,5,-1.2098779678344727
43,PSO+LBFGS,6,-1.2098779678344727
43,PSO+LBFGS,7,-1.2098779678344727
43,PSO+LBFGS,8,-1.2098780870437622
43,PSO+LBFGS,9,-1.2098780870437622
43,PSO+LBFGS,10,-1.2098780870437622
43,PSO+LBFGS,11,-1.2098780870437622
43,PSO+LBFGS,12,-1.2098780870437622
43,PSO+LBFGS,13,-1.2098780870437622
43,PSO+LBFGS,14,-1.2098780870437622
43,PSO+LBFGS,15,-1.2098780870437622
43,PSO+LBFGS,16,-1.2098780870437622
43,PSO+LBFGS,17,-1.2098780870437622
43,PSO+LBFGS,18,-1.2098780870437622
43,PSO+LBFGS,19,-1.2098780870437622
43,PSO+LBFGS,20,-1.2098780870437622
43,PSO+LBFGS,21,-1.2098780870437622
43,PSO+LBFGS,22,-1.2098782062530518
43,PSO+LBFGS,23,-1.2098782062530518
43,PSO+LBFGS,24,-1.2098782062530518
43,PSO+LBFGS,25,-1.2098782062530518
43,PSO+LBFGS,26,-1.2098782062530518
43,PSO+LBFGS,27,-1.2098783254623413
43,PSO+LBFGS,28,-1.2098783254623413
43,PSO+LBFGS,29,-1.2098783254623413
43,PSO+LBFGS,30,-1.2098783254623413
43,PSO+LBFGS,31,-1.2098783254623413
43,PSO+LBFGS,32,-1.2098783254623413
43,PSO+LBFGS,33,-1.2098783254623413
43,PSO+LBFGS,34,-1.2098783254623413
43,PSO+LBFGS,35,-1.2098783254623413
43,PSO+LBFGS,36,-1.2098783254623413
43,PSO+LBFGS,37,-1.2098783254623413
43,PSO+LBFGS,38,-1.2098783254623413
43,PSO+LBFGS,39,-1.2098783254623413
43,PSO+LBFGS,40,-1.2098783254623413
43,PSO+LBFGS,41,-1.2098780870437622
43,PSO+LBFGS,42,-1.2098780870437622
43,PSO+LBFGS,43,-1.2098780870437622
43,PSO+LBFGS,44,-1.2098780870437622
43,PSO+LBFGS,45,-1.2098780870437622
43,PSO+LBFGS,46,-1.2098780870437622
43,PSO+LBFGS,47,-1.2098780870437622
43,PSO+LBFGS,48,-1.2098780870437622
43,PSO+LBFGS,49,-1.2098780870437622
43,PSO+LBFGS,50,-1.2098780870437622
43,PSO+LBFGS,51,-1.2098780870437622
43,PSO+LBFGS,52,-1.2098780870437622
43,PSO+LBFGS,53,-1.2098780870437622
43,PSO+LBFGS,54,-1.2098780870437622
43,PSO+LBFGS,55,-1.2098780870437622
43,PSO+LBFGS,56,-1.2098780870437622
43,PSO+LBFGS,57,-1.2098780870437622
43,PSO+LBFGS,58,-1.2098780870437622
43,PSO+LBFGS,59,-1.2098780870437622
43,PSO+LBFGS,60,-1.2098780870437622
44,Adam,1,-1.5303223133087158
44,Adam,2,-1.5358402729034424
44,Adam,3,-1.5412582159042358
44,Adam,4,-1.5465642213821411
44,Adam,5,-1.551750898361206
44,Adam,6,-1.556810736656189
44,Adam,7,-1.5617327690124512
44,Adam,8,-1.5665110349655151
44,Adam,9,-1.5711402893066406
44,Adam,10,-1.5756146907806396
44,Adam,11,-1.5799312591552734
44,Adam,12,-1.5840846300125122
44,Adam,13,-1.5880765914916992
44,Adam,14,-1.5919042825698853
44,Adam,15,-1.5955674648284912
44,Adam,16,-1.5990688800811768
44,Adam,17,-1.6024086475372314
44,Adam,18,-1.6055892705917358
44,Adam,19,-1.608616828918457
44,Adam,20,-1.6114917993545532
44,Adam,21,-1.6142219305038452
44,Adam,22,-1.6168091297149658
44,Adam,23,-1.6192598342895508
44,Adam,24,-1.6215791702270508
44,Adam,25,-1.6237720251083374
44,Adam,26,-1.6258463859558105
44,Adam,27,-1.6278034448623657
44,Adam,28,-1.6296528577804565
44,Adam,29,-1.6313989162445068
44,Adam,30,-1.6330457925796509
44,Adam,31,-1.634600281715393
44,Adam,32,-1.6360679864883423
44,Adam,33,-1.6374520063400269
44,Adam,34,-1.6387585401535034
44,Adam,35,-1.6399922370910645
44,Adam,36,-1.6411558389663696
44,Adam,37,-1.6422561407089233
44,Adam,38,-1.6432945728302002
44,Adam,39,-1.6442761421203613
44,Adam,40,-1.6452053785324097
44,Adam,41,-1.6460827589035034
44,Adam,42,-1.6469141244888306
44,Adam,43,-1.6477001905441284
44,Adam,44,-1.6484462022781372
44,Adam,45,-1.6491528749465942
44,Adam,46,-1.6498236656188965
44,Adam,47,-1.65045964717865
44,Adam,48,-1.6510640382766724
44,Adam,49,-1.651639461517334
44,Adam,50,-1.6521867513656616
44,Adam,51,-1.6527059078216553
44,Adam,52,-1.6532026529312134
44,Adam,53,-1.6536744832992554
44,Adam,54,-1.654125690460205
44,Adam,55,-1.6545560359954834
44,Adam,56,-1.6549668312072754
44,Adam,57,-1.6553597450256348
44,Adam,58,-1.6557363271713257
44,Adam,59,-1.656095027923584
44,Adam,60,-1.6564409732818604
44,LBFGS,1,-1.6033293008804321
44,LBFGS,2,-1.6488184928894043
44,LBFGS,3,-1.6579805612564087
44,LBFGS,4,-1.6643626689910889
44,LBFGS,5,-1.667327880859375
44,LBFGS,6,-1.6690089702606201
44,LBFGS,7,-1.6699275970458984
44,LBFGS,8,-1.6704400777816772
44,LBFGS,9,-1.6707258224487305
44,LBFGS,10,-1.6708837747573853
44,LBFGS,11,-1.6709728240966797
44,LBFGS,12,-1.6710209846496582
44,LBFGS,13,-1.6710492372512817
44,LBFGS,14,-1.6710633039474487
44,LBFGS,15,-1.6710718870162964
44,LBFGS,16,-1.6710768938064575
44,LBFGS,17,-1.6710798740386963
44,LBFGS,18,-1.6710811853408813
44,LBFGS,19,-1.6710820198059082
44,LBFGS,20,-1.6710820198059082
44,LBFGS,21,-1.6710823774337769
44,LBFGS,22,-1.6710823774337769
44,LBFGS,23,-1.6710823774337769
44,LBFGS,24,-1.6710823774337769
44,LBFGS,25,-1.6710823774337769
44,LBFGS,26,-1.6710823774337769
44,LBFGS,27,-1.6710823774337769
44,LBFGS,28,-1.6710823774337769
44,LBFGS,29,-1.6710823774337769
44,LBFGS,30,-1.6710823774337769
44,LBFGS,31,-1.6710823774337769
44,LBFGS,32,-1.6710823774337769
44,LBFGS,33,-1.6710823774337769
44,LBFGS,34,-1.6710823774337769
44,LBFGS,35,-1.6710823774337769
44,LBFGS,36,-1.6710823774337769
44,LBFGS,37,-1.6710823774337769
44,LBFGS,38,-1.6710823774337769
44,LBFGS,39,-1.6710823774337769
44,LBFGS,40,-1.6710823774337769
44,LBFGS,41,-1.6710823774337769
44,LBFGS,42,-1.6710823774337769
44,LBFGS,43,-1.6710823774337769
44,LBFGS,44,-1.6710823774337769
44,LBFGS,45,-1.6710823774337769
44,LBFGS,46,-1.6710823774337769
44,LBFGS,47,-1.6710823774337769
44,LBFGS,48,-1.6710823774337769
44,LBFGS,49,-1.6710823774337769
44,LBFGS,50,-1.6710823774337769
44,LBFGS,51,-1.6710823774337769
44,LBFGS,52,-1.6710823774337769
44,LBFGS,53,-1.6710823774337769
44,LBFGS,54,-1.6710823774337769
44,LBFGS,55,-1.6710823774337769
44,LBFGS,56,-1.6710823774337769
44,LBFGS,57,-1.6710823774337769
44,LBFGS,58,-1.6710823774337769
44,LBFGS,59,-1.6710823774337769
44,LBFGS,60,-1.6710823774337769
44,PSO,1,-1.6211754083633423
44,PSO,2,-1.642622947692871
44,PSO,3,-1.652796745300293
44,PSO,4,-1.6554601192474365
44,PSO,5,-1.655501365661621
44,PSO,6,-1.6571464538574219
44,PSO,7,-1.6590691804885864
44,PSO,8,-1.6609750986099243
44,PSO,9,-1.664279818534851
44,PSO,10,-1.6663668155670166
44,PSO,11,-1.668486475944519
44,PSO,12,-1.669935941696167
44,PSO,13,-1.6710824966430664
44,PSO,14,-1.6710824966430664
44,PSO,15,-1.6710824966430664
44,PSO,16,-1.6710824966430664
44,PSO,17,-1.6710824966430664
44,PSO,18,-1.6710824966430664
44,PSO,19,-1.6710824966430664
44,PSO,20,-1.6710824966430664
44,PSO,21,-1.6710824966430664
44,PSO,22,-1.6710824966430664
44,PSO,23,-1.6710824966430664
44,PSO,24,-1.6710824966430664
44,PSO,25,-1.6710824966430664
44,PSO,26,-1.6710824966430664
44,PSO,27,-1.6710824966430664
44,PSO,28,-1.6710824966430664
44,PSO,29,-1.6710824966430664
44,PSO,30,-1.6710824966430664
44,PSO,31,-1.6710824966430664
44,PSO,32,-1.6710824966430664
44,PSO,33,-1.6710824966430664
44,PSO,34,-1.6710824966430664
44,PSO,35,-1.6710824966430664
44,PSO,36,-1.6710824966430664
44,PSO,37,-1.6710824966430664
44,PSO,38,-1.6710824966430664
44,PSO,39,-1.6710824966430664
44,PSO,40,-1.6710824966430664
44,PSO,41,-1.6710824966430664
44,PSO,42,-1.6710824966430664
44,PSO,43,-1.6710824966430664
44,PSO,44,-1.6710824966430664
44,PSO,45,-1.6710824966430664
44,PSO,46,-1.6710824966430664
44,PSO,47,-1.6710824966430664
44,PSO,48,-1.6710824966430664
44,PSO,49,-1.6710824966430664
44,PSO,50,-1.6710824966430664
44,PSO,51,-1.6710824966430664
44,PSO,52,-1.6710824966430664
44,PSO,53,-1.6710824966430664
44,PSO,54,-1.6710824966430664
44,PSO,55,-1.6710824966430664
44,PSO,56,-1.6710824966430664
44,PSO,57,-1.6710824966430664
44,PSO,58,-1.6710824966430664
44,PSO,59,-1.6710824966430664
44,PSO,60,-1.6710824966430664
44,DE,1,-1.6229074001312256
44,DE,2,-1.6249679327011108
44,DE,3,-1.6362316608428955
44,DE,4,-1.6498774290084839
44,DE,5,-1.6498774290084839
44,DE,6,-1.6498774290084839
44,DE,7,-1.6526597738265991
44,DE,8,-1.6526597738265991
44,DE,9,-1.6526597738265991
44,DE,10,-1.6526597738265991
44,DE,11,-1.6628254652023315
44,DE,12,-1.6640655994415283
44,DE,13,-1.6659116744995117
44,DE,14,-1.6659116744995117
44,DE,15,-1.6659116744995117
44,DE,16,-1.6659116744995117
44,DE,17,-1.6659116744995117
44,DE,18,-1.6659116744995117
44,DE,19,-1.6659116744995117
44,DE,20,-1.6659116744995117
44,DE,21,-1.6661970615386963
44,DE,22,-1.666285753250122
44,DE,23,-1.6663686037063599
44,DE,24,-1.6671415567398071
44,DE,25,-1.6671415567398071
44,DE,26,-1.6684114933013916
44,DE,27,-1.6684114933013916
44,DE,28,-1.668665885925293
44,DE,29,-1.668665885925293
44,DE,30,-1.6688631772994995
44,DE,31,-1.6688631772994995
44,DE,32,-1.668982982635498
44,DE,33,-1.6694786548614502
44,DE,34,-1.6698834896087646
44,DE,35,-1.6698834896087646
44,DE,36,-1.6704022884368896
44,DE,37,-1.6704022884368896
44,DE,38,-1.6704022884368896
44,DE,39,-1.6704225540161133
44,DE,40,-1.6704225540161133
44,DE,41,-1.6704225540161133
44,DE,42,-1.6705459356307983
44,DE,43,-1.670662522315979
44,DE,44,-1.6707165241241455
44,DE,45,-1.6707165241241455
44,DE,46,-1.6707165241241455
44,DE,47,-1.6708296537399292
44,DE,48,-1.6708296537399292
44,DE,49,-1.6708296537399292
44,DE,50,-1.6708635091781616
44,DE,51,-1.670874834060669
44,DE,52,-1.6709058284759521
44,DE,53,-1.6709175109863281
44,DE,54,-1.6709175109863281
44,DE,55,-1.6709610223770142
44,DE,56,-1.6709723472595215
44,DE,57,-1.6709744930267334
44,DE,58,-1.6709790229797363
44,DE,59,-1.6709790229797363
44,DE,60,-1.6709955930709839
44,PSO+LBFGS,1,-1.623558521270752
44,PSO+LBFGS,2,-1.6538344621658325
44,PSO+LBFGS,3,-1.66291081905365
44,PSO+LBFGS,4,-1.6676135063171387
44,PSO+LBFGS,5,-1.6710824966430664
44,PSO+LBFGS,6,-1.6710824966430664
44,PSO+LBFGS,7,-1.6710824966430664
44,PSO+LBFGS,8,-1.6710824966430664
44,PSO+LBFGS,9,-1.6710824966430664
44,PSO+LBFGS,10,-1.6710824966430664
44,PSO+LBFGS,11,-1.6710824966430664
44,PSO+LBFGS,12,-1.6710824966430664
44,PSO+LBFGS,13,-1.6710824966430664
44,PSO+LBFGS,14,-1.6710824966430664
44,PSO+LBFGS,15,-1.6710824966430664
44,PSO+LBFGS,16,-1.6710824966430664
44,PSO+LBFGS,17,-1.6710824966430664
44,PSO+LBFGS,18,-1.6710824966430664
44,PSO+LBFGS,19,-1.6710824966430664
44,PSO+LBFGS,20,-1.6710824966430664
44,PSO+LBFGS,21,-1.6710824966430664
44,PSO+LBFGS,22,-1.6710824966430664
44,PSO+LBFGS,23,-1.6710824966430664
44,PSO+LBFGS,24,-1.6710824966430664
44,PSO+LBFGS,25,-1.6710824966430664
44,PSO+LBFGS,26,-1.6710824966430664
44,PSO+LBFGS,27,-1.6710824966430664
44,PSO+LBFGS,28,-1.6710824966430664
44,PSO+LBFGS,29,-1.6710824966430664
44,PSO+LBFGS,30,-1.6710824966430664
44,PSO+LBFGS,31,-1.6710824966430664
44,PSO+LBFGS,32,-1.6710824966430664
44,PSO+LBFGS,33,-1.6710824966430664
44,PSO+LBFGS,34,-1.6710824966430664
44,PSO+LBFGS,35,-1.6710824966430664
44,PSO+LBFGS,36,-1.6710824966430664
44,PSO+LBFGS,37,-1.6710824966430664
44,PSO+LBFGS,38,-1.6710824966430664
44,PSO+LBFGS,39,-1.6710824966430664
44,PSO+LBFGS,40,-1.6710824966430664
44,PSO+LBFGS,41,-1.671082615852356
44,PSO+LBFGS,42,-1.671082615852356
44,PSO+LBFGS,43,-1.671082615852356
44,PSO+LBFGS,44,-1.671082615852356
44,PSO+LBFGS,45,-1.671082615852356
44,PSO+LBFGS,46,-1.671082615852356
44,PSO+LBFGS,47,-1.671082615852356
44,PSO+LBFGS,48,-1.671082615852356
44,PSO+LBFGS,49,-1.671082615852356
44,PSO+LBFGS,50,-1.671082615852356
44,PSO+LBFGS,51,-1.671082615852356
44,PSO+LBFGS,52,-1.671082615852356
44,PSO+LBFGS,53,-1.671082615852356
44,PSO+LBFGS,54,-1.671082615852356
44,PSO+LBFGS,55,-1.671082615852356
44,PSO+LBFGS,56,-1.671082615852356
44,PSO+LBFGS,57,-1.671082615852356
44,PSO+LBFGS,58,-1.671082615852356
44,PSO+LBFGS,59,-1.671082615852356
44,PSO+LBFGS,60,-1.671082615852356
45,Adam,1,-1.3023308515548706
45,Adam,2,-1.3068938255310059
45,Adam,3,-1.3113313913345337
45,Adam,4,-1.3156367540359497
45,Adam,5,-1.31980562210083
45,Adam,6,-1.3238320350646973
45,Adam,7,-1.327712893486023
45,Adam,8,-1.3314493894577026
45,Adam,9,-1.3350425958633423
45,Adam,10,-1.3384931087493896
45,Adam,11,-1.3418055772781372
45,Adam,12,-1.3449844121932983
45,Adam,13,-1.3480334281921387
45,Adam,14,-1.350955605506897
45,Adam,15,-1.3537553548812866
45,Adam,16,-1.3564345836639404
45,Adam,17,-1.3589982986450195
45,Adam,18,-1.3614481687545776
45,Adam,19,-1.36378812789917
45,Adam,20,-1.3660216331481934
45,Adam,21,-1.3681501150131226
45,Adam,22,-1.3701785802841187
45,Adam,23,-1.3721102476119995
45,Adam,24,-1.373947262763977
45,Adam,25,-1.3756930828094482
45,Adam,26,-1.3773514032363892
45,Adam,27,-1.3789247274398804
45,Adam,28,-1.3804168701171875
45,Adam,29,-1.381829857826233
45,Adam,30,-1.3831698894500732
45,Adam,31,-1.3844376802444458
45,Adam,32,-1.3856366872787476
45,Adam,33,-1.3867710828781128
45,Adam,34,-1.387843132019043
45,Adam,35,-1.3888577222824097
45,Adam,36,-1.3898167610168457
45,Adam,37,-1.3907233476638794
45,Adam,38,-1.3915807008743286
45,Adam,39,-1.3923916816711426
45,Adam,40,-1.3931591510772705
45,Adam,41,-1.3938864469528198
45,Adam,42,-1.394574522972107
45,Adam,43,-1.395227313041687
45,Adam,44,-1.395845890045166
45,Adam,45,-1.3964343070983887
45,Adam,46,-1.3969926834106445
45,Adam,47,-1.3975224494934082
45,Adam,48,-1.3980263471603394
45,Adam,49,-1.3985062837600708
45,Adam,50,-1.3989639282226562
45,Adam,51,-1.3993992805480957
45,Adam,52,-1.399815320968628
45,Adam,53,-1.4002118110656738
45,Adam,54,-1.4005911350250244
45,Adam,55,-1.4009530544281006
45,Adam,56,-1.4012998342514038
45,Adam,57,-1.4016307592391968
45,Adam,58,-1.4019482135772705
45,Adam,59,-1.4022517204284668
45,Adam,60,-1.402543544769287
45,LBFGS,1,-1.3588073253631592
45,LBFGS,2,-1.4011543989181519
45,LBFGS,3,-1.406266450881958
45,LBFGS,4,-1.4103882312774658
45,LBFGS,5,-1.4121794700622559
45,LBFGS,6,-1.4132649898529053
45,LBFGS,7,-1.4137932062149048
45,LBFGS,8,-1.4140537977218628
45,LBFGS,9,-1.4141892194747925
45,LBFGS,10,-1.4142985343933105
45,LBFGS,11,-1.4143571853637695
45,LBFGS,12,-1.4143874645233154
45,LBFGS,13,-1.4144054651260376
45,LBFGS,14,-1.414415717124939
45,LBFGS,15,-1.414421558380127
45,LBFGS,16,-1.4144245386123657
45,LBFGS,17,-1.4144257307052612
45,LBFGS,18,-1.4144275188446045
45,LBFGS,19,-1.4144279956817627
45,LBFGS,20,-1.4144279956817627
45,LBFGS,21,-1.4144281148910522
45,LBFGS,22,-1.4144282341003418
45,LBFGS,23,-1.4144282341003418
45,LBFGS,24,-1.4144282341003418
45,LBFGS,25,-1.4144282341003418
45,LBFGS,26,-1.4144282341003418
45,LBFGS,27,-1.4144282341003418
45,LBFGS,28,-1.4144282341003418
45,LBFGS,29,-1.4144282341003418
45,LBFGS,30,-1.4144282341003418
45,LBFGS,31,-1.4144282341003418
45,LBFGS,32,-1.4144282341003418
45,LBFGS,33,-1.4144282341003418
45,LBFGS,34,-1.4144282341003418
45,LBFGS,35,-1.4144282341003418
45,LBFGS,36,-1.4144282341003418
45,LBFGS,37,-1.4144282341003418
45,LBFGS,38,-1.4144282341003418
45,LBFGS,39,-1.4144282341003418
45,LBFGS,40,-1.4144282341003418
45,LBFGS,41,-1.4144282341003418
45,LBFGS,42,-1.4144282341003418
45,LBFGS,43,-1.4144282341003418
45,LBFGS,44,-1.4144282341003418
45,LBFGS,45,-1.4144282341003418
45,LBFGS,46,-1.4144282341003418
45,LBFGS,47,-1.4144282341003418
45,LBFGS,48,-1.4144282341003418
45,LBFGS,49,-1.4144282341003418
45,LBFGS,50,-1.4144282341003418
45,LBFGS,51,-1.4144282341003418
45,LBFGS,52,-1.4144282341003418
45,LBFGS,53,-1.4144282341003418
45,LBFGS,54,-1.4144282341003418
45,LBFGS,55,-1.4144282341003418
45,LBFGS,56,-1.4144282341003418
45,LBFGS,57,-1.4144282341003418
45,LBFGS,58,-1.4144282341003418
45,LBFGS,59,-1.4144282341003418
45,LBFGS,60,-1.4144282341003418
45,PSO,1,-1.4057458639144897
45,PSO,2,-1.4089176654815674
45,PSO,3,-1.4095042943954468
45,PSO,4,-1.4098782539367676
45,PSO,5,-1.4105159044265747
45,PSO,6,-1.411984920501709
45,PSO,7,-1.4131433963775635
45,PSO,8,-1.4140429496765137
45,PSO,9,-1.4144278764724731
45,PSO,10,-1.4144278764724731
45,PSO,11,-1.4144278764724731
45,PSO,12,-1.4144278764724731
45,PSO,13,-1.4144278764724731
45,PSO,14,-1.4144278764724731
45,PSO,15,-1.4144278764724731
45,PSO,16,-1.4144278764724731
45,PSO,17,-1.4144278764724731
45,PSO,18,-1.4144278764724731
45,PSO,19,-1.4144278764724731
45,PSO,20,-1.4144281148910522
45,PSO,21,-1.4144281148910522
45,PSO,22,-1.4144281148910522
45,PSO,23,-1.4144281148910522
45,PSO,24,-1.4144281148910522
45,PSO,25,-1.4144282341003418
45,PSO,26,-1.4144282341003418
45,PSO,27,-1.4144282341003418
45,PSO,28,-1.4144283533096313
45,PSO,29,-1.4144283533096313
45,PSO,30,-1.4144283533096313
45,PSO,31,-1.4144283533096313
45,PSO,32,-1.4144283533096313
45,PSO,33,-1.4144283533096313
45,PSO,34,-1.4144283533096313
45,PSO,35,-1.4144283533096313
45,PSO,36,-1.4144283533096313
45,PSO,37,-1.4144283533096313
45,PSO,38,-1.4144283533096313
45,PSO,39,-1.4144283533096313
45,PSO,40,-1.4144283533096313
45,PSO,41,-1.4144283533096313
45,PSO,42,-1.4144283533096313
45,PSO,43,-1.4144283533096313
45,PSO,44,-1.4144283533096313
45,PSO,45,-1.4144283533096313
45,PSO,46,-1.4144283533096313
45,PSO,47,-1.4144283533096313
45,PSO,48,-1.4144283533096313
45,PSO,49,-1.4144283533096313
45,PSO,50,-1.4144283533096313
45,PSO,51,-1.4144283533096313
45,PSO,52,-1.4144283533096313
45,PSO,53,-1.4144283533096313
45,PSO,54,-1.4144283533096313
45,PSO,55,-1.4144283533096313
45,PSO,56,-1.4144283533096313
45,PSO,57,-1.4144283533096313
45,PSO,58,-1.4144283533096313
45,PSO,59,-1.4144283533096313
45,PSO,60,-1.4144283533096313
45,DE,1,-1.3778266906738281
45,DE,2,-1.3936131000518799
45,DE,3,-1.3936131000518799
45,DE,4,-1.3936131000518799
45,DE,5,-1.3936131000518799
45,DE,6,-1.3936131000518799
45,DE,7,-1.3936131000518799
45,DE,8,-1.3962931632995605
45,DE,9,-1.4002214670181274
45,DE,10,-1.4041144847869873
45,DE,11,-1.4045369625091553
45,DE,12,-1.405279278755188
45,DE,13,-1.405279278755188
45,DE,14,-1.405279278755188
45,DE,15,-1.4059542417526245
45,DE,16,-1.4102885723114014
45,DE,17,-1.4102885723114014
45,DE,18,-1.4102885723114014
45,DE,19,-1.4117351770401
45,DE,20,-1.4126583337783813
45,DE,21,-1.4126583337783813
45,DE,22,-1.4126583337783813
45,DE,23,-1.4126583337783813
45,DE,24,-1.412670373916626
45,DE,25,-1.412670373916626
45,DE,26,-1.4133961200714111
45,DE,27,-1.4134018421173096
45,DE,28,-1.4134018421173096
45,DE,29,-1.4137611389160156
45,DE,30,-1.4137611389160156
45,DE,31,-1.414056420326233
45,DE,32,-1.414056420326233
45,DE,33,-1.414082407951355
45,DE,34,-1.414082407951355
45,DE,35,-1.414082407951355
45,DE,36,-1.414082407951355
45,DE,37,-1.414082407951355
45,DE,38,-1.414082407951355
45,DE,39,-1.4142128229141235
45,DE,40,-1.4142128229141235
45,DE,41,-1.4142308235168457
45,DE,42,-1.4142308235168457
45,DE,43,-1.4142308235168457
45,DE,44,-1.414243459701538
45,DE,45,-1.4142634868621826
45,DE,46,-1.41432523727417
45,DE,47,-1.414351224899292
45,DE,48,-1.414351224899292
45,DE,49,-1.414351224899292
45,DE,50,-1.414382815361023
45,DE,51,-1.4143993854522705
45,DE,52,-1.4143993854522705
45,DE,53,-1.4143993854522705
45,DE,54,-1.4143993854522705
45,DE,55,-1.4144010543823242
45,DE,56,-1.4144059419631958
45,DE,57,-1.414412260055542
45,DE,58,-1.414412260055542
45,DE,59,-1.4144161939620972
45,DE,60,-1.4144161939620972
45,PSO+LBFGS,1,-1.3800488710403442
45,PSO+LBFGS,2,-1.402518391609192
45,PSO+LBFGS,3,-1.4132030010223389
45,PSO+LBFGS,4,-1.4143898487091064
45,PSO+LBFGS,5,-1.4143898487091064
45,PSO+LBFGS,6,-1.4143898487091064
45,PSO+LBFGS,7,-1.4144186973571777
45,PSO+LBFGS,8,-1.4144186973571777
45,PSO+LBFGS,9,-1.414420485496521
45,PSO+LBFGS,10,-1.4144281148910522
45,PSO+LBFGS,11,-1.4144281148910522
45,PSO+LBFGS,12,-1.4144281148910522
45,PSO+LBFGS,13,-1.4144281148910522
45,PSO+LBFGS,14,-1.4144281148910522
45,PSO+LBFGS,15,-1.4144281148910522
45,PSO+LBFGS,16,-1.4144281148910522
45,PSO+LBFGS,17,-1.4144281148910522
45,PSO+LBFGS,18,-1.4144281148910522
45,PSO+LBFGS,19,-1.4144281148910522
45,PSO+LBFGS,20,-1.4144281148910522
45,PSO+LBFGS,21,-1.4144281148910522
45,PSO+LBFGS,22,-1.4144282341003418
45,PSO+LBFGS,23,-1.4144282341003418
45,PSO+LBFGS,24,-1.4144282341003418
45,PSO+LBFGS,25,-1.4144282341003418
45,PSO+LBFGS,26,-1.4144282341003418
45,PSO+LBFGS,27,-1.4144282341003418
45,PSO+LBFGS,28,-1.4144283533096313
45,PSO+LBFGS,29,-1.4144283533096313
45,PSO+LBFGS,30,-1.4144283533096313
45,PSO+LBFGS,31,-1.4144283533096313
45,PSO+LBFGS,32,-1.4144283533096313
45,PSO+LBFGS,33,-1.4144283533096313
45,PSO+LBFGS,34,-1.4144283533096313
45,PSO+LBFGS,35,-1.4144283533096313
45,PSO+LBFGS,36,-1.4144283533096313
45,PSO+LBFGS,37,-1.4144283533096313
45,PSO+LBFGS,38,-1.4144283533096313
45,PSO+LBFGS,39,-1.4144283533096313
45,PSO+LBFGS,40,-1.4144283533096313
45,PSO+LBFGS,41,-1.4144281148910522
45,PSO+LBFGS,42,-1.4144281148910522
45,PSO+LBFGS,43,-1.4144281148910522
45,PSO+LBFGS,44,-1.4144281148910522
45,PSO+LBFGS,45,-1.4144281148910522
45,PSO+LBFGS,46,-1.4144281148910522
45,PSO+LBFGS,47,-1.4144281148910522
45,PSO+LBFGS,48,-1.4144281148910522
45,PSO+LBFGS,49,-1.4144281148910522
45,PSO+LBFGS,50,-1.4144281148910522
45,PSO+LBFGS,51,-1.4144281148910522
45,PSO+LBFGS,52,-1.4144281148910522
45,PSO+LBFGS,53,-1.4144281148910522
45,PSO+LBFGS,54,-1.4144281148910522
45,PSO+LBFGS,55,-1.4144281148910522
45,PSO+LBFGS,56,-1.4144281148910522
45,PSO+LBFGS,57,-1.4144281148910522
45,PSO+LBFGS,58,-1.4144281148910522
45,PSO+LBFGS,59,-1.4144281148910522
45,PSO+LBFGS,60,-1.4144281148910522
46,Adam,1,-1.9323246479034424
46,Adam,2,-1.9381232261657715
46,Adam,3,-1.9438178539276123
46,Adam,4,-1.9493989944458008
46,Adam,5,-1.9548557996749878
46,Adam,6,-1.9601802825927734
46,Adam,7,-1.9653632640838623
46,Adam,8,-1.9703954458236694
46,Adam,9,-1.97527277469635
46,Adam,10,-1.9799864292144775
46,Adam,11,-1.9845359325408936
46,Adam,12,-1.9889158010482788
46,Adam,13,-1.9931225776672363
46,Adam,14,-1.9971592426300049
46,Adam,15,-2.001021146774292
46,Adam,16,-2.004714012145996
46,Adam,17,-2.0082356929779053
46,Adam,18,-2.0115926265716553
46,Adam,19,-2.014784097671509
46,Adam,20,-2.017817735671997
46,Adam,21,-2.020695209503174
46,Adam,22,-2.0234243869781494
46,Adam,23,-2.0260088443756104
46,Adam,24,-2.0284531116485596
46,Adam,25,-2.030766248703003
46,Adam,26,-2.0329511165618896
46,Adam,27,-2.03501558303833
46,Adam,28,-2.0369648933410645
46,Adam,29,-2.0388035774230957
46,Adam,30,-2.0405385494232178
46,Adam,31,-2.0421764850616455
46,Adam,32,-2.0437214374542236
46,Adam,33,-2.045178174972534
46,Adam,34,-2.0465519428253174
46,Adam,35,-2.0478498935699463
46,Adam,36,-2.0490739345550537
46,Adam,37,-2.0502288341522217
46,Adam,38,-2.0513203144073486
46,Adam,39,-2.0523505210876465
46,Adam,40,-2.053325653076172
46,Adam,41,-2.0542454719543457
46,Adam,42,-2.05511736869812
46,Adam,43,-2.055941581726074
46,Adam,44,-2.0567219257354736
46,Adam,45,-2.057462453842163
46,Adam,46,-2.0581631660461426
46,Adam,47,-2.058828115463257
46,Adam,48,-2.0594606399536133
46,Adam,49,-2.060060739517212
46,Adam,50,-2.0606307983398438
46,Adam,51,-2.061173915863037
46,Adam,52,-2.0616891384124756
46,Adam,53,-2.0621824264526367
46,Adam,54,-2.0626516342163086
46,Adam,55,-2.0630972385406494
46,Adam,56,-2.0635244846343994
46,Adam,57,-2.063933849334717
46,Adam,58,-2.0643231868743896
46,Adam,59,-2.064697742462158
46,Adam,60,-2.0650534629821777
46,LBFGS,1,-2.032341241836548
46,LBFGS,2,-2.0601000785827637
46,LBFGS,3,-2.0690627098083496
46,LBFGS,4,-2.0740156173706055
46,LBFGS,5,-2.0766372680664062
46,LBFGS,6,-2.078110694885254
46,LBFGS,7,-2.0789380073547363
46,LBFGS,8,-2.0794050693511963
46,LBFGS,9,-2.0796680450439453
46,LBFGS,10,-2.0798144340515137
46,LBFGS,11,-2.0798966884613037
46,LBFGS,12,-2.079943895339966
46,LBFGS,13,-2.079969644546509
46,LBFGS,14,-2.079983949661255
46,LBFGS,15,-2.079991579055786
46,LBFGS,16,-2.0799951553344727
46,LBFGS,17,-2.079998731613159
46,LBFGS,18,-2.0799999237060547
46,LBFGS,19,-2.080000162124634
46,LBFGS,20,-2.080000638961792
46,LBFGS,21,-2.080000877380371
46,LBFGS,22,-2.080000877380371
46,LBFGS,23,-2.080000877380371
46,LBFGS,24,-2.080000877380371
46,LBFGS,25,-2.080000877380371
46,LBFGS,26,-2.080000877380371
46,LBFGS,27,-2.080000877380371
46,LBFGS,28,-2.080000877380371
46,LBFGS,29,-2.080000877380371
46,LBFGS,30,-2.080000877380371
46,LBFGS,31,-2.080000877380371
46,LBFGS,32,-2.080000877380371
46,LBFGS,33,-2.080000877380371
46,LBFGS,34,-2.080000877380371
46,LBFGS,35,-2.080000877380371
46,LBFGS,36,-2.080000877380371
46,LBFGS,37,-2.080000877380371
46,LBFGS,38,-2.080000877380371
46,LBFGS,39,-2.080000877380371
46,LBFGS,40,-2.080000877380371
46,LBFGS,41,-2.080000877380371
46,LBFGS,42,-2.080000877380371
46,LBFGS,43,-2.080000877380371
46,LBFGS,44,-2.080000877380371
46,LBFGS,45,-2.080000877380371
46,LBFGS,46,-2.080000877380371
46,LBFGS,47,-2.080000877380371
46,LBFGS,48,-2.080000877380371
46,LBFGS,49,-2.080000877380371
46,LBFGS,50,-2.080000877380371
46,LBFGS,51,-2.080000877380371
46,LBFGS,52,-2.080000877380371
46,LBFGS,53,-2.080000877380371
46,LBFGS,54,-2.080000877380371
46,LBFGS,55,-2.080000877380371
46,LBFGS,56,-2.080000877380371
46,LBFGS,57,-2.080000877380371
46,LBFGS,58,-2.080000877380371
46,LBFGS,59,-2.080000877380371
46,LBFGS,60,-2.080000877380371
46,PSO,1,-2.017198085784912
46,PSO,2,-2.034980535507202
46,PSO,3,-2.0610923767089844
46,PSO,4,-2.0781877040863037
46,PSO,5,-2.08000111579895
46,PSO,6,-2.08000111579895
46,PSO,7,-2.08000111579895
46,PSO,8,-2.08000111579895
46,PSO,9,-2.08000111579895
46,PSO,10,-2.08000111579895
46,PSO,11,-2.08000111579895
46,PSO,12,-2.08000111579895
46,PSO,13,-2.08000111579895
46,PSO,14,-2.08000111579895
46,PSO,15,-2.08000111579895
46,PSO,16,-2.08000111579895
46,PSO,17,-2.08000111579895
46,PSO,18,-2.08000111579895
46,PSO,19,-2.08000111579895
46,PSO,20,-2.08000111579895
46,PSO,21,-2.08000111579895
46,PSO,22,-2.08000111579895
46,PSO,23,-2.08000111579895
46,PSO,24,-2.08000111579895
46,PSO,25,-2.08000111579895
46,PSO,26,-2.08000111579895
46,PSO,27,-2.08000111579895
46,PSO,28,-2.08000111579895
46,PSO,29,-2.08000111579895
46,PSO,30,-2.08000111579895
46,PSO,31,-2.08000111579895
46,PSO,32,-2.08000111579895
46,PSO,33,-2.08000111579895
46,PSO,34,-2.08000111579895
46,PSO,35,-2.08000111579895
46,PSO,36,-2.08000111579895
46,PSO,37,-2.08000111579895
46,PSO,38,-2.08000111579895
46,PSO,39,-2.08000111579895
46,PSO,40,-2.08000111579895
46,PSO,41,-2.08000111579895
46,PSO,42,-2.08000111579895
46,PSO,43,-2.08000111579895
46,PSO,44,-2.08000111579895
46,PSO,45,-2.08000111579895
46,PSO,46,-2.08000111579895
46,PSO,47,-2.08000111579895
46,PSO,48,-2.08000111579895
46,PSO,49,-2.08000111579895
46,PSO,50,-2.08000111579895
46,PSO,51,-2.08000111579895
46,PSO,52,-2.08000111579895
46,PSO,53,-2.08000111579895
46,PSO,54,-2.08000111579895
46,PSO,55,-2.08000111579895
46,PSO,56,-2.08000111579895
46,PSO,57,-2.08000111579895
46,PSO,58,-2.08000111579895
46,PSO,59,-2.08000111579895
46,PSO,60,-2.08000111579895
46,DE,1,-2.0266993045806885
46,DE,2,-2.0430562496185303
46,DE,3,-2.0475244522094727
46,DE,4,-2.049445390701294
46,DE,5,-2.056241273880005
46,DE,6,-2.056241273880005
46,DE,7,-2.056241273880005
46,DE,8,-2.0624167919158936
46,DE,9,-2.064385175704956
46,DE,10,-2.064385175704956
46,DE,11,-2.067492961883545
46,DE,12,-2.0720551013946533
46,DE,13,-2.0720551013946533
46,DE,14,-2.0720551013946533
46,DE,15,-2.0720551013946533
46,DE,16,-2.0720551013946533
46,DE,17,-2.0735301971435547
46,DE,18,-2.0746586322784424
46,DE,19,-2.074758529663086
46,DE,20,-2.076352596282959
46,DE,21,-2.076352596282959
46,DE,22,-2.0771002769470215
46,DE,23,-2.0771002769470215
46,DE,24,-2.07796573638916
46,DE,25,-2.07796573638916
46,DE,26,-2.0784945487976074
46,DE,27,-2.0784945487976074
46,DE,28,-2.0784945487976074
46,DE,29,-2.0784945487976074
46,DE,30,-2.0785889625549316
46,DE,31,-2.0785889625549316
46,DE,32,-2.0785889625549316
46,DE,33,-2.0785889625549316
46,DE,34,-2.0785889625549316
46,DE,35,-2.0788450241088867
46,DE,36,-2.0788450241088867
46,DE,37,-2.078925848007202
46,DE,38,-2.079245090484619
46,DE,39,-2.07930064201355
46,DE,40,-2.07930064201355
46,DE,41,-2.07930064201355
46,DE,42,-2.07930064201355
46,DE,43,-2.07930064201355
46,DE,44,-2.07930064201355
46,DE,45,-2.0793862342834473
46,DE,46,-2.079524517059326
46,DE,47,-2.0795514583587646
46,DE,48,-2.0796308517456055
46,DE,49,-2.0796632766723633
46,DE,50,-2.0797994136810303
46,DE,51,-2.079800844192505
46,DE,52,-2.079819440841675
46,DE,53,-2.079834222793579
46,DE,54,-2.079834222793579
46,DE,55,-2.079841375350952
46,DE,56,-2.079841375350952
46,DE,57,-2.0798842906951904
46,DE,58,-2.0798938274383545
46,DE,59,-2.0798938274383545
46,DE,60,-2.0799057483673096
46,PSO+LBFGS,1,-2.0273799896240234
46,PSO+LBFGS,2,-2.0637693405151367
46,PSO+LBFGS,3,-2.070239543914795
46,PSO+LBFGS,4,-2.0768110752105713
46,PSO+LBFGS,5,-2.08000111579895
46,PSO+LBFGS,6,-2.08000111579895
46,PSO+LBFGS,7,-2.08000111579895
46,PSO+LBFGS,8,-2.08000111579895
46,PSO+LBFGS,9,-2.08000111579895
46,PSO+LBFGS,10,-2.08000111579895
46,PSO+LBFGS,11,-2.08000111579895
46,PSO+LBFGS,12,-2.08000111579895
46,PSO+LBFGS,13,-2.08000111579895
46,PSO+LBFGS,14,-2.08000111579895
46,PSO+LBFGS,15,-2.08000111579895
46,PSO+LBFGS,16,-2.08000111579895
46,PSO+LBFGS,17,-2.08000111579895
46,PSO+LBFGS,18,-2.08000111579895
46,PSO+LBFGS,19,-2.08000111579895
46,PSO+LBFGS,20,-2.08000111579895
46,PSO+LBFGS,21,-2.08000111579895
46,PSO+LBFGS,22,-2.08000111579895
46,PSO+LBFGS,23,-2.08000111579895
46,PSO+LBFGS,24,-2.08000111579895
46,PSO+LBFGS,25,-2.08000111579895
46,PSO+LBFGS,26,-2.08000111579895
46,PSO+LBFGS,27,-2.08000111579895
46,PSO+LBFGS,28,-2.08000111579895
46,PSO+LBFGS,29,-2.08000111579895
46,PSO+LBFGS,30,-2.08000111579895
46,PSO+LBFGS,31,-2.08000111579895
46,PSO+LBFGS,32,-2.08000111579895
46,PSO+LBFGS,33,-2.08000111579895
46,PSO+LBFGS,34,-2.08000111579895
46,PSO+LBFGS,35,-2.08000111579895
46,PSO+LBFGS,36,-2.08000111579895
46,PSO+LBFGS,37,-2.08000111579895
46,PSO+LBFGS,38,-2.08000111579895
46,PSO+LBFGS,39,-2.08000111579895
46,PSO+LBFGS,40,-2.08000111579895
46,PSO+LBFGS,41,-2.08000111579895
46,PSO+LBFGS,42,-2.08000111579895
46,PSO+LBFGS,43,-2.08000111579895
46,PSO+LBFGS,44,-2.08000111579895
46,PSO+LBFGS,45,-2.08000111579895
46,PSO+LBFGS,46,-2.08000111579895
46,PSO+LBFGS,47,-2.08000111579895
46,PSO+LBFGS,48,-2.08000111579895
46,PSO+LBFGS,49,-2.08000111579895
46,PSO+LBFGS,50,-2.08000111579895
46,PSO+LBFGS,51,-2.08000111579895
46,PSO+LBFGS,52,-2.08000111579895
46,PSO+LBFGS,53,-2.08000111579895
46,PSO+LBFGS,54,-2.08000111579895
46,PSO+LBFGS,55,-2.08000111579895
46,PSO+LBFGS,56,-2.08000111579895
46,PSO+LBFGS,57,-2.08000111579895
46,PSO+LBFGS,58,-2.08000111579895
46,PSO+LBFGS,59,-2.08000111579895
46,PSO+LBFGS,60,-2.08000111579895
47,Adam,1,-1.3736919164657593
47,Adam,2,-1.3784558773040771
47,Adam,3,-1.3831522464752197
47,Adam,4,-1.3877712488174438
47,Adam,5,-1.3923057317733765
47,Adam,6,-1.3967463970184326
47,Adam,7,-1.4010857343673706
47,Adam,8,-1.4053184986114502
47,Adam,9,-1.4094369411468506
47,Adam,10,-1.413435459136963
47,Adam,11,-1.4173120260238647
47,Adam,12,-1.4210606813430786
47,Adam,13,-1.4246790409088135
47,Adam,14,-1.428166151046753
47,Adam,15,-1.4315192699432373
47,Adam,16,-1.4347394704818726
47,Adam,17,-1.4378257989883423
47,Adam,18,-1.4407809972763062
47,Adam,19,-1.4436038732528687
47,Adam,20,-1.4462990760803223
47,Adam,21,-1.4488688707351685
47,Adam,22,-1.4513144493103027
47,Adam,23,-1.4536411762237549
47,Adam,24,-1.4558515548706055
47,Adam,25,-1.4579510688781738
47,Adam,26,-1.4599413871765137
47,Adam,27,-1.4618281126022339
47,Adam,28,-1.463616132736206
47,Adam,29,-1.4653089046478271
47,Adam,30,-1.4669116735458374
47,Adam,31,-1.4684278964996338
47,Adam,32,-1.4698622226715088
47,Adam,33,-1.4712178707122803
47,Adam,34,-1.4725009202957153
47,Adam,35,-1.4737138748168945
47,Adam,36,-1.4748612642288208
47,Adam,37,-1.4759465456008911
47,Adam,38,-1.476973056793213
47,Adam,39,-1.477943778038025
47,Adam,40,-1.4788628816604614
47,Adam,41,-1.479733943939209
47,Adam,42,-1.4805576801300049
47,Adam,43,-1.4813381433486938
47,Adam,44,-1.4820786714553833
47,Adam,45,-1.4827797412872314
47,Adam,46,-1.4834463596343994
47,Adam,47,-1.4840781688690186
47,Adam,48,-1.4846787452697754
47,Adam,49,-1.4852490425109863
47,Adam,50,-1.4857916831970215
47,Adam,51,-1.4863085746765137
47,Adam,52,-1.4868000745773315
47,Adam,53,-1.487268090248108
47,Adam,54,-1.487714409828186
47,Adam,55,-1.4881407022476196
47,Adam,56,-1.4885469675064087
47,Adam,57,-1.4889354705810547
47,Adam,58,-1.4893068075180054
47,Adam,59,-1.4896621704101562
47,Adam,60,-1.490002155303955
47,LBFGS,1,-1.4648206233978271
47,LBFGS,2,-1.4875768423080444
47,LBFGS,3,-1.4953553676605225
47,LBFGS,4,-1.4993796348571777
47,LBFGS,5,-1.5013656616210938
47,LBFGS,6,-1.5024288892745972
47,LBFGS,7,-1.5029964447021484
47,LBFGS,8,-1.5033046007156372
47,LBFGS,9,-1.503472924232483
47,LBFGS,10,-1.5035226345062256
47,LBFGS,11,-1.5036084651947021
47,LBFGS,12,-1.5036373138427734
47,LBFGS,13,-1.5036561489105225
47,LBFGS,14,-1.503666639328003
47,LBFGS,15,-1.503672480583191
47,LBFGS,16,-1.503678321838379
47,LBFGS,17,-1.503679633140564
47,LBFGS,18,-1.5036808252334595
47,LBFGS,19,-1.5036814212799072
47,LBFGS,20,-1.5036816596984863
47,LBFGS,21,-1.5036816596984863
47,LBFGS,22,-1.5036816596984863
47,LBFGS,23,-1.5036816596984863
47,LBFGS,24,-1.5036816596984863
47,LBFGS,25,-1.5036816596984863
47,LBFGS,26,-1.5036816596984863
47,LBFGS,27,-1.5036816596984863
47,LBFGS,28,-1.5036816596984863
47,LBFGS,29,-1.5036816596984863
47,LBFGS,30,-1.5036816596984863
47,LBFGS,31,-1.5036816596984863
47,LBFGS,32,-1.5036816596984863
47,LBFGS,33,-1.5036816596984863
47,LBFGS,34,-1.5036816596984863
47,LBFGS,35,-1.5036816596984863
47,LBFGS,36,-1.5036816596984863
47,LBFGS,37,-1.5036816596984863
47,LBFGS,38,-1.5036816596984863
47,LBFGS,39,-1.5036816596984863
47,LBFGS,40,-1.5036816596984863
47,LBFGS,41,-1.5036816596984863
47,LBFGS,42,-1.5036816596984863
47,LBFGS,43,-1.5036816596984863
47,LBFGS,44,-1.5036816596984863
47,LBFGS,45,-1.5036816596984863
47,LBFGS,46,-1.5036816596984863
47,LBFGS,47,-1.5036816596984863
47,LBFGS,48,-1.5036816596984863
47,LBFGS,49,-1.5036816596984863
47,LBFGS,50,-1.5036816596984863
47,LBFGS,51,-1.5036816596984863
47,LBFGS,52,-1.5036816596984863
47,LBFGS,53,-1.5036816596984863
47,LBFGS,54,-1.5036816596984863
47,LBFGS,55,-1.5036816596984863
47,LBFGS,56,-1.5036816596984863
47,LBFGS,57,-1.5036816596984863
47,LBFGS,58,-1.5036816596984863
47,LBFGS,59,-1.5036816596984863
47,LBFGS,60,-1.5036816596984863
47,PSO,1,-1.4668081998825073
47,PSO,2,-1.490560531616211
47,PSO,3,-1.5025689601898193
47,PSO,4,-1.5034180879592896
47,PSO,5,-1.5035542249679565
47,PSO,6,-1.5036004781723022
47,PSO,7,-1.5036243200302124
47,PSO,8,-1.5036243200302124
47,PSO,9,-1.5036795139312744
47,PSO,10,-1.5036795139312744
47,PSO,11,-1.5036795139312744
47,PSO,12,-1.5036811828613281
47,PSO,13,-1.5036811828613281
47,PSO,14,-1.5036811828613281
47,PSO,15,-1.5036817789077759
47,PSO,16,-1.5036817789077759
47,PSO,17,-1.5036817789077759
47,PSO,18,-1.5036817789077759
47,PSO,19,-1.5036817789077759
47,PSO,20,-1.5036817789077759
47,PSO,21,-1.5036817789077759
47,PSO,22,-1.5036817789077759
47,PSO,23,-1.5036817789077759
47,PSO,24,-1.5036817789077759
47,PSO,25,-1.5036817789077759
47,PSO,26,-1.5036817789077759
47,PSO,27,-1.5036817789077759
47,PSO,28,-1.5036817789077759
47,PSO,29,-1.5036818981170654
47,PSO,30,-1.5036818981170654
47,PSO,31,-1.5036818981170654
47,PSO,32,-1.5036818981170654
47,PSO,33,-1.5036818981170654
47,PSO,34,-1.5036818981170654
47,PSO,35,-1.5036818981170654
47,PSO,36,-1.5036818981170654
47,PSO,37,-1.5036818981170654
47,PSO,38,-1.5036818981170654
47,PSO,39,-1.5036818981170654
47,PSO,40,-1.5036818981170654
47,PSO,41,-1.5036818981170654
47,PSO,42,-1.5036818981170654
47,PSO,43,-1.5036818981170654
47,PSO,44,-1.5036818981170654
47,PSO,45,-1.5036818981170654
47,PSO,46,-1.5036818981170654
47,PSO,47,-1.5036818981170654
47,PSO,48,-1.5036818981170654
47,PSO,49,-1.5036818981170654
47,PSO,50,-1.5036818981170654
47,PSO,51,-1.5036818981170654
47,PSO,52,-1.5036818981170654
47,PSO,53,-1.5036818981170654
47,PSO,54,-1.5036818981170654
47,PSO,55,-1.5036818981170654
47,PSO,56,-1.5036818981170654
47,PSO,57,-1.5036818981170654
47,PSO,58,-1.5036818981170654
47,PSO,59,-1.5036818981170654
47,PSO,60,-1.5036818981170654
47,DE,1,-1.4635025262832642
47,DE,2,-1.4635025262832642
47,DE,3,-1.4636882543563843
47,DE,4,-1.4871940612792969
47,DE,5,-1.4873740673065186
47,DE,6,-1.4873740673065186
47,DE,7,-1.4887617826461792
47,DE,8,-1.4922455549240112
47,DE,9,-1.4972856044769287
47,DE,10,-1.4972856044769287
47,DE,11,-1.5003538131713867
47,DE,12,-1.5003538131713867
47,DE,13,-1.5003538131713867
47,DE,14,-1.5003538131713867
47,DE,15,-1.501249074935913
47,DE,16,-1.501249074935913
47,DE,17,-1.501249074935913
47,DE,18,-1.501249074935913
47,DE,19,-1.501249074935913
47,DE,20,-1.5017091035842896
47,DE,21,-1.5017091035842896
47,DE,22,-1.5022826194763184
47,DE,23,-1.5025172233581543
47,DE,24,-1.5026503801345825
47,DE,25,-1.503029704093933
47,DE,26,-1.503029704093933
47,DE,27,-1.503029704093933
47,DE,28,-1.503029704093933
47,DE,29,-1.503029704093933
47,DE,30,-1.503402590751648
47,DE,31,-1.503402590751648
47,DE,32,-1.503402590751648
47,DE,33,-1.5034172534942627
47,DE,34,-1.5034172534942627
47,DE,35,-1.5034172534942627
47,DE,36,-1.5034780502319336
47,DE,37,-1.5035780668258667
47,DE,38,-1.5035780668258667
47,DE,39,-1.5035780668258667
47,DE,40,-1.5035780668258667
47,DE,41,-1.50360107421875
47,DE,42,-1.50360107421875
47,DE,43,-1.5036026239395142
47,DE,44,-1.5036026239395142
47,DE,45,-1.5036259889602661
47,DE,46,-1.5036259889602661
47,DE,47,-1.503636121749878
47,DE,48,-1.5036391019821167
47,DE,49,-1.50364351272583
47,DE,50,-1.5036479234695435
47,DE,51,-1.5036479234695435
47,DE,52,-1.5036594867706299
47,DE,53,-1.5036596059799194
47,DE,54,-1.5036596059799194
47,DE,55,-1.503664493560791
47,DE,56,-1.5036686658859253
47,DE,57,-1.5036686658859253
47,DE,58,-1.5036686658859253
47,DE,59,-1.5036778450012207
47,DE,60,-1.5036778450012207
47,PSO+LBFGS,1,-1.476244568824768
47,PSO+LBFGS,2,-1.4875816106796265
47,PSO+LBFGS,3,-1.5002793073654175
47,PSO+LBFGS,4,-1.5026164054870605
47,PSO+LBFGS,5,-1.5035951137542725
47,PSO+LBFGS,6,-1.5035995244979858
47,PSO+LBFGS,7,-1.5035995244979858
47,PSO+LBFGS,8,-1.5035995244979858
47,PSO+LBFGS,9,-1.503600001335144
47,PSO+LBFGS,10,-1.5036009550094604
47,PSO+LBFGS,11,-1.5036009550094604
47,PSO+LBFGS,12,-1.5036009550094604
47,PSO+LBFGS,13,-1.5036009550094604
47,PSO+LBFGS,14,-1.5036009550094604
47,PSO+LBFGS,15,-1.5036009550094604
47,PSO+LBFGS,16,-1.5036009550094604
47,PSO+LBFGS,17,-1.5036009550094604
47,PSO+LBFGS,18,-1.5036009550094604
47,PSO+LBFGS,19,-1.5036009550094604
47,PSO+LBFGS,20,-1.5036009550094604
47,PSO+LBFGS,21,-1.5036009550094604
47,PSO+LBFGS,22,-1.5036009550094604
47,PSO+LBFGS,23,-1.5036009550094604
47,PSO+LBFGS,24,-1.5036009550094604
47,PSO+LBFGS,25,-1.5036009550094604
47,PSO+LBFGS,26,-1.5036009550094604
47,PSO+LBFGS,27,-1.50360107421875
47,PSO+LBFGS,28,-1.50360107421875
47,PSO+LBFGS,29,-1.50360107421875
47,PSO+LBFGS,30,-1.50360107421875
47,PSO+LBFGS,31,-1.50360107421875
47,PSO+LBFGS,32,-1.50360107421875
47,PSO+LBFGS,33,-1.50360107421875
47,PSO+LBFGS,34,-1.50360107421875
47,PSO+LBFGS,35,-1.50360107421875
47,PSO+LBFGS,36,-1.50360107421875
47,PSO+LBFGS,37,-1.50360107421875
47,PSO+LBFGS,38,-1.50360107421875
47,PSO+LBFGS,39,-1.50360107421875
47,PSO+LBFGS,40,-1.50360107421875
47,PSO+LBFGS,41,-1.503600835800171
47,PSO+LBFGS,42,-1.503600835800171
47,PSO+LBFGS,43,-1.503600835800171
47,PSO+LBFGS,44,-1.503600835800171
47,PSO+LBFGS,45,-1.503600835800171
47,PSO+LBFGS,46,-1.503600835800171
47,PSO+LBFGS,47,-1.503600835800171
47,PSO+LBFGS,48,-1.503600835800171
47,PSO+LBFGS,49,-1.503600835800171
47,PSO+LBFGS,50,-1.503600835800171
47,PSO+LBFGS,51,-1.503600835800171
47,PSO+LBFGS,52,-1.503600835800171
47,PSO+LBFGS,53,-1.503600835800171
47,PSO+LBFGS,54,-1.503600835800171
47,PSO+LBFGS,55,-1.503600835800171
47,PSO+LBFGS,56,-1.503600835800171
47,PSO+LBFGS,57,-1.503600835800171
47,PSO+LBFGS,58,-1.503600835800171
47,PSO+LBFGS,59,-1.503600835800171
47,PSO+LBFGS,60,-1.503600835800171
48,Adam,1,-1.6327450275421143
48,Adam,2,-1.6381529569625854
48,Adam,3,-1.6434576511383057
48,Adam,4,-1.6486490964889526
48,Adam,5,-1.6537234783172607
48,Adam,6,-1.6586657762527466
48,Adam,7,-1.6634714603424072
48,Adam,8,-1.6681342124938965
48,Adam,9,-1.6726489067077637
48,Adam,10,-1.6770097017288208
48,Adam,11,-1.681214690208435
48,Adam,12,-1.6852620840072632
48,Adam,13,-1.6891499757766724
48,Adam,14,-1.6928781270980835
48,Adam,15,-1.6964482069015503
48,Adam,16,-1.6998646259307861
48,Adam,17,-1.7031275033950806
48,Adam,18,-1.7062408924102783
48,Adam,19,-1.7092055082321167
48,Adam,20,-1.712030291557312
48,Adam,21,-1.7147166728973389
48,Adam,22,-1.7172707319259644
48,Adam,23,-1.7196954488754272
48,Adam,24,-1.7219984531402588
48,Adam,25,-1.7241826057434082
48,Adam,26,-1.7262537479400635
48,Adam,27,-1.7282174825668335
48,Adam,28,-1.730079174041748
48,Adam,29,-1.7318438291549683
48,Adam,30,-1.7335139513015747
48,Adam,31,-1.7350975275039673
48,Adam,32,-1.7365981340408325
48,Adam,33,-1.7380175590515137
48,Adam,34,-1.7393635511398315
48,Adam,35,-1.740638017654419
48,Adam,36,-1.7418447732925415
48,Adam,37,-1.7429888248443604
48,Adam,38,-1.7440712451934814
48,Adam,39,-1.7450973987579346
48,Adam,40,-1.7460709810256958
48,Adam,41,-1.746991515159607
48,Adam,42,-1.747863531112671
48,Adam,43,-1.7486902475357056
48,Adam,44,-1.7494754791259766
48,Adam,45,-1.7502182722091675
48,Adam,46,-1.7509233951568604
48,Adam,47,-1.751590371131897
48,Adam,48,-1.752225637435913
48,Adam,49,-1.7528274059295654
48,Adam,50,-1.7533988952636719
48,Adam,51,-1.7539427280426025
48,Adam,52,-1.754460334777832
48,Adam,53,-1.75495183467865
48,Adam,54,-1.7554211616516113
48,Adam,55,-1.7558684349060059
48,Adam,56,-1.7562958002090454
48,Adam,57,-1.7567050457000732
48,Adam,58,-1.7570940256118774
48,Adam,59,-1.7574690580368042
48,Adam,60,-1.7578270435333252
48,LBFGS,1,-1.7091068029403687
48,LBFGS,2,-1.75383460521698
48,LBFGS,3,-1.7615972757339478
48,LBFGS,4,-1.7668193578720093
48,LBFGS,5,-1.769408941268921
48,LBFGS,6,-1.7708674669265747
48,LBFGS,7,-1.7716236114501953
48,LBFGS,8,-1.772113561630249
48,LBFGS,9,-1.7723581790924072
48,LBFGS,10,-1.7725017070770264
48,LBFGS,11,-1.7725709676742554
48,LBFGS,12,-1.7726163864135742
48,LBFGS,13,-1.7726432085037231
48,LBFGS,14,-1.7726579904556274
48,LBFGS,15,-1.772665023803711
48,LBFGS,16,-1.772669792175293
48,LBFGS,17,-1.7726730108261108
48,LBFGS,18,-1.7726740837097168
48,LBFGS,19,-1.772674322128296
48,LBFGS,20,-1.7726749181747437
48,LBFGS,21,-1.7726751565933228
48,LBFGS,22,-1.7726751565933228
48,LBFGS,23,-1.7726751565933228
48,LBFGS,24,-1.7726751565933228
48,LBFGS,25,-1.7726751565933228
48,LBFGS,26,-1.7726751565933228
48,LBFGS,27,-1.7726751565933228
48,LBFGS,28,-1.7726751565933228
48,LBFGS,29,-1.7726751565933228
48,LBFGS,30,-1.7726751565933228
48,LBFGS,31,-1.7726751565933228
48,LBFGS,32,-1.7726751565933228
48,LBFGS,33,-1.7726751565933228
48,LBFGS,34,-1.7726751565933228
48,LBFGS,35,-1.7726751565933228
48,LBFGS,36,-1.7726751565933228
48,LBFGS,37,-1.7726751565933228
48,LBFGS,38,-1.7726751565933228
48,LBFGS,39,-1.7726751565933228
48,LBFGS,40,-1.7726751565933228
48,LBFGS,41,-1.7726751565933228
48,LBFGS,42,-1.7726751565933228
48,LBFGS,43,-1.7726751565933228
48,LBFGS,44,-1.7726751565933228
48,LBFGS,45,-1.7726751565933228
48,LBFGS,46,-1.7726751565933228
48,LBFGS,47,-1.7726751565933228
48,LBFGS,48,-1.7726751565933228
48,LBFGS,49,-1.7726751565933228
48,LBFGS,50,-1.7726751565933228
48,LBFGS,51,-1.7726751565933228
48,LBFGS,52,-1.7726751565933228
48,LBFGS,53,-1.7726751565933228
48,LBFGS,54,-1.7726751565933228
48,LBFGS,55,-1.7726751565933228
48,LBFGS,56,-1.7726751565933228
48,LBFGS,57,-1.7726751565933228
48,LBFGS,58,-1.7726751565933228
48,LBFGS,59,-1.7726751565933228
48,LBFGS,60,-1.7726751565933228
48,PSO,1,-1.7159501314163208
48,PSO,2,-1.7572951316833496
48,PSO,3,-1.7627488374710083
48,PSO,4,-1.7677072286605835
48,PSO,5,-1.7693490982055664
48,PSO,6,-1.7693490982055664
48,PSO,7,-1.7703474760055542
48,PSO,8,-1.7711677551269531
48,PSO,9,-1.772233009338379
48,PSO,10,-1.7726744413375854
48,PSO,11,-1.7726744413375854
48,PSO,12,-1.772674798965454
48,PSO,13,-1.772674798965454
48,PSO,14,-1.772674798965454
48,PSO,15,-1.772674798965454
48,PSO,16,-1.772674798965454
48,PSO,17,-1.772674798965454
48,PSO,18,-1.7726749181747437
48,PSO,19,-1.7726749181747437
48,PSO,20,-1.7726749181747437
48,PSO,21,-1.7726751565933228
48,PSO,22,-1.7726751565933228
48,PSO,23,-1.7726751565933228
48,PSO,24,-1.7726751565933228
48,PSO,25,-1.7726751565933228
48,PSO,26,-1.7726751565933228
48,PSO,27,-1.7726751565933228
48,PSO,28,-1.7726751565933228
48,PSO,29,-1.7726751565933228
48,PSO,30,-1.7726752758026123
48,PSO,31,-1.7726752758026123
48,PSO,32,-1.7726752758026123
48,PSO,33,-1.7726752758026123
48,PSO,34,-1.7726752758026123
48,PSO,35,-1.7726752758026123
48,PSO,36,-1.7726752758026123
48,PSO,37,-1.7726752758026123
48,PSO,38,-1.7726752758026123
48,PSO,39,-1.7726752758026123
48,PSO,40,-1.7726752758026123
48,PSO,41,-1.7726752758026123
48,PSO,42,-1.7726752758026123
48,PSO,43,-1.7726752758026123
48,PSO,44,-1.7726752758026123
48,PSO,45,-1.7726752758026123
48,PSO,46,-1.7726752758026123
48,PSO,47,-1.7726752758026123
48,PSO,48,-1.7726752758026123
48,PSO,49,-1.7726752758026123
48,PSO,50,-1.7726752758026123
48,PSO,51,-1.7726752758026123
48,PSO,52,-1.7726752758026123
48,PSO,53,-1.7726752758026123
48,PSO,54,-1.7726752758026123
48,PSO,55,-1.7726752758026123
48,PSO,56,-1.7726752758026123
48,PSO,57,-1.7726752758026123
48,PSO,58,-1.7726752758026123
48,PSO,59,-1.7726752758026123
48,PSO,60,-1.7726752758026123
48,DE,1,-1.7556692361831665
48,DE,2,-1.7556692361831665
48,DE,3,-1.7556692361831665
48,DE,4,-1.7583773136138916
48,DE,5,-1.7583773136138916
48,DE,6,-1.7619686126708984
48,DE,7,-1.7623896598815918
48,DE,8,-1.7623896598815918
48,DE,9,-1.7623896598815918
48,DE,10,-1.7656625509262085
48,DE,11,-1.7656625509262085
48,DE,12,-1.7656625509262085
48,DE,13,-1.7656625509262085
48,DE,14,-1.7656625509262085
48,DE,15,-1.76620614528656
48,DE,16,-1.7675657272338867
48,DE,17,-1.7691482305526733
48,DE,18,-1.7691482305526733
48,DE,19,-1.7691482305526733
48,DE,20,-1.7691482305526733
48,DE,21,-1.7711231708526611
48,DE,22,-1.7711231708526611
48,DE,23,-1.7711231708526611
48,DE,24,-1.7711231708526611
48,DE,25,-1.7711231708526611
48,DE,26,-1.7711231708526611
48,DE,27,-1.7711231708526611
48,DE,28,-1.7712252140045166
48,DE,29,-1.7712252140045166
48,DE,30,-1.7713836431503296
48,DE,31,-1.7713836431503296
48,DE,32,-1.7713836431503296
48,DE,33,-1.7717738151550293
48,DE,34,-1.7721424102783203
48,DE,35,-1.7721424102783203
48,DE,36,-1.7724782228469849
48,DE,37,-1.7724782228469849
48,DE,38,-1.7724782228469849
48,DE,39,-1.7724782228469849
48,DE,40,-1.7724782228469849
48,DE,41,-1.7724782228469849
48,DE,42,-1.7724782228469849
48,DE,43,-1.7724782228469849
48,DE,44,-1.7724782228469849
48,DE,45,-1.7724782228469849
48,DE,46,-1.7724782228469849
48,DE,47,-1.7724782228469849
48,DE,48,-1.7724782228469849
48,DE,49,-1.7724782228469849
48,DE,50,-1.7724862098693848
48,DE,51,-1.7725306749343872
48,DE,52,-1.7725306749343872
48,DE,53,-1.7725306749343872
48,DE,54,-1.7725306749343872
48,DE,55,-1.7725670337677002
48,DE,56,-1.772606372833252
48,DE,57,-1.772606372833252
48,DE,58,-1.772606372833252
48,DE,59,-1.772606372833252
48,DE,60,-1.772606372833252
48,PSO+LBFGS,1,-1.753486156463623
48,PSO+LBFGS,2,-1.7691625356674194
48,PSO+LBFGS,3,-1.7717913389205933
48,PSO+LBFGS,4,-1.7726749181747437
48,PSO+LBFGS,5,-1.7726749181747437
48,PSO+LBFGS,6,-1.7726749181747437
48,PSO+LBFGS,7,-1.7726750373840332
48,PSO+LBFGS,8,-1.7726750373840332
48,PSO+LBFGS,9,-1.7726750373840332
48,PSO+LBFGS,10,-1.7726751565933228
48,PSO+LBFGS,11,-1.7726751565933228
48,PSO+LBFGS,12,-1.7726751565933228
48,PSO+LBFGS,13,-1.7726751565933228
48,PSO+LBFGS,14,-1.7726751565933228
48,PSO+LBFGS,15,-1.7726751565933228
48,PSO+LBFGS,16,-1.7726751565933228
48,PSO+LBFGS,17,-1.7726751565933228
48,PSO+LBFGS,18,-1.7726751565933228
48,PSO+LBFGS,19,-1.7726751565933228
48,PSO+LBFGS,20,-1.7726751565933228
48,PSO+LBFGS,21,-1.7726751565933228
48,PSO+LBFGS,22,-1.7726751565933228
48,PSO+LBFGS,23,-1.7726751565933228
48,PSO+LBFGS,24,-1.7726751565933228
48,PSO+LBFGS,25,-1.7726751565933228
48,PSO+LBFGS,26,-1.7726751565933228
48,PSO+LBFGS,27,-1.7726751565933228
48,PSO+LBFGS,28,-1.7726751565933228
48,PSO+LBFGS,29,-1.7726751565933228
48,PSO+LBFGS,30,-1.7726751565933228
48,PSO+LBFGS,31,-1.7726751565933228
48,PSO+LBFGS,32,-1.7726751565933228
48,PSO+LBFGS,33,-1.7726751565933228
48,PSO+LBFGS,34,-1.7726751565933228
48,PSO+LBFGS,35,-1.7726751565933228
48,PSO+LBFGS,36,-1.7726751565933228
48,PSO+LBFGS,37,-1.7726751565933228
48,PSO+LBFGS,38,-1.7726751565933228
48,PSO+LBFGS,39,-1.7726751565933228
48,PSO+LBFGS,40,-1.7726751565933228
48,PSO+LBFGS,41,-1.7726751565933228
48,PSO+LBFGS,42,-1.7726751565933228
48,PSO+LBFGS,43,-1.7726751565933228
48,PSO+LBFGS,44,-1.7726751565933228
48,PSO+LBFGS,45,-1.7726751565933228
48,PSO+LBFGS,46,-1.7726751565933228
48,PSO+LBFGS,47,-1.7726751565933228
48,PSO+LBFGS,48,-1.7726751565933228
48,PSO+LBFGS,49,-1.7726751565933228
48,PSO+LBFGS,50,-1.7726751565933228
48,PSO+LBFGS,51,-1.7726751565933228
48,PSO+LBFGS,52,-1.7726751565933228
48,PSO+LBFGS,53,-1.7726751565933228
48,PSO+LBFGS,54,-1.7726751565933228
48,PSO+LBFGS,55,-1.7726751565933228
48,PSO+LBFGS,56,-1.7726751565933228
48,PSO+LBFGS,57,-1.7726751565933228
48,PSO+LBFGS,58,-1.7726751565933228
48,PSO+LBFGS,59,-1.7726751565933228
48,PSO+LBFGS,60,-1.7726751565933228
49,Adam,1,-0.9516469836235046
49,Adam,2,-0.9627993106842041
49,Adam,3,-0.973797619342804
49,Adam,4,-0.9846280813217163
49,Adam,5,-0.9952675104141235
49,Adam,6,-1.0056997537612915
49,Adam,7,-1.0159032344818115
49,Adam,8,-1.0258662700653076
49,Adam,9,-1.0355639457702637
49,Adam,10,-1.0449925661087036
49,Adam,11,-1.0541387796401978
49,Adam,12,-1.0629907846450806
49,Adam,13,-1.0715454816818237
49,Adam,14,-1.0797905921936035
49,Adam,15,-1.08772873878479
49,Adam,16,-1.0953526496887207
49,Adam,17,-1.1026685237884521
49,Adam,18,-1.1096724271774292
49,Adam,19,-1.116370677947998
49,Adam,20,-1.1227667331695557
49,Adam,21,-1.128865361213684
49,Adam,22,-1.134672999382019
49,Adam,23,-1.140202522277832
49,Adam,24,-1.1454559564590454
49,Adam,25,-1.1504464149475098
49,Adam,26,-1.1551777124404907
49,Adam,27,-1.1596670150756836
49,Adam,28,-1.1639219522476196
49,Adam,29,-1.1679530143737793
49,Adam,30,-1.1717662811279297
49,Adam,31,-1.175376296043396
49,Adam,32,-1.1787928342819214
49,Adam,33,-1.1820236444473267
49,Adam,34,-1.1850801706314087
49,Adam,35,-1.1879703998565674
49,Adam,36,-1.1907072067260742
49,Adam,37,-1.1932933330535889
49,Adam,38,-1.1957426071166992
49,Adam,39,-1.1980589628219604
49,Adam,40,-1.2002516984939575
49,Adam,41,-1.2023295164108276
49,Adam,42,-1.2042986154556274
49,Adam,43,-1.2061643600463867
49,Adam,44,-1.2079322338104248
49,Adam,45,-1.209610104560852
49,Adam,46,-1.211199402809143
49,Adam,47,-1.2127126455307007
49,Adam,48,-1.2141517400741577
49,Adam,49,-1.2155137062072754
49,Adam,50,-1.2168145179748535
49,Adam,51,-1.2180496454238892
49,Adam,52,-1.2192273139953613
49,Adam,53,-1.2203510999679565
49,Adam,54,-1.221419334411621
49,Adam,55,-1.22244131565094
49,Adam,56,-1.2234143018722534
49,Adam,57,-1.2243486642837524
49,Adam,58,-1.2252377271652222
49,Adam,59,-1.2260910272598267
49,Adam,60,-1.226906418800354
49,LBFGS,1,-1.0272167921066284
49,LBFGS,2,-1.236578345298767
49,LBFGS,3,-1.242737889289856
49,LBFGS,4,-1.252073049545288
49,LBFGS,5,-1.2556681632995605
49,LBFGS,6,-1.2576740980148315
49,LBFGS,7,-1.258732557296753
49,LBFGS,8,-1.2593162059783936
49,LBFGS,9,-1.2596369981765747
49,LBFGS,10,-1.2598096132278442
49,LBFGS,11,-1.2598708868026733
49,LBFGS,12,-1.2599424123764038
49,LBFGS,13,-1.2599785327911377
49,LBFGS,14,-1.2600047588348389
49,LBFGS,15,-1.260011911392212
49,LBFGS,16,-1.2600239515304565
49,LBFGS,17,-1.2600303888320923
49,LBFGS,18,-1.2600340843200684
49,LBFGS,19,-1.2600373029708862
49,LBFGS,20,-1.2600375413894653
49,LBFGS,21,-1.2600377798080444
49,LBFGS,22,-1.2600377798080444
49,LBFGS,23,-1.260037899017334
49,LBFGS,24,-1.260037899017334
49,LBFGS,25,-1.260037899017334
49,LBFGS,26,-1.2600380182266235
49,LBFGS,27,-1.2600380182266235
49,LBFGS,28,-1.2600380182266235
49,LBFGS,29,-1.2600380182266235
49,LBFGS,30,-1.2600380182266235
49,LBFGS,31,-1.2600380182266235
49,LBFGS,32,-1.2600380182266235
49,LBFGS,33,-1.2600380182266235
49,LBFGS,34,-1.2600380182266235
49,LBFGS,35,-1.2600380182266235
49,LBFGS,36,-1.2600380182266235
49,LBFGS,37,-1.2600380182266235
49,LBFGS,38,-1.2600380182266235
49,LBFGS,39,-1.2600380182266235
49,LBFGS,40,-1.2600380182266235
49,LBFGS,41,-1.2600380182266235
49,LBFGS,42,-1.2600380182266235
49,LBFGS,43,-1.2600380182266235
49,LBFGS,44,-1.2600380182266235
49,LBFGS,45,-1.2600380182266235
49,LBFGS,46,-1.2600380182266235
49,LBFGS,47,-1.2600380182266235
49,LBFGS,48,-1.2600380182266235
49,LBFGS,49,-1.2600380182266235
49,LBFGS,50,-1.2600380182266235
49,LBFGS,51,-1.2600380182266235
49,LBFGS,52,-1.2600380182266235
49,LBFGS,53,-1.2600380182266235
49,LBFGS,54,-1.2600380182266235
49,LBFGS,55,-1.2600380182266235
49,LBFGS,56,-1.2600380182266235
49,LBFGS,57,-1.2600380182266235
49,LBFGS,58,-1.2600380182266235
49,LBFGS,59,-1.2600380182266235
49,LBFGS,60,-1.2600380182266235
49,PSO,1,-1.191184401512146
49,PSO,2,-1.2227240800857544
49,PSO,3,-1.2469743490219116
49,PSO,4,-1.2504223585128784
49,PSO,5,-1.2504223585128784
49,PSO,6,-1.2519574165344238
49,PSO,7,-1.2541261911392212
49,PSO,8,-1.2565112113952637
49,PSO,9,-1.2583045959472656
49,PSO,10,-1.25998055934906
49,PSO,11,-1.260038137435913
49,PSO,12,-1.260038137435913
49,PSO,13,-1.260038137435913
49,PSO,14,-1.260038137435913
49,PSO,15,-1.260038137435913
49,PSO,16,-1.260038137435913
49,PSO,17,-1.260038137435913
49,PSO,18,-1.260038137435913
49,PSO,19,-1.260038137435913
49,PSO,20,-1.260038137435913
49,PSO,21,-1.260038137435913
49,PSO,22,-1.260038137435913
49,PSO,23,-1.260038137435913
49,PSO,24,-1.260038137435913
49,PSO,25,-1.260038137435913
49,PSO,26,-1.2600382566452026
49,PSO,27,-1.2600382566452026
49,PSO,28,-1.2600382566452026
49,PSO,29,-1.2600382566452026
49,PSO,30,-1.2600382566452026
49,PSO,31,-1.2600382566452026
49,PSO,32,-1.2600382566452026
49,PSO,33,-1.2600382566452026
49,PSO,34,-1.2600382566452026
49,PSO,35,-1.2600382566452026
49,PSO,36,-1.2600382566452026
49,PSO,37,-1.2600382566452026
49,PSO,38,-1.2600382566452026
49,PSO,39,-1.2600382566452026
49,PSO,40,-1.2600382566452026
49,PSO,41,-1.2600382566452026
49,PSO,42,-1.2600382566452026
49,PSO,43,-1.2600382566452026
49,PSO,44,-1.2600382566452026
49,PSO,45,-1.2600382566452026
49,PSO,46,-1.2600382566452026
49,PSO,47,-1.2600382566452026
49,PSO,48,-1.2600382566452026
49,PSO,49,-1.2600382566452026
49,PSO,50,-1.2600382566452026
49,PSO,51,-1.2600382566452026
49,PSO,52,-1.2600382566452026
49,PSO,53,-1.2600382566452026
49,PSO,54,-1.2600382566452026
49,PSO,55,-1.2600382566452026
49,PSO,56,-1.2600382566452026
49,PSO,57,-1.2600382566452026
49,PSO,58,-1.2600382566452026
49,PSO,59,-1.2600382566452026
49,PSO,60,-1.2600382566452026
49,DE,1,-1.1539766788482666
49,DE,2,-1.1614928245544434
49,DE,3,-1.189833402633667
49,DE,4,-1.2037413120269775
49,DE,5,-1.2127045392990112
49,DE,6,-1.2127045392990112
49,DE,7,-1.2279657125473022
49,DE,8,-1.2375221252441406
49,DE,9,-1.2403892278671265
49,DE,10,-1.2403892278671265
49,DE,11,-1.248136281967163
49,DE,12,-1.2492280006408691
49,DE,13,-1.2492280006408691
49,DE,14,-1.2492280006408691
49,DE,15,-1.2497044801712036
49,DE,16,-1.2527772188186646
49,DE,17,-1.2527772188186646
49,DE,18,-1.2562179565429688
49,DE,19,-1.257455587387085
49,DE,20,-1.257455587387085
49,DE,21,-1.257455587387085
49,DE,22,-1.257455587387085
49,DE,23,-1.257455587387085
49,DE,24,-1.257455587387085
49,DE,25,-1.257455587387085
49,DE,26,-1.2591807842254639
49,DE,27,-1.2591807842254639
49,DE,28,-1.2591807842254639
49,DE,29,-1.2594859600067139
49,DE,30,-1.2594859600067139
49,DE,31,-1.2594859600067139
49,DE,32,-1.2594859600067139
49,DE,33,-1.2594859600067139
49,DE,34,-1.2594859600067139
49,DE,35,-1.2594859600067139
49,DE,36,-1.2594859600067139
49,DE,37,-1.2595632076263428
49,DE,38,-1.2595632076263428
49,DE,39,-1.2596083879470825
49,DE,40,-1.2596083879470825
49,DE,41,-1.2597166299819946
49,DE,42,-1.2597166299819946
49,DE,43,-1.259809136390686
49,DE,44,-1.259809136390686
49,DE,45,-1.259882926940918
49,DE,46,-1.2599234580993652
49,DE,47,-1.2599247694015503
49,DE,48,-1.2599552869796753
49,DE,49,-1.259982943534851
49,DE,50,-1.259982943534851
49,DE,51,-1.259982943534851
49,DE,52,-1.259982943534851
49,DE,53,-1.259982943534851
49,DE,54,-1.259982943534851
49,DE,55,-1.259982943534851
49,DE,56,-1.2600079774856567
49,DE,57,-1.2600079774856567
49,DE,58,-1.2600083351135254
49,DE,59,-1.2600083351135254
49,DE,60,-1.2600125074386597
49,PSO+LBFGS,1,-1.203804850578308
49,PSO+LBFGS,2,-1.2500317096710205
49,PSO+LBFGS,3,-1.251495599746704
49,PSO+LBFGS,4,-1.2538424730300903
49,PSO+LBFGS,5,-1.2573696374893188
49,PSO+LBFGS,6,-1.2586560249328613
49,PSO+LBFGS,7,-1.259637713432312
49,PSO+LBFGS,8,-1.2599955797195435
49,PSO+LBFGS,9,-1.2600363492965698
49,PSO+LBFGS,10,-1.2600377798080444
49,PSO+LBFGS,11,-1.260037899017334
49,PSO+LBFGS,12,-1.260038137435913
49,PSO+LBFGS,13,-1.260038137435913
49,PSO+LBFGS,14,-1.260038137435913
49,PSO+LBFGS,15,-1.260038137435913
49,PSO+LBFGS,16,-1.260038137435913
49,PSO+LBFGS,17,-1.260038137435913
49,PSO+LBFGS,18,-1.260038137435913
49,PSO+LBFGS,19,-1.260038137435913
49,PSO+LBFGS,20,-1.260038137435913
49,PSO+LBFGS,21,-1.260038137435913
49,PSO+LBFGS,22,-1.260038137435913
49,PSO+LBFGS,23,-1.260038137435913
49,PSO+LBFGS,24,-1.260038137435913
49,PSO+LBFGS,25,-1.2600382566452026
49,PSO+LBFGS,26,-1.2600382566452026
49,PSO+LBFGS,27,-1.2600382566452026
49,PSO+LBFGS,28,-1.2600382566452026
49,PSO+LBFGS,29,-1.2600382566452026
49,PSO+LBFGS,30,-1.2600382566452026
49,PSO+LBFGS,31,-1.2600382566452026
49,PSO+LBFGS,32,-1.2600382566452026
49,PSO+LBFGS,33,-1.2600382566452026
49,PSO+LBFGS,34,-1.2600382566452026
49,PSO+LBFGS,35,-1.2600382566452026
49,PSO+LBFGS,36,-1.2600382566452026
49,PSO+LBFGS,37,-1.2600382566452026
49,PSO+LBFGS,38,-1.2600382566452026
49,PSO+LBFGS,39,-1.2600382566452026
49,PSO+LBFGS,40,-1.2600382566452026
49,PSO+LBFGS,41,-1.260037899017334
49,PSO+LBFGS,42,-1.260037899017334
49,PSO+LBFGS,43,-1.260037899017334
49,PSO+LBFGS,44,-1.260037899017334
49,PSO+LBFGS,45,-1.260037899017334
49,PSO+LBFGS,46,-1.260037899017334
49,PSO+LBFGS,47,-1.260037899017334
49,PSO+LBFGS,48,-1.260037899017334
49,PSO+LBFGS,49,-1.260037899017334
49,PSO+LBFGS,50,-1.260037899017334
49,PSO+LBFGS,51,-1.260037899017334
49,PSO+LBFGS,52,-1.260037899017334
49,PSO+LBFGS,53,-1.260037899017334
49,PSO+LBFGS,54,-1.260037899017334
49,PSO+LBFGS,55,-1.260037899017334
49,PSO+LBFGS,56,-1.260037899017334
49,PSO+LBFGS,57,-1.260037899017334
49,PSO+LBFGS,58,-1.260037899017334
49,PSO+LBFGS,59,-1.260037899017334
49,PSO+LBFGS,60,-1.260037899017334
50,Adam,1,-1.3468519449234009
50,Adam,2,-1.3510715961456299
50,Adam,3,-1.3552247285842896
50,Adam,4,-1.3593087196350098
50,Adam,5,-1.3633123636245728
50,Adam,6,-1.3672294616699219
50,Adam,7,-1.3710540533065796
50,Adam,8,-1.3747780323028564
50,Adam,9,-1.3783992528915405
50,Adam,10,-1.3819122314453125
50,Adam,11,-1.385311484336853
50,Adam,12,-1.3885960578918457
50,Adam,13,-1.391761302947998
50,Adam,14,-1.394808292388916
50,Adam,15,-1.3977348804473877
50,Adam,16,-1.4005404710769653
50,Adam,17,-1.4032262563705444
50,Adam,18,-1.4057940244674683
50,Adam,19,-1.4082435369491577
50,Adam,20,-1.4105792045593262
50,Adam,21,-1.412801742553711
50,Adam,22,-1.4149160385131836
50,Adam,23,-1.416922926902771
50,Adam,24,-1.4188287258148193
50,Adam,25,-1.4206345081329346
50,Adam,26,-1.422346830368042
50,Adam,27,-1.423966407775879
50,Adam,28,-1.4255001544952393
50,Adam,29,-1.4269510507583618
50,Adam,30,-1.4283231496810913
50,Adam,31,-1.429619312286377
50,Adam,32,-1.4308453798294067
50,Adam,33,-1.4320045709609985
50,Adam,34,-1.433099627494812
50,Adam,35,-1.4341341257095337
50,Adam,36,-1.4351117610931396
50,Adam,37,-1.436037302017212
50,Adam,38,-1.4369114637374878
50,Adam,39,-1.4377385377883911
50,Adam,40,-1.4385215044021606
50,Adam,41,-1.4392625093460083
50,Adam,42,-1.439963936805725
50,Adam,43,-1.4406275749206543
50,Adam,44,-1.4412583112716675
50,Adam,45,-1.4418554306030273
50,Adam,46,-1.4424222707748413
50,Adam,47,-1.4429597854614258
50,Adam,48,-1.4434709548950195
50,Adam,49,-1.443957805633545
50,Adam,50,-1.444419503211975
50,Adam,51,-1.4448586702346802
50,Adam,52,-1.4452780485153198
50,Adam,53,-1.4456768035888672
50,Adam,54,-1.4460585117340088
50,Adam,55,-1.4464216232299805
50,Adam,56,-1.4467681646347046
50,Adam,57,-1.4470996856689453
50,Adam,58,-1.4474172592163086
50,Adam,59,-1.4477206468582153
50,Adam,60,-1.4480106830596924
50,LBFGS,1,-1.4185774326324463
50,LBFGS,2,-1.4439949989318848
50,LBFGS,3,-1.4514052867889404
50,LBFGS,4,-1.4553847312927246
50,LBFGS,5,-1.4574302434921265
50,LBFGS,6,-1.4585589170455933
50,LBFGS,7,-1.4591816663742065
50,LBFGS,8,-1.4595290422439575
50,LBFGS,9,-1.4597240686416626
50,LBFGS,10,-1.4598331451416016
50,LBFGS,11,-1.4598939418792725
50,LBFGS,12,-1.459928035736084
50,LBFGS,13,-1.4599473476409912
50,LBFGS,14,-1.459957480430603
50,LBFGS,15,-1.459963083267212
50,LBFGS,16,-1.4599665403366089
50,LBFGS,17,-1.459969162940979
50,LBFGS,18,-1.4599697589874268
50,LBFGS,19,-1.459970235824585
50,LBFGS,20,-1.459970474243164
50,LBFGS,21,-1.459970474243164
50,LBFGS,22,-1.459970474243164
50,LBFGS,23,-1.459970474243164
50,LBFGS,24,-1.459970474243164
50,LBFGS,25,-1.459970474243164
50,LBFGS,26,-1.459970474243164
50,LBFGS,27,-1.459970474243164
50,LBFGS,28,-1.459970474243164
50,LBFGS,29,-1.459970474243164
50,LBFGS,30,-1.459970474243164
50,LBFGS,31,-1.459970474243164
50,LBFGS,32,-1.459970474243164
50,LBFGS,33,-1.459970474243164
50,LBFGS,34,-1.459970474243164
50,LBFGS,35,-1.459970474243164
50,LBFGS,36,-1.459970474243164
50,LBFGS,37,-1.459970474243164
50,LBFGS,38,-1.459970474243164
50,LBFGS,39,-1.459970474243164
50,LBFGS,40,-1.459970474243164
50,LBFGS,41,-1.459970474243164
50,LBFGS,42,-1.459970474243164
50,LBFGS,43,-1.459970474243164
50,LBFGS,44,-1.459970474243164
50,LBFGS,45,-1.459970474243164
50,LBFGS,46,-1.459970474243164
50,LBFGS,47,-1.459970474243164
50,LBFGS,48,-1.459970474243164
50,LBFGS,49,-1.459970474243164
50,LBFGS,50,-1.459970474243164
50,LBFGS,51,-1.459970474243164
50,LBFGS,52,-1.459970474243164
50,LBFGS,53,-1.459970474243164
50,LBFGS,54,-1.459970474243164
50,LBFGS,55,-1.459970474243164
50,LBFGS,56,-1.459970474243164
50,LBFGS,57,-1.459970474243164
50,LBFGS,58,-1.459970474243164
50,LBFGS,59,-1.459970474243164
50,LBFGS,60,-1.459970474243164
50,PSO,1,-1.4372128248214722
50,PSO,2,-1.4575713872909546
50,PSO,3,-1.4599707126617432
50,PSO,4,-1.4599707126617432
50,PSO,5,-1.4599707126617432
50,PSO,6,-1.4599707126617432
50,PSO,7,-1.4599707126617432
50,PSO,8,-1.4599707126617432
50,PSO,9,-1.4599707126617432
50,PSO,10,-1.4599707126617432
50,PSO,11,-1.4599707126617432
50,PSO,12,-1.4599707126617432
50,PSO,13,-1.4599707126617432
50,PSO,14,-1.4599707126617432
50,PSO,15,-1.4599707126617432
50,PSO,16,-1.4599707126617432
50,PSO,17,-1.4599707126617432
50,PSO,18,-1.4599707126617432
50,PSO,19,-1.4599707126617432
50,PSO,20,-1.4599707126617432
50,PSO,21,-1.4599707126617432
50,PSO,22,-1.4599707126617432
50,PSO,23,-1.4599707126617432
50,PSO,24,-1.4599707126617432
50,PSO,25,-1.4599707126617432
50,PSO,26,-1.4599707126617432
50,PSO,27,-1.4599707126617432
50,PSO,28,-1.4599707126617432
50,PSO,29,-1.4599707126617432
50,PSO,30,-1.4599707126617432
50,PSO,31,-1.4599707126617432
50,PSO,32,-1.4599707126617432
50,PSO,33,-1.4599707126617432
50,PSO,34,-1.4599707126617432
50,PSO,35,-1.4599707126617432
50,PSO,36,-1.4599707126617432
50,PSO,37,-1.4599707126617432
50,PSO,38,-1.4599707126617432
50,PSO,39,-1.4599707126617432
50,PSO,40,-1.4599707126617432
50,PSO,41,-1.4599707126617432
50,PSO,42,-1.4599707126617432
50,PSO,43,-1.4599707126617432
50,PSO,44,-1.4599707126617432
50,PSO,45,-1.4599707126617432
50,PSO,46,-1.4599707126617432
50,PSO,47,-1.4599707126617432
50,PSO,48,-1.4599707126617432
50,PSO,49,-1.4599707126617432
50,PSO,50,-1.4599707126617432
50,PSO,51,-1.4599707126617432
50,PSO,52,-1.4599707126617432
50,PSO,53,-1.4599707126617432
50,PSO,54,-1.4599707126617432
50,PSO,55,-1.4599707126617432
50,PSO,56,-1.4599707126617432
50,PSO,57,-1.4599707126617432
50,PSO,58,-1.4599707126617432
50,PSO,59,-1.4599707126617432
50,PSO,60,-1.4599707126617432
50,DE,1,-1.4231058359146118
50,DE,2,-1.439662218093872
50,DE,3,-1.439662218093872
50,DE,4,-1.439662218093872
50,DE,5,-1.439662218093872
50,DE,6,-1.439662218093872
50,DE,7,-1.4415181875228882
50,DE,8,-1.4415181875228882
50,DE,9,-1.4415181875228882
50,DE,10,-1.447041630744934
50,DE,11,-1.447397232055664
50,DE,12,-1.4494080543518066
50,DE,13,-1.4494080543518066
50,DE,14,-1.4494080543518066
50,DE,15,-1.4494080543518066
50,DE,16,-1.453896164894104
50,DE,17,-1.453896164894104
50,DE,18,-1.4547481536865234
50,DE,19,-1.4547481536865234
50,DE,20,-1.4557338953018188
50,DE,21,-1.4579499959945679
50,DE,22,-1.4579499959945679
50,DE,23,-1.4579499959945679
50,DE,24,-1.4579499959945679
50,DE,25,-1.4579499959945679
50,DE,26,-1.4579499959945679
50,DE,27,-1.4579499959945679
50,DE,28,-1.4579499959945679
50,DE,29,-1.4579499959945679
50,DE,30,-1.458604335784912
50,DE,31,-1.458604335784912
50,DE,32,-1.458604335784912
50,DE,33,-1.458604335784912
50,DE,34,-1.4586929082870483
50,DE,35,-1.4586929082870483
50,DE,36,-1.4586929082870483
50,DE,37,-1.4586929082870483
50,DE,38,-1.4586929082870483
50,DE,39,-1.4588230848312378
50,DE,40,-1.4588735103607178
50,DE,41,-1.4588735103607178
50,DE,42,-1.4593987464904785
50,DE,43,-1.4593987464904785
50,DE,44,-1.4593987464904785
50,DE,45,-1.4593987464904785
50,DE,46,-1.4594261646270752
50,DE,47,-1.4595577716827393
50,DE,48,-1.4595577716827393
50,DE,49,-1.4595577716827393
50,DE,50,-1.4595577716827393
50,DE,51,-1.4595577716827393
50,DE,52,-1.4595577716827393
50,DE,53,-1.4595577716827393
50,DE,54,-1.4595890045166016
50,DE,55,-1.4596749544143677
50,DE,56,-1.4596749544143677
50,DE,57,-1.4597409963607788
50,DE,58,-1.4597409963607788
50,DE,59,-1.4598101377487183
50,DE,60,-1.4598101377487183
50,PSO+LBFGS,1,-1.42189621925354
50,PSO+LBFGS,2,-1.4475713968276978
50,PSO+LBFGS,3,-1.4588589668273926
50,PSO+LBFGS,4,-1.4599707126617432
50,PSO+LBFGS,5,-1.4599707126617432
50,PSO+LBFGS,6,-1.4599707126617432
50,PSO+LBFGS,7,-1.4599707126617432
50,PSO+LBFGS,8,-1.4599707126617432
50,PSO+LBFGS,9,-1.4599707126617432
50,PSO+LBFGS,10,-1.4599707126617432
50,PSO+LBFGS,11,-1.4599707126617432
50,PSO+LBFGS,12,-1.4599707126617432
50,PSO+LBFGS,13,-1.4599707126617432
50,PSO+LBFGS,14,-1.4599707126617432
50,PSO+LBFGS,15,-1.4599707126617432
50,PSO+LBFGS,16,-1.4599707126617432
50,PSO+LBFGS,17,-1.4599707126617432
50,PSO+LBFGS,18,-1.4599707126617432
50,PSO+LBFGS,19,-1.4599707126617432
50,PSO+LBFGS,20,-1.4599707126617432
50,PSO+LBFGS,21,-1.4599707126617432
50,PSO+LBFGS,22,-1.4599707126617432
50,PSO+LBFGS,23,-1.4599707126617432
50,PSO+LBFGS,24,-1.4599707126617432
50,PSO+LBFGS,25,-1.4599707126617432
50,PSO+LBFGS,26,-1.4599707126617432
50,PSO+LBFGS,27,-1.4599707126617432
50,PSO+LBFGS,28,-1.4599707126617432
50,PSO+LBFGS,29,-1.4599707126617432
50,PSO+LBFGS,30,-1.4599707126617432
50,PSO+LBFGS,31,-1.4599707126617432
50,PSO+LBFGS,32,-1.4599707126617432
50,PSO+LBFGS,33,-1.4599707126617432
50,PSO+LBFGS,34,-1.4599707126617432
50,PSO+LBFGS,35,-1.4599707126617432
50,PSO+LBFGS,36,-1.4599707126617432
50,PSO+LBFGS,37,-1.4599707126617432
50,PSO+LBFGS,38,-1.4599707126617432
50,PSO+LBFGS,39,-1.4599707126617432
50,PSO+LBFGS,40,-1.4599707126617432
50,PSO+LBFGS,41,-1.4599705934524536
50,PSO+LBFGS,42,-1.4599705934524536
50,PSO+LBFGS,43,-1.4599705934524536
50,PSO+LBFGS,44,-1.4599705934524536
50,PSO+LBFGS,45,-1.4599705934524536
50,PSO+LBFGS,46,-1.4599705934524536
50,PSO+LBFGS,47,-1.4599705934524536
50,PSO+LBFGS,48,-1.4599705934524536
50,PSO+LBFGS,49,-1.4599705934524536
50,PSO+LBFGS,50,-1.4599705934524536
50,PSO+LBFGS,51,-1.4599705934524536
50,PSO+LBFGS,52,-1.4599705934524536
50,PSO+LBFGS,53,-1.4599705934524536
50,PSO+LBFGS,54,-1.4599705934524536
50,PSO+LBFGS,55,-1.4599705934524536
50,PSO+LBFGS,56,-1.4599705934524536
50,PSO+LBFGS,57,-1.4599705934524536
50,PSO+LBFGS,58,-1.4599705934524536
50,PSO+LBFGS,59,-1.4599705934524536
50,PSO+LBFGS,60,-1.4599705934524536
51,Adam,1,-1.3758677244186401
51,Adam,2,-1.3834774494171143
51,Adam,3,-1.3909838199615479
51,Adam,4,-1.39837646484375
51,Adam,5,-1.4056419134140015
51,Adam,6,-1.4127658605575562
51,Adam,7,-1.4197344779968262
51,Adam,8,-1.4265402555465698
51,Adam,9,-1.4331680536270142
51,Adam,10,-1.4396113157272339
51,Adam,11,-1.445859432220459
51,Adam,12,-1.4519102573394775
51,Adam,13,-1.4577574729919434
51,Adam,14,-1.463392734527588
51,Adam,15,-1.4688193798065186
51,Adam,16,-1.4740318059921265
51,Adam,17,-1.4790306091308594
51,Adam,18,-1.4838168621063232
51,Adam,19,-1.4883952140808105
51,Adam,20,-1.492766261100769
51,Adam,21,-1.4969310760498047
51,Adam,22,-1.5008995532989502
51,Adam,23,-1.5046743154525757
51,Adam,24,-1.508262038230896
51,Adam,25,-1.5116674900054932
51,Adam,26,-1.5149004459381104
51,Adam,27,-1.5179609060287476
51,Adam,28,-1.5208641290664673
51,Adam,29,-1.5236111879348755
51,Adam,30,-1.526210904121399
51,Adam,31,-1.528671383857727
51,Adam,32,-1.5309983491897583
51,Adam,33,-1.5331989526748657
51,Adam,34,-1.5352808237075806
51,Adam,35,-1.5372486114501953
51,Adam,36,-1.539111614227295
51,Adam,37,-1.5408707857131958
51,Adam,38,-1.5425370931625366
51,Adam,39,-1.5441133975982666
51,Adam,40,-1.5456032752990723
51,Adam,41,-1.5470155477523804
51,Adam,42,-1.5483505725860596
51,Adam,43,-1.5496165752410889
51,Adam,44,-1.5508190393447876
51,Adam,45,-1.551956057548523
51,Adam,46,-1.5530376434326172
51,Adam,47,-1.554062843322754
51,Adam,48,-1.5550371408462524
51,Adam,49,-1.555962085723877
51,Adam,50,-1.5568416118621826
51,Adam,51,-1.5576798915863037
51,Adam,52,-1.5584774017333984
51,Adam,53,-1.5592389106750488
51,Adam,54,-1.559962272644043
51,Adam,55,-1.5606555938720703
51,Adam,56,-1.561314344406128
51,Adam,57,-1.5619451999664307
51,Adam,58,-1.5625487565994263
51,Adam,59,-1.563125491142273
51,Adam,60,-1.5636767148971558
51,LBFGS,1,-1.5067108869552612
51,LBFGS,2,-1.5584019422531128
51,LBFGS,3,-1.5704642534255981
51,LBFGS,4,-1.5778526067733765
51,LBFGS,5,-1.5815725326538086
51,LBFGS,6,-1.5836559534072876
51,LBFGS,7,-1.5847995281219482
51,LBFGS,8,-1.5854368209838867
51,LBFGS,9,-1.5857903957366943
51,LBFGS,10,-1.585986614227295
51,LBFGS,11,-1.5860934257507324
51,LBFGS,12,-1.5861557722091675
51,LBFGS,13,-1.5861896276474
51,LBFGS,14,-1.5862090587615967
51,LBFGS,15,-1.5862187147140503
51,LBFGS,16,-1.5862234830856323
51,LBFGS,17,-1.5862276554107666
51,LBFGS,18,-1.5862295627593994
51,LBFGS,19,-1.5862300395965576
51,LBFGS,20,-1.5862301588058472
51,LBFGS,21,-1.5862306356430054
51,LBFGS,22,-1.5862306356430054
51,LBFGS,23,-1.5862306356430054
51,LBFGS,24,-1.5862306356430054
51,LBFGS,25,-1.5862306356430054
51,LBFGS,26,-1.5862306356430054
51,LBFGS,27,-1.5862306356430054
51,LBFGS,28,-1.5862306356430054
51,LBFGS,29,-1.5862306356430054
51,LBFGS,30,-1.5862306356430054
51,LBFGS,31,-1.5862306356430054
51,LBFGS,32,-1.5862306356430054
51,LBFGS,33,-1.5862306356430054
51,LBFGS,34,-1.5862306356430054
51,LBFGS,35,-1.5862306356430054
51,LBFGS,36,-1.5862306356430054
51,LBFGS,37,-1.5862306356430054
51,LBFGS,38,-1.5862306356430054
51,LBFGS,39,-1.5862306356430054
51,LBFGS,40,-1.5862306356430054
51,LBFGS,41,-1.5862306356430054
51,LBFGS,42,-1.5862306356430054
51,LBFGS,43,-1.5862306356430054
51,LBFGS,44,-1.5862306356430054
51,LBFGS,45,-1.5862306356430054
51,LBFGS,46,-1.5862306356430054
51,LBFGS,47,-1.5862306356430054
51,LBFGS,48,-1.5862306356430054
51,LBFGS,49,-1.5862306356430054
51,LBFGS,50,-1.5862306356430054
51,LBFGS,51,-1.5862306356430054
51,LBFGS,52,-1.5862306356430054
51,LBFGS,53,-1.5862306356430054
51,LBFGS,54,-1.5862306356430054
51,LBFGS,55,-1.5862306356430054
51,LBFGS,56,-1.5862306356430054
51,LBFGS,57,-1.5862306356430054
51,LBFGS,58,-1.5862306356430054
51,LBFGS,59,-1.5862306356430054
51,LBFGS,60,-1.5862306356430054
51,PSO,1,-1.5551252365112305
51,PSO,2,-1.5862306356430054
51,PSO,3,-1.5862306356430054
51,PSO,4,-1.5862306356430054
51,PSO,5,-1.5862306356430054
51,PSO,6,-1.5862306356430054
51,PSO,7,-1.5862306356430054
51,PSO,8,-1.5862306356430054
51,PSO,9,-1.5862306356430054
51,PSO,10,-1.5862306356430054
51,PSO,11,-1.5862306356430054
51,PSO,12,-1.5862306356430054
51,PSO,13,-1.5862306356430054
51,PSO,14,-1.5862306356430054
51,PSO,15,-1.5862306356430054
51,PSO,16,-1.5862306356430054
51,PSO,17,-1.5862306356430054
51,PSO,18,-1.5862306356430054
51,PSO,19,-1.5862306356430054
51,PSO,20,-1.5862306356430054
51,PSO,21,-1.5862306356430054
51,PSO,22,-1.5862306356430054
51,PSO,23,-1.5862306356430054
51,PSO,24,-1.5862306356430054
51,PSO,25,-1.5862306356430054
51,PSO,26,-1.5862306356430054
51,PSO,27,-1.5862306356430054
51,PSO,28,-1.5862306356430054
51,PSO,29,-1.5862306356430054
51,PSO,30,-1.5862306356430054
51,PSO,31,-1.5862306356430054
51,PSO,32,-1.5862306356430054
51,PSO,33,-1.5862306356430054
51,PSO,34,-1.5862306356430054
51,PSO,35,-1.5862306356430054
51,PSO,36,-1.5862306356430054
51,PSO,37,-1.5862306356430054
51,PSO,38,-1.5862306356430054
51,PSO,39,-1.5862306356430054
51,PSO,40,-1.5862306356430054
51,PSO,41,-1.5862306356430054
51,PSO,42,-1.5862306356430054
51,PSO,43,-1.5862306356430054
51,PSO,44,-1.5862306356430054
51,PSO,45,-1.5862306356430054
51,PSO,46,-1.5862306356430054
51,PSO,47,-1.5862306356430054
51,PSO,48,-1.5862306356430054
51,PSO,49,-1.5862306356430054
51,PSO,50,-1.5862306356430054
51,PSO,51,-1.5862306356430054
51,PSO,52,-1.5862306356430054
51,PSO,53,-1.5862306356430054
51,PSO,54,-1.5862306356430054
51,PSO,55,-1.5862306356430054
51,PSO,56,-1.5862306356430054
51,PSO,57,-1.5862306356430054
51,PSO,58,-1.5862306356430054
51,PSO,59,-1.5862306356430054
51,PSO,60,-1.5862306356430054
51,DE,1,-1.4635783433914185
51,DE,2,-1.4979112148284912
51,DE,3,-1.5601948499679565
51,DE,4,-1.5601948499679565
51,DE,5,-1.5601948499679565
51,DE,6,-1.5601948499679565
51,DE,7,-1.560733675956726
51,DE,8,-1.5670342445373535
51,DE,9,-1.5670342445373535
51,DE,10,-1.5670342445373535
51,DE,11,-1.5670342445373535
51,DE,12,-1.5671653747558594
51,DE,13,-1.5723249912261963
51,DE,14,-1.5723249912261963
51,DE,15,-1.5723249912261963
51,DE,16,-1.5741584300994873
51,DE,17,-1.5741584300994873
51,DE,18,-1.5741584300994873
51,DE,19,-1.5759639739990234
51,DE,20,-1.5776528120040894
51,DE,21,-1.5776528120040894
51,DE,22,-1.578795075416565
51,DE,23,-1.578795075416565
51,DE,24,-1.578795075416565
51,DE,25,-1.5794792175292969
51,DE,26,-1.5800387859344482
51,DE,27,-1.5800387859344482
51,DE,28,-1.5800387859344482
51,DE,29,-1.5800387859344482
51,DE,30,-1.5800515413284302
51,DE,31,-1.5804001092910767
51,DE,32,-1.5807994604110718
51,DE,33,-1.5819114446640015
51,DE,34,-1.5819993019104004
51,DE,35,-1.5819993019104004
51,DE,36,-1.582133412361145
51,DE,37,-1.5832475423812866
51,DE,38,-1.5832475423812866
51,DE,39,-1.5832475423812866
51,DE,40,-1.5835883617401123
51,DE,41,-1.5839959383010864
51,DE,42,-1.5839959383010864
51,DE,43,-1.5851616859436035
51,DE,44,-1.5854341983795166
51,DE,45,-1.5854341983795166
51,DE,46,-1.5854341983795166
51,DE,47,-1.58547842502594
51,DE,48,-1.58547842502594
51,DE,49,-1.58547842502594
51,DE,50,-1.58547842502594
51,DE,51,-1.58547842502594
51,DE,52,-1.58547842502594
51,DE,53,-1.58547842502594
51,DE,54,-1.58547842502594
51,DE,55,-1.58547842502594
51,DE,56,-1.58547842502594
51,DE,57,-1.5857138633728027
51,DE,58,-1.5859383344650269
51,DE,59,-1.5859383344650269
51,DE,60,-1.5859383344650269
51,PSO+LBFGS,1,-1.5024417638778687
51,PSO+LBFGS,2,-1.5446869134902954
51,PSO+LBFGS,3,-1.560369849205017
51,PSO+LBFGS,4,-1.5658798217773438
51,PSO+LBFGS,5,-1.5747787952423096
51,PSO+LBFGS,6,-1.5862306356430054
51,PSO+LBFGS,7,-1.5862306356430054
51,PSO+LBFGS,8,-1.5862306356430054
51,PSO+LBFGS,9,-1.5862306356430054
51,PSO+LBFGS,10,-1.5862306356430054
51,PSO+LBFGS,11,-1.5862306356430054
51,PSO+LBFGS,12,-1.5862306356430054
51,PSO+LBFGS,13,-1.5862306356430054
51,PSO+LBFGS,14,-1.5862306356430054
51,PSO+LBFGS,15,-1.5862306356430054
51,PSO+LBFGS,16,-1.5862306356430054
51,PSO+LBFGS,17,-1.5862306356430054
51,PSO+LBFGS,18,-1.5862306356430054
51,PSO+LBFGS,19,-1.5862306356430054
51,PSO+LBFGS,20,-1.5862306356430054
51,PSO+LBFGS,21,-1.5862306356430054
51,PSO+LBFGS,22,-1.5862306356430054
51,PSO+LBFGS,23,-1.5862306356430054
51,PSO+LBFGS,24,-1.5862306356430054
51,PSO+LBFGS,25,-1.5862306356430054
51,PSO+LBFGS,26,-1.5862306356430054
51,PSO+LBFGS,27,-1.5862306356430054
51,PSO+LBFGS,28,-1.5862306356430054
51,PSO+LBFGS,29,-1.5862306356430054
51,PSO+LBFGS,30,-1.5862306356430054
51,PSO+LBFGS,31,-1.5862306356430054
51,PSO+LBFGS,32,-1.5862306356430054
51,PSO+LBFGS,33,-1.5862306356430054
51,PSO+LBFGS,34,-1.5862306356430054
51,PSO+LBFGS,35,-1.5862306356430054
51,PSO+LBFGS,36,-1.5862306356430054
51,PSO+LBFGS,37,-1.5862306356430054
51,PSO+LBFGS,38,-1.5862306356430054
51,PSO+LBFGS,39,-1.5862306356430054
51,PSO+LBFGS,40,-1.5862306356430054
51,PSO+LBFGS,41,-1.5862305164337158
51,PSO+LBFGS,42,-1.5862305164337158
51,PSO+LBFGS,43,-1.5862305164337158
51,PSO+LBFGS,44,-1.5862305164337158
51,PSO+LBFGS,45,-1.5862305164337158
51,PSO+LBFGS,46,-1.5862305164337158
51,PSO+LBFGS,47,-1.5862305164337158
51,PSO+LBFGS,48,-1.5862305164337158
51,PSO+LBFGS,49,-1.5862305164337158
51,PSO+LBFGS,50,-1.5862305164337158
51,PSO+LBFGS,51,-1.5862305164337158
51,PSO+LBFGS,52,-1.5862305164337158
51,PSO+LBFGS,53,-1.5862305164337158
51,PSO+LBFGS,54,-1.5862305164337158
51,PSO+LBFGS,55,-1.5862305164337158
51,PSO+LBFGS,56,-1.5862305164337158
51,PSO+LBFGS,57,-1.5862305164337158
51,PSO+LBFGS,58,-1.5862305164337158
51,PSO+LBFGS,59,-1.5862305164337158
51,PSO+LBFGS,60,-1.5862305164337158
52,Adam,1,-1.939692497253418
52,Adam,2,-1.9459773302078247
52,Adam,3,-1.9521564245224
52,Adam,4,-1.9582204818725586
52,Adam,5,-1.9641575813293457
52,Adam,6,-1.9699585437774658
52,Adam,7,-1.9756137132644653
52,Adam,8,-1.9811123609542847
52,Adam,9,-1.9864485263824463
52,Adam,10,-1.9916163682937622
52,Adam,11,-1.9966081380844116
52,Adam,12,-2.0014235973358154
52,Adam,13,-2.0060553550720215
52,Adam,14,-2.010504961013794
52,Adam,15,-2.0147695541381836
52,Adam,16,-2.018852710723877
52,Adam,17,-2.0227530002593994
52,Adam,18,-2.0264742374420166
52,Adam,19,-2.0300192832946777
52,Adam,20,-2.0333924293518066
52,Adam,21,-2.0365962982177734
52,Adam,22,-2.039637565612793
52,Adam,23,-2.0425209999084473
52,Adam,24,-2.045252799987793
52,Adam,25,-2.047839403152466
52,Adam,26,-2.0502865314483643
52,Adam,27,-2.0525996685028076
52,Adam,28,-2.054786205291748
52,Adam,29,-2.0568511486053467
52,Adam,30,-2.058800220489502
52,Adam,31,-2.060641288757324
52,Adam,32,-2.0623795986175537
52,Adam,33,-2.064021110534668
52,Adam,34,-2.0655696392059326
52,Adam,35,-2.0670325756073
52,Adam,36,-2.0684144496917725
52,Adam,37,-2.069719076156616
52,Adam,38,-2.0709517002105713
52,Adam,39,-2.072115659713745
52,Adam,40,-2.0732178688049316
52,Adam,41,-2.0742602348327637
52,Adam,42,-2.0752460956573486
52,Adam,43,-2.0761797428131104
52,Adam,44,-2.0770630836486816
52,Adam,45,-2.0779008865356445
52,Adam,46,-2.078695774078369
52,Adam,47,-2.0794506072998047
52,Adam,48,-2.0801680088043213
52,Adam,49,-2.0808491706848145
52,Adam,50,-2.081495761871338
52,Adam,51,-2.0821118354797363
52,Adam,52,-2.0826971530914307
52,Adam,53,-2.0832571983337402
52,Adam,54,-2.0837905406951904
52,Adam,55,-2.0842971801757812
52,Adam,56,-2.0847833156585693
52,Adam,57,-2.0852479934692383
52,Adam,58,-2.0856919288635254
52,Adam,59,-2.0861148834228516
52,Adam,60,-2.086521863937378
52,LBFGS,1,-2.0310134887695312
52,LBFGS,2,-2.080296277999878
52,LBFGS,3,-2.090036153793335
52,LBFGS,4,-2.096318483352661
52,LBFGS,5,-2.099482536315918
52,LBFGS,6,-2.1012752056121826
52,LBFGS,7,-2.102268695831299
52,LBFGS,8,-2.1028244495391846
52,LBFGS,9,-2.1031334400177
52,LBFGS,10,-2.103306293487549
52,LBFGS,11,-2.1034014225006104
52,LBFGS,12,-2.1034557819366455
52,LBFGS,13,-2.103485107421875
52,LBFGS,14,-2.1035001277923584
52,LBFGS,15,-2.103508710861206
52,LBFGS,16,-2.1035144329071045
52,LBFGS,17,-2.103518486022949
52,LBFGS,18,-2.103519916534424
52,LBFGS,19,-2.103520393371582
52,LBFGS,20,-2.103520631790161
52,LBFGS,21,-2.1035208702087402
52,LBFGS,22,-2.1035208702087402
52,LBFGS,23,-2.1035208702087402
52,LBFGS,24,-2.1035208702087402
52,LBFGS,25,-2.1035208702087402
52,LBFGS,26,-2.1035208702087402
52,LBFGS,27,-2.1035208702087402
52,LBFGS,28,-2.1035208702087402
52,LBFGS,29,-2.1035208702087402
52,LBFGS,30,-2.1035208702087402
52,LBFGS,31,-2.1035208702087402
52,LBFGS,32,-2.1035208702087402
52,LBFGS,33,-2.1035208702087402
52,LBFGS,34,-2.1035208702087402
52,LBFGS,35,-2.1035208702087402
52,LBFGS,36,-2.1035208702087402
52,LBFGS,37,-2.1035208702087402
52,LBFGS,38,-2.1035208702087402
52,LBFGS,39,-2.1035208702087402
52,LBFGS,40,-2.1035208702087402
52,LBFGS,41,-2.1035208702087402
52,LBFGS,42,-2.1035208702087402
52,LBFGS,43,-2.1035208702087402
52,LBFGS,44,-2.1035208702087402
52,LBFGS,45,-2.1035208702087402
52,LBFGS,46,-2.1035208702087402
52,LBFGS,47,-2.1035208702087402
52,LBFGS,48,-2.1035208702087402
52,LBFGS,49,-2.1035208702087402
52,LBFGS,50,-2.1035208702087402
52,LBFGS,51,-2.1035208702087402
52,LBFGS,52,-2.1035208702087402
52,LBFGS,53,-2.1035208702087402
52,LBFGS,54,-2.1035208702087402
52,LBFGS,55,-2.1035208702087402
52,LBFGS,56,-2.1035208702087402
52,LBFGS,57,-2.1035208702087402
52,LBFGS,58,-2.1035208702087402
52,LBFGS,59,-2.1035208702087402
52,LBFGS,60,-2.1035208702087402
52,PSO,1,-2.067075490951538
52,PSO,2,-2.083538055419922
52,PSO,3,-2.10009503364563
52,PSO,4,-2.1035211086273193
52,PSO,5,-2.1035211086273193
52,PSO,6,-2.1035211086273193
52,PSO,7,-2.1035211086273193
52,PSO,8,-2.1035211086273193
52,PSO,9,-2.1035211086273193
52,PSO,10,-2.1035211086273193
52,PSO,11,-2.1035211086273193
52,PSO,12,-2.1035211086273193
52,PSO,13,-2.1035211086273193
52,PSO,14,-2.1035211086273193
52,PSO,15,-2.1035211086273193
52,PSO,16,-2.1035211086273193
52,PSO,17,-2.1035211086273193
52,PSO,18,-2.1035211086273193
52,PSO,19,-2.1035211086273193
52,PSO,20,-2.1035211086273193
52,PSO,21,-2.1035211086273193
52,PSO,22,-2.1035211086273193
52,PSO,23,-2.1035211086273193
52,PSO,24,-2.1035211086273193
52,PSO,25,-2.1035211086273193
52,PSO,26,-2.1035211086273193
52,PSO,27,-2.1035211086273193
52,PSO,28,-2.1035211086273193
52,PSO,29,-2.1035211086273193
52,PSO,30,-2.1035211086273193
52,PSO,31,-2.1035211086273193
52,PSO,32,-2.1035211086273193
52,PSO,33,-2.1035211086273193
52,PSO,34,-2.1035211086273193
52,PSO,35,-2.1035211086273193
52,PSO,36,-2.1035211086273193
52,PSO,37,-2.1035211086273193
52,PSO,38,-2.1035211086273193
52,PSO,39,-2.1035211086273193
52,PSO,40,-2.1035211086273193
52,PSO,41,-2.1035211086273193
52,PSO,42,-2.1035211086273193
52,PSO,43,-2.1035211086273193
52,PSO,44,-2.1035211086273193
52,PSO,45,-2.1035211086273193
52,PSO,46,-2.1035211086273193
52,PSO,47,-2.1035211086273193
52,PSO,48,-2.1035211086273193
52,PSO,49,-2.1035211086273193
52,PSO,50,-2.1035211086273193
52,PSO,51,-2.1035211086273193
52,PSO,52,-2.1035211086273193
52,PSO,53,-2.1035211086273193
52,PSO,54,-2.1035211086273193
52,PSO,55,-2.1035211086273193
52,PSO,56,-2.1035211086273193
52,PSO,57,-2.1035211086273193
52,PSO,58,-2.1035211086273193
52,PSO,59,-2.1035211086273193
52,PSO,60,-2.1035211086273193
52,DE,1,-2.0472967624664307
52,DE,2,-2.0472967624664307
52,DE,3,-2.0627310276031494
52,DE,4,-2.0689244270324707
52,DE,5,-2.0689244270324707
52,DE,6,-2.0689244270324707
52,DE,7,-2.0736916065216064
52,DE,8,-2.0736916065216064
52,DE,9,-2.0744292736053467
52,DE,10,-2.0833189487457275
52,DE,11,-2.0865318775177
52,DE,12,-2.0910751819610596
52,DE,13,-2.0916237831115723
52,DE,14,-2.0920231342315674
52,DE,15,-2.093967914581299
52,DE,16,-2.097550868988037
52,DE,17,-2.0984017848968506
52,DE,18,-2.0989084243774414
52,DE,19,-2.0996580123901367
52,DE,20,-2.1001088619232178
52,DE,21,-2.1004598140716553
52,DE,22,-2.1004598140716553
52,DE,23,-2.100693941116333
52,DE,24,-2.100693941116333
52,DE,25,-2.100693941116333
52,DE,26,-2.100693941116333
52,DE,27,-2.1014087200164795
52,DE,28,-2.1014087200164795
52,DE,29,-2.1014087200164795
52,DE,30,-2.1014087200164795
52,DE,31,-2.1014087200164795
52,DE,32,-2.1017069816589355
52,DE,33,-2.101747512817383
52,DE,34,-2.1019086837768555
52,DE,35,-2.1021392345428467
52,DE,36,-2.102147340774536
52,DE,37,-2.102147340774536
52,DE,38,-2.102147340774536
52,DE,39,-2.102581739425659
52,DE,40,-2.1026766300201416
52,DE,41,-2.1026766300201416
52,DE,42,-2.102679491043091
52,DE,43,-2.102679491043091
52,DE,44,-2.102679491043091
52,DE,45,-2.1029443740844727
52,DE,46,-2.1030333042144775
52,DE,47,-2.1030333042144775
52,DE,48,-2.1030333042144775
52,DE,49,-2.1030333042144775
52,DE,50,-2.1030333042144775
52,DE,51,-2.1030333042144775
52,DE,52,-2.1030333042144775
52,DE,53,-2.1030333042144775
52,DE,54,-2.1030333042144775
52,DE,55,-2.1030774116516113
52,DE,56,-2.1030774116516113
52,DE,57,-2.1031289100646973
52,DE,58,-2.1031289100646973
52,DE,59,-2.1031289100646973
52,DE,60,-2.1031289100646973
52,PSO+LBFGS,1,-2.027193784713745
52,PSO+LBFGS,2,-2.079019069671631
52,PSO+LBFGS,3,-2.0901663303375244
52,PSO+LBFGS,4,-2.095914602279663
52,PSO+LBFGS,5,-2.1035211086273193
52,PSO+LBFGS,6,-2.1035211086273193
52,PSO+LBFGS,7,-2.1035211086273193
52,PSO+LBFGS,8,-2.1035211086273193
52,PSO+LBFGS,9,-2.1035211086273193
52,PSO+LBFGS,10,-2.1035211086273193
52,PSO+LBFGS,11,-2.1035211086273193
52,PSO+LBFGS,12,-2.1035211086273193
52,PSO+LBFGS,13,-2.1035211086273193
52,PSO+LBFGS,14,-2.1035211086273193
52,PSO+LBFGS,15,-2.1035211086273193
52,PSO+LBFGS,16,-2.1035211086273193
52,PSO+LBFGS,17,-2.1035211086273193
52,PSO+LBFGS,18,-2.1035211086273193
52,PSO+LBFGS,19,-2.1035211086273193
52,PSO+LBFGS,20,-2.1035211086273193
52,PSO+LBFGS,21,-2.1035211086273193
52,PSO+LBFGS,22,-2.1035211086273193
52,PSO+LBFGS,23,-2.1035211086273193
52,PSO+LBFGS,24,-2.1035211086273193
52,PSO+LBFGS,25,-2.1035211086273193
52,PSO+LBFGS,26,-2.1035211086273193
52,PSO+LBFGS,27,-2.1035211086273193
52,PSO+LBFGS,28,-2.1035211086273193
52,PSO+LBFGS,29,-2.1035211086273193
52,PSO+LBFGS,30,-2.1035211086273193
52,PSO+LBFGS,31,-2.1035211086273193
52,PSO+LBFGS,32,-2.1035211086273193
52,PSO+LBFGS,33,-2.1035211086273193
52,PSO+LBFGS,34,-2.1035211086273193
52,PSO+LBFGS,35,-2.1035211086273193
52,PSO+LBFGS,36,-2.1035211086273193
52,PSO+LBFGS,37,-2.1035211086273193
52,PSO+LBFGS,38,-2.1035211086273193
52,PSO+LBFGS,39,-2.1035211086273193
52,PSO+LBFGS,40,-2.1035211086273193
52,PSO+LBFGS,41,-2.103520631790161
52,PSO+LBFGS,42,-2.103520631790161
52,PSO+LBFGS,43,-2.103520631790161
52,PSO+LBFGS,44,-2.103520631790161
52,PSO+LBFGS,45,-2.103520631790161
52,PSO+LBFGS,46,-2.103520631790161
52,PSO+LBFGS,47,-2.103520631790161
52,PSO+LBFGS,48,-2.103520631790161
52,PSO+LBFGS,49,-2.103520631790161
52,PSO+LBFGS,50,-2.103520631790161
52,PSO+LBFGS,51,-2.103520631790161
52,PSO+LBFGS,52,-2.103520631790161
52,PSO+LBFGS,53,-2.103520631790161
52,PSO+LBFGS,54,-2.103520631790161
52,PSO+LBFGS,55,-2.103520631790161
52,PSO+LBFGS,56,-2.103520631790161
52,PSO+LBFGS,57,-2.103520631790161
52,PSO+LBFGS,58,-2.103520631790161
52,PSO+LBFGS,59,-2.103520631790161
52,PSO+LBFGS,60,-2.103520631790161
53,Adam,1,-1.8553104400634766
53,Adam,2,-1.8601645231246948
53,Adam,3,-1.8649427890777588
53,Adam,4,-1.8696372509002686
53,Adam,5,-1.8742413520812988
53,Adam,6,-1.8787428140640259
53,Adam,7,-1.8831355571746826
53,Adam,8,-1.8874149322509766
53,Adam,9,-1.8915742635726929
53,Adam,10,-1.895607352256775
53,Adam,11,-1.8995089530944824
53,Adam,12,-1.9032784700393677
53,Adam,13,-1.9069108963012695
53,Adam,14,-1.9104046821594238
53,Adam,15,-1.913760781288147
53,Adam,16,-1.9169774055480957
53,Adam,17,-1.9200541973114014
53,Adam,18,-1.9229962825775146
53,Adam,19,-1.9258012771606445
53,Adam,20,-1.928475260734558
53,Adam,21,-1.931019902229309
53,Adam,22,-1.9334379434585571
53,Adam,23,-1.9357346296310425
53,Adam,24,-1.9379125833511353
53,Adam,25,-1.9399759769439697
53,Adam,26,-1.9419333934783936
53,Adam,27,-1.943784475326538
53,Adam,28,-1.9455362558364868
53,Adam,29,-1.9471911191940308
53,Adam,30,-1.9487577676773071
53,Adam,31,-1.95023775100708
53,Adam,32,-1.9516355991363525
53,Adam,33,-1.9529577493667603
53,Adam,34,-1.9542062282562256
53,Adam,35,-1.955384612083435
53,Adam,36,-1.9564990997314453
53,Adam,37,-1.9575527906417847
53,Adam,38,-1.9585483074188232
53,Adam,39,-1.9594898223876953
53,Adam,40,-1.960382342338562
53,Adam,41,-1.9612246751785278
53,Adam,42,-1.9620239734649658
53,Adam,43,-1.9627801179885864
53,Adam,44,-1.9634956121444702
53,Adam,45,-1.9641746282577515
53,Adam,46,-1.9648197889328003
53,Adam,47,-1.9654302597045898
53,Adam,48,-1.96601140499115
53,Adam,49,-1.9665641784667969
53,Adam,50,-1.967088222503662
53,Adam,51,-1.9675884246826172
53,Adam,52,-1.9680652618408203
53,Adam,53,-1.9685173034667969
53,Adam,54,-1.968949556350708
53,Adam,55,-1.9693619012832642
53,Adam,56,-1.96975576877594
53,Adam,57,-1.97013258934021
53,Adam,58,-1.9704915285110474
53,Adam,59,-1.9708367586135864
53,Adam,60,-1.9711658954620361
53,LBFGS,1,-1.9228087663650513
53,LBFGS,2,-1.966733694076538
53,LBFGS,3,-1.9743787050247192
53,LBFGS,4,-1.9793682098388672
53,LBFGS,5,-1.981768012046814
53,LBFGS,6,-1.9830951690673828
53,LBFGS,7,-1.9838272333145142
53,LBFGS,8,-1.984168529510498
53,LBFGS,9,-1.9844084978103638
53,LBFGS,10,-1.9845860004425049
53,LBFGS,11,-1.984642505645752
53,LBFGS,12,-1.9846984148025513
53,LBFGS,13,-1.9847232103347778
53,LBFGS,14,-1.984737753868103
53,LBFGS,15,-1.9847450256347656
53,LBFGS,16,-1.9847499132156372
53,LBFGS,17,-1.9847532510757446
53,LBFGS,18,-1.984754204750061
53,LBFGS,19,-1.9847545623779297
53,LBFGS,20,-1.9847548007965088
53,LBFGS,21,-1.984755039215088
53,LBFGS,22,-1.984755039215088
53,LBFGS,23,-1.984755039215088
53,LBFGS,24,-1.984755039215088
53,LBFGS,25,-1.984755039215088
53,LBFGS,26,-1.984755039215088
53,LBFGS,27,-1.984755039215088
53,LBFGS,28,-1.984755039215088
53,LBFGS,29,-1.984755039215088
53,LBFGS,30,-1.984755039215088
53,LBFGS,31,-1.984755039215088
53,LBFGS,32,-1.984755039215088
53,LBFGS,33,-1.984755039215088
53,LBFGS,34,-1.984755039215088
53,LBFGS,35,-1.984755039215088
53,LBFGS,36,-1.984755039215088
53,LBFGS,37,-1.984755039215088
53,LBFGS,38,-1.984755039215088
53,LBFGS,39,-1.984755039215088
53,LBFGS,40,-1.984755039215088
53,LBFGS,41,-1.984755039215088
53,LBFGS,42,-1.984755039215088
53,LBFGS,43,-1.984755039215088
53,LBFGS,44,-1.984755039215088
53,LBFGS,45,-1.984755039215088
53,LBFGS,46,-1.984755039215088
53,LBFGS,47,-1.984755039215088
53,LBFGS,48,-1.984755039215088
53,LBFGS,49,-1.984755039215088
53,LBFGS,50,-1.984755039215088
53,LBFGS,51,-1.984755039215088
53,LBFGS,52,-1.984755039215088
53,LBFGS,53,-1.984755039215088
53,LBFGS,54,-1.984755039215088
53,LBFGS,55,-1.984755039215088
53,LBFGS,56,-1.984755039215088
53,LBFGS,57,-1.984755039215088
53,LBFGS,58,-1.984755039215088
53,LBFGS,59,-1.984755039215088
53,LBFGS,60,-1.984755039215088
53,PSO,1,-1.9166690111160278
53,PSO,2,-1.9484505653381348
53,PSO,3,-1.9747682809829712
53,PSO,4,-1.9778072834014893
53,PSO,5,-1.9841750860214233
53,PSO,6,-1.984735131263733
53,PSO,7,-1.9847548007965088
53,PSO,8,-1.9847549200057983
53,PSO,9,-1.9847549200057983
53,PSO,10,-1.9847549200057983
53,PSO,11,-1.9847549200057983
53,PSO,12,-1.9847549200057983
53,PSO,13,-1.9847549200057983
53,PSO,14,-1.984755039215088
53,PSO,15,-1.984755039215088
53,PSO,16,-1.9847551584243774
53,PSO,17,-1.9847551584243774
53,PSO,18,-1.9847551584243774
53,PSO,19,-1.9847551584243774
53,PSO,20,-1.9847551584243774
53,PSO,21,-1.9847551584243774
53,PSO,22,-1.9847551584243774
53,PSO,23,-1.9847551584243774
53,PSO,24,-1.9847551584243774
53,PSO,25,-1.9847551584243774
53,PSO,26,-1.9847551584243774
53,PSO,27,-1.9847551584243774
53,PSO,28,-1.9847551584243774
53,PSO,29,-1.9847551584243774
53,PSO,30,-1.9847551584243774
53,PSO,31,-1.9847551584243774
53,PSO,32,-1.9847551584243774
53,PSO,33,-1.9847551584243774
53,PSO,34,-1.9847551584243774
53,PSO,35,-1.9847551584243774
53,PSO,36,-1.9847551584243774
53,PSO,37,-1.9847551584243774
53,PSO,38,-1.9847551584243774
53,PSO,39,-1.9847551584243774
53,PSO,40,-1.9847551584243774
53,PSO,41,-1.9847551584243774
53,PSO,42,-1.9847551584243774
53,PSO,43,-1.9847551584243774
53,PSO,44,-1.9847551584243774
53,PSO,45,-1.9847551584243774
53,PSO,46,-1.9847551584243774
53,PSO,47,-1.9847551584243774
53,PSO,48,-1.9847551584243774
53,PSO,49,-1.9847551584243774
53,PSO,50,-1.9847551584243774
53,PSO,51,-1.9847551584243774
53,PSO,52,-1.9847551584243774
53,PSO,53,-1.9847551584243774
53,PSO,54,-1.9847551584243774
53,PSO,55,-1.9847551584243774
53,PSO,56,-1.9847553968429565
53,PSO,57,-1.9847553968429565
53,PSO,58,-1.9847553968429565
53,PSO,59,-1.9847553968429565
53,PSO,60,-1.9847553968429565
53,DE,1,-1.9297133684158325
53,DE,2,-1.9546037912368774
53,DE,3,-1.9546037912368774
53,DE,4,-1.9638950824737549
53,DE,5,-1.9638950824737549
53,DE,6,-1.9659650325775146
53,DE,7,-1.9689419269561768
53,DE,8,-1.9750844240188599
53,DE,9,-1.9774101972579956
53,DE,10,-1.980167031288147
53,DE,11,-1.980167031288147
53,DE,12,-1.9803996086120605
53,DE,13,-1.9825910329818726
53,DE,14,-1.9829509258270264
53,DE,15,-1.9829509258270264
53,DE,16,-1.9829509258270264
53,DE,17,-1.9829509258270264
53,DE,18,-1.9829509258270264
53,DE,19,-1.9829509258270264
53,DE,20,-1.9833558797836304
53,DE,21,-1.9833558797836304
53,DE,22,-1.9833558797836304
53,DE,23,-1.9836068153381348
53,DE,24,-1.9836068153381348
53,DE,25,-1.9836068153381348
53,DE,26,-1.9838755130767822
53,DE,27,-1.9838755130767822
53,DE,28,-1.9838755130767822
53,DE,29,-1.9839563369750977
53,DE,30,-1.9839563369750977
53,DE,31,-1.9842808246612549
53,DE,32,-1.984285593032837
53,DE,33,-1.984285593032837
53,DE,34,-1.9843295812606812
53,DE,35,-1.9843295812606812
53,DE,36,-1.9845319986343384
53,DE,37,-1.9845319986343384
53,DE,38,-1.9845319986343384
53,DE,39,-1.9845319986343384
53,DE,40,-1.9845319986343384
53,DE,41,-1.9845319986343384
53,DE,42,-1.984540343284607
53,DE,43,-1.9845527410507202
53,DE,44,-1.9845774173736572
53,DE,45,-1.9845774173736572
53,DE,46,-1.9846007823944092
53,DE,47,-1.9846007823944092
53,DE,48,-1.9846035242080688
53,DE,49,-1.9846054315567017
53,DE,50,-1.9846535921096802
53,DE,51,-1.9846558570861816
53,DE,52,-1.9846569299697876
53,DE,53,-1.9846971035003662
53,DE,54,-1.9846971035003662
53,DE,55,-1.9846971035003662
53,DE,56,-1.9846971035003662
53,DE,57,-1.9846998453140259
53,DE,58,-1.9847058057785034
53,DE,59,-1.9847110509872437
53,DE,60,-1.9847357273101807
53,PSO+LBFGS,1,-1.9305739402770996
53,PSO+LBFGS,2,-1.9671396017074585
53,PSO+LBFGS,3,-1.9815711975097656
53,PSO+LBFGS,4,-1.9846848249435425
53,PSO+LBFGS,5,-1.9847545623779297
53,PSO+LBFGS,6,-1.9847549200057983
53,PSO+LBFGS,7,-1.9847549200057983
53,PSO+LBFGS,8,-1.9847549200057983
53,PSO+LBFGS,9,-1.9847549200057983
53,PSO+LBFGS,10,-1.9847549200057983
53,PSO+LBFGS,11,-1.9847549200057983
53,PSO+LBFGS,12,-1.9847549200057983
53,PSO+LBFGS,13,-1.9847549200057983
53,PSO+LBFGS,14,-1.9847549200057983
53,PSO+LBFGS,15,-1.984755039215088
53,PSO+LBFGS,16,-1.984755039215088
53,PSO+LBFGS,17,-1.9847551584243774
53,PSO+LBFGS,18,-1.9847551584243774
53,PSO+LBFGS,19,-1.9847551584243774
53,PSO+LBFGS,20,-1.9847551584243774
53,PSO+LBFGS,21,-1.9847551584243774
53,PSO+LBFGS,22,-1.9847551584243774
53,PSO+LBFGS,23,-1.9847551584243774
53,PSO+LBFGS,24,-1.9847551584243774
53,PSO+LBFGS,25,-1.9847551584243774
53,PSO+LBFGS,26,-1.9847551584243774
53,PSO+LBFGS,27,-1.9847551584243774
53,PSO+LBFGS,28,-1.9847551584243774
53,PSO+LBFGS,29,-1.9847551584243774
53,PSO+LBFGS,30,-1.9847551584243774
53,PSO+LBFGS,31,-1.9847551584243774
53,PSO+LBFGS,32,-1.9847551584243774
53,PSO+LBFGS,33,-1.9847551584243774
53,PSO+LBFGS,34,-1.9847551584243774
53,PSO+LBFGS,35,-1.9847551584243774
53,PSO+LBFGS,36,-1.9847551584243774
53,PSO+LBFGS,37,-1.9847551584243774
53,PSO+LBFGS,38,-1.9847551584243774
53,PSO+LBFGS,39,-1.9847551584243774
53,PSO+LBFGS,40,-1.9847551584243774
53,PSO+LBFGS,41,-1.9847546815872192
53,PSO+LBFGS,42,-1.9847546815872192
53,PSO+LBFGS,43,-1.9847546815872192
53,PSO+LBFGS,44,-1.9847546815872192
53,PSO+LBFGS,45,-1.9847546815872192
53,PSO+LBFGS,46,-1.9847546815872192
53,PSO+LBFGS,47,-1.9847546815872192
53,PSO+LBFGS,48,-1.9847546815872192
53,PSO+LBFGS,49,-1.9847546815872192
53,PSO+LBFGS,50,-1.9847546815872192
53,PSO+LBFGS,51,-1.9847546815872192
53,PSO+LBFGS,52,-1.9847546815872192
53,PSO+LBFGS,53,-1.9847546815872192
53,PSO+LBFGS,54,-1.9847546815872192
53,PSO+LBFGS,55,-1.9847546815872192
53,PSO+LBFGS,56,-1.9847546815872192
53,PSO+LBFGS,57,-1.9847546815872192
53,PSO+LBFGS,58,-1.9847546815872192
53,PSO+LBFGS,59,-1.9847546815872192
53,PSO+LBFGS,60,-1.9847546815872192
54,Adam,1,-1.046506643295288
54,Adam,2,-1.055485486984253
54,Adam,3,-1.0643223524093628
54,Adam,4,-1.0730019807815552
54,Adam,5,-1.0815057754516602
54,Adam,6,-1.0898191928863525
54,Adam,7,-1.097930669784546
54,Adam,8,-1.105824589729309
54,Adam,9,-1.1134921312332153
54,Adam,10,-1.1209232807159424
54,Adam,11,-1.1281083822250366
54,Adam,12,-1.1350445747375488
54,Adam,13,-1.1417279243469238
54,Adam,14,-1.1481506824493408
54,Adam,15,-1.1543160676956177
54,Adam,16,-1.1602232456207275
54,Adam,17,-1.1658741235733032
54,Adam,18,-1.1712714433670044
54,Adam,19,-1.1764169931411743
54,Adam,20,-1.1813185214996338
54,Adam,21,-1.185981035232544
54,Adam,22,-1.1904125213623047
54,Adam,23,-1.194616436958313
54,Adam,24,-1.1986055374145508
54,Adam,25,-1.2023872137069702
54,Adam,26,-1.205966830253601
54,Adam,27,-1.209354043006897
54,Adam,28,-1.2125598192214966
54,Adam,29,-1.2155888080596924
54,Adam,30,-1.2184550762176514
54,Adam,31,-1.2211618423461914
54,Adam,32,-1.2237216234207153
54,Adam,33,-1.2261401414871216
54,Adam,34,-1.2284233570098877
54,Adam,35,-1.2305828332901
54,Adam,36,-1.23262357711792
54,Adam,37,-1.2345530986785889
54,Adam,38,-1.236377239227295
54,Adam,39,-1.2381030321121216
54,Adam,40,-1.239735722541809
54,Adam,41,-1.241281509399414
54,Adam,42,-1.2427455186843872
54,Adam,43,-1.2441327571868896
54,Adam,44,-1.2454471588134766
54,Adam,45,-1.2466952800750732
54,Adam,46,-1.2478784322738647
54,Adam,47,-1.24900221824646
54,Adam,48,-1.250070333480835
54,Adam,49,-1.251086950302124
54,Adam,50,-1.2520532608032227
54,Adam,51,-1.2529736757278442
54,Adam,52,-1.253848910331726
54,Adam,53,-1.2546846866607666
54,Adam,54,-1.25548255443573
54,Adam,55,-1.2562437057495117
54,Adam,56,-1.2569688558578491
54,Adam,57,-1.2576652765274048
54,Adam,58,-1.2583303451538086
54,Adam,59,-1.2589656114578247
54,Adam,60,-1.259575366973877
54,LBFGS,1,-1.2063560485839844
54,LBFGS,2,-1.252982258796692
54,LBFGS,3,-1.268094539642334
54,LBFGS,4,-1.2759652137756348
54,LBFGS,5,-1.2800819873809814
54,LBFGS,6,-1.282294750213623
54,LBFGS,7,-1.2835050821304321
54,LBFGS,8,-1.284172773361206
54,LBFGS,9,-1.2845410108566284
54,LBFGS,10,-1.2847418785095215
54,LBFGS,11,-1.2848141193389893
54,LBFGS,12,-1.2848931550979614
54,LBFGS,13,-1.284925937652588
54,LBFGS,14,-1.2849628925323486
54,LBFGS,15,-1.2849726676940918
54,LBFGS,16,-1.2849864959716797
54,LBFGS,17,-1.2849925756454468
54,LBFGS,18,-1.2849973440170288
54,LBFGS,19,-1.2850008010864258
54,LBFGS,20,-1.2850016355514526
54,LBFGS,21,-1.2850017547607422
54,LBFGS,22,-1.2850017547607422
54,LBFGS,23,-1.2850017547607422
54,LBFGS,24,-1.2850017547607422
54,LBFGS,25,-1.2850017547607422
54,LBFGS,26,-1.2850017547607422
54,LBFGS,27,-1.2850017547607422
54,LBFGS,28,-1.2850017547607422
54,LBFGS,29,-1.2850017547607422
54,LBFGS,30,-1.2850017547607422
54,LBFGS,31,-1.2850017547607422
54,LBFGS,32,-1.2850017547607422
54,LBFGS,33,-1.2850017547607422
54,LBFGS,34,-1.2850017547607422
54,LBFGS,35,-1.2850017547607422
54,LBFGS,36,-1.2850017547607422
54,LBFGS,37,-1.2850017547607422
54,LBFGS,38,-1.2850017547607422
54,LBFGS,39,-1.2850017547607422
54,LBFGS,40,-1.2850017547607422
54,LBFGS,41,-1.2850017547607422
54,LBFGS,42,-1.2850017547607422
54,LBFGS,43,-1.2850017547607422
54,LBFGS,44,-1.2850017547607422
54,LBFGS,45,-1.2850017547607422
54,LBFGS,46,-1.2850017547607422
54,LBFGS,47,-1.2850017547607422
54,LBFGS,48,-1.2850017547607422
54,LBFGS,49,-1.2850017547607422
54,LBFGS,50,-1.2850017547607422
54,LBFGS,51,-1.2850017547607422
54,LBFGS,52,-1.2850017547607422
54,LBFGS,53,-1.2850017547607422
54,LBFGS,54,-1.2850017547607422
54,LBFGS,55,-1.2850017547607422
54,LBFGS,56,-1.2850017547607422
54,LBFGS,57,-1.2850017547607422
54,LBFGS,58,-1.2850017547607422
54,LBFGS,59,-1.2850017547607422
54,LBFGS,60,-1.2850017547607422
54,PSO,1,-1.2251923084259033
54,PSO,2,-1.2505693435668945
54,PSO,3,-1.2742947340011597
54,PSO,4,-1.2848997116088867
54,PSO,5,-1.2850005626678467
54,PSO,6,-1.2850018739700317
54,PSO,7,-1.2850018739700317
54,PSO,8,-1.2850018739700317
54,PSO,9,-1.2850018739700317
54,PSO,10,-1.2850018739700317
54,PSO,11,-1.2850018739700317
54,PSO,12,-1.2850018739700317
54,PSO,13,-1.2850018739700317
54,PSO,14,-1.2850019931793213
54,PSO,15,-1.2850019931793213
54,PSO,16,-1.2850021123886108
54,PSO,17,-1.2850021123886108
54,PSO,18,-1.2850021123886108
54,PSO,19,-1.2850021123886108
54,PSO,20,-1.2850021123886108
54,PSO,21,-1.2850021123886108
54,PSO,22,-1.2850021123886108
54,PSO,23,-1.2850021123886108
54,PSO,24,-1.2850021123886108
54,PSO,25,-1.2850021123886108
54,PSO,26,-1.2850021123886108
54,PSO,27,-1.2850021123886108
54,PSO,28,-1.2850021123886108
54,PSO,29,-1.2850022315979004
54,PSO,30,-1.2850022315979004
54,PSO,31,-1.2850022315979004
54,PSO,32,-1.2850022315979004
54,PSO,33,-1.2850022315979004
54,PSO,34,-1.2850022315979004
54,PSO,35,-1.2850022315979004
54,PSO,36,-1.2850022315979004
54,PSO,37,-1.2850022315979004
54,PSO,38,-1.2850022315979004
54,PSO,39,-1.2850022315979004
54,PSO,40,-1.2850022315979004
54,PSO,41,-1.2850022315979004
54,PSO,42,-1.2850022315979004
54,PSO,43,-1.2850022315979004
54,PSO,44,-1.2850022315979004
54,PSO,45,-1.2850022315979004
54,PSO,46,-1.2850022315979004
54,PSO,47,-1.2850022315979004
54,PSO,48,-1.2850022315979004
54,PSO,49,-1.2850022315979004
54,PSO,50,-1.2850022315979004
54,PSO,51,-1.2850022315979004
54,PSO,52,-1.2850022315979004
54,PSO,53,-1.2850022315979004
54,PSO,54,-1.2850022315979004
54,PSO,55,-1.2850022315979004
54,PSO,56,-1.2850022315979004
54,PSO,57,-1.2850022315979004
54,PSO,58,-1.2850022315979004
54,PSO,59,-1.2850022315979004
54,PSO,60,-1.2850022315979004
54,DE,1,-1.2093665599822998
54,DE,2,-1.2093665599822998
54,DE,3,-1.2274599075317383
54,DE,4,-1.230502724647522
54,DE,5,-1.2459269762039185
54,DE,6,-1.2459269762039185
54,DE,7,-1.2555474042892456
54,DE,8,-1.2609041929244995
54,DE,9,-1.2686326503753662
54,DE,10,-1.2692519426345825
54,DE,11,-1.2692519426345825
54,DE,12,-1.2692519426345825
54,DE,13,-1.2704684734344482
54,DE,14,-1.2761331796646118
54,DE,15,-1.2762101888656616
54,DE,16,-1.2785453796386719
54,DE,17,-1.28048837184906
54,DE,18,-1.28048837184906
54,DE,19,-1.28048837184906
54,DE,20,-1.28048837184906
54,DE,21,-1.28048837184906
54,DE,22,-1.2807979583740234
54,DE,23,-1.2809141874313354
54,DE,24,-1.2834683656692505
54,DE,25,-1.2834683656692505
54,DE,26,-1.2834683656692505
54,DE,27,-1.2834683656692505
54,DE,28,-1.2834683656692505
54,DE,29,-1.283515453338623
54,DE,30,-1.283515453338623
54,DE,31,-1.283515453338623
54,DE,32,-1.2840007543563843
54,DE,33,-1.2840007543563843
54,DE,34,-1.284201741218567
54,DE,35,-1.2844282388687134
54,DE,36,-1.2845784425735474
54,DE,37,-1.2846726179122925
54,DE,38,-1.2846726179122925
54,DE,39,-1.2846726179122925
54,DE,40,-1.2846726179122925
54,DE,41,-1.2847390174865723
54,DE,42,-1.2847967147827148
54,DE,43,-1.2848354578018188
54,DE,44,-1.2849128246307373
54,DE,45,-1.2849128246307373
54,DE,46,-1.2849128246307373
54,DE,47,-1.2849228382110596
54,DE,48,-1.2849228382110596
54,DE,49,-1.2849228382110596
54,DE,50,-1.2849228382110596
54,DE,51,-1.2849228382110596
54,DE,52,-1.2849228382110596
54,DE,53,-1.2849228382110596
54,DE,54,-1.2849417924880981
54,DE,55,-1.2849624156951904
54,DE,56,-1.2849624156951904
54,DE,57,-1.2849624156951904
54,DE,58,-1.2849624156951904
54,DE,59,-1.2849624156951904
54,DE,60,-1.2849624156951904
54,PSO+LBFGS,1,-1.1393071413040161
54,PSO+LBFGS,2,-1.2354834079742432
54,PSO+LBFGS,3,-1.27680504322052
54,PSO+LBFGS,4,-1.2822675704956055
54,PSO+LBFGS,5,-1.283799409866333
54,PSO+LBFGS,6,-1.284804344177246
54,PSO+LBFGS,7,-1.2850018739700317
54,PSO+LBFGS,8,-1.2850018739700317
54,PSO+LBFGS,9,-1.2850018739700317
54,PSO+LBFGS,10,-1.2850018739700317
54,PSO+LBFGS,11,-1.2850018739700317
54,PSO+LBFGS,12,-1.2850018739700317
54,PSO+LBFGS,13,-1.2850018739700317
54,PSO+LBFGS,14,-1.2850019931793213
54,PSO+LBFGS,15,-1.2850019931793213
54,PSO+LBFGS,16,-1.2850019931793213
54,PSO+LBFGS,17,-1.2850019931793213
54,PSO+LBFGS,18,-1.2850019931793213
54,PSO+LBFGS,19,-1.2850019931793213
54,PSO+LBFGS,20,-1.2850019931793213
54,PSO+LBFGS,21,-1.2850019931793213
54,PSO+LBFGS,22,-1.2850019931793213
54,PSO+LBFGS,23,-1.2850019931793213
54,PSO+LBFGS,24,-1.2850019931793213
54,PSO+LBFGS,25,-1.2850019931793213
54,PSO+LBFGS,26,-1.2850019931793213
54,PSO+LBFGS,27,-1.2850019931793213
54,PSO+LBFGS,28,-1.2850019931793213
54,PSO+LBFGS,29,-1.2850019931793213
54,PSO+LBFGS,30,-1.2850019931793213
54,PSO+LBFGS,31,-1.2850019931793213
54,PSO+LBFGS,32,-1.2850019931793213
54,PSO+LBFGS,33,-1.2850019931793213
54,PSO+LBFGS,34,-1.2850019931793213
54,PSO+LBFGS,35,-1.2850019931793213
54,PSO+LBFGS,36,-1.2850019931793213
54,PSO+LBFGS,37,-1.2850021123886108
54,PSO+LBFGS,38,-1.2850022315979004
54,PSO+LBFGS,39,-1.2850022315979004
54,PSO+LBFGS,40,-1.2850022315979004
54,PSO+LBFGS,41,-1.2850018739700317
54,PSO+LBFGS,42,-1.2850018739700317
54,PSO+LBFGS,43,-1.2850018739700317
54,PSO+LBFGS,44,-1.2850018739700317
54,PSO+LBFGS,45,-1.2850018739700317
54,PSO+LBFGS,46,-1.2850018739700317
54,PSO+LBFGS,47,-1.2850018739700317
54,PSO+LBFGS,48,-1.2850018739700317
54,PSO+LBFGS,49,-1.2850018739700317
54,PSO+LBFGS,50,-1.2850018739700317
54,PSO+LBFGS,51,-1.2850018739700317
54,PSO+LBFGS,52,-1.2850018739700317
54,PSO+LBFGS,53,-1.2850018739700317
54,PSO+LBFGS,54,-1.2850018739700317
54,PSO+LBFGS,55,-1.2850018739700317
54,PSO+LBFGS,56,-1.2850018739700317
54,PSO+LBFGS,57,-1.2850018739700317
54,PSO+LBFGS,58,-1.2850018739700317
54,PSO+LBFGS,59,-1.2850018739700317
54,PSO+LBFGS,60,-1.2850018739700317
55,Adam,1,-1.5715293884277344
55,Adam,2,-1.577411413192749
55,Adam,3,-1.5831602811813354
55,Adam,4,-1.5887664556503296
55,Adam,5,-1.5942270755767822
55,Adam,6,-1.5995323657989502
55,Adam,7,-1.6046825647354126
55,Adam,8,-1.6096783876419067
55,Adam,9,-1.614516019821167
55,Adam,10,-1.6191948652267456
55,Adam,11,-1.6237123012542725
55,Adam,12,-1.6280667781829834
55,Adam,13,-1.6322579383850098
55,Adam,14,-1.636283278465271
55,Adam,15,-1.6401443481445312
55,Adam,16,-1.6438394784927368
55,Adam,17,-1.647373080253601
55,Adam,18,-1.650744915008545
55,Adam,19,-1.653957486152649
55,Adam,20,-1.6570161581039429
55,Adam,21,-1.6599233150482178
55,Adam,22,-1.662684440612793
55,Adam,23,-1.665304183959961
55,Adam,24,-1.66778564453125
55,Adam,25,-1.6701363325119019
55,Adam,26,-1.6723586320877075
55,Adam,27,-1.6744616031646729
55,Adam,28,-1.676448941230774
55,Adam,29,-1.6783255338668823
55,Adam,30,-1.6800976991653442
55,Adam,31,-1.6817708015441895
55,Adam,32,-1.683349847793579
55,Adam,33,-1.6848405599594116
55,Adam,34,-1.6862471103668213
55,Adam,35,-1.6875760555267334
55,Adam,36,-1.6888309717178345
55,Adam,37,-1.690014362335205
55,Adam,38,-1.6911349296569824
55,Adam,39,-1.6921926736831665
55,Adam,40,-1.6931923627853394
55,Adam,41,-1.6941392421722412
55,Adam,42,-1.6950337886810303
55,Adam,43,-1.6958814859390259
55,Adam,44,-1.6966856718063354
55,Adam,45,-1.6974481344223022
55,Adam,46,-1.6981709003448486
55,Adam,47,-1.6988564729690552
55,Adam,48,-1.6995090246200562
55,Adam,49,-1.7001277208328247
55,Adam,50,-1.7007166147232056
55,Adam,51,-1.701277256011963
55,Adam,52,-1.7018110752105713
55,Adam,53,-1.7023205757141113
55,Adam,54,-1.7028062343597412
55,Adam,55,-1.703268051147461
55,Adam,56,-1.7037104368209839
55,Adam,57,-1.7041335105895996
55,Adam,58,-1.7045387029647827
55,Adam,59,-1.7049245834350586
55,Adam,60,-1.705295205116272
55,LBFGS,1,-1.6552836894989014
55,LBFGS,2,-1.7001124620437622
55,LBFGS,3,-1.7083114385604858
55,LBFGS,4,-1.7144066095352173
55,LBFGS,5,-1.7172480821609497
55,LBFGS,6,-1.7188246250152588
55,LBFGS,7,-1.7196847200393677
55,LBFGS,8,-1.7201619148254395
55,LBFGS,9,-1.720426321029663
55,LBFGS,10,-1.7205742597579956
55,LBFGS,11,-1.7206556797027588
55,LBFGS,12,-1.7207014560699463
55,LBFGS,13,-1.7207159996032715
55,LBFGS,14,-1.7207344770431519
55,LBFGS,15,-1.7207449674606323
55,LBFGS,16,-1.720749020576477
55,LBFGS,17,-1.72075355052948
55,LBFGS,18,-1.7207560539245605
55,LBFGS,19,-1.7207568883895874
55,LBFGS,20,-1.7207576036453247
55,LBFGS,21,-1.720758080482483
55,LBFGS,22,-1.720758080482483
55,LBFGS,23,-1.720758080482483
55,LBFGS,24,-1.720758080482483
55,LBFGS,25,-1.720758080482483
55,LBFGS,26,-1.720758080482483
55,LBFGS,27,-1.720758080482483
55,LBFGS,28,-1.720758080482483
55,LBFGS,29,-1.720758080482483
55,LBFGS,30,-1.720758080482483
55,LBFGS,31,-1.720758080482483
55,LBFGS,32,-1.720758080482483
55,LBFGS,33,-1.720758080482483
55,LBFGS,34,-1.720758080482483
55,LBFGS,35,-1.720758080482483
55,LBFGS,36,-1.720758080482483
55,LBFGS,37,-1.720758080482483
55,LBFGS,38,-1.720758080482483
55,LBFGS,39,-1.720758080482483
55,LBFGS,40,-1.720758080482483
55,LBFGS,41,-1.720758080482483
55,LBFGS,42,-1.720758080482483
55,LBFGS,43,-1.720758080482483
55,LBFGS,44,-1.720758080482483
55,LBFGS,45,-1.720758080482483
55,LBFGS,46,-1.720758080482483
55,LBFGS,47,-1.720758080482483
55,LBFGS,48,-1.720758080482483
55,LBFGS,49,-1.720758080482483
55,LBFGS,50,-1.720758080482483
55,LBFGS,51,-1.720758080482483
55,LBFGS,52,-1.720758080482483
55,LBFGS,53,-1.720758080482483
55,LBFGS,54,-1.720758080482483
55,LBFGS,55,-1.720758080482483
55,LBFGS,56,-1.720758080482483
55,LBFGS,57,-1.720758080482483
55,LBFGS,58,-1.720758080482483
55,LBFGS,59,-1.720758080482483
55,LBFGS,60,-1.720758080482483
55,PSO,1,-1.6744625568389893
55,PSO,2,-1.6909000873565674
55,PSO,3,-1.7035356760025024
55,PSO,4,-1.716422200202942
55,PSO,5,-1.7186079025268555
55,PSO,6,-1.7207577228546143
55,PSO,7,-1.7207577228546143
55,PSO,8,-1.7207577228546143
55,PSO,9,-1.7207578420639038
55,PSO,10,-1.7207579612731934
55,PSO,11,-1.7207579612731934
55,PSO,12,-1.7207579612731934
55,PSO,13,-1.720758080482483
55,PSO,14,-1.720758080482483
55,PSO,15,-1.720758080482483
55,PSO,16,-1.720758080482483
55,PSO,17,-1.720758080482483
55,PSO,18,-1.7207581996917725
55,PSO,19,-1.7207581996917725
55,PSO,20,-1.7207581996917725
55,PSO,21,-1.7207581996917725
55,PSO,22,-1.7207581996917725
55,PSO,23,-1.7207581996917725
55,PSO,24,-1.7207581996917725
55,PSO,25,-1.7207581996917725
55,PSO,26,-1.7207581996917725
55,PSO,27,-1.7207581996917725
55,PSO,28,-1.7207581996917725
55,PSO,29,-1.7207581996917725
55,PSO,30,-1.7207581996917725
55,PSO,31,-1.7207581996917725
55,PSO,32,-1.720758318901062
55,PSO,33,-1.720758318901062
55,PSO,34,-1.720758318901062
55,PSO,35,-1.720758318901062
55,PSO,36,-1.720758318901062
55,PSO,37,-1.720758318901062
55,PSO,38,-1.720758318901062
55,PSO,39,-1.720758318901062
55,PSO,40,-1.720758318901062
55,PSO,41,-1.720758318901062
55,PSO,42,-1.720758318901062
55,PSO,43,-1.720758318901062
55,PSO,44,-1.720758318901062
55,PSO,45,-1.720758318901062
55,PSO,46,-1.720758318901062
55,PSO,47,-1.720758318901062
55,PSO,48,-1.720758318901062
55,PSO,49,-1.720758318901062
55,PSO,50,-1.720758318901062
55,PSO,51,-1.720758318901062
55,PSO,52,-1.720758318901062
55,PSO,53,-1.720758318901062
55,PSO,54,-1.720758318901062
55,PSO,55,-1.720758318901062
55,PSO,56,-1.720758318901062
55,PSO,57,-1.720758318901062
55,PSO,58,-1.720758318901062
55,PSO,59,-1.720758318901062
55,PSO,60,-1.720758318901062
55,DE,1,-1.6659882068634033
55,DE,2,-1.6672815084457397
55,DE,3,-1.6824017763137817
55,DE,4,-1.688979983329773
55,DE,5,-1.688979983329773
55,DE,6,-1.7044014930725098
55,DE,7,-1.7044014930725098
55,DE,8,-1.7044014930725098
55,DE,9,-1.7044014930725098
55,DE,10,-1.7088487148284912
55,DE,11,-1.7088487148284912
55,DE,12,-1.7088487148284912
55,DE,13,-1.7088487148284912
55,DE,14,-1.7088487148284912
55,DE,15,-1.7088487148284912
55,DE,16,-1.7088487148284912
55,DE,17,-1.7088487148284912
55,DE,18,-1.7098326683044434
55,DE,19,-1.7098326683044434
55,DE,20,-1.7127025127410889
55,DE,21,-1.714302897453308
55,DE,22,-1.714302897453308
55,DE,23,-1.714302897453308
55,DE,24,-1.7161494493484497
55,DE,25,-1.716692566871643
55,DE,26,-1.716692566871643
55,DE,27,-1.717435359954834
55,DE,28,-1.717435359954834
55,DE,29,-1.7181065082550049
55,DE,30,-1.7182716131210327
55,DE,31,-1.7182716131210327
55,DE,32,-1.7182716131210327
55,DE,33,-1.7183455228805542
55,DE,34,-1.7192537784576416
55,DE,35,-1.7192537784576416
55,DE,36,-1.7194629907608032
55,DE,37,-1.7194629907608032
55,DE,38,-1.7200108766555786
55,DE,39,-1.7200108766555786
55,DE,40,-1.7200108766555786
55,DE,41,-1.7200108766555786
55,DE,42,-1.7200108766555786
55,DE,43,-1.7200108766555786
55,DE,44,-1.7200108766555786
55,DE,45,-1.7201470136642456
55,DE,46,-1.720240831375122
55,DE,47,-1.720240831375122
55,DE,48,-1.720240831375122
55,DE,49,-1.720240831375122
55,DE,50,-1.720240831375122
55,DE,51,-1.7202577590942383
55,DE,52,-1.7204599380493164
55,DE,53,-1.7204599380493164
55,DE,54,-1.7204599380493164
55,DE,55,-1.7204599380493164
55,DE,56,-1.7204599380493164
55,DE,57,-1.7205222845077515
55,DE,58,-1.7205663919448853
55,DE,59,-1.7205663919448853
55,DE,60,-1.7205663919448853
55,PSO+LBFGS,1,-1.6619421243667603
55,PSO+LBFGS,2,-1.6926257610321045
55,PSO+LBFGS,3,-1.7049936056137085
55,PSO+LBFGS,4,-1.7181220054626465
55,PSO+LBFGS,5,-1.7183929681777954
55,PSO+LBFGS,6,-1.720083236694336
55,PSO+LBFGS,7,-1.7207417488098145
55,PSO+LBFGS,8,-1.7207577228546143
55,PSO+LBFGS,9,-1.7207577228546143
55,PSO+LBFGS,10,-1.7207577228546143
55,PSO+LBFGS,11,-1.7207577228546143
55,PSO+LBFGS,12,-1.7207579612731934
55,PSO+LBFGS,13,-1.7207579612731934
55,PSO+LBFGS,14,-1.7207579612731934
55,PSO+LBFGS,15,-1.7207579612731934
55,PSO+LBFGS,16,-1.7207579612731934
55,PSO+LBFGS,17,-1.7207581996917725
55,PSO+LBFGS,18,-1.7207581996917725
55,PSO+LBFGS,19,-1.7207581996917725
55,PSO+LBFGS,20,-1.7207581996917725
55,PSO+LBFGS,21,-1.7207581996917725
55,PSO+LBFGS,22,-1.7207581996917725
55,PSO+LBFGS,23,-1.7207581996917725
55,PSO+LBFGS,24,-1.7207581996917725
55,PSO+LBFGS,25,-1.7207581996917725
55,PSO+LBFGS,26,-1.7207581996917725
55,PSO+LBFGS,27,-1.7207581996917725
55,PSO+LBFGS,28,-1.7207581996917725
55,PSO+LBFGS,29,-1.7207581996917725
55,PSO+LBFGS,30,-1.7207581996917725
55,PSO+LBFGS,31,-1.7207581996917725
55,PSO+LBFGS,32,-1.7207581996917725
55,PSO+LBFGS,33,-1.7207581996917725
55,PSO+LBFGS,34,-1.7207581996917725
55,PSO+LBFGS,35,-1.7207581996917725
55,PSO+LBFGS,36,-1.7207581996917725
55,PSO+LBFGS,37,-1.7207581996917725
55,PSO+LBFGS,38,-1.7207581996917725
55,PSO+LBFGS,39,-1.7207581996917725
55,PSO+LBFGS,40,-1.720758318901062
55,PSO+LBFGS,41,-1.720758080482483
55,PSO+LBFGS,42,-1.720758080482483
55,PSO+LBFGS,43,-1.720758080482483
55,PSO+LBFGS,44,-1.720758080482483
55,PSO+LBFGS,45,-1.720758080482483
55,PSO+LBFGS,46,-1.720758080482483
55,PSO+LBFGS,47,-1.720758080482483
55,PSO+LBFGS,48,-1.720758080482483
55,PSO+LBFGS,49,-1.720758080482483
55,PSO+LBFGS,50,-1.720758080482483
55,PSO+LBFGS,51,-1.720758080482483
55,PSO+LBFGS,52,-1.720758080482483
55,PSO+LBFGS,53,-1.720758080482483
55,PSO+LBFGS,54,-1.720758080482483
55,PSO+LBFGS,55,-1.720758080482483
55,PSO+LBFGS,56,-1.720758080482483
55,PSO+LBFGS,57,-1.720758080482483
55,PSO+LBFGS,58,-1.720758080482483
55,PSO+LBFGS,59,-1.720758080482483
55,PSO+LBFGS,60,-1.720758080482483
56,Adam,1,-1.0343438386917114
56,Adam,2,-1.0391559600830078
56,Adam,3,-1.0438650846481323
56,Adam,4,-1.0484673976898193
56,Adam,5,-1.0529576539993286
56,Adam,6,-1.0573323965072632
56,Adam,7,-1.0615861415863037
56,Adam,8,-1.0657212734222412
56,Adam,9,-1.0697342157363892
56,Adam,10,-1.0736180543899536
56,Adam,11,-1.0773723125457764
56,Adam,12,-1.080992579460144
56,Adam,13,-1.0844759941101074
56,Adam,14,-1.0878206491470337
56,Adam,15,-1.0910232067108154
56,Adam,16,-1.0940884351730347
56,Adam,17,-1.0970114469528198
56,Adam,18,-1.099798560142517
56,Adam,19,-1.1024484634399414
56,Adam,20,-1.1049681901931763
56,Adam,21,-1.1073591709136963
56,Adam,22,-1.1096251010894775
56,Adam,23,-1.1117738485336304
56,Adam,24,-1.1138094663619995
56,Adam,25,-1.1157342195510864
56,Adam,26,-1.1175556182861328
56,Adam,27,-1.119279384613037
56,Adam,28,-1.120906949043274
56,Adam,29,-1.1224462985992432
56,Adam,30,-1.1238983869552612
56,Adam,31,-1.1252691745758057
56,Adam,32,-1.1265639066696167
56,Adam,33,-1.1277848482131958
56,Adam,34,-1.128937840461731
56,Adam,35,-1.1300244331359863
56,Adam,36,-1.131052017211914
56,Adam,37,-1.1320210695266724
56,Adam,38,-1.1329364776611328
56,Adam,39,-1.1338032484054565
56,Adam,40,-1.1346213817596436
56,Adam,41,-1.1353960037231445
56,Adam,42,-1.1361294984817505
56,Adam,43,-1.1368242502212524
56,Adam,44,-1.1374825239181519
56,Adam,45,-1.1381056308746338
56,Adam,46,-1.1386981010437012
56,Adam,47,-1.1392581462860107
56,Adam,48,-1.1397916078567505
56,Adam,49,-1.1402966976165771
56,Adam,50,-1.140778660774231
56,Adam,51,-1.1412354707717896
56,Adam,52,-1.1416723728179932
56,Adam,53,-1.1420871019363403
56,Adam,54,-1.1424835920333862
56,Adam,55,-1.1428619623184204
56,Adam,56,-1.143223524093628
56,Adam,57,-1.1435680389404297
56,Adam,58,-1.143898844718933
56,Adam,59,-1.1442134380340576
56,Adam,60,-1.1445159912109375
56,LBFGS,1,-1.1219068765640259
56,LBFGS,2,-1.1424640417099
56,LBFGS,3,-1.1491938829421997
56,LBFGS,4,-1.152868628501892
56,LBFGS,5,-1.1547696590423584
56,LBFGS,6,-1.1558048725128174
56,LBFGS,7,-1.1561893224716187
56,LBFGS,8,-1.156646728515625
56,LBFGS,9,-1.156841516494751
56,LBFGS,10,-1.1569353342056274
56,LBFGS,11,-1.156998634338379
56,LBFGS,12,-1.1570152044296265
56,LBFGS,13,-1.1570491790771484
56,LBFGS,14,-1.1570618152618408
56,LBFGS,15,-1.157069444656372
56,LBFGS,16,-1.1570738554000854
56,LBFGS,17,-1.15707528591156
56,LBFGS,18,-1.1570777893066406
56,LBFGS,19,-1.1570786237716675
56,LBFGS,20,-1.157078742980957
56,LBFGS,21,-1.1570789813995361
56,LBFGS,22,-1.1570789813995361
56,LBFGS,23,-1.1570789813995361
56,LBFGS,24,-1.1570789813995361
56,LBFGS,25,-1.1570789813995361
56,LBFGS,26,-1.1570789813995361
56,LBFGS,27,-1.1570789813995361
56,LBFGS,28,-1.1570789813995361
56,LBFGS,29,-1.1570789813995361
56,LBFGS,30,-1.1570789813995361
56,LBFGS,31,-1.1570789813995361
56,LBFGS,32,-1.1570789813995361
56,LBFGS,33,-1.1570789813995361
56,LBFGS,34,-1.1570789813995361
56,LBFGS,35,-1.1570789813995361
56,LBFGS,36,-1.1570789813995361
56,LBFGS,37,-1.1570789813995361
56,LBFGS,38,-1.1570789813995361
56,LBFGS,39,-1.1570789813995361
56,LBFGS,40,-1.1570789813995361
56,LBFGS,41,-1.1570789813995361
56,LBFGS,42,-1.1570789813995361
56,LBFGS,43,-1.1570789813995361
56,LBFGS,44,-1.1570789813995361
56,LBFGS,45,-1.1570789813995361
56,LBFGS,46,-1.1570789813995361
56,LBFGS,47,-1.1570789813995361
56,LBFGS,48,-1.1570789813995361
56,LBFGS,49,-1.1570789813995361
56,LBFGS,50,-1.1570789813995361
56,LBFGS,51,-1.1570789813995361
56,LBFGS,52,-1.1570789813995361
56,LBFGS,53,-1.1570789813995361
56,LBFGS,54,-1.1570789813995361
56,LBFGS,55,-1.1570789813995361
56,LBFGS,56,-1.1570789813995361
56,LBFGS,57,-1.1570789813995361
56,LBFGS,58,-1.1570789813995361
56,LBFGS,59,-1.1570789813995361
56,LBFGS,60,-1.1570789813995361
56,PSO,1,-1.1172749996185303
56,PSO,2,-1.1340932846069336
56,PSO,3,-1.1413630247116089
56,PSO,4,-1.1558791399002075
56,PSO,5,-1.1570650339126587
56,PSO,6,-1.1570650339126587
56,PSO,7,-1.1570650339126587
56,PSO,8,-1.1570650339126587
56,PSO,9,-1.1570650339126587
56,PSO,10,-1.1570770740509033
56,PSO,11,-1.1570782661437988
56,PSO,12,-1.1570782661437988
56,PSO,13,-1.1570782661437988
56,PSO,14,-1.1570786237716675
56,PSO,15,-1.157078742980957
56,PSO,16,-1.157078742980957
56,PSO,17,-1.157078742980957
56,PSO,18,-1.157078742980957
56,PSO,19,-1.1570788621902466
56,PSO,20,-1.1570788621902466
56,PSO,21,-1.1570789813995361
56,PSO,22,-1.1570789813995361
56,PSO,23,-1.1570789813995361
56,PSO,24,-1.1570789813995361
56,PSO,25,-1.1570789813995361
56,PSO,26,-1.1570789813995361
56,PSO,27,-1.1570789813995361
56,PSO,28,-1.1570789813995361
56,PSO,29,-1.1570789813995361
56,PSO,30,-1.1570791006088257
56,PSO,31,-1.1570791006088257
56,PSO,32,-1.1570791006088257
56,PSO,33,-1.1570791006088257
56,PSO,34,-1.1570791006088257
56,PSO,35,-1.1570791006088257
56,PSO,36,-1.1570791006088257
56,PSO,37,-1.1570791006088257
56,PSO,38,-1.1570791006088257
56,PSO,39,-1.1570791006088257
56,PSO,40,-1.1570791006088257
56,PSO,41,-1.1570791006088257
56,PSO,42,-1.1570791006088257
56,PSO,43,-1.1570791006088257
56,PSO,44,-1.1570791006088257
56,PSO,45,-1.1570791006088257
56,PSO,46,-1.1570791006088257
56,PSO,47,-1.1570791006088257
56,PSO,48,-1.1570791006088257
56,PSO,49,-1.1570791006088257
56,PSO,50,-1.1570791006088257
56,PSO,51,-1.1570791006088257
56,PSO,52,-1.1570791006088257
56,PSO,53,-1.1570791006088257
56,PSO,54,-1.1570791006088257
56,PSO,55,-1.1570791006088257
56,PSO,56,-1.1570791006088257
56,PSO,57,-1.1570791006088257
56,PSO,58,-1.1570791006088257
56,PSO,59,-1.1570791006088257
56,PSO,60,-1.1570791006088257
56,DE,1,-1.128093957901001
56,DE,2,-1.1405335664749146
56,DE,3,-1.1405335664749146
56,DE,4,-1.1405335664749146
56,DE,5,-1.1405335664749146
56,DE,6,-1.1405335664749146
56,DE,7,-1.1405335664749146
56,DE,8,-1.144608736038208
56,DE,9,-1.144608736038208
56,DE,10,-1.1465837955474854
56,DE,11,-1.1465837955474854
56,DE,12,-1.1486483812332153
56,DE,13,-1.1492143869400024
56,DE,14,-1.1516785621643066
56,DE,15,-1.1516785621643066
56,DE,16,-1.1528944969177246
56,DE,17,-1.1528944969177246
56,DE,18,-1.1528944969177246
56,DE,19,-1.1528944969177246
56,DE,20,-1.154356598854065
56,DE,21,-1.154356598854065
56,DE,22,-1.1555359363555908
56,DE,23,-1.1555359363555908
56,DE,24,-1.1555359363555908
56,DE,25,-1.1555359363555908
56,DE,26,-1.155570387840271
56,DE,27,-1.155570387840271
56,DE,28,-1.155570387840271
56,DE,29,-1.1562511920928955
56,DE,30,-1.1562511920928955
56,DE,31,-1.1562511920928955
56,DE,32,-1.1565531492233276
56,DE,33,-1.1565531492233276
56,DE,34,-1.1565531492233276
56,DE,35,-1.1565531492233276
56,DE,36,-1.156683087348938
56,DE,37,-1.156683087348938
56,DE,38,-1.1567245721817017
56,DE,39,-1.156782627105713
56,DE,40,-1.1568950414657593
56,DE,41,-1.1568950414657593
56,DE,42,-1.1569225788116455
56,DE,43,-1.1569225788116455
56,DE,44,-1.1569225788116455
56,DE,45,-1.1569225788116455
56,DE,46,-1.1569225788116455
56,DE,47,-1.1569225788116455
56,DE,48,-1.1569997072219849
56,DE,49,-1.1570188999176025
56,DE,50,-1.1570501327514648
56,DE,51,-1.1570501327514648
56,DE,52,-1.1570501327514648
56,DE,53,-1.1570501327514648
56,DE,54,-1.157051920890808
56,DE,55,-1.1570521593093872
56,DE,56,-1.1570521593093872
56,DE,57,-1.157057523727417
56,DE,58,-1.157057523727417
56,DE,59,-1.157057523727417
56,DE,60,-1.1570653915405273
56,PSO+LBFGS,1,-1.1553170680999756
56,PSO+LBFGS,2,-1.1564592123031616
56,PSO+LBFGS,3,-1.1564592123031616
56,PSO+LBFGS,4,-1.1564592123031616
56,PSO+LBFGS,5,-1.1566153764724731
56,PSO+LBFGS,6,-1.1567829847335815
56,PSO+LBFGS,7,-1.1569501161575317
56,PSO+LBFGS,8,-1.1570663452148438
56,PSO+LBFGS,9,-1.1570677757263184
56,PSO+LBFGS,10,-1.157078504562378
56,PSO+LBFGS,11,-1.157078504562378
56,PSO+LBFGS,12,-1.1570786237716675
56,PSO+LBFGS,13,-1.1570786237716675
56,PSO+LBFGS,14,-1.1570786237716675
56,PSO+LBFGS,15,-1.157078742980957
56,PSO+LBFGS,16,-1.157078742980957
56,PSO+LBFGS,17,-1.157078742980957
56,PSO+LBFGS,18,-1.157078742980957
56,PSO+LBFGS,19,-1.157078742980957
56,PSO+LBFGS,20,-1.1570788621902466
56,PSO+LBFGS,21,-1.1570788621902466
56,PSO+LBFGS,22,-1.1570788621902466
56,PSO+LBFGS,23,-1.1570788621902466
56,PSO+LBFGS,24,-1.1570789813995361
56,PSO+LBFGS,25,-1.1570789813995361
56,PSO+LBFGS,26,-1.1570789813995361
56,PSO+LBFGS,27,-1.1570789813995361
56,PSO+LBFGS,28,-1.1570791006088257
56,PSO+LBFGS,29,-1.1570791006088257
56,PSO+LBFGS,30,-1.1570791006088257
56,PSO+LBFGS,31,-1.1570791006088257
56,PSO+LBFGS,32,-1.1570791006088257
56,PSO+LBFGS,33,-1.1570791006088257
56,PSO+LBFGS,34,-1.1570791006088257
56,PSO+LBFGS,35,-1.1570791006088257
56,PSO+LBFGS,36,-1.1570791006088257
56,PSO+LBFGS,37,-1.1570791006088257
56,PSO+LBFGS,38,-1.1570791006088257
56,PSO+LBFGS,39,-1.1570791006088257
56,PSO+LBFGS,40,-1.1570791006088257
56,PSO+LBFGS,41,-1.1570788621902466
56,PSO+LBFGS,42,-1.1570788621902466
56,PSO+LBFGS,43,-1.1570788621902466
56,PSO+LBFGS,44,-1.1570788621902466
56,PSO+LBFGS,45,-1.1570788621902466
56,PSO+LBFGS,46,-1.1570788621902466
56,PSO+LBFGS,47,-1.1570788621902466
56,PSO+LBFGS,48,-1.1570788621902466
56,PSO+LBFGS,49,-1.1570788621902466
56,PSO+LBFGS,50,-1.1570788621902466
56,PSO+LBFGS,51,-1.1570788621902466
56,PSO+LBFGS,52,-1.1570788621902466
56,PSO+LBFGS,53,-1.1570788621902466
56,PSO+LBFGS,54,-1.1570788621902466
56,PSO+LBFGS,55,-1.1570788621902466
56,PSO+LBFGS,56,-1.1570788621902466
56,PSO+LBFGS,57,-1.1570788621902466
56,PSO+LBFGS,58,-1.1570788621902466
56,PSO+LBFGS,59,-1.1570788621902466
56,PSO+LBFGS,60,-1.1570788621902466
57,Adam,1,-0.6601709127426147
57,Adam,2,-0.6706141829490662
57,Adam,3,-0.6809104084968567
57,Adam,4,-0.6910452246665955
57,Adam,5,-0.7009994387626648
57,Adam,6,-0.7107508182525635
57,Adam,7,-0.7202892899513245
57,Adam,8,-0.7295910716056824
57,Adam,9,-0.7386488318443298
57,Adam,10,-0.7474496960639954
57,Adam,11,-0.7559794783592224
57,Adam,12,-0.76423180103302
57,Adam,13,-0.7721995115280151
57,Adam,14,-0.7798787355422974
57,Adam,15,-0.7872646450996399
57,Adam,16,-0.7943557500839233
57,Adam,17,-0.8011514544487
57,Adam,18,-0.8076550960540771
57,Adam,19,-0.8138701319694519
57,Adam,20,-0.8198033571243286
57,Adam,21,-0.8254531025886536
57,Adam,22,-0.8308321237564087
57,Adam,23,-0.8359470367431641
57,Adam,24,-0.8408031463623047
57,Adam,25,-0.8454143404960632
57,Adam,26,-0.8497852683067322
57,Adam,27,-0.8539284467697144
57,Adam,28,-0.8578506708145142
57,Adam,29,-0.8615643382072449
57,Adam,30,-0.8650791049003601
57,Adam,31,-0.8684035539627075
57,Adam,32,-0.8715472221374512
57,Adam,33,-0.874519407749176
57,Adam,34,-0.8773298859596252
57,Adam,35,-0.8799881339073181
57,Adam,36,-0.8825007081031799
57,Adam,37,-0.8848773241043091
57,Adam,38,-0.8871261477470398
57,Adam,39,-0.8892530798912048
57,Adam,40,-0.8912683725357056
57,Adam,41,-0.8931747674942017
57,Adam,42,-0.894978940486908
57,Adam,43,-0.8966923952102661
57,Adam,44,-0.8983147144317627
57,Adam,45,-0.8998544216156006
57,Adam,46,-0.901315450668335
57,Adam,47,-0.902703046798706
57,Adam,48,-0.9040218591690063
57,Adam,49,-0.9052743315696716
57,Adam,50,-0.9064674973487854
57,Adam,51,-0.9076025485992432
57,Adam,52,-0.9086836576461792
57,Adam,53,-0.9097153544425964
57,Adam,54,-0.9106984734535217
57,Adam,55,-0.9116359353065491
57,Adam,56,-0.9125313758850098
57,Adam,57,-0.9133902192115784
57,Adam,58,-0.914207935333252
57,Adam,59,-0.9149917364120483
57,Adam,60,-0.915742814540863
57,LBFGS,1,-0.716005802154541
57,LBFGS,2,-0.9130752086639404
57,LBFGS,3,-0.9245038628578186
57,LBFGS,4,-0.9360256791114807
57,LBFGS,5,-0.9407063722610474
57,LBFGS,6,-0.9434185028076172
57,LBFGS,7,-0.9448718428611755
57,LBFGS,8,-0.9456794857978821
57,LBFGS,9,-0.9461267590522766
57,LBFGS,10,-0.9463750720024109
57,LBFGS,11,-0.94651198387146
57,LBFGS,12,-0.9465883374214172
57,LBFGS,13,-0.9466314315795898
57,LBFGS,14,-0.946653425693512
57,LBFGS,15,-0.9466671347618103
57,LBFGS,16,-0.9466742873191833
57,LBFGS,17,-0.9466777443885803
57,LBFGS,18,-0.946681797504425
57,LBFGS,19,-0.946682333946228
57,LBFGS,20,-0.9466824531555176
57,LBFGS,21,-0.9466827511787415
57,LBFGS,22,-0.9466827511787415
57,LBFGS,23,-0.9466827511787415
57,LBFGS,24,-0.9466827511787415
57,LBFGS,25,-0.9466827511787415
57,LBFGS,26,-0.9466827511787415
57,LBFGS,27,-0.9466827511787415
57,LBFGS,28,-0.9466827511787415
57,LBFGS,29,-0.9466827511787415
57,LBFGS,30,-0.9466827511787415
57,LBFGS,31,-0.9466827511787415
57,LBFGS,32,-0.9466827511787415
57,LBFGS,33,-0.9466827511787415
57,LBFGS,34,-0.9466827511787415
57,LBFGS,35,-0.9466827511787415
57,LBFGS,36,-0.9466827511787415
57,LBFGS,37,-0.9466827511787415
57,LBFGS,38,-0.9466827511787415
57,LBFGS,39,-0.9466827511787415
57,LBFGS,40,-0.9466827511787415
57,LBFGS,41,-0.9466827511787415
57,LBFGS,42,-0.9466827511787415
57,LBFGS,43,-0.9466827511787415
57,LBFGS,44,-0.9466827511787415
57,LBFGS,45,-0.9466827511787415
57,LBFGS,46,-0.9466827511787415
57,LBFGS,47,-0.9466827511787415
57,LBFGS,48,-0.9466827511787415
57,LBFGS,49,-0.9466827511787415
57,LBFGS,50,-0.9466827511787415
57,LBFGS,51,-0.9466827511787415
57,LBFGS,52,-0.9466827511787415
57,LBFGS,53,-0.9466827511787415
57,LBFGS,54,-0.9466827511787415
57,LBFGS,55,-0.9466827511787415
57,LBFGS,56,-0.9466827511787415
57,LBFGS,57,-0.9466827511787415
57,LBFGS,58,-0.9466827511787415
57,LBFGS,59,-0.9466827511787415
57,LBFGS,60,-0.9466827511787415
57,PSO,1,-0.8477119207382202
57,PSO,2,-0.9163355231285095
57,PSO,3,-0.9463300108909607
57,PSO,4,-0.9466828107833862
57,PSO,5,-0.9466828107833862
57,PSO,6,-0.9466828107833862
57,PSO,7,-0.9466828107833862
57,PSO,8,-0.9466828107833862
57,PSO,9,-0.9466828107833862
57,PSO,10,-0.9466828107833862
57,PSO,11,-0.9466828107833862
57,PSO,12,-0.9466828107833862
57,PSO,13,-0.9466828107833862
57,PSO,14,-0.9466828107833862
57,PSO,15,-0.9466828107833862
57,PSO,16,-0.9466828107833862
57,PSO,17,-0.9466828107833862
57,PSO,18,-0.9466828107833862
57,PSO,19,-0.9466828107833862
57,PSO,20,-0.9466828107833862
57,PSO,21,-0.9466828107833862
57,PSO,22,-0.9466828107833862
57,PSO,23,-0.9466828107833862
57,PSO,24,-0.9466828107833862
57,PSO,25,-0.9466828107833862
57,PSO,26,-0.9466828107833862
57,PSO,27,-0.9466828107833862
57,PSO,28,-0.9466828107833862
57,PSO,29,-0.9466828107833862
57,PSO,30,-0.9466828107833862
57,PSO,31,-0.9466828107833862
57,PSO,32,-0.9466828107833862
57,PSO,33,-0.9466828107833862
57,PSO,34,-0.9466828107833862
57,PSO,35,-0.9466828107833862
57,PSO,36,-0.9466828107833862
57,PSO,37,-0.9466828107833862
57,PSO,38,-0.9466828107833862
57,PSO,39,-0.9466828107833862
57,PSO,40,-0.9466828107833862
57,PSO,41,-0.9466828107833862
57,PSO,42,-0.9466828107833862
57,PSO,43,-0.9466828107833862
57,PSO,44,-0.9466828107833862
57,PSO,45,-0.9466828107833862
57,PSO,46,-0.9466828107833862
57,PSO,47,-0.9466828107833862
57,PSO,48,-0.9466828107833862
57,PSO,49,-0.9466828107833862
57,PSO,50,-0.9466828107833862
57,PSO,51,-0.9466828107833862
57,PSO,52,-0.9466828107833862
57,PSO,53,-0.9466828107833862
57,PSO,54,-0.9466828107833862
57,PSO,55,-0.9466828107833862
57,PSO,56,-0.9466828107833862
57,PSO,57,-0.9466828107833862
57,PSO,58,-0.9466828107833862
57,PSO,59,-0.9466828107833862
57,PSO,60,-0.9466828107833862
57,DE,1,-0.8709604144096375
57,DE,2,-0.8709604144096375
57,DE,3,-0.8709604144096375
57,DE,4,-0.8790778517723083
57,DE,5,-0.8790778517723083
57,DE,6,-0.8967874646186829
57,DE,7,-0.8967874646186829
57,DE,8,-0.90988689661026
57,DE,9,-0.90988689661026
57,DE,10,-0.90988689661026
57,DE,11,-0.9290668964385986
57,DE,12,-0.9290668964385986
57,DE,13,-0.9290668964385986
57,DE,14,-0.9303096532821655
57,DE,15,-0.9303096532821655
57,DE,16,-0.9325133562088013
57,DE,17,-0.937044620513916
57,DE,18,-0.937044620513916
57,DE,19,-0.937044620513916
57,DE,20,-0.937044620513916
57,DE,21,-0.9389963150024414
57,DE,22,-0.9389963150024414
57,DE,23,-0.9389963150024414
57,DE,24,-0.9399563074111938
57,DE,25,-0.9404639005661011
57,DE,26,-0.9404639005661011
57,DE,27,-0.941109836101532
57,DE,28,-0.941109836101532
57,DE,29,-0.9425081014633179
57,DE,30,-0.9443339705467224
57,DE,31,-0.9443339705467224
57,DE,32,-0.9443339705467224
57,DE,33,-0.9447464942932129
57,DE,34,-0.9447464942932129
57,DE,35,-0.9448916912078857
57,DE,36,-0.9448916912078857
57,DE,37,-0.9450514316558838
57,DE,38,-0.9455258250236511
57,DE,39,-0.9456714391708374
57,DE,40,-0.9456714391708374
57,DE,41,-0.9456714391708374
57,DE,42,-0.9458618760108948
57,DE,43,-0.9461895823478699
57,DE,44,-0.9461895823478699
57,DE,45,-0.9461895823478699
57,DE,46,-0.9461895823478699
57,DE,47,-0.9461895823478699
57,DE,48,-0.9461895823478699
57,DE,49,-0.9463347792625427
57,DE,50,-0.9463347792625427
57,DE,51,-0.9463347792625427
57,DE,52,-0.946382999420166
57,DE,53,-0.946382999420166
57,DE,54,-0.9465091824531555
57,DE,55,-0.9465091824531555
57,DE,56,-0.9465091824531555
57,DE,57,-0.9465091824531555
57,DE,58,-0.9465091824531555
57,DE,59,-0.9465091824531555
57,DE,60,-0.9465091824531555
57,PSO+LBFGS,1,-0.8603720664978027
57,PSO+LBFGS,2,-0.8985776305198669
57,PSO+LBFGS,3,-0.9222654700279236
57,PSO+LBFGS,4,-0.9275660514831543
57,PSO+LBFGS,5,-0.9290701150894165
57,PSO+LBFGS,6,-0.9368687272071838
57,PSO+LBFGS,7,-0.9445188045501709
57,PSO+LBFGS,8,-0.9466828107833862
57,PSO+LBFGS,9,-0.9466828107833862
57,PSO+LBFGS,10,-0.9466828107833862
57,PSO+LBFGS,11,-0.9466828107833862
57,PSO+LBFGS,12,-0.9466828107833862
57,PSO+LBFGS,13,-0.9466828107833862
57,PSO+LBFGS,14,-0.9466828107833862
57,PSO+LBFGS,15,-0.9466828107833862
57,PSO+LBFGS,16,-0.9466828107833862
57,PSO+LBFGS,17,-0.9466828107833862
57,PSO+LBFGS,18,-0.9466828107833862
57,PSO+LBFGS,19,-0.9466828107833862
57,PSO+LBFGS,20,-0.9466828107833862
57,PSO+LBFGS,21,-0.9466828107833862
57,PSO+LBFGS,22,-0.9466828107833862
57,PSO+LBFGS,23,-0.9466828107833862
57,PSO+LBFGS,24,-0.9466828107833862
57,PSO+LBFGS,25,-0.9466828107833862
57,PSO+LBFGS,26,-0.9466828107833862
57,PSO+LBFGS,27,-0.9466828107833862
57,PSO+LBFGS,28,-0.9466828107833862
57,PSO+LBFGS,29,-0.9466828107833862
57,PSO+LBFGS,30,-0.9466828107833862
57,PSO+LBFGS,31,-0.9466828107833862
57,PSO+LBFGS,32,-0.9466828107833862
57,PSO+LBFGS,33,-0.9466828107833862
57,PSO+LBFGS,34,-0.9466828107833862
57,PSO+LBFGS,35,-0.9466828107833862
57,PSO+LBFGS,36,-0.9466828107833862
57,PSO+LBFGS,37,-0.9466828107833862
57,PSO+LBFGS,38,-0.9466828107833862
57,PSO+LBFGS,39,-0.9466828107833862
57,PSO+LBFGS,40,-0.9466828107833862
57,PSO+LBFGS,41,-0.9466828107833862
57,PSO+LBFGS,42,-0.9466828107833862
57,PSO+LBFGS,43,-0.9466828107833862
57,PSO+LBFGS,44,-0.9466828107833862
57,PSO+LBFGS,45,-0.9466828107833862
57,PSO+LBFGS,46,-0.9466828107833862
57,PSO+LBFGS,47,-0.9466828107833862
57,PSO+LBFGS,48,-0.9466828107833862
57,PSO+LBFGS,49,-0.9466828107833862
57,PSO+LBFGS,50,-0.9466828107833862
57,PSO+LBFGS,51,-0.9466828107833862
57,PSO+LBFGS,52,-0.9466828107833862
57,PSO+LBFGS,53,-0.9466828107833862
57,PSO+LBFGS,54,-0.9466828107833862
57,PSO+LBFGS,55,-0.9466828107833862
57,PSO+LBFGS,56,-0.9466828107833862
57,PSO+LBFGS,57,-0.9466828107833862
57,PSO+LBFGS,58,-0.9466828107833862
57,PSO+LBFGS,59,-0.9466828107833862
57,PSO+LBFGS,60,-0.9466828107833862
58,Adam,1,-1.4642655849456787
58,Adam,2,-1.4684723615646362
58,Adam,3,-1.472596287727356
58,Adam,4,-1.476631760597229
58,Adam,5,-1.4805731773376465
58,Adam,6,-1.484410047531128
58,Adam,7,-1.4881421327590942
58,Adam,8,-1.4917575120925903
58,Adam,9,-1.4952565431594849
58,Adam,10,-1.4986363649368286
58,Adam,11,-1.501892328262329
58,Adam,12,-1.5050239562988281
58,Adam,13,-1.5080312490463257
58,Adam,14,-1.5109132528305054
58,Adam,15,-1.513671636581421
58,Adam,16,-1.5163084268569946
58,Adam,17,-1.5188243389129639
58,Adam,18,-1.5212217569351196
58,Adam,19,-1.5235061645507812
58,Adam,20,-1.525679588317871
58,Adam,21,-1.5277436971664429
58,Adam,22,-1.5297056436538696
58,Adam,23,-1.5315669775009155
58,Adam,24,-1.5333318710327148
58,Adam,25,-1.5350059270858765
58,Adam,26,-1.5365923643112183
58,Adam,27,-1.5380955934524536
58,Adam,28,-1.5395199060440063
58,Adam,29,-1.5408685207366943
58,Adam,30,-1.542144536972046
58,Adam,31,-1.5433539152145386
58,Adam,32,-1.5444985628128052
58,Adam,33,-1.545582890510559
58,Adam,34,-1.5466103553771973
58,Adam,35,-1.5475835800170898
58,Adam,36,-1.548505187034607
58,Adam,37,-1.5493777990341187
58,Adam,38,-1.5502064228057861
58,Adam,39,-1.5509915351867676
58,Adam,40,-1.5517373085021973
58,Adam,41,-1.5524442195892334
58,Adam,42,-1.5531141757965088
58,Adam,43,-1.5537521839141846
58,Adam,44,-1.5543556213378906
58,Adam,45,-1.554930567741394
58,Adam,46,-1.5554759502410889
58,Adam,47,-1.555995225906372
58,Adam,48,-1.5564881563186646
58,Adam,49,-1.5569559335708618
58,Adam,50,-1.5574034452438354
58,Adam,51,-1.5578269958496094
58,Adam,52,-1.5582307577133179
58,Adam,53,-1.55861496925354
58,Adam,54,-1.5589821338653564
58,Adam,55,-1.559332251548767
58,Adam,56,-1.5596661567687988
58,Adam,57,-1.5599840879440308
58,Adam,58,-1.5602881908416748
58,Adam,59,-1.5605798959732056
58,Adam,60,-1.5608587265014648
58,LBFGS,1,-1.537744164466858
58,LBFGS,2,-1.5581817626953125
58,LBFGS,3,-1.564910650253296
58,LBFGS,4,-1.568383812904358
58,LBFGS,5,-1.5701590776443481
58,LBFGS,6,-1.5711121559143066
58,LBFGS,7,-1.5713129043579102
58,LBFGS,8,-1.571839690208435
58,LBFGS,9,-1.5720219612121582
58,LBFGS,10,-1.5721155405044556
58,LBFGS,11,-1.572187066078186
58,LBFGS,12,-1.5722301006317139
58,LBFGS,13,-1.5722510814666748
58,LBFGS,14,-1.5722641944885254
58,LBFGS,15,-1.5722676515579224
58,LBFGS,16,-1.5722720623016357
58,LBFGS,17,-1.5722754001617432
58,LBFGS,18,-1.572277545928955
58,LBFGS,19,-1.5722779035568237
58,LBFGS,20,-1.572278380393982
58,LBFGS,21,-1.572278618812561
58,LBFGS,22,-1.572278618812561
58,LBFGS,23,-1.572278618812561
58,LBFGS,24,-1.572278618812561
58,LBFGS,25,-1.572278618812561
58,LBFGS,26,-1.572278618812561
58,LBFGS,27,-1.572278618812561
58,LBFGS,28,-1.572278618812561
58,LBFGS,29,-1.572278618812561
58,LBFGS,30,-1.572278618812561
58,LBFGS,31,-1.572278618812561
58,LBFGS,32,-1.572278618812561
58,LBFGS,33,-1.572278618812561
58,LBFGS,34,-1.572278618812561
58,LBFGS,35,-1.572278618812561
58,LBFGS,36,-1.572278618812561
58,LBFGS,37,-1.572278618812561
58,LBFGS,38,-1.572278618812561
58,LBFGS,39,-1.572278618812561
58,LBFGS,40,-1.572278618812561
58,LBFGS,41,-1.572278618812561
58,LBFGS,42,-1.572278618812561
58,LBFGS,43,-1.572278618812561
58,LBFGS,44,-1.572278618812561
58,LBFGS,45,-1.572278618812561
58,LBFGS,46,-1.572278618812561
58,LBFGS,47,-1.572278618812561
58,LBFGS,48,-1.572278618812561
58,LBFGS,49,-1.572278618812561
58,LBFGS,50,-1.572278618812561
58,LBFGS,51,-1.572278618812561
58,LBFGS,52,-1.572278618812561
58,LBFGS,53,-1.572278618812561
58,LBFGS,54,-1.572278618812561
58,LBFGS,55,-1.572278618812561
58,LBFGS,56,-1.572278618812561
58,LBFGS,57,-1.572278618812561
58,LBFGS,58,-1.572278618812561
58,LBFGS,59,-1.572278618812561
58,LBFGS,60,-1.572278618812561
58,PSO,1,-1.5397560596466064
58,PSO,2,-1.5681774616241455
58,PSO,3,-1.571837306022644
58,PSO,4,-1.571899652481079
58,PSO,5,-1.571899652481079
58,PSO,6,-1.571899652481079
58,PSO,7,-1.5719022750854492
58,PSO,8,-1.5719022750854492
58,PSO,9,-1.5719071626663208
58,PSO,10,-1.5719071626663208
58,PSO,11,-1.5719077587127686
58,PSO,12,-1.571914553642273
58,PSO,13,-1.571921706199646
58,PSO,14,-1.57192862033844
58,PSO,15,-1.5719376802444458
58,PSO,16,-1.5719428062438965
58,PSO,17,-1.571951150894165
58,PSO,18,-1.5719712972640991
58,PSO,19,-1.5719810724258423
58,PSO,20,-1.572001338005066
58,PSO,21,-1.5720317363739014
58,PSO,22,-1.5720555782318115
58,PSO,23,-1.572087287902832
58,PSO,24,-1.5721179246902466
58,PSO,25,-1.5721492767333984
58,PSO,26,-1.5721863508224487
58,PSO,27,-1.5722074508666992
58,PSO,28,-1.5722330808639526
58,PSO,29,-1.5722496509552002
58,PSO,30,-1.572262167930603
58,PSO,31,-1.5722737312316895
58,PSO,32,-1.5722781419754028
58,PSO,33,-1.5722787380218506
58,PSO,34,-1.5722787380218506
58,PSO,35,-1.5722787380218506
58,PSO,36,-1.5722787380218506
58,PSO,37,-1.5722787380218506
58,PSO,38,-1.5722787380218506
58,PSO,39,-1.5722787380218506
58,PSO,40,-1.5722787380218506
58,PSO,41,-1.5722787380218506
58,PSO,42,-1.5722787380218506
58,PSO,43,-1.5722787380218506
58,PSO,44,-1.5722787380218506
58,PSO,45,-1.5722787380218506
58,PSO,46,-1.5722787380218506
58,PSO,47,-1.5722787380218506
58,PSO,48,-1.5722787380218506
58,PSO,49,-1.5722787380218506
58,PSO,50,-1.5722787380218506
58,PSO,51,-1.5722787380218506
58,PSO,52,-1.5722787380218506
58,PSO,53,-1.5722787380218506
58,PSO,54,-1.5722787380218506
58,PSO,55,-1.5722788572311401
58,PSO,56,-1.5722788572311401
58,PSO,57,-1.5722788572311401
58,PSO,58,-1.5722788572311401
58,PSO,59,-1.5722788572311401
58,PSO,60,-1.5722788572311401
58,DE,1,-1.5429809093475342
58,DE,2,-1.5429809093475342
58,DE,3,-1.5436820983886719
58,DE,4,-1.547927737236023
58,DE,5,-1.554172396659851
58,DE,6,-1.558099389076233
58,DE,7,-1.558099389076233
58,DE,8,-1.5619441270828247
58,DE,9,-1.5619441270828247
58,DE,10,-1.5619441270828247
58,DE,11,-1.5636738538742065
58,DE,12,-1.5662944316864014
58,DE,13,-1.5662944316864014
58,DE,14,-1.568084716796875
58,DE,15,-1.568084716796875
58,DE,16,-1.5693126916885376
58,DE,17,-1.5697062015533447
58,DE,18,-1.570534586906433
58,DE,19,-1.5705475807189941
58,DE,20,-1.5705475807189941
58,DE,21,-1.5705475807189941
58,DE,22,-1.5705475807189941
58,DE,23,-1.5705723762512207
58,DE,24,-1.5713882446289062
58,DE,25,-1.5713882446289062
58,DE,26,-1.5713882446289062
58,DE,27,-1.5716352462768555
58,DE,28,-1.5717025995254517
58,DE,29,-1.5717025995254517
58,DE,30,-1.572015404701233
58,DE,31,-1.572015404701233
58,DE,32,-1.572015404701233
58,DE,33,-1.5720182657241821
58,DE,34,-1.5720182657241821
58,DE,35,-1.5720182657241821
58,DE,36,-1.5720182657241821
58,DE,37,-1.5721224546432495
58,DE,38,-1.5721224546432495
58,DE,39,-1.5721224546432495
58,DE,40,-1.5721224546432495
58,DE,41,-1.572150468826294
58,DE,42,-1.572150468826294
58,DE,43,-1.572197675704956
58,DE,44,-1.5722001791000366
58,DE,45,-1.5722001791000366
58,DE,46,-1.5722001791000366
58,DE,47,-1.5722001791000366
58,DE,48,-1.5722196102142334
58,DE,49,-1.572226643562317
58,DE,50,-1.572226643562317
58,DE,51,-1.572226643562317
58,DE,52,-1.5722373723983765
58,DE,53,-1.5722373723983765
58,DE,54,-1.5722417831420898
58,DE,55,-1.5722483396530151
58,DE,56,-1.5722553730010986
58,DE,57,-1.5722570419311523
58,DE,58,-1.5722614526748657
58,DE,59,-1.5722614526748657
58,DE,60,-1.572265625
58,PSO+LBFGS,1,-1.5106968879699707
58,PSO+LBFGS,2,-1.5463781356811523
58,PSO+LBFGS,3,-1.5576343536376953
58,PSO+LBFGS,4,-1.5677762031555176
58,PSO+LBFGS,5,-1.5718885660171509
58,PSO+LBFGS,6,-1.5718885660171509
58,PSO+LBFGS,7,-1.5718885660171509
58,PSO+LBFGS,8,-1.5718885660171509
58,PSO+LBFGS,9,-1.5718885660171509
58,PSO+LBFGS,10,-1.5718885660171509
58,PSO+LBFGS,11,-1.5718885660171509
58,PSO+LBFGS,12,-1.5718885660171509
58,PSO+LBFGS,13,-1.5718885660171509
58,PSO+LBFGS,14,-1.5718885660171509
58,PSO+LBFGS,15,-1.5718886852264404
58,PSO+LBFGS,16,-1.5718886852264404
58,PSO+LBFGS,17,-1.5718886852264404
58,PSO+LBFGS,18,-1.5718886852264404
58,PSO+LBFGS,19,-1.5718886852264404
58,PSO+LBFGS,20,-1.5718886852264404
58,PSO+LBFGS,21,-1.5718886852264404
58,PSO+LBFGS,22,-1.5718886852264404
58,PSO+LBFGS,23,-1.5718886852264404
58,PSO+LBFGS,24,-1.5718886852264404
58,PSO+LBFGS,25,-1.5718886852264404
58,PSO+LBFGS,26,-1.5718886852264404
58,PSO+LBFGS,27,-1.5718886852264404
58,PSO+LBFGS,28,-1.5718886852264404
58,PSO+LBFGS,29,-1.5718886852264404
58,PSO+LBFGS,30,-1.5718886852264404
58,PSO+LBFGS,31,-1.5718886852264404
58,PSO+LBFGS,32,-1.5718886852264404
58,PSO+LBFGS,33,-1.5718886852264404
58,PSO+LBFGS,34,-1.5718886852264404
58,PSO+LBFGS,35,-1.5718886852264404
58,PSO+LBFGS,36,-1.5718886852264404
58,PSO+LBFGS,37,-1.5718886852264404
58,PSO+LBFGS,38,-1.5718886852264404
58,PSO+LBFGS,39,-1.5718886852264404
58,PSO+LBFGS,40,-1.5718886852264404
58,PSO+LBFGS,41,-1.5718883275985718
58,PSO+LBFGS,42,-1.5718883275985718
58,PSO+LBFGS,43,-1.5718883275985718
58,PSO+LBFGS,44,-1.5718883275985718
58,PSO+LBFGS,45,-1.5718883275985718
58,PSO+LBFGS,46,-1.5718883275985718
58,PSO+LBFGS,47,-1.5718883275985718
58,PSO+LBFGS,48,-1.5718883275985718
58,PSO+LBFGS,49,-1.5718883275985718
58,PSO+LBFGS,50,-1.5718883275985718
58,PSO+LBFGS,51,-1.5718883275985718
58,PSO+LBFGS,52,-1.5718883275985718
58,PSO+LBFGS,53,-1.5718883275985718
58,PSO+LBFGS,54,-1.5718883275985718
58,PSO+LBFGS,55,-1.5718883275985718
58,PSO+LBFGS,56,-1.5718883275985718
58,PSO+LBFGS,57,-1.5718883275985718
58,PSO+LBFGS,58,-1.5718883275985718
58,PSO+LBFGS,59,-1.5718883275985718
58,PSO+LBFGS,60,-1.5718883275985718
59,Adam,1,-1.7005867958068848
59,Adam,2,-1.705186367034912
59,Adam,3,-1.7096842527389526
59,Adam,4,-1.714072823524475
59,Adam,5,-1.718343734741211
59,Adam,6,-1.7224916219711304
59,Adam,7,-1.726507544517517
59,Adam,8,-1.7303886413574219
59,Adam,9,-1.7341313362121582
59,Adam,10,-1.737729549407959
59,Adam,11,-1.7411850690841675
59,Adam,12,-1.7444934844970703
59,Adam,13,-1.7476569414138794
59,Adam,14,-1.7506752014160156
59,Adam,15,-1.7535511255264282
59,Adam,16,-1.7562867403030396
59,Adam,17,-1.7588850259780884
59,Adam,18,-1.761350154876709
59,Adam,19,-1.763684868812561
59,Adam,20,-1.765895128250122
59,Adam,21,-1.7679849863052368
59,Adam,22,-1.7699592113494873
59,Adam,23,-1.7718229293823242
59,Adam,24,-1.773581862449646
59,Adam,25,-1.7752412557601929
59,Adam,26,-1.7768058776855469
59,Adam,27,-1.778279185295105
59,Adam,28,-1.7796680927276611
59,Adam,29,-1.7809768915176392
59,Adam,30,-1.7822095155715942
59,Adam,31,-1.7833706140518188
59,Adam,32,-1.7844643592834473
59,Adam,33,-1.7854965925216675
59,Adam,34,-1.7864689826965332
59,Adam,35,-1.7873862981796265
59,Adam,36,-1.7882511615753174
59,Adam,37,-1.7890665531158447
59,Adam,38,-1.7898378372192383
59,Adam,39,-1.7905656099319458
59,Adam,40,-1.7912527322769165
59,Adam,41,-1.7919028997421265
59,Adam,42,-1.7925177812576294
59,Adam,43,-1.793100357055664
59,Adam,44,-1.7936521768569946
59,Adam,45,-1.7941755056381226
59,Adam,46,-1.7946727275848389
59,Adam,47,-1.7951443195343018
59,Adam,48,-1.7955912351608276
59,Adam,49,-1.7960172891616821
59,Adam,50,-1.7964223623275757
59,Adam,51,-1.7968082427978516
59,Adam,52,-1.7971757650375366
59,Adam,53,-1.7975271940231323
59,Adam,54,-1.7978605031967163
59,Adam,55,-1.7981804609298706
59,Adam,56,-1.798486590385437
59,Adam,57,-1.7987785339355469
59,Adam,58,-1.7990593910217285
59,Adam,59,-1.799326777458191
59,Adam,60,-1.7995843887329102
59,LBFGS,1,-1.777754783630371
59,LBFGS,2,-1.7965569496154785
59,LBFGS,3,-1.8030973672866821
59,LBFGS,4,-1.806546926498413
59,LBFGS,5,-1.8083401918411255
59,LBFGS,6,-1.8093124628067017
59,LBFGS,7,-1.8098031282424927
59,LBFGS,8,-1.8101813793182373
59,LBFGS,9,-1.8102869987487793
59,LBFGS,10,-1.8103828430175781
59,LBFGS,11,-1.8104231357574463
59,LBFGS,12,-1.8104513883590698
59,LBFGS,13,-1.810465931892395
59,LBFGS,14,-1.8104736804962158
59,LBFGS,15,-1.8104777336120605
59,LBFGS,16,-1.8104791641235352
59,LBFGS,17,-1.8104814291000366
59,LBFGS,18,-1.8104819059371948
59,LBFGS,19,-1.8104820251464844
59,LBFGS,20,-1.8104820251464844
59,LBFGS,21,-1.810482144355774
59,LBFGS,22,-1.810482144355774
59,LBFGS,23,-1.810482144355774
59,LBFGS,24,-1.810482144355774
59,LBFGS,25,-1.810482144355774
59,LBFGS,26,-1.810482144355774
59,LBFGS,27,-1.810482144355774
59,LBFGS,28,-1.810482144355774
59,LBFGS,29,-1.810482144355774
59,LBFGS,30,-1.810482144355774
59,LBFGS,31,-1.810482144355774
59,LBFGS,32,-1.810482144355774
59,LBFGS,33,-1.810482144355774
59,LBFGS,34,-1.810482144355774
59,LBFGS,35,-1.810482144355774
59,LBFGS,36,-1.810482144355774
59,LBFGS,37,-1.810482144355774
59,LBFGS,38,-1.810482144355774
59,LBFGS,39,-1.810482144355774
59,LBFGS,40,-1.810482144355774
59,LBFGS,41,-1.810482144355774
59,LBFGS,42,-1.810482144355774
59,LBFGS,43,-1.810482144355774
59,LBFGS,44,-1.810482144355774
59,LBFGS,45,-1.810482144355774
59,LBFGS,46,-1.810482144355774
59,LBFGS,47,-1.810482144355774
59,LBFGS,48,-1.810482144355774
59,LBFGS,49,-1.810482144355774
59,LBFGS,50,-1.810482144355774
59,LBFGS,51,-1.810482144355774
59,LBFGS,52,-1.810482144355774
59,LBFGS,53,-1.810482144355774
59,LBFGS,54,-1.810482144355774
59,LBFGS,55,-1.810482144355774
59,LBFGS,56,-1.810482144355774
59,LBFGS,57,-1.810482144355774
59,LBFGS,58,-1.810482144355774
59,LBFGS,59,-1.810482144355774
59,LBFGS,60,-1.810482144355774
59,PSO,1,-1.7748727798461914
59,PSO,2,-1.7870666980743408
59,PSO,3,-1.7915304899215698
59,PSO,4,-1.7971646785736084
59,PSO,5,-1.8014357089996338
59,PSO,6,-1.8056209087371826
59,PSO,7,-1.8089544773101807
59,PSO,8,-1.8103845119476318
59,PSO,9,-1.8104537725448608
59,PSO,10,-1.8104537725448608
59,PSO,11,-1.8104817867279053
59,PSO,12,-1.8104817867279053
59,PSO,13,-1.8104817867279053
59,PSO,14,-1.8104817867279053
59,PSO,15,-1.8104817867279053
59,PSO,16,-1.810482144355774
59,PSO,17,-1.810482144355774
59,PSO,18,-1.810482144355774
59,PSO,19,-1.810482144355774
59,PSO,20,-1.810482144355774
59,PSO,21,-1.810482144355774
59,PSO,22,-1.8104822635650635
59,PSO,23,-1.8104822635650635
59,PSO,24,-1.810482382774353
59,PSO,25,-1.810482382774353
59,PSO,26,-1.810482382774353
59,PSO,27,-1.810482382774353
59,PSO,28,-1.810482382774353
59,PSO,29,-1.810482382774353
59,PSO,30,-1.810482382774353
59,PSO,31,-1.810482382774353
59,PSO,32,-1.810482382774353
59,PSO,33,-1.810482382774353
59,PSO,34,-1.810482382774353
59,PSO,35,-1.810482382774353
59,PSO,36,-1.8104825019836426
59,PSO,37,-1.8104825019836426
59,PSO,38,-1.8104825019836426
59,PSO,39,-1.8104825019836426
59,PSO,40,-1.8104825019836426
59,PSO,41,-1.8104825019836426
59,PSO,42,-1.8104825019836426
59,PSO,43,-1.8104825019836426
59,PSO,44,-1.8104825019836426
59,PSO,45,-1.8104825019836426
59,PSO,46,-1.8104825019836426
59,PSO,47,-1.8104825019836426
59,PSO,48,-1.8104825019836426
59,PSO,49,-1.8104825019836426
59,PSO,50,-1.8104825019836426
59,PSO,51,-1.8104825019836426
59,PSO,52,-1.8104825019836426
59,PSO,53,-1.8104825019836426
59,PSO,54,-1.8104825019836426
59,PSO,55,-1.8104825019836426
59,PSO,56,-1.8104825019836426
59,PSO,57,-1.8104825019836426
59,PSO,58,-1.8104825019836426
59,PSO,59,-1.8104826211929321
59,PSO,60,-1.8104826211929321
59,DE,1,-1.7775992155075073
59,DE,2,-1.7879788875579834
59,DE,3,-1.7879788875579834
59,DE,4,-1.7885491847991943
59,DE,5,-1.7992908954620361
59,DE,6,-1.8027905225753784
59,DE,7,-1.8027911186218262
59,DE,8,-1.8064124584197998
59,DE,9,-1.8064124584197998
59,DE,10,-1.808044672012329
59,DE,11,-1.8085206747055054
59,DE,12,-1.8085206747055054
59,DE,13,-1.8085206747055054
59,DE,14,-1.8085206747055054
59,DE,15,-1.8085206747055054
59,DE,16,-1.8085206747055054
59,DE,17,-1.8085206747055054
59,DE,18,-1.8092588186264038
59,DE,19,-1.8092588186264038
59,DE,20,-1.8092588186264038
59,DE,21,-1.8094372749328613
59,DE,22,-1.809818983078003
59,DE,23,-1.809818983078003
59,DE,24,-1.809818983078003
59,DE,25,-1.8099702596664429
59,DE,26,-1.8099702596664429
59,DE,27,-1.8099702596664429
59,DE,28,-1.8099702596664429
59,DE,29,-1.8099702596664429
59,DE,30,-1.8099702596664429
59,DE,31,-1.8099702596664429
59,DE,32,-1.8102551698684692
59,DE,33,-1.8102551698684692
59,DE,34,-1.8102551698684692
59,DE,35,-1.8102891445159912
59,DE,36,-1.8102891445159912
59,DE,37,-1.810306429862976
59,DE,38,-1.8103426694869995
59,DE,39,-1.8103774785995483
59,DE,40,-1.8103774785995483
59,DE,41,-1.8103774785995483
59,DE,42,-1.8104016780853271
59,DE,43,-1.8104016780853271
59,DE,44,-1.810403823852539
59,DE,45,-1.810403823852539
59,DE,46,-1.810403823852539
59,DE,47,-1.810403823852539
59,DE,48,-1.8104114532470703
59,DE,49,-1.8104311227798462
59,DE,50,-1.8104454278945923
59,DE,51,-1.8104487657546997
59,DE,52,-1.8104578256607056
59,DE,53,-1.8104602098464966
59,DE,54,-1.8104602098464966
59,DE,55,-1.8104732036590576
59,DE,56,-1.8104732036590576
59,DE,57,-1.8104749917984009
59,DE,58,-1.8104749917984009
59,DE,59,-1.8104749917984009
59,DE,60,-1.8104749917984009
59,PSO+LBFGS,1,-1.7837966680526733
59,PSO+LBFGS,2,-1.807085394859314
59,PSO+LBFGS,3,-1.810306429862976
59,PSO+LBFGS,4,-1.810470700263977
59,PSO+LBFGS,5,-1.810470700263977
59,PSO+LBFGS,6,-1.810470700263977
59,PSO+LBFGS,7,-1.810470700263977
59,PSO+LBFGS,8,-1.810470700263977
59,PSO+LBFGS,9,-1.810479760169983
59,PSO+LBFGS,10,-1.810481309890747
59,PSO+LBFGS,11,-1.810481309890747
59,PSO+LBFGS,12,-1.8104816675186157
59,PSO+LBFGS,13,-1.8104816675186157
59,PSO+LBFGS,14,-1.8104816675186157
59,PSO+LBFGS,15,-1.8104817867279053
59,PSO+LBFGS,16,-1.8104819059371948
59,PSO+LBFGS,17,-1.8104822635650635
59,PSO+LBFGS,18,-1.8104822635650635
59,PSO+LBFGS,19,-1.8104822635650635
59,PSO+LBFGS,20,-1.8104822635650635
59,PSO+LBFGS,21,-1.810482382774353
59,PSO+LBFGS,22,-1.810482382774353
59,PSO+LBFGS,23,-1.810482382774353
59,PSO+LBFGS,24,-1.810482382774353
59,PSO+LBFGS,25,-1.810482382774353
59,PSO+LBFGS,26,-1.810482382774353
59,PSO+LBFGS,27,-1.8104825019836426
59,PSO+LBFGS,28,-1.8104825019836426
59,PSO+LBFGS,29,-1.8104826211929321
59,PSO+LBFGS,30,-1.8104826211929321
59,PSO+LBFGS,31,-1.8104826211929321
59,PSO+LBFGS,32,-1.8104826211929321
59,PSO+LBFGS,33,-1.8104826211929321
59,PSO+LBFGS,34,-1.8104826211929321
59,PSO+LBFGS,35,-1.8104826211929321
59,PSO+LBFGS,36,-1.8104826211929321
59,PSO+LBFGS,37,-1.8104826211929321
59,PSO+LBFGS,38,-1.8104826211929321
59,PSO+LBFGS,39,-1.8104826211929321
59,PSO+LBFGS,40,-1.8104826211929321
59,PSO+LBFGS,41,-1.8104822635650635
59,PSO+LBFGS,42,-1.8104822635650635
59,PSO+LBFGS,43,-1.8104822635650635
59,PSO+LBFGS,44,-1.8104822635650635
59,PSO+LBFGS,45,-1.8104822635650635
59,PSO+LBFGS,46,-1.8104822635650635
59,PSO+LBFGS,47,-1.8104822635650635
59,PSO+LBFGS,48,-1.8104822635650635
59,PSO+LBFGS,49,-1.8104822635650635
59,PSO+LBFGS,50,-1.8104822635650635
59,PSO+LBFGS,51,-1.8104822635650635
59,PSO+LBFGS,52,-1.8104822635650635
59,PSO+LBFGS,53,-1.8104822635650635
59,PSO+LBFGS,54,-1.8104822635650635
59,PSO+LBFGS,55,-1.8104822635650635
59,PSO+LBFGS,56,-1.8104822635650635
59,PSO+LBFGS,57,-1.8104822635650635
59,PSO+LBFGS,58,-1.8104822635650635
59,PSO+LBFGS,59,-1.8104822635650635
59,PSO+LBFGS,60,-1.8104822635650635
60,Adam,1,-1.724287509918213
60,Adam,2,-1.7295398712158203
60,Adam,3,-1.734714150428772
60,Adam,4,-1.7398029565811157
60,Adam,5,-1.7447999715805054
60,Adam,6,-1.7496916055679321
60,Adam,7,-1.7544701099395752
60,Adam,8,-1.7591304779052734
60,Adam,9,-1.7636642456054688
60,Adam,10,-1.7680658102035522
60,Adam,11,-1.7723287343978882
60,Adam,12,-1.7764511108398438
60,Adam,13,-1.780430793762207
60,Adam,14,-1.7842613458633423
60,Adam,15,-1.78794264793396
60,Adam,16,-1.7914772033691406
60,Adam,17,-1.7948637008666992
60,Adam,18,-1.7981027364730835
60,Adam,19,-1.801194667816162
60,Adam,20,-1.804145336151123
60,Adam,21,-1.8069565296173096
60,Adam,22,-1.8096308708190918
60,Adam,23,-1.8121721744537354
60,Adam,24,-1.8145862817764282
60,Adam,25,-1.8168751001358032
60,Adam,26,-1.819045066833496
60,Adam,27,-1.821101427078247
60,Adam,28,-1.82304847240448
60,Adam,29,-1.8248908519744873
60,Adam,30,-1.8266326189041138
60,Adam,31,-1.8282808065414429
60,Adam,32,-1.8298394680023193
60,Adam,33,-1.831311583518982
60,Adam,34,-1.8327044248580933
60,Adam,35,-1.834020972251892
60,Adam,36,-1.8352653980255127
60,Adam,37,-1.8364418745040894
60,Adam,38,-1.8375542163848877
60,Adam,39,-1.8386070728302002
60,Adam,40,-1.8396039009094238
60,Adam,41,-1.8405451774597168
60,Adam,42,-1.8414371013641357
60,Adam,43,-1.8422832489013672
60,Adam,44,-1.8430848121643066
60,Adam,45,-1.8438459634780884
60,Adam,46,-1.8445658683776855
60,Adam,47,-1.8452506065368652
60,Adam,48,-1.8459012508392334
60,Adam,49,-1.8465176820755005
60,Adam,50,-1.8471063375473022
60,Adam,51,-1.8476654291152954
60,Adam,52,-1.84819757938385
60,Adam,53,-1.8487062454223633
60,Adam,54,-1.8491889238357544
60,Adam,55,-1.8496497869491577
60,Adam,56,-1.850090503692627
60,Adam,57,-1.850511908531189
60,Adam,58,-1.8509138822555542
60,Adam,59,-1.851299524307251
60,Adam,60,-1.8516682386398315
60,LBFGS,1,-1.7994270324707031
60,LBFGS,2,-1.8466417789459229
60,LBFGS,3,-1.8553650379180908
60,LBFGS,4,-1.8608720302581787
60,LBFGS,5,-1.8635188341140747
60,LBFGS,6,-1.8649840354919434
60,LBFGS,7,-1.865779161453247
60,LBFGS,8,-1.8662163019180298
60,LBFGS,9,-1.866458773612976
60,LBFGS,10,-1.8665915727615356
60,LBFGS,11,-1.8666653633117676
60,LBFGS,12,-1.8666876554489136
60,LBFGS,13,-1.8667197227478027
60,LBFGS,14,-1.8667343854904175
60,LBFGS,15,-1.8667457103729248
60,LBFGS,16,-1.8667484521865845
60,LBFGS,17,-1.8667532205581665
60,LBFGS,18,-1.866755485534668
60,LBFGS,19,-1.8667569160461426
60,LBFGS,20,-1.8667573928833008
60,LBFGS,21,-1.8667573928833008
60,LBFGS,22,-1.8667575120925903
60,LBFGS,23,-1.8667577505111694
60,LBFGS,24,-1.8667577505111694
60,LBFGS,25,-1.8667577505111694
60,LBFGS,26,-1.8667577505111694
60,LBFGS,27,-1.8667577505111694
60,LBFGS,28,-1.8667577505111694
60,LBFGS,29,-1.8667577505111694
60,LBFGS,30,-1.8667577505111694
60,LBFGS,31,-1.8667577505111694
60,LBFGS,32,-1.8667577505111694
60,LBFGS,33,-1.8667577505111694
60,LBFGS,34,-1.8667577505111694
60,LBFGS,35,-1.8667577505111694
60,LBFGS,36,-1.8667577505111694
60,LBFGS,37,-1.8667577505111694
60,LBFGS,38,-1.8667577505111694
60,LBFGS,39,-1.8667577505111694
60,LBFGS,40,-1.8667577505111694
60,LBFGS,41,-1.8667577505111694
60,LBFGS,42,-1.8667577505111694
60,LBFGS,43,-1.8667577505111694
60,LBFGS,44,-1.8667577505111694
60,LBFGS,45,-1.8667577505111694
60,LBFGS,46,-1.8667577505111694
60,LBFGS,47,-1.8667577505111694
60,LBFGS,48,-1.8667577505111694
60,LBFGS,49,-1.8667577505111694
60,LBFGS,50,-1.8667577505111694
60,LBFGS,51,-1.8667577505111694
60,LBFGS,52,-1.8667577505111694
60,LBFGS,53,-1.8667577505111694
60,LBFGS,54,-1.8667577505111694
60,LBFGS,55,-1.8667577505111694
60,LBFGS,56,-1.8667577505111694
60,LBFGS,57,-1.8667577505111694
60,LBFGS,58,-1.8667577505111694
60,LBFGS,59,-1.8667577505111694
60,LBFGS,60,-1.8667577505111694
60,PSO,1,-1.8183419704437256
60,PSO,2,-1.836768627166748
60,PSO,3,-1.8480850458145142
60,PSO,4,-1.8585455417633057
60,PSO,5,-1.8641935586929321
60,PSO,6,-1.8658580780029297
60,PSO,7,-1.866160273551941
60,PSO,8,-1.866742491722107
60,PSO,9,-1.8667572736740112
60,PSO,10,-1.8667572736740112
60,PSO,11,-1.8667572736740112
60,PSO,12,-1.8667572736740112
60,PSO,13,-1.8667575120925903
60,PSO,14,-1.8667575120925903
60,PSO,15,-1.8667575120925903
60,PSO,16,-1.8667576313018799
60,PSO,17,-1.8667576313018799
60,PSO,18,-1.8667576313018799
60,PSO,19,-1.8667576313018799
60,PSO,20,-1.8667576313018799
60,PSO,21,-1.8667576313018799
60,PSO,22,-1.8667576313018799
60,PSO,23,-1.8667576313018799
60,PSO,24,-1.8667576313018799
60,PSO,25,-1.8667577505111694
60,PSO,26,-1.8667577505111694
60,PSO,27,-1.8667577505111694
60,PSO,28,-1.8667577505111694
60,PSO,29,-1.8667577505111694
60,PSO,30,-1.8667577505111694
60,PSO,31,-1.8667577505111694
60,PSO,32,-1.8667577505111694
60,PSO,33,-1.8667577505111694
60,PSO,34,-1.8667577505111694
60,PSO,35,-1.8667577505111694
60,PSO,36,-1.8667577505111694
60,PSO,37,-1.866757869720459
60,PSO,38,-1.866757869720459
60,PSO,39,-1.866757869720459
60,PSO,40,-1.866757869720459
60,PSO,41,-1.866757869720459
60,PSO,42,-1.866757869720459
60,PSO,43,-1.866757869720459
60,PSO,44,-1.866757869720459
60,PSO,45,-1.866757869720459
60,PSO,46,-1.866757869720459
60,PSO,47,-1.866757869720459
60,PSO,48,-1.866757869720459
60,PSO,49,-1.866757869720459
60,PSO,50,-1.866757869720459
60,PSO,51,-1.866757869720459
60,PSO,52,-1.866757869720459
60,PSO,53,-1.866757869720459
60,PSO,54,-1.866757869720459
60,PSO,55,-1.866757869720459
60,PSO,56,-1.866757869720459
60,PSO,57,-1.866757869720459
60,PSO,58,-1.866757869720459
60,PSO,59,-1.866757869720459
60,PSO,60,-1.866757869720459
60,DE,1,-1.8376307487487793
60,DE,2,-1.8376307487487793
60,DE,3,-1.8376307487487793
60,DE,4,-1.8448034524917603
60,DE,5,-1.8516416549682617
60,DE,6,-1.8529633283615112
60,DE,7,-1.855947732925415
60,DE,8,-1.855947732925415
60,DE,9,-1.855947732925415
60,DE,10,-1.855948567390442
60,DE,11,-1.8588075637817383
60,DE,12,-1.8588075637817383
60,DE,13,-1.8649802207946777
60,DE,14,-1.8649802207946777
60,DE,15,-1.8649802207946777
60,DE,16,-1.8649802207946777
60,DE,17,-1.8649802207946777
60,DE,18,-1.8649802207946777
60,DE,19,-1.8649802207946777
60,DE,20,-1.8649802207946777
60,DE,21,-1.8649802207946777
60,DE,22,-1.8649802207946777
60,DE,23,-1.8649802207946777
60,DE,24,-1.8649802207946777
60,DE,25,-1.8649802207946777
60,DE,26,-1.8649802207946777
60,DE,27,-1.8652218580245972
60,DE,28,-1.8652218580245972
60,DE,29,-1.8654048442840576
60,DE,30,-1.8654935359954834
60,DE,31,-1.8655381202697754
60,DE,32,-1.8658403158187866
60,DE,33,-1.8660402297973633
60,DE,34,-1.8660411834716797
60,DE,35,-1.8660887479782104
60,DE,36,-1.8661534786224365
60,DE,37,-1.8661844730377197
60,DE,38,-1.8661844730377197
60,DE,39,-1.8662400245666504
60,DE,40,-1.8662400245666504
60,DE,41,-1.866245985031128
60,DE,42,-1.8663662672042847
60,DE,43,-1.8664400577545166
60,DE,44,-1.8665380477905273
60,DE,45,-1.8665380477905273
60,DE,46,-1.8666716814041138
60,DE,47,-1.8666911125183105
60,DE,48,-1.8666911125183105
60,DE,49,-1.8666911125183105
60,DE,50,-1.8666911125183105
60,DE,51,-1.8666911125183105
60,DE,52,-1.8666911125183105
60,DE,53,-1.8666911125183105
60,DE,54,-1.8666911125183105
60,DE,55,-1.8666911125183105
60,DE,56,-1.8666911125183105
60,DE,57,-1.8666911125183105
60,DE,58,-1.8666911125183105
60,DE,59,-1.8666911125183105
60,DE,60,-1.8667179346084595
60,PSO+LBFGS,1,-1.8355255126953125
60,PSO+LBFGS,2,-1.8554943799972534
60,PSO+LBFGS,3,-1.8655431270599365
60,PSO+LBFGS,4,-1.8667532205581665
60,PSO+LBFGS,5,-1.8667575120925903
60,PSO+LBFGS,6,-1.8667575120925903
60,PSO+LBFGS,7,-1.8667575120925903
60,PSO+LBFGS,8,-1.8667575120925903
60,PSO+LBFGS,9,-1.8667576313018799
60,PSO+LBFGS,10,-1.8667576313018799
60,PSO+LBFGS,11,-1.8667576313018799
60,PSO+LBFGS,12,-1.8667576313018799
60,PSO+LBFGS,13,-1.866757869720459
60,PSO+LBFGS,14,-1.866757869720459
60,PSO+LBFGS,15,-1.866757869720459
60,PSO+LBFGS,16,-1.866757869720459
60,PSO+LBFGS,17,-1.866757869720459
60,PSO+LBFGS,18,-1.866757869720459
60,PSO+LBFGS,19,-1.866757869720459
60,PSO+LBFGS,20,-1.866757869720459
60,PSO+LBFGS,21,-1.866757869720459
60,PSO+LBFGS,22,-1.866757869720459
60,PSO+LBFGS,23,-1.866757869720459
60,PSO+LBFGS,24,-1.866757869720459
60,PSO+LBFGS,25,-1.866757869720459
60,PSO+LBFGS,26,-1.866757869720459
60,PSO+LBFGS,27,-1.866757869720459
60,PSO+LBFGS,28,-1.866757869720459
60,PSO+LBFGS,29,-1.866757869720459
60,PSO+LBFGS,30,-1.866757869720459
60,PSO+LBFGS,31,-1.866757869720459
60,PSO+LBFGS,32,-1.866757869720459
60,PSO+LBFGS,33,-1.866757869720459
60,PSO+LBFGS,34,-1.8667579889297485
60,PSO+LBFGS,35,-1.8667579889297485
60,PSO+LBFGS,36,-1.8667579889297485
60,PSO+LBFGS,37,-1.8667579889297485
60,PSO+LBFGS,38,-1.8667579889297485
60,PSO+LBFGS,39,-1.8667579889297485
60,PSO+LBFGS,40,-1.8667579889297485
60,PSO+LBFGS,41,-1.866757869720459
60,PSO+LBFGS,42,-1.866757869720459
60,PSO+LBFGS,43,-1.866757869720459
60,PSO+LBFGS,44,-1.866757869720459
60,PSO+LBFGS,45,-1.866757869720459
60,PSO+LBFGS,46,-1.866757869720459
60,PSO+LBFGS,47,-1.866757869720459
60,PSO+LBFGS,48,-1.866757869720459
60,PSO+LBFGS,49,-1.866757869720459
60,PSO+LBFGS,50,-1.866757869720459
60,PSO+LBFGS,51,-1.866757869720459
60,PSO+LBFGS,52,-1.866757869720459
60,PSO+LBFGS,53,-1.866757869720459
60,PSO+LBFGS,54,-1.866757869720459
60,PSO+LBFGS,55,-1.866757869720459
60,PSO+LBFGS,56,-1.866757869720459
60,PSO+LBFGS,57,-1.866757869720459
60,PSO+LBFGS,58,-1.866757869720459
60,PSO+LBFGS,59,-1.866757869720459
60,PSO+LBFGS,60,-1.866757869720459
61,Adam,1,0.4698299467563629
61,Adam,2,0.45457327365875244
61,Adam,3,0.43942874670028687
61,Adam,4,0.4244212508201599
61,Adam,5,0.409584641456604
61,Adam,6,0.39493855834007263
61,Adam,7,0.3805246651172638
61,Adam,8,0.36635732650756836
61,Adam,9,0.3524567782878876
61,Adam,10,0.3388632535934448
61,Adam,11,0.32558295130729675
61,Adam,12,0.3126426041126251
61,Adam,13,0.30005598068237305
61,Adam,14,0.28784215450286865
61,Adam,15,0.2760027050971985
61,Adam,16,0.2645587623119354
61,Adam,17,0.2535151243209839
61,Adam,18,0.24287424981594086
61,Adam,19,0.23264138400554657
61,Adam,20,0.22281262278556824
61,Adam,21,0.21338672935962677
61,Adam,22,0.2043621689081192
61,Adam,23,0.19573703408241272
61,Adam,24,0.18749968707561493
61,Adam,25,0.17964065074920654
61,Adam,26,0.17215171456336975
61,Adam,27,0.16502301394939423
61,Adam,28,0.15824557840824127
61,Adam,29,0.15180227160453796
61,Adam,30,0.14568625390529633
61,Adam,31,0.13987663388252258
61,Adam,32,0.13437150418758392
61,Adam,33,0.12914657592773438
61,Adam,34,0.12419131398200989
61,Adam,35,0.11949998885393143
61,Adam,36,0.11505458503961563
61,Adam,37,0.11083928495645523
61,Adam,38,0.10685121268033981
61,Adam,39,0.1030661016702652
61,Adam,40,0.09948296844959259
61,Adam,41,0.09608639031648636
61,Adam,42,0.09286396205425262
61,Adam,43,0.08981356024742126
61,Adam,44,0.08691897988319397
61,Adam,45,0.08417075872421265
61,Adam,46,0.0815654769539833
61,Adam,47,0.07908786088228226
61,Adam,48,0.07673488557338715
61,Adam,49,0.07450323551893234
61,Adam,50,0.07237778604030609
61,Adam,51,0.07035180926322937
61,Adam,52,0.06842771917581558
61,Adam,53,0.06659284234046936
61,Adam,54,0.06484844535589218
61,Adam,55,0.06317736208438873
61,Adam,56,0.06158778816461563
61,Adam,57,0.060071200132369995
61,Adam,58,0.05861857160925865
61,Adam,59,0.05723469331860542
61,Adam,60,0.05590585991740227
61,LBFGS,1,0.30566179752349854
61,LBFGS,2,0.07015354931354523
61,LBFGS,3,0.0475013330578804
61,LBFGS,4,0.022535372525453568
61,LBFGS,5,0.014312271028757095
61,LBFGS,6,0.009591802954673767
61,LBFGS,7,0.007101172581315041
61,LBFGS,8,0.0057126060128211975
61,LBFGS,9,0.004944542422890663
61,LBFGS,10,0.004520280286669731
61,LBFGS,11,0.0042794812470674515
61,LBFGS,12,0.0041490402072668076
61,LBFGS,13,0.004073629155755043
61,LBFGS,14,0.0040329694747924805
61,LBFGS,15,0.004011273384094238
61,LBFGS,16,0.003996562212705612
61,LBFGS,17,0.003990665078163147
61,LBFGS,18,0.003986995667219162
61,LBFGS,19,0.003985412418842316
61,LBFGS,20,0.00398503802716732
61,LBFGS,21,0.003984639421105385
61,LBFGS,22,0.003984576091170311
61,LBFGS,23,0.003984544426202774
61,LBFGS,24,0.003984544426202774
61,LBFGS,25,0.003984544426202774
61,LBFGS,26,0.003984544426202774
61,LBFGS,27,0.003984544426202774
61,LBFGS,28,0.003984544426202774
61,LBFGS,29,0.003984544426202774
61,LBFGS,30,0.003984544426202774
61,LBFGS,31,0.003984544426202774
61,LBFGS,32,0.003984544426202774
61,LBFGS,33,0.003984544426202774
61,LBFGS,34,0.003984544426202774
61,LBFGS,35,0.003984544426202774
61,LBFGS,36,0.003984544426202774
61,LBFGS,37,0.003984544426202774
61,LBFGS,38,0.003984544426202774
61,LBFGS,39,0.003984544426202774
61,LBFGS,40,0.003984544426202774
61,LBFGS,41,0.003984544426202774
61,LBFGS,42,0.003984544426202774
61,LBFGS,43,0.003984544426202774
61,LBFGS,44,0.003984544426202774
61,LBFGS,45,0.003984544426202774
61,LBFGS,46,0.003984544426202774
61,LBFGS,47,0.003984544426202774
61,LBFGS,48,0.003984544426202774
61,LBFGS,49,0.003984544426202774
61,LBFGS,50,0.003984544426202774
61,LBFGS,51,0.003984544426202774
61,LBFGS,52,0.003984544426202774
61,LBFGS,53,0.003984544426202774
61,LBFGS,54,0.003984544426202774
61,LBFGS,55,0.003984544426202774
61,LBFGS,56,0.003984544426202774
61,LBFGS,57,0.003984544426202774
61,LBFGS,58,0.003984544426202774
61,LBFGS,59,0.003984544426202774
61,LBFGS,60,0.003984544426202774
61,PSO,1,0.10406234115362167
61,PSO,2,0.043398167937994
61,PSO,3,0.028140785172581673
61,PSO,4,0.01414449978619814
61,PSO,5,0.005263729020953178
61,PSO,6,0.003984360024333
61,PSO,7,0.003984360024333
61,PSO,8,0.003984360024333
61,PSO,9,0.003984360024333
61,PSO,10,0.003984360024333
61,PSO,11,0.003984360024333
61,PSO,12,0.003984360024333
61,PSO,13,0.003984360024333
61,PSO,14,0.003984360024333
61,PSO,15,0.003984360024333
61,PSO,16,0.003984360024333
61,PSO,17,0.003984360024333
61,PSO,18,0.003984360024333
61,PSO,19,0.003984360024333
61,PSO,20,0.003984360024333
61,PSO,21,0.003984360024333
61,PSO,22,0.003984360024333
61,PSO,23,0.003984360024333
61,PSO,24,0.003984360024333
61,PSO,25,0.003984360024333
61,PSO,26,0.003984360024333
61,PSO,27,0.003984360024333
61,PSO,28,0.003984360024333
61,PSO,29,0.003984360024333
61,PSO,30,0.003984360024333
61,PSO,31,0.003984360024333
61,PSO,32,0.003984360024333
61,PSO,33,0.003984360024333
61,PSO,34,0.003984360024333
61,PSO,35,0.003984360024333
61,PSO,36,0.003984360024333
61,PSO,37,0.003984360024333
61,PSO,38,0.003984360024333
61,PSO,39,0.003984360024333
61,PSO,40,0.003984360024333
61,PSO,41,0.003984360024333
61,PSO,42,0.003984360024333
61,PSO,43,0.003984360024333
61,PSO,44,0.003984360024333
61,PSO,45,0.003984360024333
61,PSO,46,0.003984360024333
61,PSO,47,0.003984360024333
61,PSO,48,0.003984360024333
61,PSO,49,0.003984360024333
61,PSO,50,0.003984360024333
61,PSO,51,0.003984360024333
61,PSO,52,0.003984360024333
61,PSO,53,0.003984360024333
61,PSO,54,0.003984360024333
61,PSO,55,0.003984360024333
61,PSO,56,0.003984360024333
61,PSO,57,0.003984360024333
61,PSO,58,0.003984360024333
61,PSO,59,0.003984360024333
61,PSO,60,0.003984360024333
61,DE,1,0.19624291360378265
61,DE,2,0.0780785009264946
61,DE,3,0.0780785009264946
61,DE,4,0.0780785009264946
61,DE,5,0.04883599653840065
61,DE,6,0.04501935839653015
61,DE,7,0.04501935839653015
61,DE,8,0.04501935839653015
61,DE,9,0.044134531170129776
61,DE,10,0.044134531170129776
61,DE,11,0.027482468634843826
61,DE,12,0.027482468634843826
61,DE,13,0.027482468634843826
61,DE,14,0.0273314006626606
61,DE,15,0.01955903321504593
61,DE,16,0.01955903321504593
61,DE,17,0.016291597858071327
61,DE,18,0.016291597858071327
61,DE,19,0.016291597858071327
61,DE,20,0.016291597858071327
61,DE,21,0.016291597858071327
61,DE,22,0.013184765353798866
61,DE,23,0.00967455841600895
61,DE,24,0.00967455841600895
61,DE,25,0.00967455841600895
61,DE,26,0.00967455841600895
61,DE,27,0.00967455841600895
61,DE,28,0.00967455841600895
61,DE,29,0.00967455841600895
61,DE,30,0.007982954382896423
61,DE,31,0.007982954382896423
61,DE,32,0.007899701595306396
61,DE,33,0.007899701595306396
61,DE,34,0.007899701595306396
61,DE,35,0.007899701595306396
61,DE,36,0.006903262808918953
61,DE,37,0.006903262808918953
61,DE,38,0.006903262808918953
61,DE,39,0.006903262808918953
61,DE,40,0.006903262808918953
61,DE,41,0.006903262808918953
61,DE,42,0.0066298507153987885
61,DE,43,0.00648229755461216
61,DE,44,0.0062864962965250015
61,DE,45,0.005518117919564247
61,DE,46,0.005518117919564247
61,DE,47,0.005518117919564247
61,DE,48,0.005518117919564247
61,DE,49,0.005518117919564247
61,DE,50,0.0052119288593530655
61,DE,51,0.0052119288593530655
61,DE,52,0.005076354369521141
61,DE,53,0.004847314208745956
61,DE,54,0.00474175252020359
61,DE,55,0.004496930167078972
61,DE,56,0.00426173210144043
61,DE,57,0.004144638776779175
61,DE,58,0.004144638776779175
61,DE,59,0.004144638776779175
61,DE,60,0.004144638776779175
61,PSO+LBFGS,1,0.06980230659246445
61,PSO+LBFGS,2,0.04012811556458473
61,PSO+LBFGS,3,0.015190291218459606
61,PSO+LBFGS,4,0.004736689850687981
61,PSO+LBFGS,5,0.003984360024333
61,PSO+LBFGS,6,0.003984360024333
61,PSO+LBFGS,7,0.003984360024333
61,PSO+LBFGS,8,0.003984360024333
61,PSO+LBFGS,9,0.003984360024333
61,PSO+LBFGS,10,0.003984360024333
61,PSO+LBFGS,11,0.003984360024333
61,PSO+LBFGS,12,0.003984360024333
61,PSO+LBFGS,13,0.003984360024333
61,PSO+LBFGS,14,0.003984360024333
61,PSO+LBFGS,15,0.003984360024333
61,PSO+LBFGS,16,0.003984360024333
61,PSO+LBFGS,17,0.003984360024333
61,PSO+LBFGS,18,0.003984360024333
61,PSO+LBFGS,19,0.003984360024333
61,PSO+LBFGS,20,0.003984360024333
61,PSO+LBFGS,21,0.003984360024333
61,PSO+LBFGS,22,0.003984360024333
61,PSO+LBFGS,23,0.003984360024333
61,PSO+LBFGS,24,0.003984360024333
61,PSO+LBFGS,25,0.003984360024333
61,PSO+LBFGS,26,0.003984360024333
61,PSO+LBFGS,27,0.003984360024333
61,PSO+LBFGS,28,0.003984360024333
61,PSO+LBFGS,29,0.003984360024333
61,PSO+LBFGS,30,0.003984360024333
61,PSO+LBFGS,31,0.003984360024333
61,PSO+LBFGS,32,0.003984360024333
61,PSO+LBFGS,33,0.003984360024333
61,PSO+LBFGS,34,0.003984360024333
61,PSO+LBFGS,35,0.003984360024333
61,PSO+LBFGS,36,0.003984360024333
61,PSO+LBFGS,37,0.003984360024333
61,PSO+LBFGS,38,0.003984360024333
61,PSO+LBFGS,39,0.003984360024333
61,PSO+LBFGS,40,0.003984360024333
61,PSO+LBFGS,41,0.003984240815043449
61,PSO+LBFGS,42,0.003984240815043449
61,PSO+LBFGS,43,0.003984240815043449
61,PSO+LBFGS,44,0.003984240815043449
61,PSO+LBFGS,45,0.003984240815043449
61,PSO+LBFGS,46,0.003984240815043449
61,PSO+LBFGS,47,0.003984240815043449
61,PSO+LBFGS,48,0.003984240815043449
61,PSO+LBFGS,49,0.003984240815043449
61,PSO+LBFGS,50,0.003984240815043449
61,PSO+LBFGS,51,0.003984240815043449
61,PSO+LBFGS,52,0.003984240815043449
61,PSO+LBFGS,53,0.003984240815043449
61,PSO+LBFGS,54,0.003984240815043449
61,PSO+LBFGS,55,0.003984240815043449
61,PSO+LBFGS,56,0.003984240815043449
61,PSO+LBFGS,57,0.003984240815043449
61,PSO+LBFGS,58,0.003984240815043449
61,PSO+LBFGS,59,0.003984240815043449
61,PSO+LBFGS,60,0.003984240815043449
62,Adam,1,-1.8682998418807983
62,Adam,2,-1.8714529275894165
62,Adam,3,-1.874552607536316
62,Adam,4,-1.8775932788848877
62,Adam,5,-1.880569577217102
62,Adam,6,-1.8834707736968994
62,Adam,7,-1.8862956762313843
62,Adam,8,-1.8890414237976074
62,Adam,9,-1.8917028903961182
62,Adam,10,-1.894283652305603
62,Adam,11,-1.8967777490615845
62,Adam,12,-1.8991858959197998
62,Adam,13,-1.901504635810852
62,Adam,14,-1.9037375450134277
62,Adam,15,-1.9058825969696045
62,Adam,16,-1.9079411029815674
62,Adam,17,-1.9099138975143433
62,Adam,18,-1.911800742149353
62,Adam,19,-1.913604736328125
62,Adam,20,-1.9153255224227905
62,Adam,21,-1.9169635772705078
62,Adam,22,-1.9185240268707275
62,Adam,23,-1.9200069904327393
62,Adam,24,-1.9214142560958862
62,Adam,25,-1.9227498769760132
62,Adam,26,-1.924014687538147
62,Adam,27,-1.9252123832702637
62,Adam,28,-1.926345944404602
62,Adam,29,-1.9274163246154785
62,Adam,30,-1.928430199623108
62,Adam,31,-1.929387092590332
62,Adam,32,-1.9302905797958374
62,Adam,33,-1.9311455488204956
62,Adam,34,-1.931954026222229
62,Adam,35,-1.9327168464660645
62,Adam,36,-1.9334392547607422
62,Adam,37,-1.9341213703155518
62,Adam,38,-1.934766411781311
62,Adam,39,-1.9353777170181274
62,Adam,40,-1.9359570741653442
62,Adam,41,-1.9365041255950928
62,Adam,42,-1.9370235204696655
62,Adam,43,-1.9375149011611938
62,Adam,44,-1.937981367111206
62,Adam,45,-1.9384225606918335
62,Adam,46,-1.938842535018921
62,Adam,47,-1.9392396211624146
62,Adam,48,-1.9396175146102905
62,Adam,49,-1.939976692199707
62,Adam,50,-1.9403178691864014
62,Adam,51,-1.9406431913375854
62,Adam,52,-1.9409523010253906
62,Adam,53,-1.9412479400634766
62,Adam,54,-1.9415292739868164
62,Adam,55,-1.9417979717254639
62,Adam,56,-1.9420539140701294
62,Adam,57,-1.9422996044158936
62,Adam,58,-1.9425345659255981
62,Adam,59,-1.9427580833435059
62,Adam,60,-1.9429738521575928
62,LBFGS,1,-1.907798409461975
62,LBFGS,2,-1.9390418529510498
62,LBFGS,3,-1.9445834159851074
62,LBFGS,4,-1.9481425285339355
62,LBFGS,5,-1.949819803237915
62,LBFGS,6,-1.9506375789642334
62,LBFGS,7,-1.9512135982513428
62,LBFGS,8,-1.95149827003479
62,LBFGS,9,-1.9516512155532837
62,LBFGS,10,-1.9517509937286377
62,LBFGS,11,-1.951789140701294
62,LBFGS,12,-1.9518144130706787
62,LBFGS,13,-1.9518274068832397
62,LBFGS,14,-1.9518345594406128
62,LBFGS,15,-1.9518396854400635
62,LBFGS,16,-1.9518407583236694
62,LBFGS,17,-1.9518431425094604
62,LBFGS,18,-1.951843500137329
62,LBFGS,19,-1.9518436193466187
62,LBFGS,20,-1.9518439769744873
62,LBFGS,21,-1.9518439769744873
62,LBFGS,22,-1.9518439769744873
62,LBFGS,23,-1.9518439769744873
62,LBFGS,24,-1.9518439769744873
62,LBFGS,25,-1.9518439769744873
62,LBFGS,26,-1.9518439769744873
62,LBFGS,27,-1.9518439769744873
62,LBFGS,28,-1.9518439769744873
62,LBFGS,29,-1.9518439769744873
62,LBFGS,30,-1.9518439769744873
62,LBFGS,31,-1.9518439769744873
62,LBFGS,32,-1.9518439769744873
62,LBFGS,33,-1.9518439769744873
62,LBFGS,34,-1.9518439769744873
62,LBFGS,35,-1.9518439769744873
62,LBFGS,36,-1.9518439769744873
62,LBFGS,37,-1.9518439769744873
62,LBFGS,38,-1.9518439769744873
62,LBFGS,39,-1.9518439769744873
62,LBFGS,40,-1.9518439769744873
62,LBFGS,41,-1.9518439769744873
62,LBFGS,42,-1.9518439769744873
62,LBFGS,43,-1.9518439769744873
62,LBFGS,44,-1.9518439769744873
62,LBFGS,45,-1.9518439769744873
62,LBFGS,46,-1.9518439769744873
62,LBFGS,47,-1.9518439769744873
62,LBFGS,48,-1.9518439769744873
62,LBFGS,49,-1.9518439769744873
62,LBFGS,50,-1.9518439769744873
62,LBFGS,51,-1.9518439769744873
62,LBFGS,52,-1.9518439769744873
62,LBFGS,53,-1.9518439769744873
62,LBFGS,54,-1.9518439769744873
62,LBFGS,55,-1.9518439769744873
62,LBFGS,56,-1.9518439769744873
62,LBFGS,57,-1.9518439769744873
62,LBFGS,58,-1.9518439769744873
62,LBFGS,59,-1.9518439769744873
62,LBFGS,60,-1.9518439769744873
62,PSO,1,-1.9400289058685303
62,PSO,2,-1.9495635032653809
62,PSO,3,-1.950538992881775
62,PSO,4,-1.9512531757354736
62,PSO,5,-1.9517279863357544
62,PSO,6,-1.9518156051635742
62,PSO,7,-1.9518156051635742
62,PSO,8,-1.9518402814865112
62,PSO,9,-1.9518402814865112
62,PSO,10,-1.9518402814865112
62,PSO,11,-1.9518407583236694
62,PSO,12,-1.9518438577651978
62,PSO,13,-1.9518438577651978
62,PSO,14,-1.9518438577651978
62,PSO,15,-1.9518438577651978
62,PSO,16,-1.9518438577651978
62,PSO,17,-1.9518438577651978
62,PSO,18,-1.9518438577651978
62,PSO,19,-1.9518438577651978
62,PSO,20,-1.9518438577651978
62,PSO,21,-1.9518438577651978
62,PSO,22,-1.9518439769744873
62,PSO,23,-1.9518439769744873
62,PSO,24,-1.9518439769744873
62,PSO,25,-1.9518439769744873
62,PSO,26,-1.9518439769744873
62,PSO,27,-1.9518439769744873
62,PSO,28,-1.9518439769744873
62,PSO,29,-1.9518439769744873
62,PSO,30,-1.9518439769744873
62,PSO,31,-1.9518439769744873
62,PSO,32,-1.9518439769744873
62,PSO,33,-1.9518439769744873
62,PSO,34,-1.9518439769744873
62,PSO,35,-1.9518439769744873
62,PSO,36,-1.9518442153930664
62,PSO,37,-1.9518442153930664
62,PSO,38,-1.9518442153930664
62,PSO,39,-1.9518442153930664
62,PSO,40,-1.9518442153930664
62,PSO,41,-1.9518442153930664
62,PSO,42,-1.9518442153930664
62,PSO,43,-1.9518442153930664
62,PSO,44,-1.9518442153930664
62,PSO,45,-1.9518442153930664
62,PSO,46,-1.9518442153930664
62,PSO,47,-1.9518442153930664
62,PSO,48,-1.9518442153930664
62,PSO,49,-1.9518442153930664
62,PSO,50,-1.9518442153930664
62,PSO,51,-1.9518442153930664
62,PSO,52,-1.9518442153930664
62,PSO,53,-1.9518442153930664
62,PSO,54,-1.9518442153930664
62,PSO,55,-1.9518442153930664
62,PSO,56,-1.9518442153930664
62,PSO,57,-1.9518442153930664
62,PSO,58,-1.9518442153930664
62,PSO,59,-1.9518442153930664
62,PSO,60,-1.9518442153930664
62,DE,1,-1.9295947551727295
62,DE,2,-1.9295947551727295
62,DE,3,-1.9295947551727295
62,DE,4,-1.9434317350387573
62,DE,5,-1.9434317350387573
62,DE,6,-1.9434317350387573
62,DE,7,-1.9434317350387573
62,DE,8,-1.9459797143936157
62,DE,9,-1.9459797143936157
62,DE,10,-1.9481000900268555
62,DE,11,-1.9481000900268555
62,DE,12,-1.9489147663116455
62,DE,13,-1.9489147663116455
62,DE,14,-1.9489147663116455
62,DE,15,-1.9489147663116455
62,DE,16,-1.9507521390914917
62,DE,17,-1.9507521390914917
62,DE,18,-1.9507521390914917
62,DE,19,-1.9507521390914917
62,DE,20,-1.9507800340652466
62,DE,21,-1.9507800340652466
62,DE,22,-1.9507800340652466
62,DE,23,-1.9507800340652466
62,DE,24,-1.951215386390686
62,DE,25,-1.951215386390686
62,DE,26,-1.9516239166259766
62,DE,27,-1.9516239166259766
62,DE,28,-1.9516239166259766
62,DE,29,-1.9516239166259766
62,DE,30,-1.9516239166259766
62,DE,31,-1.9516814947128296
62,DE,32,-1.9516814947128296
62,DE,33,-1.9516814947128296
62,DE,34,-1.951711654663086
62,DE,35,-1.951711654663086
62,DE,36,-1.9517463445663452
62,DE,37,-1.9517463445663452
62,DE,38,-1.9517463445663452
62,DE,39,-1.9517463445663452
62,DE,40,-1.9517463445663452
62,DE,41,-1.9517946243286133
62,DE,42,-1.9517946243286133
62,DE,43,-1.9517968893051147
62,DE,44,-1.9517972469329834
62,DE,45,-1.9518083333969116
62,DE,46,-1.9518083333969116
62,DE,47,-1.9518083333969116
62,DE,48,-1.9518083333969116
62,DE,49,-1.9518117904663086
62,DE,50,-1.9518117904663086
62,DE,51,-1.9518228769302368
62,DE,52,-1.951829433441162
62,DE,53,-1.9518300294876099
62,DE,54,-1.9518300294876099
62,DE,55,-1.951830506324768
62,DE,56,-1.951831579208374
62,DE,57,-1.951831579208374
62,DE,58,-1.9518318176269531
62,DE,59,-1.9518356323242188
62,DE,60,-1.9518356323242188
62,PSO+LBFGS,1,-1.9434784650802612
62,PSO+LBFGS,2,-1.9488325119018555
62,PSO+LBFGS,3,-1.951345682144165
62,PSO+LBFGS,4,-1.95183527469635
62,PSO+LBFGS,5,-1.95183527469635
62,PSO+LBFGS,6,-1.95183527469635
62,PSO+LBFGS,7,-1.95183527469635
62,PSO+LBFGS,8,-1.9518368244171143
62,PSO+LBFGS,9,-1.9518407583236694
62,PSO+LBFGS,10,-1.9518407583236694
62,PSO+LBFGS,11,-1.9518407583236694
62,PSO+LBFGS,12,-1.9518407583236694
62,PSO+LBFGS,13,-1.9518420696258545
62,PSO+LBFGS,14,-1.9518420696258545
62,PSO+LBFGS,15,-1.9518424272537231
62,PSO+LBFGS,16,-1.9518426656723022
62,PSO+LBFGS,17,-1.9518426656723022
62,PSO+LBFGS,18,-1.951843023300171
62,PSO+LBFGS,19,-1.9518436193466187
62,PSO+LBFGS,20,-1.9518437385559082
62,PSO+LBFGS,21,-1.9518437385559082
62,PSO+LBFGS,22,-1.9518437385559082
62,PSO+LBFGS,23,-1.9518437385559082
62,PSO+LBFGS,24,-1.9518437385559082
62,PSO+LBFGS,25,-1.9518437385559082
62,PSO+LBFGS,26,-1.9518439769744873
62,PSO+LBFGS,27,-1.9518439769744873
62,PSO+LBFGS,28,-1.9518439769744873
62,PSO+LBFGS,29,-1.9518439769744873
62,PSO+LBFGS,30,-1.9518439769744873
62,PSO+LBFGS,31,-1.9518442153930664
62,PSO+LBFGS,32,-1.9518442153930664
62,PSO+LBFGS,33,-1.9518442153930664
62,PSO+LBFGS,34,-1.9518442153930664
62,PSO+LBFGS,35,-1.9518442153930664
62,PSO+LBFGS,36,-1.9518442153930664
62,PSO+LBFGS,37,-1.9518442153930664
62,PSO+LBFGS,38,-1.9518442153930664
62,PSO+LBFGS,39,-1.9518442153930664
62,PSO+LBFGS,40,-1.9518442153930664
62,PSO+LBFGS,41,-1.9518437385559082
62,PSO+LBFGS,42,-1.9518437385559082
62,PSO+LBFGS,43,-1.9518437385559082
62,PSO+LBFGS,44,-1.9518437385559082
62,PSO+LBFGS,45,-1.9518437385559082
62,PSO+LBFGS,46,-1.9518437385559082
62,PSO+LBFGS,47,-1.9518437385559082
62,PSO+LBFGS,48,-1.9518437385559082
62,PSO+LBFGS,49,-1.9518437385559082
62,PSO+LBFGS,50,-1.9518437385559082
62,PSO+LBFGS,51,-1.9518437385559082
62,PSO+LBFGS,52,-1.9518437385559082
62,PSO+LBFGS,53,-1.9518437385559082
62,PSO+LBFGS,54,-1.9518437385559082
62,PSO+LBFGS,55,-1.9518437385559082
62,PSO+LBFGS,56,-1.9518437385559082
62,PSO+LBFGS,57,-1.9518437385559082
62,PSO+LBFGS,58,-1.9518437385559082
62,PSO+LBFGS,59,-1.9518437385559082
62,PSO+LBFGS,60,-1.9518437385559082
63,Adam,1,-1.6961231231689453
63,Adam,2,-1.702640414237976
63,Adam,3,-1.709054708480835
63,Adam,4,-1.715355396270752
63,Adam,5,-1.7215311527252197
63,Adam,6,-1.7275701761245728
63,Adam,7,-1.7334649562835693
63,Adam,8,-1.7392023801803589
63,Adam,9,-1.7447786331176758
63,Adam,10,-1.750185489654541
63,Adam,11,-1.7554155588150024
63,Adam,12,-1.7604665756225586
63,Adam,13,-1.7653363943099976
63,Adam,14,-1.770020842552185
63,Adam,15,-1.7745201587677002
63,Adam,16,-1.7788335084915161
63,Adam,17,-1.7829641103744507
63,Adam,18,-1.786913275718689
63,Adam,19,-1.790682077407837
63,Adam,20,-1.794275164604187
63,Adam,21,-1.797698974609375
63,Adam,22,-1.8009529113769531
63,Adam,23,-1.8040472269058228
63,Adam,24,-1.8069841861724854
63,Adam,25,-1.80977201461792
63,Adam,26,-1.8124148845672607
63,Adam,27,-1.814917802810669
63,Adam,28,-1.8172879219055176
63,Adam,29,-1.819533348083496
63,Adam,30,-1.8216568231582642
63,Adam,31,-1.8236643075942993
63,Adam,32,-1.8255631923675537
63,Adam,33,-1.8273608684539795
63,Adam,34,-1.8290590047836304
63,Adam,35,-1.8306652307510376
63,Adam,36,-1.832184910774231
63,Adam,37,-1.8336217403411865
63,Adam,38,-1.8349812030792236
63,Adam,39,-1.8362677097320557
63,Adam,40,-1.8374876976013184
63,Adam,41,-1.838640809059143
63,Adam,42,-1.8397315740585327
63,Adam,43,-1.84076988697052
63,Adam,44,-1.8417514562606812
63,Adam,45,-1.8426830768585205
63,Adam,46,-1.8435665369033813
63,Adam,47,-1.8444055318832397
63,Adam,48,-1.8452038764953613
63,Adam,49,-1.8459633588790894
63,Adam,50,-1.8466838598251343
63,Adam,51,-1.84737229347229
63,Adam,52,-1.8480267524719238
63,Adam,53,-1.8486506938934326
63,Adam,54,-1.849247694015503
63,Adam,55,-1.8498157262802124
63,Adam,56,-1.850358009338379
63,Adam,57,-1.8508777618408203
63,Adam,58,-1.8513751029968262
63,Adam,59,-1.8518517017364502
63,Adam,60,-1.8523072004318237
63,LBFGS,1,-1.8102043867111206
63,LBFGS,2,-1.8485426902770996
63,LBFGS,3,-1.8586050271987915
63,LBFGS,4,-1.8644353151321411
63,LBFGS,5,-1.867370843887329
63,LBFGS,6,-1.8689944744110107
63,LBFGS,7,-1.869875192642212
63,LBFGS,8,-1.870153784751892
63,LBFGS,9,-1.8705289363861084
63,LBFGS,10,-1.8707138299942017
63,LBFGS,11,-1.870820164680481
63,LBFGS,12,-1.8708781003952026
63,LBFGS,13,-1.8709243535995483
63,LBFGS,14,-1.8709502220153809
63,LBFGS,15,-1.8709661960601807
63,LBFGS,16,-1.870974063873291
63,LBFGS,17,-1.8709771633148193
63,LBFGS,18,-1.8709818124771118
63,LBFGS,19,-1.8709825277328491
63,LBFGS,20,-1.8709831237792969
63,LBFGS,21,-1.870983362197876
63,LBFGS,22,-1.870983600616455
63,LBFGS,23,-1.8709837198257446
63,LBFGS,24,-1.8709837198257446
63,LBFGS,25,-1.8709837198257446
63,LBFGS,26,-1.8709837198257446
63,LBFGS,27,-1.8709837198257446
63,LBFGS,28,-1.8709837198257446
63,LBFGS,29,-1.8709837198257446
63,LBFGS,30,-1.8709837198257446
63,LBFGS,31,-1.8709837198257446
63,LBFGS,32,-1.8709837198257446
63,LBFGS,33,-1.8709837198257446
63,LBFGS,34,-1.8709837198257446
63,LBFGS,35,-1.8709837198257446
63,LBFGS,36,-1.8709837198257446
63,LBFGS,37,-1.8709837198257446
63,LBFGS,38,-1.8709837198257446
63,LBFGS,39,-1.8709837198257446
63,LBFGS,40,-1.8709837198257446
63,LBFGS,41,-1.8709837198257446
63,LBFGS,42,-1.8709837198257446
63,LBFGS,43,-1.8709837198257446
63,LBFGS,44,-1.8709837198257446
63,LBFGS,45,-1.8709837198257446
63,LBFGS,46,-1.8709837198257446
63,LBFGS,47,-1.8709837198257446
63,LBFGS,48,-1.8709837198257446
63,LBFGS,49,-1.8709837198257446
63,LBFGS,50,-1.8709837198257446
63,LBFGS,51,-1.8709837198257446
63,LBFGS,52,-1.8709837198257446
63,LBFGS,53,-1.8709837198257446
63,LBFGS,54,-1.8709837198257446
63,LBFGS,55,-1.8709837198257446
63,LBFGS,56,-1.8709837198257446
63,LBFGS,57,-1.8709837198257446
63,LBFGS,58,-1.8709837198257446
63,LBFGS,59,-1.8709837198257446
63,LBFGS,60,-1.8709837198257446
63,PSO,1,-1.7986912727355957
63,PSO,2,-1.851916790008545
63,PSO,3,-1.851916790008545
63,PSO,4,-1.8521451950073242
63,PSO,5,-1.8521451950073242
63,PSO,6,-1.8521552085876465
63,PSO,7,-1.85224449634552
63,PSO,8,-1.85237455368042
63,PSO,9,-1.8525381088256836
63,PSO,10,-1.852860450744629
63,PSO,11,-1.8531944751739502
63,PSO,12,-1.8538974523544312
63,PSO,13,-1.8546212911605835
63,PSO,14,-1.855291485786438
63,PSO,15,-1.8561253547668457
63,PSO,16,-1.8570281267166138
63,PSO,17,-1.8582314252853394
63,PSO,18,-1.8591225147247314
63,PSO,19,-1.8600664138793945
63,PSO,20,-1.86109459400177
63,PSO,21,-1.8620975017547607
63,PSO,22,-1.8634213209152222
63,PSO,23,-1.8642690181732178
63,PSO,24,-1.8652417659759521
63,PSO,25,-1.8663215637207031
63,PSO,26,-1.867566466331482
63,PSO,27,-1.8685823678970337
63,PSO,28,-1.8695454597473145
63,PSO,29,-1.8703677654266357
63,PSO,30,-1.8708863258361816
63,PSO,31,-1.8709837198257446
63,PSO,32,-1.8709837198257446
63,PSO,33,-1.8709837198257446
63,PSO,34,-1.8709837198257446
63,PSO,35,-1.8709839582443237
63,PSO,36,-1.8709839582443237
63,PSO,37,-1.8709839582443237
63,PSO,38,-1.8709839582443237
63,PSO,39,-1.8709839582443237
63,PSO,40,-1.8709839582443237
63,PSO,41,-1.8709839582443237
63,PSO,42,-1.8709839582443237
63,PSO,43,-1.8709839582443237
63,PSO,44,-1.8709839582443237
63,PSO,45,-1.8709839582443237
63,PSO,46,-1.8709839582443237
63,PSO,47,-1.8709839582443237
63,PSO,48,-1.8709839582443237
63,PSO,49,-1.8709839582443237
63,PSO,50,-1.8709839582443237
63,PSO,51,-1.8709839582443237
63,PSO,52,-1.8709839582443237
63,PSO,53,-1.8709839582443237
63,PSO,54,-1.8709839582443237
63,PSO,55,-1.8709839582443237
63,PSO,56,-1.8709839582443237
63,PSO,57,-1.8709839582443237
63,PSO,58,-1.8709840774536133
63,PSO,59,-1.8709840774536133
63,PSO,60,-1.8709840774536133
63,DE,1,-1.8066116571426392
63,DE,2,-1.8066116571426392
63,DE,3,-1.8194986581802368
63,DE,4,-1.8288471698760986
63,DE,5,-1.8339834213256836
63,DE,6,-1.8402819633483887
63,DE,7,-1.8416026830673218
63,DE,8,-1.846466302871704
63,DE,9,-1.846466302871704
63,DE,10,-1.858124017715454
63,DE,11,-1.858124017715454
63,DE,12,-1.858124017715454
63,DE,13,-1.8599562644958496
63,DE,14,-1.8610961437225342
63,DE,15,-1.8610961437225342
63,DE,16,-1.8610961437225342
63,DE,17,-1.8610961437225342
63,DE,18,-1.861924171447754
63,DE,19,-1.8636870384216309
63,DE,20,-1.8650273084640503
63,DE,21,-1.865219235420227
63,DE,22,-1.865219235420227
63,DE,23,-1.8670287132263184
63,DE,24,-1.8681782484054565
63,DE,25,-1.8690457344055176
63,DE,26,-1.8690457344055176
63,DE,27,-1.8690457344055176
63,DE,28,-1.8690457344055176
63,DE,29,-1.8690457344055176
63,DE,30,-1.8695919513702393
63,DE,31,-1.8696775436401367
63,DE,32,-1.870044231414795
63,DE,33,-1.870044231414795
63,DE,34,-1.870044231414795
63,DE,35,-1.870044231414795
63,DE,36,-1.870044231414795
63,DE,37,-1.8701214790344238
63,DE,38,-1.8705703020095825
63,DE,39,-1.8705703020095825
63,DE,40,-1.8705703020095825
63,DE,41,-1.8705703020095825
63,DE,42,-1.8705703020095825
63,DE,43,-1.8705703020095825
63,DE,44,-1.8706938028335571
63,DE,45,-1.8707259893417358
63,DE,46,-1.870798945426941
63,DE,47,-1.870798945426941
63,DE,48,-1.8708324432373047
63,DE,49,-1.870856523513794
63,DE,50,-1.870856523513794
63,DE,51,-1.870856523513794
63,DE,52,-1.870856523513794
63,DE,53,-1.8708627223968506
63,DE,54,-1.8708627223968506
63,DE,55,-1.8708922863006592
63,DE,56,-1.8708924055099487
63,DE,57,-1.8709163665771484
63,DE,58,-1.8709163665771484
63,DE,59,-1.870935082435608
63,DE,60,-1.870935082435608
63,PSO+LBFGS,1,-1.8002846240997314
63,PSO+LBFGS,2,-1.8536036014556885
63,PSO+LBFGS,3,-1.8675494194030762
63,PSO+LBFGS,4,-1.870790958404541
63,PSO+LBFGS,5,-1.8709837198257446
63,PSO+LBFGS,6,-1.8709837198257446
63,PSO+LBFGS,7,-1.8709837198257446
63,PSO+LBFGS,8,-1.8709837198257446
63,PSO+LBFGS,9,-1.8709837198257446
63,PSO+LBFGS,10,-1.8709837198257446
63,PSO+LBFGS,11,-1.8709837198257446
63,PSO+LBFGS,12,-1.8709837198257446
63,PSO+LBFGS,13,-1.8709837198257446
63,PSO+LBFGS,14,-1.8709837198257446
63,PSO+LBFGS,15,-1.8709837198257446
63,PSO+LBFGS,16,-1.8709839582443237
63,PSO+LBFGS,17,-1.8709839582443237
63,PSO+LBFGS,18,-1.8709839582443237
63,PSO+LBFGS,19,-1.8709839582443237
63,PSO+LBFGS,20,-1.8709839582443237
63,PSO+LBFGS,21,-1.8709839582443237
63,PSO+LBFGS,22,-1.8709839582443237
63,PSO+LBFGS,23,-1.8709839582443237
63,PSO+LBFGS,24,-1.8709839582443237
63,PSO+LBFGS,25,-1.8709839582443237
63,PSO+LBFGS,26,-1.8709839582443237
63,PSO+LBFGS,27,-1.8709839582443237
63,PSO+LBFGS,28,-1.8709839582443237
63,PSO+LBFGS,29,-1.8709839582443237
63,PSO+LBFGS,30,-1.8709839582443237
63,PSO+LBFGS,31,-1.8709839582443237
63,PSO+LBFGS,32,-1.8709839582443237
63,PSO+LBFGS,33,-1.8709839582443237
63,PSO+LBFGS,34,-1.8709839582443237
63,PSO+LBFGS,35,-1.8709839582443237
63,PSO+LBFGS,36,-1.8709839582443237
63,PSO+LBFGS,37,-1.8709839582443237
63,PSO+LBFGS,38,-1.8709839582443237
63,PSO+LBFGS,39,-1.8709839582443237
63,PSO+LBFGS,40,-1.8709839582443237
63,PSO+LBFGS,41,-1.8709837198257446
63,PSO+LBFGS,42,-1.8709837198257446
63,PSO+LBFGS,43,-1.8709837198257446
63,PSO+LBFGS,44,-1.8709837198257446
63,PSO+LBFGS,45,-1.8709837198257446
63,PSO+LBFGS,46,-1.8709837198257446
63,PSO+LBFGS,47,-1.8709837198257446
63,PSO+LBFGS,48,-1.8709837198257446
63,PSO+LBFGS,49,-1.8709837198257446
63,PSO+LBFGS,50,-1.8709837198257446
63,PSO+LBFGS,51,-1.8709837198257446
63,PSO+LBFGS,52,-1.8709837198257446
63,PSO+LBFGS,53,-1.8709837198257446
63,PSO+LBFGS,54,-1.8709837198257446
63,PSO+LBFGS,55,-1.8709837198257446
63,PSO+LBFGS,56,-1.8709837198257446
63,PSO+LBFGS,57,-1.8709837198257446
63,PSO+LBFGS,58,-1.8709837198257446
63,PSO+LBFGS,59,-1.8709837198257446
63,PSO+LBFGS,60,-1.8709837198257446
64,Adam,1,-0.6322677731513977
64,Adam,2,-0.6385419964790344
64,Adam,3,-0.6447462439537048
64,Adam,4,-0.6508705615997314
64,Adam,5,-0.6569069027900696
64,Adam,6,-0.6628381609916687
64,Adam,7,-0.6686572432518005
64,Adam,8,-0.6743534207344055
64,Adam,9,-0.6799201965332031
64,Adam,10,-0.6853442788124084
64,Adam,11,-0.6906217932701111
64,Adam,12,-0.6957457661628723
64,Adam,13,-0.7007099986076355
64,Adam,14,-0.7055094838142395
64,Adam,15,-0.7101426720619202
64,Adam,16,-0.7146047949790955
64,Adam,17,-0.7188970446586609
64,Adam,18,-0.7230194211006165
64,Adam,19,-0.7269701957702637
64,Adam,20,-0.7307542562484741
64,Adam,21,-0.7343698740005493
64,Adam,22,-0.7378197908401489
64,Adam,23,-0.7411106824874878
64,Adam,24,-0.7442449927330017
64,Adam,25,-0.7472262382507324
64,Adam,26,-0.7500594258308411
64,Adam,27,-0.7527518272399902
64,Adam,28,-0.7553048133850098
64,Adam,29,-0.757728636264801
64,Adam,30,-0.7600260376930237
64,Adam,31,-0.7622016072273254
64,Adam,32,-0.7642636299133301
64,Adam,33,-0.7662152051925659
64,Adam,34,-0.7680617570877075
64,Adam,35,-0.7698113918304443
64,Adam,36,-0.7714677453041077
64,Adam,37,-0.7730358839035034
64,Adam,38,-0.7745178937911987
64,Adam,39,-0.7759231328964233
64,Adam,40,-0.7772520780563354
64,Adam,41,-0.7785128355026245
64,Adam,42,-0.7797062397003174
64,Adam,43,-0.7808385491371155
64,Adam,44,-0.7819121479988098
64,Adam,45,-0.7829299569129944
64,Adam,46,-0.7838954925537109
64,Adam,47,-0.7848113179206848
64,Adam,48,-0.7856833934783936
64,Adam,49,-0.7865086197853088
64,Adam,50,-0.7872966527938843
64,Adam,51,-0.7880471348762512
64,Adam,52,-0.7887594699859619
64,Adam,53,-0.7894386649131775
64,Adam,54,-0.79008549451828
64,Adam,55,-0.7907053232192993
64,Adam,56,-0.7912930250167847
64,Adam,57,-0.7918561697006226
64,Adam,58,-0.7923935055732727
64,Adam,59,-0.7929100394248962
64,Adam,60,-0.7934021949768066
64,LBFGS,1,-0.7479764819145203
64,LBFGS,2,-0.7864513993263245
64,LBFGS,3,-0.7985479831695557
64,LBFGS,4,-0.8057224154472351
64,LBFGS,5,-0.8090465068817139
64,LBFGS,6,-0.8108804821968079
64,LBFGS,7,-0.8118741512298584
64,LBFGS,8,-0.8124220371246338
64,LBFGS,9,-0.8127253651618958
64,LBFGS,10,-0.8128916621208191
64,LBFGS,11,-0.8129855394363403
64,LBFGS,12,-0.8130369782447815
64,LBFGS,13,-0.8130647540092468
64,LBFGS,14,-0.8130800724029541
64,LBFGS,15,-0.8130908608436584
64,LBFGS,16,-0.8130944967269897
64,LBFGS,17,-0.8130989670753479
64,LBFGS,18,-0.8130995631217957
64,LBFGS,19,-0.8131000399589539
64,LBFGS,20,-0.8131000995635986
64,LBFGS,21,-0.8131002187728882
64,LBFGS,22,-0.8131003379821777
64,LBFGS,23,-0.8131003379821777
64,LBFGS,24,-0.8131003379821777
64,LBFGS,25,-0.8131003379821777
64,LBFGS,26,-0.8131003379821777
64,LBFGS,27,-0.8131003379821777
64,LBFGS,28,-0.8131003379821777
64,LBFGS,29,-0.8131003379821777
64,LBFGS,30,-0.8131003379821777
64,LBFGS,31,-0.8131003379821777
64,LBFGS,32,-0.8131003379821777
64,LBFGS,33,-0.8131003379821777
64,LBFGS,34,-0.8131003379821777
64,LBFGS,35,-0.8131003379821777
64,LBFGS,36,-0.8131003379821777
64,LBFGS,37,-0.8131003379821777
64,LBFGS,38,-0.8131003379821777
64,LBFGS,39,-0.8131003379821777
64,LBFGS,40,-0.8131003379821777
64,LBFGS,41,-0.8131003379821777
64,LBFGS,42,-0.8131003379821777
64,LBFGS,43,-0.8131003379821777
64,LBFGS,44,-0.8131003379821777
64,LBFGS,45,-0.8131003379821777
64,LBFGS,46,-0.8131003379821777
64,LBFGS,47,-0.8131003379821777
64,LBFGS,48,-0.8131003379821777
64,LBFGS,49,-0.8131003379821777
64,LBFGS,50,-0.8131003379821777
64,LBFGS,51,-0.8131003379821777
64,LBFGS,52,-0.8131003379821777
64,LBFGS,53,-0.8131003379821777
64,LBFGS,54,-0.8131003379821777
64,LBFGS,55,-0.8131003379821777
64,LBFGS,56,-0.8131003379821777
64,LBFGS,57,-0.8131003379821777
64,LBFGS,58,-0.8131003379821777
64,LBFGS,59,-0.8131003379821777
64,LBFGS,60,-0.8131003379821777
64,PSO,1,-0.7806709408760071
64,PSO,2,-0.7886756062507629
64,PSO,3,-0.7949156761169434
64,PSO,4,-0.7985977530479431
64,PSO,5,-0.8040760159492493
64,PSO,6,-0.8100039958953857
64,PSO,7,-0.8131002187728882
64,PSO,8,-0.8131002187728882
64,PSO,9,-0.8131002187728882
64,PSO,10,-0.8131002187728882
64,PSO,11,-0.8131002187728882
64,PSO,12,-0.8131002187728882
64,PSO,13,-0.8131002187728882
64,PSO,14,-0.8131002187728882
64,PSO,15,-0.8131002187728882
64,PSO,16,-0.8131002187728882
64,PSO,17,-0.8131002187728882
64,PSO,18,-0.8131002187728882
64,PSO,19,-0.8131002187728882
64,PSO,20,-0.8131002187728882
64,PSO,21,-0.8131002187728882
64,PSO,22,-0.8131002187728882
64,PSO,23,-0.8131002187728882
64,PSO,24,-0.8131002187728882
64,PSO,25,-0.8131002187728882
64,PSO,26,-0.8131002187728882
64,PSO,27,-0.8131002187728882
64,PSO,28,-0.8131002187728882
64,PSO,29,-0.8131002187728882
64,PSO,30,-0.8131002187728882
64,PSO,31,-0.8131002187728882
64,PSO,32,-0.8131002187728882
64,PSO,33,-0.8131002187728882
64,PSO,34,-0.8131002187728882
64,PSO,35,-0.8131002187728882
64,PSO,36,-0.8131002187728882
64,PSO,37,-0.8131002187728882
64,PSO,38,-0.8131002187728882
64,PSO,39,-0.8131002187728882
64,PSO,40,-0.8131002187728882
64,PSO,41,-0.8131002187728882
64,PSO,42,-0.8131002187728882
64,PSO,43,-0.8131002187728882
64,PSO,44,-0.8131002187728882
64,PSO,45,-0.8131002187728882
64,PSO,46,-0.8131002187728882
64,PSO,47,-0.8131002187728882
64,PSO,48,-0.8131002187728882
64,PSO,49,-0.8131002187728882
64,PSO,50,-0.8131002187728882
64,PSO,51,-0.8131002187728882
64,PSO,52,-0.8131002187728882
64,PSO,53,-0.8131002187728882
64,PSO,54,-0.8131002187728882
64,PSO,55,-0.8131002187728882
64,PSO,56,-0.8131002187728882
64,PSO,57,-0.8131002187728882
64,PSO,58,-0.8131002187728882
64,PSO,59,-0.8131002187728882
64,PSO,60,-0.8131002187728882
64,DE,1,-0.7370233535766602
64,DE,2,-0.7445749640464783
64,DE,3,-0.7587869763374329
64,DE,4,-0.7764018177986145
64,DE,5,-0.7888489365577698
64,DE,6,-0.7888489365577698
64,DE,7,-0.7888489365577698
64,DE,8,-0.7888489365577698
64,DE,9,-0.7911655902862549
64,DE,10,-0.7911655902862549
64,DE,11,-0.7927735447883606
64,DE,12,-0.7993882298469543
64,DE,13,-0.7993882298469543
64,DE,14,-0.8025612235069275
64,DE,15,-0.8025612235069275
64,DE,16,-0.8025612235069275
64,DE,17,-0.8025612235069275
64,DE,18,-0.8072160482406616
64,DE,19,-0.8085705637931824
64,DE,20,-0.8085705637931824
64,DE,21,-0.8085705637931824
64,DE,22,-0.8092784285545349
64,DE,23,-0.8097708225250244
64,DE,24,-0.8102579712867737
64,DE,25,-0.8102579712867737
64,DE,26,-0.8102579712867737
64,DE,27,-0.8102579712867737
64,DE,28,-0.8102579712867737
64,DE,29,-0.8103201389312744
64,DE,30,-0.8114477396011353
64,DE,31,-0.8114477396011353
64,DE,32,-0.8114477396011353
64,DE,33,-0.8118472099304199
64,DE,34,-0.8118472099304199
64,DE,35,-0.81217360496521
64,DE,36,-0.81217360496521
64,DE,37,-0.81217360496521
64,DE,38,-0.81217360496521
64,DE,39,-0.81217360496521
64,DE,40,-0.81217360496521
64,DE,41,-0.81217360496521
64,DE,42,-0.81217360496521
64,DE,43,-0.8124313950538635
64,DE,44,-0.8125878572463989
64,DE,45,-0.8125878572463989
64,DE,46,-0.8125878572463989
64,DE,47,-0.8125978708267212
64,DE,48,-0.8125978708267212
64,DE,49,-0.8125978708267212
64,DE,50,-0.8126367926597595
64,DE,51,-0.8126367926597595
64,DE,52,-0.8128971457481384
64,DE,53,-0.8128971457481384
64,DE,54,-0.8128971457481384
64,DE,55,-0.8128971457481384
64,DE,56,-0.8128971457481384
64,DE,57,-0.8128971457481384
64,DE,58,-0.8128971457481384
64,DE,59,-0.8129401803016663
64,DE,60,-0.8129401803016663
64,PSO+LBFGS,1,-0.7583765387535095
64,PSO+LBFGS,2,-0.7906794548034668
64,PSO+LBFGS,3,-0.7961227893829346
64,PSO+LBFGS,4,-0.8017213344573975
64,PSO+LBFGS,5,-0.8076715469360352
64,PSO+LBFGS,6,-0.8127375245094299
64,PSO+LBFGS,7,-0.8131002187728882
64,PSO+LBFGS,8,-0.8131002187728882
64,PSO+LBFGS,9,-0.8131002187728882
64,PSO+LBFGS,10,-0.8131002187728882
64,PSO+LBFGS,11,-0.8131002187728882
64,PSO+LBFGS,12,-0.8131002187728882
64,PSO+LBFGS,13,-0.8131002187728882
64,PSO+LBFGS,14,-0.8131002187728882
64,PSO+LBFGS,15,-0.8131002187728882
64,PSO+LBFGS,16,-0.8131002187728882
64,PSO+LBFGS,17,-0.8131002187728882
64,PSO+LBFGS,18,-0.8131002187728882
64,PSO+LBFGS,19,-0.8131002187728882
64,PSO+LBFGS,20,-0.8131002187728882
64,PSO+LBFGS,21,-0.8131002187728882
64,PSO+LBFGS,22,-0.8131002187728882
64,PSO+LBFGS,23,-0.8131002187728882
64,PSO+LBFGS,24,-0.8131002187728882
64,PSO+LBFGS,25,-0.8131002187728882
64,PSO+LBFGS,26,-0.8131002187728882
64,PSO+LBFGS,27,-0.8131002187728882
64,PSO+LBFGS,28,-0.8131002187728882
64,PSO+LBFGS,29,-0.8131002187728882
64,PSO+LBFGS,30,-0.8131002187728882
64,PSO+LBFGS,31,-0.8131002187728882
64,PSO+LBFGS,32,-0.8131002187728882
64,PSO+LBFGS,33,-0.8131002187728882
64,PSO+LBFGS,34,-0.8131002187728882
64,PSO+LBFGS,35,-0.8131002187728882
64,PSO+LBFGS,36,-0.8131002187728882
64,PSO+LBFGS,37,-0.8131002187728882
64,PSO+LBFGS,38,-0.8131002187728882
64,PSO+LBFGS,39,-0.8131002187728882
64,PSO+LBFGS,40,-0.8131002187728882
64,PSO+LBFGS,41,-0.813100278377533
64,PSO+LBFGS,42,-0.813100278377533
64,PSO+LBFGS,43,-0.813100278377533
64,PSO+LBFGS,44,-0.813100278377533
64,PSO+LBFGS,45,-0.813100278377533
64,PSO+LBFGS,46,-0.813100278377533
64,PSO+LBFGS,47,-0.813100278377533
64,PSO+LBFGS,48,-0.813100278377533
64,PSO+LBFGS,49,-0.813100278377533
64,PSO+LBFGS,50,-0.813100278377533
64,PSO+LBFGS,51,-0.813100278377533
64,PSO+LBFGS,52,-0.813100278377533
64,PSO+LBFGS,53,-0.813100278377533
64,PSO+LBFGS,54,-0.813100278377533
64,PSO+LBFGS,55,-0.813100278377533
64,PSO+LBFGS,56,-0.813100278377533
64,PSO+LBFGS,57,-0.813100278377533
64,PSO+LBFGS,58,-0.813100278377533
64,PSO+LBFGS,59,-0.813100278377533
64,PSO+LBFGS,60,-0.813100278377533
65,Adam,1,-0.9828471541404724
65,Adam,2,-0.9896025657653809
65,Adam,3,-0.9962561726570129
65,Adam,4,-1.0028012990951538
65,Adam,5,-1.0092228651046753
65,Adam,6,-1.0155093669891357
65,Adam,7,-1.021649956703186
65,Adam,8,-1.027636170387268
65,Adam,9,-1.0334587097167969
65,Adam,10,-1.0391062498092651
65,Adam,11,-1.044578194618225
65,Adam,12,-1.0498672723770142
65,Adam,13,-1.054968237876892
65,Adam,14,-1.059880018234253
65,Adam,15,-1.0645999908447266
65,Adam,16,-1.0691269636154175
65,Adam,17,-1.0734636783599854
65,Adam,18,-1.0776121616363525
65,Adam,19,-1.0815726518630981
65,Adam,20,-1.0853508710861206
65,Adam,21,-1.0889467000961304
65,Adam,22,-1.092369794845581
65,Adam,23,-1.095621109008789
65,Adam,24,-1.0987088680267334
65,Adam,25,-1.1016381978988647
65,Adam,26,-1.1044150590896606
65,Adam,27,-1.107046127319336
65,Adam,28,-1.1095366477966309
65,Adam,29,-1.1118923425674438
65,Adam,30,-1.1141228675842285
65,Adam,31,-1.1162309646606445
65,Adam,32,-1.1182239055633545
65,Adam,33,-1.120110034942627
65,Adam,34,-1.1218910217285156
65,Adam,35,-1.123577356338501
65,Adam,36,-1.125167727470398
65,Adam,37,-1.1266738176345825
65,Adam,38,-1.128098964691162
65,Adam,39,-1.1294459104537964
65,Adam,40,-1.1307201385498047
65,Adam,41,-1.131927251815796
65,Adam,42,-1.1330703496932983
65,Adam,43,-1.1341537237167358
65,Adam,44,-1.1351783275604248
65,Adam,45,-1.136151909828186
65,Adam,46,-1.1370761394500732
65,Adam,47,-1.1379526853561401
65,Adam,48,-1.1387832164764404
65,Adam,49,-1.1395752429962158
65,Adam,50,-1.1403281688690186
65,Adam,51,-1.1410441398620605
65,Adam,52,-1.1417253017425537
65,Adam,53,-1.1423768997192383
65,Adam,54,-1.1429948806762695
65,Adam,55,-1.143587350845337
65,Adam,56,-1.144152283668518
65,Adam,57,-1.1446919441223145
65,Adam,58,-1.1452068090438843
65,Adam,59,-1.1456999778747559
65,Adam,60,-1.1461715698242188
65,LBFGS,1,-1.1089544296264648
65,LBFGS,2,-1.1424940824508667
65,LBFGS,3,-1.153168797492981
65,LBFGS,4,-1.158897042274475
65,LBFGS,5,-1.1618624925613403
65,LBFGS,6,-1.1634949445724487
65,LBFGS,7,-1.1643922328948975
65,LBFGS,8,-1.1648902893066406
65,LBFGS,9,-1.1651585102081299
65,LBFGS,10,-1.1652140617370605
65,LBFGS,11,-1.1653963327407837
65,LBFGS,12,-1.1654365062713623
65,LBFGS,13,-1.165469765663147
65,LBFGS,14,-1.1654855012893677
65,LBFGS,15,-1.1654984951019287
65,LBFGS,16,-1.1655044555664062
65,LBFGS,17,-1.1655091047286987
65,LBFGS,18,-1.165511131286621
65,LBFGS,19,-1.1655116081237793
65,LBFGS,20,-1.1655116081237793
65,LBFGS,21,-1.1655118465423584
65,LBFGS,22,-1.1655120849609375
65,LBFGS,23,-1.1655120849609375
65,LBFGS,24,-1.1655120849609375
65,LBFGS,25,-1.1655120849609375
65,LBFGS,26,-1.165512204170227
65,LBFGS,27,-1.165512204170227
65,LBFGS,28,-1.165512204170227
65,LBFGS,29,-1.165512204170227
65,LBFGS,30,-1.165512204170227
65,LBFGS,31,-1.165512204170227
65,LBFGS,32,-1.165512204170227
65,LBFGS,33,-1.165512204170227
65,LBFGS,34,-1.165512204170227
65,LBFGS,35,-1.165512204170227
65,LBFGS,36,-1.165512204170227
65,LBFGS,37,-1.165512204170227
65,LBFGS,38,-1.165512204170227
65,LBFGS,39,-1.165512204170227
65,LBFGS,40,-1.165512204170227
65,LBFGS,41,-1.165512204170227
65,LBFGS,42,-1.165512204170227
65,LBFGS,43,-1.165512204170227
65,LBFGS,44,-1.165512204170227
65,LBFGS,45,-1.165512204170227
65,LBFGS,46,-1.165512204170227
65,LBFGS,47,-1.165512204170227
65,LBFGS,48,-1.165512204170227
65,LBFGS,49,-1.165512204170227
65,LBFGS,50,-1.165512204170227
65,LBFGS,51,-1.165512204170227
65,LBFGS,52,-1.165512204170227
65,LBFGS,53,-1.165512204170227
65,LBFGS,54,-1.165512204170227
65,LBFGS,55,-1.165512204170227
65,LBFGS,56,-1.165512204170227
65,LBFGS,57,-1.165512204170227
65,LBFGS,58,-1.165512204170227
65,LBFGS,59,-1.165512204170227
65,LBFGS,60,-1.165512204170227
65,PSO,1,-1.1092166900634766
65,PSO,2,-1.1387050151824951
65,PSO,3,-1.145871877670288
65,PSO,4,-1.156822681427002
65,PSO,5,-1.1653058528900146
65,PSO,6,-1.1655118465423584
65,PSO,7,-1.1655118465423584
65,PSO,8,-1.1655118465423584
65,PSO,9,-1.1655118465423584
65,PSO,10,-1.1655118465423584
65,PSO,11,-1.165511965751648
65,PSO,12,-1.165511965751648
65,PSO,13,-1.165511965751648
65,PSO,14,-1.165511965751648
65,PSO,15,-1.1655120849609375
65,PSO,16,-1.1655120849609375
65,PSO,17,-1.165512204170227
65,PSO,18,-1.165512204170227
65,PSO,19,-1.165512204170227
65,PSO,20,-1.165512204170227
65,PSO,21,-1.165512204170227
65,PSO,22,-1.165512204170227
65,PSO,23,-1.165512204170227
65,PSO,24,-1.165512204170227
65,PSO,25,-1.165512204170227
65,PSO,26,-1.165512204170227
65,PSO,27,-1.165512204170227
65,PSO,28,-1.165512204170227
65,PSO,29,-1.165512204170227
65,PSO,30,-1.165512204170227
65,PSO,31,-1.165512204170227
65,PSO,32,-1.165512204170227
65,PSO,33,-1.165512204170227
65,PSO,34,-1.165512204170227
65,PSO,35,-1.165512204170227
65,PSO,36,-1.165512204170227
65,PSO,37,-1.165512204170227
65,PSO,38,-1.1655123233795166
65,PSO,39,-1.1655123233795166
65,PSO,40,-1.1655123233795166
65,PSO,41,-1.1655123233795166
65,PSO,42,-1.1655123233795166
65,PSO,43,-1.1655123233795166
65,PSO,44,-1.1655123233795166
65,PSO,45,-1.1655123233795166
65,PSO,46,-1.1655123233795166
65,PSO,47,-1.1655123233795166
65,PSO,48,-1.1655123233795166
65,PSO,49,-1.1655123233795166
65,PSO,50,-1.1655123233795166
65,PSO,51,-1.1655123233795166
65,PSO,52,-1.1655123233795166
65,PSO,53,-1.1655123233795166
65,PSO,54,-1.1655123233795166
65,PSO,55,-1.1655123233795166
65,PSO,56,-1.1655123233795166
65,PSO,57,-1.1655123233795166
65,PSO,58,-1.1655123233795166
65,PSO,59,-1.1655123233795166
65,PSO,60,-1.1655123233795166
65,DE,1,-1.0613751411437988
65,DE,2,-1.1039291620254517
65,DE,3,-1.1169042587280273
65,DE,4,-1.128983736038208
65,DE,5,-1.1393505334854126
65,DE,6,-1.142302393913269
65,DE,7,-1.142302393913269
65,DE,8,-1.14260733127594
65,DE,9,-1.14260733127594
65,DE,10,-1.1441261768341064
65,DE,11,-1.1441261768341064
65,DE,12,-1.1453725099563599
65,DE,13,-1.149735927581787
65,DE,14,-1.1541004180908203
65,DE,15,-1.1571513414382935
65,DE,16,-1.1581016778945923
65,DE,17,-1.159319519996643
65,DE,18,-1.159319519996643
65,DE,19,-1.159319519996643
65,DE,20,-1.1596417427062988
65,DE,21,-1.1619014739990234
65,DE,22,-1.1621980667114258
65,DE,23,-1.1621980667114258
65,DE,24,-1.1625574827194214
65,DE,25,-1.1625574827194214
65,DE,26,-1.1628319025039673
65,DE,27,-1.1636782884597778
65,DE,28,-1.1636782884597778
65,DE,29,-1.1637427806854248
65,DE,30,-1.1643977165222168
65,DE,31,-1.1643977165222168
65,DE,32,-1.1643977165222168
65,DE,33,-1.1643977165222168
65,DE,34,-1.1643977165222168
65,DE,35,-1.1644471883773804
65,DE,36,-1.164685606956482
65,DE,37,-1.164685606956482
65,DE,38,-1.164685606956482
65,DE,39,-1.164685606956482
65,DE,40,-1.164685606956482
65,DE,41,-1.164685606956482
65,DE,42,-1.1648353338241577
65,DE,43,-1.1649348735809326
65,DE,44,-1.1649348735809326
65,DE,45,-1.165048360824585
65,DE,46,-1.1651272773742676
65,DE,47,-1.1652286052703857
65,DE,48,-1.1652560234069824
65,DE,49,-1.1652560234069824
65,DE,50,-1.1652885675430298
65,DE,51,-1.165389895439148
65,DE,52,-1.165389895439148
65,DE,53,-1.165389895439148
65,DE,54,-1.1654101610183716
65,DE,55,-1.1654114723205566
65,DE,56,-1.1654114723205566
65,DE,57,-1.1654114723205566
65,DE,58,-1.1654274463653564
65,DE,59,-1.1654436588287354
65,DE,60,-1.1654436588287354
65,PSO+LBFGS,1,-1.063862919807434
65,PSO+LBFGS,2,-1.1064300537109375
65,PSO+LBFGS,3,-1.1182547807693481
65,PSO+LBFGS,4,-1.134311318397522
65,PSO+LBFGS,5,-1.147940993309021
65,PSO+LBFGS,6,-1.1505206823349
65,PSO+LBFGS,7,-1.1505206823349
65,PSO+LBFGS,8,-1.1505206823349
65,PSO+LBFGS,9,-1.1505206823349
65,PSO+LBFGS,10,-1.1505206823349
65,PSO+LBFGS,11,-1.1505206823349
65,PSO+LBFGS,12,-1.1505206823349
65,PSO+LBFGS,13,-1.1505206823349
65,PSO+LBFGS,14,-1.1505206823349
65,PSO+LBFGS,15,-1.1505206823349
65,PSO+LBFGS,16,-1.1505206823349
65,PSO+LBFGS,17,-1.1505206823349
65,PSO+LBFGS,18,-1.1505206823349
65,PSO+LBFGS,19,-1.1505206823349
65,PSO+LBFGS,20,-1.1505206823349
65,PSO+LBFGS,21,-1.1505206823349
65,PSO+LBFGS,22,-1.1505206823349
65,PSO+LBFGS,23,-1.1505206823349
65,PSO+LBFGS,24,-1.1505206823349
65,PSO+LBFGS,25,-1.1505206823349
65,PSO+LBFGS,26,-1.1505206823349
65,PSO+LBFGS,27,-1.1505206823349
65,PSO+LBFGS,28,-1.1505206823349
65,PSO+LBFGS,29,-1.1505206823349
65,PSO+LBFGS,30,-1.1505206823349
65,PSO+LBFGS,31,-1.1505206823349
65,PSO+LBFGS,32,-1.1505206823349
65,PSO+LBFGS,33,-1.1505206823349
65,PSO+LBFGS,34,-1.1505206823349
65,PSO+LBFGS,35,-1.1505206823349
65,PSO+LBFGS,36,-1.1505206823349
65,PSO+LBFGS,37,-1.1505206823349
65,PSO+LBFGS,38,-1.1505206823349
65,PSO+LBFGS,39,-1.1505206823349
65,PSO+LBFGS,40,-1.1505206823349
65,PSO+LBFGS,41,-1.1505206823349
65,PSO+LBFGS,42,-1.1505206823349
65,PSO+LBFGS,43,-1.1505206823349
65,PSO+LBFGS,44,-1.1505206823349
65,PSO+LBFGS,45,-1.1505206823349
65,PSO+LBFGS,46,-1.1505206823349
65,PSO+LBFGS,47,-1.1505206823349
65,PSO+LBFGS,48,-1.1505206823349
65,PSO+LBFGS,49,-1.1505206823349
65,PSO+LBFGS,50,-1.1505206823349
65,PSO+LBFGS,51,-1.1505206823349
65,PSO+LBFGS,52,-1.1505206823349
65,PSO+LBFGS,53,-1.1505206823349
65,PSO+LBFGS,54,-1.1505206823349
65,PSO+LBFGS,55,-1.1505206823349
65,PSO+LBFGS,56,-1.1505206823349
65,PSO+LBFGS,57,-1.1505206823349
65,PSO+LBFGS,58,-1.1505206823349
65,PSO+LBFGS,59,-1.1505206823349
65,PSO+LBFGS,60,-1.1505206823349
66,Adam,1,-2.0904204845428467
66,Adam,2,-2.0974173545837402
66,Adam,3,-2.104306936264038
66,Adam,4,-2.1110785007476807
66,Adam,5,-2.1177186965942383
66,Adam,6,-2.124216318130493
66,Adam,7,-2.1305599212646484
66,Adam,8,-2.136742115020752
66,Adam,9,-2.1427485942840576
66,Adam,10,-2.1485753059387207
66,Adam,11,-2.154215097427368
66,Adam,12,-2.159663200378418
66,Adam,13,-2.1649134159088135
66,Adam,14,-2.1699678897857666
66,Adam,15,-2.1748201847076416
66,Adam,16,-2.1794722080230713
66,Adam,17,-2.1839232444763184
66,Adam,18,-2.1881775856018066
66,Adam,19,-2.1922383308410645
66,Adam,20,-2.196105480194092
66,Adam,21,-2.1997883319854736
66,Adam,22,-2.2032859325408936
66,Adam,23,-2.206608772277832
66,Adam,24,-2.2097623348236084
66,Adam,25,-2.2127487659454346
66,Adam,26,-2.215578317642212
66,Adam,27,-2.2182579040527344
66,Adam,28,-2.2207913398742676
66,Adam,29,-2.223189353942871
66,Adam,30,-2.2254526615142822
66,Adam,31,-2.227595567703247
66,Adam,32,-2.2296180725097656
66,Adam,33,-2.231529951095581
66,Adam,34,-2.2333366870880127
66,Adam,35,-2.235043525695801
66,Adam,36,-2.236656904220581
66,Adam,37,-2.23818039894104
66,Adam,38,-2.2396228313446045
66,Adam,39,-2.2409844398498535
66,Adam,40,-2.2422733306884766
66,Adam,41,-2.2434940338134766
66,Adam,42,-2.2446494102478027
66,Adam,43,-2.2457425594329834
66,Adam,44,-2.2467808723449707
66,Adam,45,-2.2477636337280273
66,Adam,46,-2.2486965656280518
66,Adam,47,-2.249582529067993
66,Adam,48,-2.2504241466522217
66,Adam,49,-2.2512238025665283
66,Adam,50,-2.251983880996704
66,Adam,51,-2.2527074813842773
66,Adam,52,-2.2533960342407227
66,Adam,53,-2.254054546356201
66,Adam,54,-2.254680871963501
66,Adam,55,-2.255277633666992
66,Adam,56,-2.2558484077453613
66,Adam,57,-2.2563953399658203
66,Adam,58,-2.2569165229797363
66,Adam,59,-2.257415294647217
66,Adam,60,-2.2578940391540527
66,LBFGS,1,-2.2143919467926025
66,LBFGS,2,-2.2520949840545654
66,LBFGS,3,-2.2636282444000244
66,LBFGS,4,-2.270156145095825
66,LBFGS,5,-2.273538112640381
66,LBFGS,6,-2.275418519973755
66,LBFGS,7,-2.276454448699951
66,LBFGS,8,-2.2770309448242188
66,LBFGS,9,-2.2773499488830566
66,LBFGS,10,-2.27752685546875
66,LBFGS,11,-2.2776267528533936
66,LBFGS,12,-2.2776806354522705
66,LBFGS,13,-2.277712106704712
66,LBFGS,14,-2.277728796005249
66,LBFGS,15,-2.277738332748413
66,LBFGS,16,-2.277742624282837
66,LBFGS,17,-2.2777466773986816
66,LBFGS,18,-2.277747392654419
66,LBFGS,19,-2.2777485847473145
66,LBFGS,20,-2.2777488231658936
66,LBFGS,21,-2.2777488231658936
66,LBFGS,22,-2.2777488231658936
66,LBFGS,23,-2.2777488231658936
66,LBFGS,24,-2.2777488231658936
66,LBFGS,25,-2.2777488231658936
66,LBFGS,26,-2.2777488231658936
66,LBFGS,27,-2.2777488231658936
66,LBFGS,28,-2.2777488231658936
66,LBFGS,29,-2.2777488231658936
66,LBFGS,30,-2.2777488231658936
66,LBFGS,31,-2.2777488231658936
66,LBFGS,32,-2.2777488231658936
66,LBFGS,33,-2.2777488231658936
66,LBFGS,34,-2.2777488231658936
66,LBFGS,35,-2.2777488231658936
66,LBFGS,36,-2.2777488231658936
66,LBFGS,37,-2.2777488231658936
66,LBFGS,38,-2.2777488231658936
66,LBFGS,39,-2.2777488231658936
66,LBFGS,40,-2.2777488231658936
66,LBFGS,41,-2.2777488231658936
66,LBFGS,42,-2.2777488231658936
66,LBFGS,43,-2.2777488231658936
66,LBFGS,44,-2.2777488231658936
66,LBFGS,45,-2.2777488231658936
66,LBFGS,46,-2.2777488231658936
66,LBFGS,47,-2.2777488231658936
66,LBFGS,48,-2.2777488231658936
66,LBFGS,49,-2.2777488231658936
66,LBFGS,50,-2.2777488231658936
66,LBFGS,51,-2.2777488231658936
66,LBFGS,52,-2.2777488231658936
66,LBFGS,53,-2.2777488231658936
66,LBFGS,54,-2.2777488231658936
66,LBFGS,55,-2.2777488231658936
66,LBFGS,56,-2.2777488231658936
66,LBFGS,57,-2.2777488231658936
66,LBFGS,58,-2.2777488231658936
66,LBFGS,59,-2.2777488231658936
66,LBFGS,60,-2.2777488231658936
66,PSO,1,-2.2233333587646484
66,PSO,2,-2.2447571754455566
66,PSO,3,-2.266554355621338
66,PSO,4,-2.2777493000030518
66,PSO,5,-2.2777493000030518
66,PSO,6,-2.2777493000030518
66,PSO,7,-2.2777493000030518
66,PSO,8,-2.2777493000030518
66,PSO,9,-2.2777493000030518
66,PSO,10,-2.2777493000030518
66,PSO,11,-2.2777493000030518
66,PSO,12,-2.2777493000030518
66,PSO,13,-2.2777493000030518
66,PSO,14,-2.2777493000030518
66,PSO,15,-2.2777493000030518
66,PSO,16,-2.2777493000030518
66,PSO,17,-2.2777493000030518
66,PSO,18,-2.2777493000030518
66,PSO,19,-2.2777493000030518
66,PSO,20,-2.2777493000030518
66,PSO,21,-2.2777493000030518
66,PSO,22,-2.2777493000030518
66,PSO,23,-2.2777493000030518
66,PSO,24,-2.2777493000030518
66,PSO,25,-2.2777493000030518
66,PSO,26,-2.2777493000030518
66,PSO,27,-2.2777493000030518
66,PSO,28,-2.2777493000030518
66,PSO,29,-2.2777493000030518
66,PSO,30,-2.2777493000030518
66,PSO,31,-2.2777493000030518
66,PSO,32,-2.2777493000030518
66,PSO,33,-2.2777493000030518
66,PSO,34,-2.2777493000030518
66,PSO,35,-2.2777493000030518
66,PSO,36,-2.2777493000030518
66,PSO,37,-2.2777493000030518
66,PSO,38,-2.2777493000030518
66,PSO,39,-2.2777493000030518
66,PSO,40,-2.2777493000030518
66,PSO,41,-2.2777493000030518
66,PSO,42,-2.2777493000030518
66,PSO,43,-2.2777493000030518
66,PSO,44,-2.2777493000030518
66,PSO,45,-2.2777493000030518
66,PSO,46,-2.2777493000030518
66,PSO,47,-2.2777493000030518
66,PSO,48,-2.2777493000030518
66,PSO,49,-2.2777493000030518
66,PSO,50,-2.2777493000030518
66,PSO,51,-2.2777493000030518
66,PSO,52,-2.2777493000030518
66,PSO,53,-2.2777493000030518
66,PSO,54,-2.2777493000030518
66,PSO,55,-2.2777493000030518
66,PSO,56,-2.2777493000030518
66,PSO,57,-2.2777493000030518
66,PSO,58,-2.2777493000030518
66,PSO,59,-2.2777493000030518
66,PSO,60,-2.2777493000030518
66,DE,1,-2.2184340953826904
66,DE,2,-2.2184340953826904
66,DE,3,-2.2365541458129883
66,DE,4,-2.2365541458129883
66,DE,5,-2.2481958866119385
66,DE,6,-2.253108263015747
66,DE,7,-2.253108263015747
66,DE,8,-2.259159564971924
66,DE,9,-2.259159564971924
66,DE,10,-2.2607805728912354
66,DE,11,-2.2607805728912354
66,DE,12,-2.2631163597106934
66,DE,13,-2.2631163597106934
66,DE,14,-2.2640178203582764
66,DE,15,-2.266178607940674
66,DE,16,-2.269599199295044
66,DE,17,-2.269599199295044
66,DE,18,-2.271023750305176
66,DE,19,-2.271023750305176
66,DE,20,-2.271023750305176
66,DE,21,-2.2721290588378906
66,DE,22,-2.2737812995910645
66,DE,23,-2.2740142345428467
66,DE,24,-2.275421619415283
66,DE,25,-2.275421619415283
66,DE,26,-2.2756612300872803
66,DE,27,-2.2763214111328125
66,DE,28,-2.2763214111328125
66,DE,29,-2.276409864425659
66,DE,30,-2.276670455932617
66,DE,31,-2.276962995529175
66,DE,32,-2.2770586013793945
66,DE,33,-2.2770609855651855
66,DE,34,-2.2770609855651855
66,DE,35,-2.2771847248077393
66,DE,36,-2.2773265838623047
66,DE,37,-2.2773265838623047
66,DE,38,-2.2773425579071045
66,DE,39,-2.277407169342041
66,DE,40,-2.277407169342041
66,DE,41,-2.2775092124938965
66,DE,42,-2.2775633335113525
66,DE,43,-2.2775633335113525
66,DE,44,-2.2775633335113525
66,DE,45,-2.2775633335113525
66,DE,46,-2.2775633335113525
66,DE,47,-2.2775633335113525
66,DE,48,-2.2776010036468506
66,DE,49,-2.2776010036468506
66,DE,50,-2.2776010036468506
66,DE,51,-2.2776010036468506
66,DE,52,-2.2776010036468506
66,DE,53,-2.2776010036468506
66,DE,54,-2.2776033878326416
66,DE,55,-2.2776033878326416
66,DE,56,-2.2776100635528564
66,DE,57,-2.2776384353637695
66,DE,58,-2.2776384353637695
66,DE,59,-2.277662754058838
66,DE,60,-2.277662754058838
66,PSO+LBFGS,1,-2.197856903076172
66,PSO+LBFGS,2,-2.224560260772705
66,PSO+LBFGS,3,-2.2446277141571045
66,PSO+LBFGS,4,-2.254094123840332
66,PSO+LBFGS,5,-2.265885353088379
66,PSO+LBFGS,6,-2.2777493000030518
66,PSO+LBFGS,7,-2.2777493000030518
66,PSO+LBFGS,8,-2.2777493000030518
66,PSO+LBFGS,9,-2.2777493000030518
66,PSO+LBFGS,10,-2.2777493000030518
66,PSO+LBFGS,11,-2.2777493000030518
66,PSO+LBFGS,12,-2.2777493000030518
66,PSO+LBFGS,13,-2.2777493000030518
66,PSO+LBFGS,14,-2.2777493000030518
66,PSO+LBFGS,15,-2.2777493000030518
66,PSO+LBFGS,16,-2.2777493000030518
66,PSO+LBFGS,17,-2.2777493000030518
66,PSO+LBFGS,18,-2.2777493000030518
66,PSO+LBFGS,19,-2.2777493000030518
66,PSO+LBFGS,20,-2.2777493000030518
66,PSO+LBFGS,21,-2.2777493000030518
66,PSO+LBFGS,22,-2.2777493000030518
66,PSO+LBFGS,23,-2.2777493000030518
66,PSO+LBFGS,24,-2.2777493000030518
66,PSO+LBFGS,25,-2.2777493000030518
66,PSO+LBFGS,26,-2.2777493000030518
66,PSO+LBFGS,27,-2.2777493000030518
66,PSO+LBFGS,28,-2.2777493000030518
66,PSO+LBFGS,29,-2.2777493000030518
66,PSO+LBFGS,30,-2.2777493000030518
66,PSO+LBFGS,31,-2.2777493000030518
66,PSO+LBFGS,32,-2.2777493000030518
66,PSO+LBFGS,33,-2.2777493000030518
66,PSO+LBFGS,34,-2.2777493000030518
66,PSO+LBFGS,35,-2.2777493000030518
66,PSO+LBFGS,36,-2.2777493000030518
66,PSO+LBFGS,37,-2.2777493000030518
66,PSO+LBFGS,38,-2.2777493000030518
66,PSO+LBFGS,39,-2.2777493000030518
66,PSO+LBFGS,40,-2.2777493000030518
66,PSO+LBFGS,41,-2.2777493000030518
66,PSO+LBFGS,42,-2.2777493000030518
66,PSO+LBFGS,43,-2.2777493000030518
66,PSO+LBFGS,44,-2.2777493000030518
66,PSO+LBFGS,45,-2.2777493000030518
66,PSO+LBFGS,46,-2.2777493000030518
66,PSO+LBFGS,47,-2.2777493000030518
66,PSO+LBFGS,48,-2.2777493000030518
66,PSO+LBFGS,49,-2.2777493000030518
66,PSO+LBFGS,50,-2.2777493000030518
66,PSO+LBFGS,51,-2.2777493000030518
66,PSO+LBFGS,52,-2.2777493000030518
66,PSO+LBFGS,53,-2.2777493000030518
66,PSO+LBFGS,54,-2.2777493000030518
66,PSO+LBFGS,55,-2.2777493000030518
66,PSO+LBFGS,56,-2.2777493000030518
66,PSO+LBFGS,57,-2.2777493000030518
66,PSO+LBFGS,58,-2.2777493000030518
66,PSO+LBFGS,59,-2.2777493000030518
66,PSO+LBFGS,60,-2.2777493000030518
67,Adam,1,-1.1654772758483887
67,Adam,2,-1.168619990348816
67,Adam,3,-1.1717032194137573
67,Adam,4,-1.1747270822525024
67,Adam,5,-1.177692174911499
67,Adam,6,-1.1805952787399292
67,Adam,7,-1.1834255456924438
67,Adam,8,-1.1861836910247803
67,Adam,9,-1.1888585090637207
67,Adam,10,-1.1914499998092651
67,Adam,11,-1.1939557790756226
67,Adam,12,-1.1963735818862915
67,Adam,13,-1.198704719543457
67,Adam,14,-1.2009459733963013
67,Adam,15,-1.2030972242355347
67,Adam,16,-1.2051604986190796
67,Adam,17,-1.2071322202682495
67,Adam,18,-1.2090157270431519
67,Adam,19,-1.2108118534088135
67,Adam,20,-1.2125225067138672
67,Adam,21,-1.2141509056091309
67,Adam,22,-1.2156966924667358
67,Adam,23,-1.2171672582626343
67,Adam,24,-1.2185598611831665
67,Adam,25,-1.21988046169281
67,Adam,26,-1.221131443977356
67,Adam,27,-1.2223148345947266
67,Adam,28,-1.2234352827072144
67,Adam,29,-1.2244936227798462
67,Adam,30,-1.225494384765625
67,Adam,31,-1.226439356803894
67,Adam,32,-1.2273343801498413
67,Adam,33,-1.2281779050827026
67,Adam,34,-1.2289756536483765
67,Adam,35,-1.2297289371490479
67,Adam,36,-1.2304420471191406
67,Adam,37,-1.2311145067214966
67,Adam,38,-1.23175048828125
67,Adam,39,-1.232352375984192
67,Adam,40,-1.2329210042953491
67,Adam,41,-1.2334588766098022
67,Adam,42,-1.2339692115783691
67,Adam,43,-1.234451413154602
67,Adam,44,-1.234909176826477
67,Adam,45,-1.2353417873382568
67,Adam,46,-1.235754370689392
67,Adam,47,-1.2361440658569336
67,Adam,48,-1.2365142107009888
67,Adam,49,-1.236867070198059
67,Adam,50,-1.2372026443481445
67,Adam,51,-1.2375202178955078
67,Adam,52,-1.2378243207931519
67,Adam,53,-1.2381128072738647
67,Adam,54,-1.238388180732727
67,Adam,55,-1.238651156425476
67,Adam,56,-1.2389029264450073
67,Adam,57,-1.2391430139541626
67,Adam,58,-1.2393711805343628
67,Adam,59,-1.2395906448364258
67,Adam,60,-1.2398000955581665
67,LBFGS,1,-1.2049229145050049
67,LBFGS,2,-1.234789252281189
67,LBFGS,3,-1.2407889366149902
67,LBFGS,4,-1.2446026802062988
67,LBFGS,5,-1.2463281154632568
67,LBFGS,6,-1.2472723722457886
67,LBFGS,7,-1.2477165460586548
67,LBFGS,8,-1.248121738433838
67,LBFGS,9,-1.2482222318649292
67,LBFGS,10,-1.248313546180725
67,LBFGS,11,-1.2483571767807007
67,LBFGS,12,-1.2483817338943481
67,LBFGS,13,-1.2483913898468018
67,LBFGS,14,-1.2484017610549927
67,LBFGS,15,-1.2484073638916016
67,LBFGS,16,-1.2484099864959717
67,LBFGS,17,-1.2484108209609985
67,LBFGS,18,-1.2484127283096313
67,LBFGS,19,-1.248412847518921
67,LBFGS,20,-1.2484129667282104
67,LBFGS,21,-1.2484132051467896
67,LBFGS,22,-1.2484132051467896
67,LBFGS,23,-1.248413324356079
67,LBFGS,24,-1.248413324356079
67,LBFGS,25,-1.248413324356079
67,LBFGS,26,-1.248413324356079
67,LBFGS,27,-1.248413324356079
67,LBFGS,28,-1.248413324356079
67,LBFGS,29,-1.248413324356079
67,LBFGS,30,-1.248413324356079
67,LBFGS,31,-1.248413324356079
67,LBFGS,32,-1.248413324356079
67,LBFGS,33,-1.248413324356079
67,LBFGS,34,-1.248413324356079
67,LBFGS,35,-1.248413324356079
67,LBFGS,36,-1.248413324356079
67,LBFGS,37,-1.248413324356079
67,LBFGS,38,-1.248413324356079
67,LBFGS,39,-1.248413324356079
67,LBFGS,40,-1.248413324356079
67,LBFGS,41,-1.248413324356079
67,LBFGS,42,-1.248413324356079
67,LBFGS,43,-1.248413324356079
67,LBFGS,44,-1.248413324356079
67,LBFGS,45,-1.248413324356079
67,LBFGS,46,-1.248413324356079
67,LBFGS,47,-1.248413324356079
67,LBFGS,48,-1.248413324356079
67,LBFGS,49,-1.248413324356079
67,LBFGS,50,-1.248413324356079
67,LBFGS,51,-1.248413324356079
67,LBFGS,52,-1.248413324356079
67,LBFGS,53,-1.248413324356079
67,LBFGS,54,-1.248413324356079
67,LBFGS,55,-1.248413324356079
67,LBFGS,56,-1.248413324356079
67,LBFGS,57,-1.248413324356079
67,LBFGS,58,-1.248413324356079
67,LBFGS,59,-1.248413324356079
67,LBFGS,60,-1.248413324356079
67,PSO,1,-1.2280731201171875
67,PSO,2,-1.2457958459854126
67,PSO,3,-1.2471951246261597
67,PSO,4,-1.2481223344802856
67,PSO,5,-1.2483608722686768
67,PSO,6,-1.2484067678451538
67,PSO,7,-1.2484067678451538
67,PSO,8,-1.2484067678451538
67,PSO,9,-1.2484073638916016
67,PSO,10,-1.2484091520309448
67,PSO,11,-1.2484129667282104
67,PSO,12,-1.2484129667282104
67,PSO,13,-1.2484129667282104
67,PSO,14,-1.2484129667282104
67,PSO,15,-1.2484132051467896
67,PSO,16,-1.2484132051467896
67,PSO,17,-1.2484132051467896
67,PSO,18,-1.2484132051467896
67,PSO,19,-1.2484132051467896
67,PSO,20,-1.248413324356079
67,PSO,21,-1.248413324356079
67,PSO,22,-1.248413324356079
67,PSO,23,-1.248413324356079
67,PSO,24,-1.248413324356079
67,PSO,25,-1.248413324356079
67,PSO,26,-1.248413324356079
67,PSO,27,-1.248413324356079
67,PSO,28,-1.248413324356079
67,PSO,29,-1.248413324356079
67,PSO,30,-1.248413324356079
67,PSO,31,-1.248413324356079
67,PSO,32,-1.248413324356079
67,PSO,33,-1.248413324356079
67,PSO,34,-1.248413324356079
67,PSO,35,-1.248413324356079
67,PSO,36,-1.248413324356079
67,PSO,37,-1.248413324356079
67,PSO,38,-1.248413324356079
67,PSO,39,-1.2484134435653687
67,PSO,40,-1.2484134435653687
67,PSO,41,-1.2484134435653687
67,PSO,42,-1.2484134435653687
67,PSO,43,-1.2484135627746582
67,PSO,44,-1.2484135627746582
67,PSO,45,-1.2484135627746582
67,PSO,46,-1.2484135627746582
67,PSO,47,-1.2484135627746582
67,PSO,48,-1.2484135627746582
67,PSO,49,-1.2484135627746582
67,PSO,50,-1.2484135627746582
67,PSO,51,-1.2484135627746582
67,PSO,52,-1.2484135627746582
67,PSO,53,-1.2484135627746582
67,PSO,54,-1.2484135627746582
67,PSO,55,-1.2484135627746582
67,PSO,56,-1.2484135627746582
67,PSO,57,-1.2484135627746582
67,PSO,58,-1.2484135627746582
67,PSO,59,-1.2484135627746582
67,PSO,60,-1.2484135627746582
67,DE,1,-1.2249351739883423
67,DE,2,-1.2249351739883423
67,DE,3,-1.2316957712173462
67,DE,4,-1.2342479228973389
67,DE,5,-1.2342479228973389
67,DE,6,-1.2342479228973389
67,DE,7,-1.2372782230377197
67,DE,8,-1.2372782230377197
67,DE,9,-1.2372782230377197
67,DE,10,-1.2383190393447876
67,DE,11,-1.2393001317977905
67,DE,12,-1.2402234077453613
67,DE,13,-1.2408798933029175
67,DE,14,-1.2414594888687134
67,DE,15,-1.2419800758361816
67,DE,16,-1.2431546449661255
67,DE,17,-1.2459982633590698
67,DE,18,-1.2459982633590698
67,DE,19,-1.246544599533081
67,DE,20,-1.246544599533081
67,DE,21,-1.2475045919418335
67,DE,22,-1.2475045919418335
67,DE,23,-1.2475045919418335
67,DE,24,-1.2475045919418335
67,DE,25,-1.2475045919418335
67,DE,26,-1.2475327253341675
67,DE,27,-1.2480798959732056
67,DE,28,-1.2480798959732056
67,DE,29,-1.2480798959732056
67,DE,30,-1.2480798959732056
67,DE,31,-1.2480798959732056
67,DE,32,-1.2480798959732056
67,DE,33,-1.2481590509414673
67,DE,34,-1.2481590509414673
67,DE,35,-1.2481590509414673
67,DE,36,-1.2483127117156982
67,DE,37,-1.2483127117156982
67,DE,38,-1.2483820915222168
67,DE,39,-1.2483820915222168
67,DE,40,-1.2483820915222168
67,DE,41,-1.2483820915222168
67,DE,42,-1.2483820915222168
67,DE,43,-1.2483820915222168
67,DE,44,-1.2483820915222168
67,DE,45,-1.2483820915222168
67,DE,46,-1.2483820915222168
67,DE,47,-1.2483820915222168
67,DE,48,-1.2483820915222168
67,DE,49,-1.248388648033142
67,DE,50,-1.248388648033142
67,DE,51,-1.248388648033142
67,DE,52,-1.248388648033142
67,DE,53,-1.248388648033142
67,DE,54,-1.248388648033142
67,DE,55,-1.248388648033142
67,DE,56,-1.248388648033142
67,DE,57,-1.2483892440795898
67,DE,58,-1.2483892440795898
67,DE,59,-1.2483912706375122
67,DE,60,-1.248397707939148
67,PSO+LBFGS,1,-1.245316982269287
67,PSO+LBFGS,2,-1.2478419542312622
67,PSO+LBFGS,3,-1.248278021812439
67,PSO+LBFGS,4,-1.2484054565429688
67,PSO+LBFGS,5,-1.2484054565429688
67,PSO+LBFGS,6,-1.2484068870544434
67,PSO+LBFGS,7,-1.248408317565918
67,PSO+LBFGS,8,-1.2484127283096313
67,PSO+LBFGS,9,-1.2484127283096313
67,PSO+LBFGS,10,-1.2484127283096313
67,PSO+LBFGS,11,-1.2484127283096313
67,PSO+LBFGS,12,-1.248413324356079
67,PSO+LBFGS,13,-1.248413324356079
67,PSO+LBFGS,14,-1.248413324356079
67,PSO+LBFGS,15,-1.248413324356079
67,PSO+LBFGS,16,-1.248413324356079
67,PSO+LBFGS,17,-1.248413324356079
67,PSO+LBFGS,18,-1.248413324356079
67,PSO+LBFGS,19,-1.248413324356079
67,PSO+LBFGS,20,-1.248413324356079
67,PSO+LBFGS,21,-1.248413324356079
67,PSO+LBFGS,22,-1.248413324356079
67,PSO+LBFGS,23,-1.248413324356079
67,PSO+LBFGS,24,-1.248413324356079
67,PSO+LBFGS,25,-1.248413324356079
67,PSO+LBFGS,26,-1.248413324356079
67,PSO+LBFGS,27,-1.248413324356079
67,PSO+LBFGS,28,-1.248413324356079
67,PSO+LBFGS,29,-1.248413324356079
67,PSO+LBFGS,30,-1.248413324356079
67,PSO+LBFGS,31,-1.248413324356079
67,PSO+LBFGS,32,-1.248413324356079
67,PSO+LBFGS,33,-1.248413324356079
67,PSO+LBFGS,34,-1.248413324356079
67,PSO+LBFGS,35,-1.248413324356079
67,PSO+LBFGS,36,-1.248413324356079
67,PSO+LBFGS,37,-1.248413324356079
67,PSO+LBFGS,38,-1.248413324356079
67,PSO+LBFGS,39,-1.248413324356079
67,PSO+LBFGS,40,-1.248413324356079
67,PSO+LBFGS,41,-1.2484130859375
67,PSO+LBFGS,42,-1.2484130859375
67,PSO+LBFGS,43,-1.2484130859375
67,PSO+LBFGS,44,-1.2484130859375
67,PSO+LBFGS,45,-1.2484130859375
67,PSO+LBFGS,46,-1.2484130859375
67,PSO+LBFGS,47,-1.2484130859375
67,PSO+LBFGS,48,-1.2484130859375
67,PSO+LBFGS,49,-1.2484130859375
67,PSO+LBFGS,50,-1.2484130859375
67,PSO+LBFGS,51,-1.2484130859375
67,PSO+LBFGS,52,-1.2484130859375
67,PSO+LBFGS,53,-1.2484130859375
67,PSO+LBFGS,54,-1.2484130859375
67,PSO+LBFGS,55,-1.2484130859375
67,PSO+LBFGS,56,-1.2484130859375
67,PSO+LBFGS,57,-1.2484130859375
67,PSO+LBFGS,58,-1.2484130859375
67,PSO+LBFGS,59,-1.2484130859375
67,PSO+LBFGS,60,-1.2484130859375
68,Adam,1,-0.4199095070362091
68,Adam,2,-0.43190640211105347
68,Adam,3,-0.44375959038734436
68,Adam,4,-0.45545583963394165
68,Adam,5,-0.46696728467941284
68,Adam,6,-0.47827020287513733
68,Adam,7,-0.4893539249897003
68,Adam,8,-0.5001919865608215
68,Adam,9,-0.5107663869857788
68,Adam,10,-0.5210639238357544
68,Adam,11,-0.5310722589492798
68,Adam,12,-0.5407817363739014
68,Adam,13,-0.5501754283905029
68,Adam,14,-0.5592483282089233
68,Adam,15,-0.5679965019226074
68,Adam,16,-0.5764166712760925
68,Adam,17,-0.5845047831535339
68,Adam,18,-0.5922638177871704
68,Adam,19,-0.5996940732002258
68,Adam,20,-0.6067963242530823
68,Adam,21,-0.6135808825492859
68,Adam,22,-0.6200478076934814
68,Adam,23,-0.6262128949165344
68,Adam,24,-0.632074236869812
68,Adam,25,-0.6376468539237976
68,Adam,26,-0.6429404616355896
68,Adam,27,-0.647963285446167
68,Adam,28,-0.6527287364006042
68,Adam,29,-0.6572420597076416
68,Adam,30,-0.6615211367607117
68,Adam,31,-0.6655709743499756
68,Adam,32,-0.6694048047065735
68,Adam,33,-0.6730325818061829
68,Adam,34,-0.6764683723449707
68,Adam,35,-0.6797189712524414
68,Adam,36,-0.6827942728996277
68,Adam,37,-0.6857026219367981
68,Adam,38,-0.6884552240371704
68,Adam,39,-0.6910648345947266
68,Adam,40,-0.6935316324234009
68,Adam,41,-0.6958688497543335
68,Adam,42,-0.6980860233306885
68,Adam,43,-0.7001844048500061
68,Adam,44,-0.7021756768226624
68,Adam,45,-0.7040615081787109
68,Adam,46,-0.7058554887771606
68,Adam,47,-0.7075563669204712
68,Adam,48,-0.7091713547706604
68,Adam,49,-0.7107086181640625
68,Adam,50,-0.7121720314025879
68,Adam,51,-0.7135635018348694
68,Adam,52,-0.7148884534835815
68,Adam,53,-0.7161484956741333
68,Adam,54,-0.7173520922660828
68,Adam,55,-0.7185001373291016
68,Adam,56,-0.7195999622344971
68,Adam,57,-0.7206456065177917
68,Adam,58,-0.7216477394104004
68,Adam,59,-0.7226074934005737
68,Adam,60,-0.7235245108604431
68,LBFGS,1,-0.5074259042739868
68,LBFGS,2,-0.7234518527984619
68,LBFGS,3,-0.734551727771759
68,LBFGS,4,-0.7489961981773376
68,LBFGS,5,-0.7540698051452637
68,LBFGS,6,-0.7570466995239258
68,LBFGS,7,-0.7586326003074646
68,LBFGS,8,-0.7595224380493164
68,LBFGS,9,-0.7600181698799133
68,LBFGS,10,-0.7602934837341309
68,LBFGS,11,-0.7604482173919678
68,LBFGS,12,-0.7605336904525757
68,LBFGS,13,-0.7605813145637512
68,LBFGS,14,-0.7606095671653748
68,LBFGS,15,-0.760622501373291
68,LBFGS,16,-0.7606332898139954
68,LBFGS,17,-0.7606372833251953
68,LBFGS,18,-0.760640561580658
68,LBFGS,19,-0.76064133644104
68,LBFGS,20,-0.7606415152549744
68,LBFGS,21,-0.7606416940689087
68,LBFGS,22,-0.7606417536735535
68,LBFGS,23,-0.7606419324874878
68,LBFGS,24,-0.7606419324874878
68,LBFGS,25,-0.7606419324874878
68,LBFGS,26,-0.7606419324874878
68,LBFGS,27,-0.7606419324874878
68,LBFGS,28,-0.7606419324874878
68,LBFGS,29,-0.7606419324874878
68,LBFGS,30,-0.7606419324874878
68,LBFGS,31,-0.7606419324874878
68,LBFGS,32,-0.7606419324874878
68,LBFGS,33,-0.7606419324874878
68,LBFGS,34,-0.7606419324874878
68,LBFGS,35,-0.7606419324874878
68,LBFGS,36,-0.7606419324874878
68,LBFGS,37,-0.7606419324874878
68,LBFGS,38,-0.7606419324874878
68,LBFGS,39,-0.7606419324874878
68,LBFGS,40,-0.7606419324874878
68,LBFGS,41,-0.7606419324874878
68,LBFGS,42,-0.7606419324874878
68,LBFGS,43,-0.7606419324874878
68,LBFGS,44,-0.7606419324874878
68,LBFGS,45,-0.7606419324874878
68,LBFGS,46,-0.7606419324874878
68,LBFGS,47,-0.7606419324874878
68,LBFGS,48,-0.7606419324874878
68,LBFGS,49,-0.7606419324874878
68,LBFGS,50,-0.7606419324874878
68,LBFGS,51,-0.7606419324874878
68,LBFGS,52,-0.7606419324874878
68,LBFGS,53,-0.7606419324874878
68,LBFGS,54,-0.7606419324874878
68,LBFGS,55,-0.7606419324874878
68,LBFGS,56,-0.7606419324874878
68,LBFGS,57,-0.7606419324874878
68,LBFGS,58,-0.7606419324874878
68,LBFGS,59,-0.7606419324874878
68,LBFGS,60,-0.7606419324874878
68,PSO,1,-0.6714468598365784
68,PSO,2,-0.7215391993522644
68,PSO,3,-0.7402205467224121
68,PSO,4,-0.7448899149894714
68,PSO,5,-0.7488133907318115
68,PSO,6,-0.7582314610481262
68,PSO,7,-0.7606418132781982
68,PSO,8,-0.7606418132781982
68,PSO,9,-0.7606418132781982
68,PSO,10,-0.7606418132781982
68,PSO,11,-0.7606418132781982
68,PSO,12,-0.7606418132781982
68,PSO,13,-0.7606418132781982
68,PSO,14,-0.7606418132781982
68,PSO,15,-0.7606418132781982
68,PSO,16,-0.7606418132781982
68,PSO,17,-0.7606418132781982
68,PSO,18,-0.7606418132781982
68,PSO,19,-0.7606418132781982
68,PSO,20,-0.7606418132781982
68,PSO,21,-0.7606418132781982
68,PSO,22,-0.7606418132781982
68,PSO,23,-0.7606418132781982
68,PSO,24,-0.7606418132781982
68,PSO,25,-0.7606418132781982
68,PSO,26,-0.7606418132781982
68,PSO,27,-0.7606418132781982
68,PSO,28,-0.7606418132781982
68,PSO,29,-0.7606418132781982
68,PSO,30,-0.7606418132781982
68,PSO,31,-0.7606418132781982
68,PSO,32,-0.7606418132781982
68,PSO,33,-0.7606418132781982
68,PSO,34,-0.7606418132781982
68,PSO,35,-0.7606418132781982
68,PSO,36,-0.7606418132781982
68,PSO,37,-0.7606418132781982
68,PSO,38,-0.7606418132781982
68,PSO,39,-0.7606418132781982
68,PSO,40,-0.7606418132781982
68,PSO,41,-0.7606418132781982
68,PSO,42,-0.7606418132781982
68,PSO,43,-0.7606418132781982
68,PSO,44,-0.7606418132781982
68,PSO,45,-0.7606418132781982
68,PSO,46,-0.7606418132781982
68,PSO,47,-0.7606418132781982
68,PSO,48,-0.7606418132781982
68,PSO,49,-0.7606418132781982
68,PSO,50,-0.7606418132781982
68,PSO,51,-0.7606418132781982
68,PSO,52,-0.7606418132781982
68,PSO,53,-0.7606418132781982
68,PSO,54,-0.7606418132781982
68,PSO,55,-0.7606418132781982
68,PSO,56,-0.7606418132781982
68,PSO,57,-0.7606418132781982
68,PSO,58,-0.7606418132781982
68,PSO,59,-0.7606418132781982
68,PSO,60,-0.7606418132781982
68,DE,1,-0.5871228575706482
68,DE,2,-0.64113450050354
68,DE,3,-0.6487512588500977
68,DE,4,-0.6856092214584351
68,DE,5,-0.701997697353363
68,DE,6,-0.701997697353363
68,DE,7,-0.7085034847259521
68,DE,8,-0.7085034847259521
68,DE,9,-0.7174230813980103
68,DE,10,-0.7408691048622131
68,DE,11,-0.7408691048622131
68,DE,12,-0.7477312684059143
68,DE,13,-0.7477312684059143
68,DE,14,-0.7477312684059143
68,DE,15,-0.7477312684059143
68,DE,16,-0.7477312684059143
68,DE,17,-0.7477312684059143
68,DE,18,-0.7502012848854065
68,DE,19,-0.7502012848854065
68,DE,20,-0.7502012848854065
68,DE,21,-0.7502012848854065
68,DE,22,-0.7502471804618835
68,DE,23,-0.7565304040908813
68,DE,24,-0.7565304040908813
68,DE,25,-0.7565304040908813
68,DE,26,-0.7565304040908813
68,DE,27,-0.7565304040908813
68,DE,28,-0.7565304040908813
68,DE,29,-0.7565304040908813
68,DE,30,-0.7584367394447327
68,DE,31,-0.7584367394447327
68,DE,32,-0.7591434121131897
68,DE,33,-0.7591434121131897
68,DE,34,-0.7591434121131897
68,DE,35,-0.7591434121131897
68,DE,36,-0.7591434121131897
68,DE,37,-0.7591434121131897
68,DE,38,-0.7591434121131897
68,DE,39,-0.7591434121131897
68,DE,40,-0.7593163847923279
68,DE,41,-0.7593163847923279
68,DE,42,-0.7593163847923279
68,DE,43,-0.7594226002693176
68,DE,44,-0.7594226002693176
68,DE,45,-0.7594226002693176
68,DE,46,-0.7594226002693176
68,DE,47,-0.7594226002693176
68,DE,48,-0.7594226002693176
68,DE,49,-0.7594226002693176
68,DE,50,-0.7594630718231201
68,DE,51,-0.7597493529319763
68,DE,52,-0.7599661350250244
68,DE,53,-0.7600421905517578
68,DE,54,-0.7601991295814514
68,DE,55,-0.7601991295814514
68,DE,56,-0.7602150440216064
68,DE,57,-0.7602150440216064
68,DE,58,-0.7602150440216064
68,DE,59,-0.760223388671875
68,DE,60,-0.760223388671875
68,PSO+LBFGS,1,-0.696377158164978
68,PSO+LBFGS,2,-0.7250842452049255
68,PSO+LBFGS,3,-0.7456414103507996
68,PSO+LBFGS,4,-0.7459999918937683
68,PSO+LBFGS,5,-0.7534866333007812
68,PSO+LBFGS,6,-0.7596390247344971
68,PSO+LBFGS,7,-0.7606418132781982
68,PSO+LBFGS,8,-0.7606418132781982
68,PSO+LBFGS,9,-0.7606418132781982
68,PSO+LBFGS,10,-0.7606418132781982
68,PSO+LBFGS,11,-0.7606418132781982
68,PSO+LBFGS,12,-0.7606418132781982
68,PSO+LBFGS,13,-0.7606418132781982
68,PSO+LBFGS,14,-0.7606418132781982
68,PSO+LBFGS,15,-0.7606418132781982
68,PSO+LBFGS,16,-0.7606418132781982
68,PSO+LBFGS,17,-0.7606418132781982
68,PSO+LBFGS,18,-0.7606418132781982
68,PSO+LBFGS,19,-0.7606418132781982
68,PSO+LBFGS,20,-0.7606418132781982
68,PSO+LBFGS,21,-0.7606418132781982
68,PSO+LBFGS,22,-0.7606418132781982
68,PSO+LBFGS,23,-0.7606418132781982
68,PSO+LBFGS,24,-0.7606418132781982
68,PSO+LBFGS,25,-0.7606418132781982
68,PSO+LBFGS,26,-0.7606418132781982
68,PSO+LBFGS,27,-0.7606418132781982
68,PSO+LBFGS,28,-0.7606418132781982
68,PSO+LBFGS,29,-0.7606418132781982
68,PSO+LBFGS,30,-0.7606418132781982
68,PSO+LBFGS,31,-0.7606418132781982
68,PSO+LBFGS,32,-0.7606418132781982
68,PSO+LBFGS,33,-0.7606418132781982
68,PSO+LBFGS,34,-0.7606418132781982
68,PSO+LBFGS,35,-0.7606418132781982
68,PSO+LBFGS,36,-0.7606418132781982
68,PSO+LBFGS,37,-0.7606418132781982
68,PSO+LBFGS,38,-0.7606418132781982
68,PSO+LBFGS,39,-0.7606418132781982
68,PSO+LBFGS,40,-0.7606418132781982
68,PSO+LBFGS,41,-0.7606418132781982
68,PSO+LBFGS,42,-0.7606418132781982
68,PSO+LBFGS,43,-0.7606418132781982
68,PSO+LBFGS,44,-0.7606418132781982
68,PSO+LBFGS,45,-0.7606418132781982
68,PSO+LBFGS,46,-0.7606418132781982
68,PSO+LBFGS,47,-0.7606418132781982
68,PSO+LBFGS,48,-0.7606418132781982
68,PSO+LBFGS,49,-0.7606418132781982
68,PSO+LBFGS,50,-0.7606418132781982
68,PSO+LBFGS,51,-0.7606418132781982
68,PSO+LBFGS,52,-0.7606418132781982
68,PSO+LBFGS,53,-0.7606418132781982
68,PSO+LBFGS,54,-0.7606418132781982
68,PSO+LBFGS,55,-0.7606418132781982
68,PSO+LBFGS,56,-0.7606418132781982
68,PSO+LBFGS,57,-0.7606418132781982
68,PSO+LBFGS,58,-0.7606418132781982
68,PSO+LBFGS,59,-0.7606418132781982
68,PSO+LBFGS,60,-0.7606418132781982
69,Adam,1,-1.1058595180511475
69,Adam,2,-1.1130527257919312
69,Adam,3,-1.1201461553573608
69,Adam,4,-1.127129316329956
69,Adam,5,-1.1339882612228394
69,Adam,6,-1.1407126188278198
69,Adam,7,-1.1472883224487305
69,Adam,8,-1.1537055969238281
69,Adam,9,-1.1599557399749756
69,Adam,10,-1.166024923324585
69,Adam,11,-1.171913504600525
69,Adam,12,-1.177610158920288
69,Adam,13,-1.1831114292144775
69,Adam,14,-1.1884180307388306
69,Adam,15,-1.193519949913025
69,Adam,16,-1.1984224319458008
69,Adam,17,-1.2031227350234985
69,Adam,18,-1.207625150680542
69,Adam,19,-1.211925745010376
69,Adam,20,-1.2160327434539795
69,Adam,21,-1.219948410987854
69,Adam,22,-1.2236772775650024
69,Adam,23,-1.2272225618362427
69,Adam,24,-1.230593204498291
69,Adam,25,-1.2337929010391235
69,Adam,26,-1.236826777458191
69,Adam,27,-1.2397018671035767
69,Adam,28,-1.2424291372299194
69,Adam,29,-1.2450098991394043
69,Adam,30,-1.2474517822265625
69,Adam,31,-1.2497636079788208
69,Adam,32,-1.2519481182098389
69,Adam,33,-1.2540169954299927
69,Adam,34,-1.2559700012207031
69,Adam,35,-1.2578208446502686
69,Adam,36,-1.2595683336257935
69,Adam,37,-1.2612203359603882
69,Adam,38,-1.2627841234207153
69,Adam,39,-1.2642658948898315
69,Adam,40,-1.265665054321289
69,Adam,41,-1.266989827156067
69,Adam,42,-1.2682452201843262
69,Adam,43,-1.269433856010437
69,Adam,44,-1.2705602645874023
69,Adam,45,-1.2716286182403564
69,Adam,46,-1.2726441621780396
69,Adam,47,-1.2736055850982666
69,Adam,48,-1.2745201587677002
69,Adam,49,-1.2753881216049194
69,Adam,50,-1.2762128114700317
69,Adam,51,-1.27699875831604
69,Adam,52,-1.2777462005615234
69,Adam,53,-1.2784581184387207
69,Adam,54,-1.2791385650634766
69,Adam,55,-1.2797861099243164
69,Adam,56,-1.2804033756256104
69,Adam,57,-1.2809933423995972
69,Adam,58,-1.2815570831298828
69,Adam,59,-1.2820967435836792
69,Adam,60,-1.2826133966445923
69,LBFGS,1,-1.2254772186279297
69,LBFGS,2,-1.2799557447433472
69,LBFGS,3,-1.289949893951416
69,LBFGS,4,-1.2963532209396362
69,LBFGS,5,-1.2995049953460693
69,LBFGS,6,-1.3012466430664062
69,LBFGS,7,-1.3021876811981201
69,LBFGS,8,-1.3027068376541138
69,LBFGS,9,-1.3029913902282715
69,LBFGS,10,-1.3031508922576904
69,LBFGS,11,-1.3032368421554565
69,LBFGS,12,-1.3032699823379517
69,LBFGS,13,-1.3033123016357422
69,LBFGS,14,-1.3033267259597778
69,LBFGS,15,-1.3033350706100464
69,LBFGS,16,-1.3033387660980225
69,LBFGS,17,-1.3033430576324463
69,LBFGS,18,-1.3033446073532104
69,LBFGS,19,-1.3033447265625
69,LBFGS,20,-1.303344964981079
69,LBFGS,21,-1.3033452033996582
69,LBFGS,22,-1.3033453226089478
69,LBFGS,23,-1.3033453226089478
69,LBFGS,24,-1.3033453226089478
69,LBFGS,25,-1.3033453226089478
69,LBFGS,26,-1.3033453226089478
69,LBFGS,27,-1.3033453226089478
69,LBFGS,28,-1.3033453226089478
69,LBFGS,29,-1.3033453226089478
69,LBFGS,30,-1.3033453226089478
69,LBFGS,31,-1.3033453226089478
69,LBFGS,32,-1.3033453226089478
69,LBFGS,33,-1.3033453226089478
69,LBFGS,34,-1.3033453226089478
69,LBFGS,35,-1.3033453226089478
69,LBFGS,36,-1.3033453226089478
69,LBFGS,37,-1.3033453226089478
69,LBFGS,38,-1.3033453226089478
69,LBFGS,39,-1.3033453226089478
69,LBFGS,40,-1.3033453226089478
69,LBFGS,41,-1.3033453226089478
69,LBFGS,42,-1.3033453226089478
69,LBFGS,43,-1.3033453226089478
69,LBFGS,44,-1.3033453226089478
69,LBFGS,45,-1.3033453226089478
69,LBFGS,46,-1.3033453226089478
69,LBFGS,47,-1.3033453226089478
69,LBFGS,48,-1.3033453226089478
69,LBFGS,49,-1.3033453226089478
69,LBFGS,50,-1.3033453226089478
69,LBFGS,51,-1.3033453226089478
69,LBFGS,52,-1.3033453226089478
69,LBFGS,53,-1.3033453226089478
69,LBFGS,54,-1.3033453226089478
69,LBFGS,55,-1.3033453226089478
69,LBFGS,56,-1.3033453226089478
69,LBFGS,57,-1.3033453226089478
69,LBFGS,58,-1.3033453226089478
69,LBFGS,59,-1.3033453226089478
69,LBFGS,60,-1.3033453226089478
69,PSO,1,-1.2231669425964355
69,PSO,2,-1.257588505744934
69,PSO,3,-1.2795921564102173
69,PSO,4,-1.2922159433364868
69,PSO,5,-1.303320288658142
69,PSO,6,-1.3033403158187866
69,PSO,7,-1.3033422231674194
69,PSO,8,-1.3033428192138672
69,PSO,9,-1.3033452033996582
69,PSO,10,-1.3033452033996582
69,PSO,11,-1.3033454418182373
69,PSO,12,-1.3033454418182373
69,PSO,13,-1.3033454418182373
69,PSO,14,-1.3033454418182373
69,PSO,15,-1.3033454418182373
69,PSO,16,-1.3033454418182373
69,PSO,17,-1.3033454418182373
69,PSO,18,-1.3033454418182373
69,PSO,19,-1.3033454418182373
69,PSO,20,-1.3033454418182373
69,PSO,21,-1.3033454418182373
69,PSO,22,-1.3033454418182373
69,PSO,23,-1.3033454418182373
69,PSO,24,-1.3033454418182373
69,PSO,25,-1.3033454418182373
69,PSO,26,-1.3033454418182373
69,PSO,27,-1.3033454418182373
69,PSO,28,-1.3033454418182373
69,PSO,29,-1.3033454418182373
69,PSO,30,-1.3033454418182373
69,PSO,31,-1.3033454418182373
69,PSO,32,-1.3033454418182373
69,PSO,33,-1.3033454418182373
69,PSO,34,-1.3033454418182373
69,PSO,35,-1.3033455610275269
69,PSO,36,-1.3033455610275269
69,PSO,37,-1.3033455610275269
69,PSO,38,-1.3033455610275269
69,PSO,39,-1.3033455610275269
69,PSO,40,-1.3033455610275269
69,PSO,41,-1.3033455610275269
69,PSO,42,-1.3033455610275269
69,PSO,43,-1.3033455610275269
69,PSO,44,-1.3033455610275269
69,PSO,45,-1.3033455610275269
69,PSO,46,-1.3033455610275269
69,PSO,47,-1.3033455610275269
69,PSO,48,-1.3033455610275269
69,PSO,49,-1.3033455610275269
69,PSO,50,-1.3033455610275269
69,PSO,51,-1.3033455610275269
69,PSO,52,-1.3033455610275269
69,PSO,53,-1.3033455610275269
69,PSO,54,-1.3033455610275269
69,PSO,55,-1.3033455610275269
69,PSO,56,-1.3033455610275269
69,PSO,57,-1.3033455610275269
69,PSO,58,-1.3033455610275269
69,PSO,59,-1.3033455610275269
69,PSO,60,-1.3033455610275269
69,DE,1,-1.2519497871398926
69,DE,2,-1.2539676427841187
69,DE,3,-1.2539676427841187
69,DE,4,-1.2733665704727173
69,DE,5,-1.2733665704727173
69,DE,6,-1.2742116451263428
69,DE,7,-1.2742116451263428
69,DE,8,-1.2761459350585938
69,DE,9,-1.2761459350585938
69,DE,10,-1.2835673093795776
69,DE,11,-1.285364031791687
69,DE,12,-1.2912883758544922
69,DE,13,-1.2912883758544922
69,DE,14,-1.2950022220611572
69,DE,15,-1.2950022220611572
69,DE,16,-1.2950022220611572
69,DE,17,-1.2950022220611572
69,DE,18,-1.2950022220611572
69,DE,19,-1.2950022220611572
69,DE,20,-1.2971534729003906
69,DE,21,-1.2971534729003906
69,DE,22,-1.2971534729003906
69,DE,23,-1.2980613708496094
69,DE,24,-1.2980729341506958
69,DE,25,-1.2994141578674316
69,DE,26,-1.2994141578674316
69,DE,27,-1.300063967704773
69,DE,28,-1.3006106615066528
69,DE,29,-1.3006106615066528
69,DE,30,-1.3006106615066528
69,DE,31,-1.30094313621521
69,DE,32,-1.3010557889938354
69,DE,33,-1.3010557889938354
69,DE,34,-1.3011302947998047
69,DE,35,-1.3016808032989502
69,DE,36,-1.301918387413025
69,DE,37,-1.301918387413025
69,DE,38,-1.301918387413025
69,DE,39,-1.3019816875457764
69,DE,40,-1.3019816875457764
69,DE,41,-1.3022178411483765
69,DE,42,-1.3023282289505005
69,DE,43,-1.3023282289505005
69,DE,44,-1.3025827407836914
69,DE,45,-1.3027970790863037
69,DE,46,-1.3029078245162964
69,DE,47,-1.3029255867004395
69,DE,48,-1.3029255867004395
69,DE,49,-1.3029730319976807
69,DE,50,-1.3029730319976807
69,DE,51,-1.3029866218566895
69,DE,52,-1.303139567375183
69,DE,53,-1.3031975030899048
69,DE,54,-1.3032280206680298
69,DE,55,-1.3032280206680298
69,DE,56,-1.3032280206680298
69,DE,57,-1.3032280206680298
69,DE,58,-1.3032560348510742
69,DE,59,-1.3032678365707397
69,DE,60,-1.3032678365707397
69,PSO+LBFGS,1,-1.2475526332855225
69,PSO+LBFGS,2,-1.291128396987915
69,PSO+LBFGS,3,-1.3033443689346313
69,PSO+LBFGS,4,-1.3033443689346313
69,PSO+LBFGS,5,-1.3033443689346313
69,PSO+LBFGS,6,-1.3033450841903687
69,PSO+LBFGS,7,-1.3033453226089478
69,PSO+LBFGS,8,-1.3033453226089478
69,PSO+LBFGS,9,-1.3033454418182373
69,PSO+LBFGS,10,-1.3033454418182373
69,PSO+LBFGS,11,-1.3033454418182373
69,PSO+LBFGS,12,-1.3033454418182373
69,PSO+LBFGS,13,-1.3033454418182373
69,PSO+LBFGS,14,-1.3033454418182373
69,PSO+LBFGS,15,-1.3033454418182373
69,PSO+LBFGS,16,-1.3033454418182373
69,PSO+LBFGS,17,-1.3033454418182373
69,PSO+LBFGS,18,-1.3033454418182373
69,PSO+LBFGS,19,-1.3033454418182373
69,PSO+LBFGS,20,-1.3033454418182373
69,PSO+LBFGS,21,-1.3033454418182373
69,PSO+LBFGS,22,-1.3033454418182373
69,PSO+LBFGS,23,-1.3033454418182373
69,PSO+LBFGS,24,-1.3033454418182373
69,PSO+LBFGS,25,-1.3033454418182373
69,PSO+LBFGS,26,-1.3033454418182373
69,PSO+LBFGS,27,-1.3033454418182373
69,PSO+LBFGS,28,-1.3033454418182373
69,PSO+LBFGS,29,-1.3033455610275269
69,PSO+LBFGS,30,-1.3033455610275269
69,PSO+LBFGS,31,-1.3033455610275269
69,PSO+LBFGS,32,-1.3033455610275269
69,PSO+LBFGS,33,-1.3033455610275269
69,PSO+LBFGS,34,-1.3033455610275269
69,PSO+LBFGS,35,-1.3033455610275269
69,PSO+LBFGS,36,-1.3033455610275269
69,PSO+LBFGS,37,-1.3033455610275269
69,PSO+LBFGS,38,-1.3033455610275269
69,PSO+LBFGS,39,-1.3033455610275269
69,PSO+LBFGS,40,-1.3033455610275269
69,PSO+LBFGS,41,-1.3033453226089478
69,PSO+LBFGS,42,-1.3033453226089478
69,PSO+LBFGS,43,-1.3033453226089478
69,PSO+LBFGS,44,-1.3033453226089478
69,PSO+LBFGS,45,-1.3033453226089478
69,PSO+LBFGS,46,-1.3033453226089478
69,PSO+LBFGS,47,-1.3033453226089478
69,PSO+LBFGS,48,-1.3033453226089478
69,PSO+LBFGS,49,-1.3033453226089478
69,PSO+LBFGS,50,-1.3033453226089478
69,PSO+LBFGS,51,-1.3033453226089478
69,PSO+LBFGS,52,-1.3033453226089478
69,PSO+LBFGS,53,-1.3033453226089478
69,PSO+LBFGS,54,-1.3033453226089478
69,PSO+LBFGS,55,-1.3033453226089478
69,PSO+LBFGS,56,-1.3033453226089478
69,PSO+LBFGS,57,-1.3033453226089478
69,PSO+LBFGS,58,-1.3033453226089478
69,PSO+LBFGS,59,-1.3033453226089478
69,PSO+LBFGS,60,-1.3033453226089478
70,Adam,1,-1.659888744354248
70,Adam,2,-1.6632251739501953
70,Adam,3,-1.6664899587631226
70,Adam,4,-1.6696794033050537
70,Adam,5,-1.6727880239486694
70,Adam,6,-1.6758102178573608
70,Adam,7,-1.678742527961731
70,Adam,8,-1.6815816164016724
70,Adam,9,-1.6843229532241821
70,Adam,10,-1.6869676113128662
70,Adam,11,-1.6895116567611694
70,Adam,12,-1.69195556640625
70,Adam,13,-1.6942981481552124
70,Adam,14,-1.6965405941009521
70,Adam,15,-1.698683500289917
70,Adam,16,-1.7007287740707397
70,Adam,17,-1.7026774883270264
70,Adam,18,-1.7045352458953857
70,Adam,19,-1.7062994241714478
70,Adam,20,-1.7079769372940063
70,Adam,21,-1.7095690965652466
70,Adam,22,-1.7110792398452759
70,Adam,23,-1.7125095129013062
70,Adam,24,-1.7138649225234985
70,Adam,25,-1.7151477336883545
70,Adam,26,-1.716360092163086
70,Adam,27,-1.7175078392028809
70,Adam,28,-1.7185932397842407
70,Adam,29,-1.7196176052093506
70,Adam,30,-1.7205862998962402
70,Adam,31,-1.721502423286438
70,Adam,32,-1.7223658561706543
70,Adam,33,-1.7231831550598145
70,Adam,34,-1.7239551544189453
70,Adam,35,-1.7246845960617065
70,Adam,36,-1.7253726720809937
70,Adam,37,-1.7260249853134155
70,Adam,38,-1.726641058921814
70,Adam,39,-1.7272231578826904
70,Adam,40,-1.7277735471725464
70,Adam,41,-1.728296160697937
70,Adam,42,-1.7287894487380981
70,Adam,43,-1.7292581796646118
70,Adam,44,-1.7297017574310303
70,Adam,45,-1.7301212549209595
70,Adam,46,-1.7305220365524292
70,Adam,47,-1.7309006452560425
70,Adam,48,-1.731261134147644
70,Adam,49,-1.7316033840179443
70,Adam,50,-1.7319279909133911
70,Adam,51,-1.7322381734848022
70,Adam,52,-1.7325326204299927
70,Adam,53,-1.7328150272369385
70,Adam,54,-1.7330836057662964
70,Adam,55,-1.733338713645935
70,Adam,56,-1.7335835695266724
70,Adam,57,-1.7338168621063232
70,Adam,58,-1.7340420484542847
70,Adam,59,-1.7342554330825806
70,Adam,60,-1.7344595193862915
70,LBFGS,1,-1.71517014503479
70,LBFGS,2,-1.7302165031433105
70,LBFGS,3,-1.7364275455474854
70,LBFGS,4,-1.7395539283752441
70,LBFGS,5,-1.7410191297531128
70,LBFGS,6,-1.7418214082717896
70,LBFGS,7,-1.7422547340393066
70,LBFGS,8,-1.7423648834228516
70,LBFGS,9,-1.7425849437713623
70,LBFGS,10,-1.7426952123641968
70,LBFGS,11,-1.74272882938385
70,LBFGS,12,-1.7427743673324585
70,LBFGS,13,-1.7427916526794434
70,LBFGS,14,-1.7428048849105835
70,LBFGS,15,-1.7428100109100342
70,LBFGS,16,-1.7428135871887207
70,LBFGS,17,-1.7428160905838013
70,LBFGS,18,-1.7428169250488281
70,LBFGS,19,-1.7428172826766968
70,LBFGS,20,-1.7428175210952759
70,LBFGS,21,-1.7428176403045654
70,LBFGS,22,-1.7428176403045654
70,LBFGS,23,-1.7428176403045654
70,LBFGS,24,-1.7428176403045654
70,LBFGS,25,-1.7428176403045654
70,LBFGS,26,-1.7428176403045654
70,LBFGS,27,-1.7428176403045654
70,LBFGS,28,-1.7428176403045654
70,LBFGS,29,-1.7428176403045654
70,LBFGS,30,-1.7428176403045654
70,LBFGS,31,-1.7428176403045654
70,LBFGS,32,-1.7428176403045654
70,LBFGS,33,-1.7428176403045654
70,LBFGS,34,-1.7428176403045654
70,LBFGS,35,-1.7428176403045654
70,LBFGS,36,-1.7428176403045654
70,LBFGS,37,-1.7428176403045654
70,LBFGS,38,-1.7428176403045654
70,LBFGS,39,-1.7428176403045654
70,LBFGS,40,-1.7428176403045654
70,LBFGS,41,-1.7428176403045654
70,LBFGS,42,-1.7428176403045654
70,LBFGS,43,-1.7428176403045654
70,LBFGS,44,-1.7428176403045654
70,LBFGS,45,-1.7428176403045654
70,LBFGS,46,-1.7428176403045654
70,LBFGS,47,-1.7428176403045654
70,LBFGS,48,-1.7428176403045654
70,LBFGS,49,-1.7428176403045654
70,LBFGS,50,-1.7428176403045654
70,LBFGS,51,-1.7428176403045654
70,LBFGS,52,-1.7428176403045654
70,LBFGS,53,-1.7428176403045654
70,LBFGS,54,-1.7428176403045654
70,LBFGS,55,-1.7428176403045654
70,LBFGS,56,-1.7428176403045654
70,LBFGS,57,-1.7428176403045654
70,LBFGS,58,-1.7428176403045654
70,LBFGS,59,-1.7428176403045654
70,LBFGS,60,-1.7428176403045654
70,PSO,1,-1.7287498712539673
70,PSO,2,-1.7406294345855713
70,PSO,3,-1.7422345876693726
70,PSO,4,-1.7422345876693726
70,PSO,5,-1.7424921989440918
70,PSO,6,-1.742759108543396
70,PSO,7,-1.7428033351898193
70,PSO,8,-1.7428033351898193
70,PSO,9,-1.7428054809570312
70,PSO,10,-1.7428144216537476
70,PSO,11,-1.7428144216537476
70,PSO,12,-1.7428147792816162
70,PSO,13,-1.7428147792816162
70,PSO,14,-1.742815375328064
70,PSO,15,-1.74281644821167
70,PSO,16,-1.74281644821167
70,PSO,17,-1.7428168058395386
70,PSO,18,-1.7428171634674072
70,PSO,19,-1.7428171634674072
70,PSO,20,-1.7428171634674072
70,PSO,21,-1.7428174018859863
70,PSO,22,-1.7428175210952759
70,PSO,23,-1.742817759513855
70,PSO,24,-1.742817759513855
70,PSO,25,-1.742817759513855
70,PSO,26,-1.742817759513855
70,PSO,27,-1.742817759513855
70,PSO,28,-1.742817759513855
70,PSO,29,-1.742817759513855
70,PSO,30,-1.7428178787231445
70,PSO,31,-1.7428178787231445
70,PSO,32,-1.7428178787231445
70,PSO,33,-1.7428178787231445
70,PSO,34,-1.7428178787231445
70,PSO,35,-1.7428178787231445
70,PSO,36,-1.7428178787231445
70,PSO,37,-1.7428178787231445
70,PSO,38,-1.7428178787231445
70,PSO,39,-1.7428178787231445
70,PSO,40,-1.7428178787231445
70,PSO,41,-1.7428178787231445
70,PSO,42,-1.7428178787231445
70,PSO,43,-1.7428178787231445
70,PSO,44,-1.7428178787231445
70,PSO,45,-1.7428178787231445
70,PSO,46,-1.7428178787231445
70,PSO,47,-1.7428178787231445
70,PSO,48,-1.7428178787231445
70,PSO,49,-1.7428178787231445
70,PSO,50,-1.7428178787231445
70,PSO,51,-1.7428178787231445
70,PSO,52,-1.7428178787231445
70,PSO,53,-1.7428178787231445
70,PSO,54,-1.7428178787231445
70,PSO,55,-1.7428178787231445
70,PSO,56,-1.7428178787231445
70,PSO,57,-1.7428178787231445
70,PSO,58,-1.7428178787231445
70,PSO,59,-1.7428178787231445
70,PSO,60,-1.7428178787231445
70,DE,1,-1.73366117477417
70,DE,2,-1.73366117477417
70,DE,3,-1.73366117477417
70,DE,4,-1.73366117477417
70,DE,5,-1.7344157695770264
70,DE,6,-1.7397048473358154
70,DE,7,-1.7397048473358154
70,DE,8,-1.740862250328064
70,DE,9,-1.740862250328064
70,DE,10,-1.740862250328064
70,DE,11,-1.7412751913070679
70,DE,12,-1.7412751913070679
70,DE,13,-1.7412751913070679
70,DE,14,-1.7416484355926514
70,DE,15,-1.7416484355926514
70,DE,16,-1.7416484355926514
70,DE,17,-1.7416484355926514
70,DE,18,-1.7416484355926514
70,DE,19,-1.7416484355926514
70,DE,20,-1.7418632507324219
70,DE,21,-1.7418632507324219
70,DE,22,-1.7418632507324219
70,DE,23,-1.7418632507324219
70,DE,24,-1.7421529293060303
70,DE,25,-1.7423640489578247
70,DE,26,-1.7424330711364746
70,DE,27,-1.7424488067626953
70,DE,28,-1.7424488067626953
70,DE,29,-1.7425906658172607
70,DE,30,-1.7425906658172607
70,DE,31,-1.7425906658172607
70,DE,32,-1.7426577806472778
70,DE,33,-1.7427564859390259
70,DE,34,-1.7427564859390259
70,DE,35,-1.7427634000778198
70,DE,36,-1.7427634000778198
70,DE,37,-1.7427634000778198
70,DE,38,-1.7427634000778198
70,DE,39,-1.7427634000778198
70,DE,40,-1.7427634000778198
70,DE,41,-1.742781639099121
70,DE,42,-1.742781639099121
70,DE,43,-1.742781639099121
70,DE,44,-1.7427817583084106
70,DE,45,-1.7427855730056763
70,DE,46,-1.7427946329116821
70,DE,47,-1.7427951097488403
70,DE,48,-1.7427951097488403
70,DE,49,-1.7427951097488403
70,DE,50,-1.742796540260315
70,DE,51,-1.7427985668182373
70,DE,52,-1.7427985668182373
70,DE,53,-1.7428001165390015
70,DE,54,-1.7428113222122192
70,DE,55,-1.7428113222122192
70,DE,56,-1.7428113222122192
70,DE,57,-1.7428113222122192
70,DE,58,-1.7428113222122192
70,DE,59,-1.7428113222122192
70,DE,60,-1.7428113222122192
70,PSO+LBFGS,1,-1.7297205924987793
70,PSO+LBFGS,2,-1.7393780946731567
70,PSO+LBFGS,3,-1.7419171333312988
70,PSO+LBFGS,4,-1.7428011894226074
70,PSO+LBFGS,5,-1.7428011894226074
70,PSO+LBFGS,6,-1.7428085803985596
70,PSO+LBFGS,7,-1.7428085803985596
70,PSO+LBFGS,8,-1.7428162097930908
70,PSO+LBFGS,9,-1.7428162097930908
70,PSO+LBFGS,10,-1.7428162097930908
70,PSO+LBFGS,11,-1.7428162097930908
70,PSO+LBFGS,12,-1.7428168058395386
70,PSO+LBFGS,13,-1.7428176403045654
70,PSO+LBFGS,14,-1.7428176403045654
70,PSO+LBFGS,15,-1.7428176403045654
70,PSO+LBFGS,16,-1.7428176403045654
70,PSO+LBFGS,17,-1.7428176403045654
70,PSO+LBFGS,18,-1.7428176403045654
70,PSO+LBFGS,19,-1.7428176403045654
70,PSO+LBFGS,20,-1.742817759513855
70,PSO+LBFGS,21,-1.742817759513855
70,PSO+LBFGS,22,-1.742817759513855
70,PSO+LBFGS,23,-1.742817759513855
70,PSO+LBFGS,24,-1.742817759513855
70,PSO+LBFGS,25,-1.742817759513855
70,PSO+LBFGS,26,-1.742817759513855
70,PSO+LBFGS,27,-1.742817759513855
70,PSO+LBFGS,28,-1.742817759513855
70,PSO+LBFGS,29,-1.742817759513855
70,PSO+LBFGS,30,-1.7428178787231445
70,PSO+LBFGS,31,-1.7428178787231445
70,PSO+LBFGS,32,-1.7428178787231445
70,PSO+LBFGS,33,-1.7428178787231445
70,PSO+LBFGS,34,-1.7428178787231445
70,PSO+LBFGS,35,-1.7428178787231445
70,PSO+LBFGS,36,-1.7428178787231445
70,PSO+LBFGS,37,-1.7428178787231445
70,PSO+LBFGS,38,-1.7428178787231445
70,PSO+LBFGS,39,-1.7428178787231445
70,PSO+LBFGS,40,-1.7428178787231445
70,PSO+LBFGS,41,-1.7428176403045654
70,PSO+LBFGS,42,-1.7428176403045654
70,PSO+LBFGS,43,-1.7428176403045654
70,PSO+LBFGS,44,-1.7428176403045654
70,PSO+LBFGS,45,-1.7428176403045654
70,PSO+LBFGS,46,-1.7428176403045654
70,PSO+LBFGS,47,-1.7428176403045654
70,PSO+LBFGS,48,-1.7428176403045654
70,PSO+LBFGS,49,-1.7428176403045654
70,PSO+LBFGS,50,-1.7428176403045654
70,PSO+LBFGS,51,-1.7428176403045654
70,PSO+LBFGS,52,-1.7428176403045654
70,PSO+LBFGS,53,-1.7428176403045654
70,PSO+LBFGS,54,-1.7428176403045654
70,PSO+LBFGS,55,-1.7428176403045654
70,PSO+LBFGS,56,-1.7428176403045654
70,PSO+LBFGS,57,-1.7428176403045654
70,PSO+LBFGS,58,-1.7428176403045654
70,PSO+LBFGS,59,-1.7428176403045654
70,PSO+LBFGS,60,-1.7428176403045654
71,Adam,1,-1.8904588222503662
71,Adam,2,-1.894938588142395
71,Adam,3,-1.8993186950683594
71,Adam,4,-1.9035894870758057
71,Adam,5,-1.907747745513916
71,Adam,6,-1.911784052848816
71,Adam,7,-1.9156912565231323
71,Adam,8,-1.9194661378860474
71,Adam,9,-1.9231055974960327
71,Adam,10,-1.9266036748886108
71,Adam,11,-1.9299616813659668
71,Adam,12,-1.9331763982772827
71,Adam,13,-1.9362486600875854
71,Adam,14,-1.9391810894012451
71,Adam,15,-1.9419724941253662
71,Adam,16,-1.9446269273757935
71,Adam,17,-1.9471468925476074
71,Adam,18,-1.9495370388031006
71,Adam,19,-1.9518002271652222
71,Adam,20,-1.9539408683776855
71,Adam,21,-1.955964207649231
71,Adam,22,-1.9578750133514404
71,Adam,23,-1.9596774578094482
71,Adam,24,-1.9613783359527588
71,Adam,25,-1.962981104850769
71,Adam,26,-1.9644917249679565
71,Adam,27,-1.965914249420166
71,Adam,28,-1.9672538042068481
71,Adam,29,-1.9685156345367432
71,Adam,30,-1.969704031944275
71,Adam,31,-1.9708218574523926
71,Adam,32,-1.9718760251998901
71,Adam,33,-1.9728682041168213
71,Adam,34,-1.9738022089004517
71,Adam,35,-1.9746824502944946
71,Adam,36,-1.975511908531189
71,Adam,37,-1.9762932062149048
71,Adam,38,-1.9770314693450928
71,Adam,39,-1.9777272939682007
71,Adam,40,-1.9783844947814941
71,Adam,41,-1.9790059328079224
71,Adam,42,-1.9795925617218018
71,Adam,43,-1.9801477193832397
71,Adam,44,-1.9806727170944214
71,Adam,45,-1.9811716079711914
71,Adam,46,-1.9816421270370483
71,Adam,47,-1.9820895195007324
71,Adam,48,-1.9825143814086914
71,Adam,49,-1.982915997505188
71,Adam,50,-1.983299732208252
71,Adam,51,-1.9836641550064087
71,Adam,52,-1.9840097427368164
71,Adam,53,-1.9843393564224243
71,Adam,54,-1.9846538305282593
71,Adam,55,-1.9849542379379272
71,Adam,56,-1.9852408170700073
71,Adam,57,-1.9855149984359741
71,Adam,58,-1.9857755899429321
71,Adam,59,-1.9860267639160156
71,Adam,60,-1.986264705657959
71,LBFGS,1,-1.945192575454712
71,LBFGS,2,-1.98206627368927
71,LBFGS,3,-1.9881699085235596
71,LBFGS,4,-1.9921141862869263
71,LBFGS,5,-1.9939844608306885
71,LBFGS,6,-1.9950206279754639
71,LBFGS,7,-1.9955809116363525
71,LBFGS,8,-1.9958915710449219
71,LBFGS,9,-1.9960639476776123
71,LBFGS,10,-1.9961016178131104
71,LBFGS,11,-1.9961885213851929
71,LBFGS,12,-1.9962297677993774
71,LBFGS,13,-1.9962469339370728
71,LBFGS,14,-1.996262788772583
71,LBFGS,15,-1.9962689876556396
71,LBFGS,16,-1.9962739944458008
71,LBFGS,17,-1.996274709701538
71,LBFGS,18,-1.9962774515151978
71,LBFGS,19,-1.9962774515151978
71,LBFGS,20,-1.9962780475616455
71,LBFGS,21,-1.9962780475616455
71,LBFGS,22,-1.9962780475616455
71,LBFGS,23,-1.9962780475616455
71,LBFGS,24,-1.9962780475616455
71,LBFGS,25,-1.9962780475616455
71,LBFGS,26,-1.9962780475616455
71,LBFGS,27,-1.9962780475616455
71,LBFGS,28,-1.9962780475616455
71,LBFGS,29,-1.9962780475616455
71,LBFGS,30,-1.9962780475616455
71,LBFGS,31,-1.9962780475616455
71,LBFGS,32,-1.9962780475616455
71,LBFGS,33,-1.9962780475616455
71,LBFGS,34,-1.9962780475616455
71,LBFGS,35,-1.9962780475616455
71,LBFGS,36,-1.9962780475616455
71,LBFGS,37,-1.9962780475616455
71,LBFGS,38,-1.9962780475616455
71,LBFGS,39,-1.9962780475616455
71,LBFGS,40,-1.9962780475616455
71,LBFGS,41,-1.9962780475616455
71,LBFGS,42,-1.9962780475616455
71,LBFGS,43,-1.9962780475616455
71,LBFGS,44,-1.9962780475616455
71,LBFGS,45,-1.9962780475616455
71,LBFGS,46,-1.9962780475616455
71,LBFGS,47,-1.9962780475616455
71,LBFGS,48,-1.9962780475616455
71,LBFGS,49,-1.9962780475616455
71,LBFGS,50,-1.9962780475616455
71,LBFGS,51,-1.9962780475616455
71,LBFGS,52,-1.9962780475616455
71,LBFGS,53,-1.9962780475616455
71,LBFGS,54,-1.9962780475616455
71,LBFGS,55,-1.9962780475616455
71,LBFGS,56,-1.9962780475616455
71,LBFGS,57,-1.9962780475616455
71,LBFGS,58,-1.9962780475616455
71,LBFGS,59,-1.9962780475616455
71,LBFGS,60,-1.9962780475616455
71,PSO,1,-1.96916925907135
71,PSO,2,-1.990983247756958
71,PSO,3,-1.9935487508773804
71,PSO,4,-1.9948842525482178
71,PSO,5,-1.9948842525482178
71,PSO,6,-1.9948842525482178
71,PSO,7,-1.9948842525482178
71,PSO,8,-1.9948842525482178
71,PSO,9,-1.9948842525482178
71,PSO,10,-1.9948842525482178
71,PSO,11,-1.9948842525482178
71,PSO,12,-1.9948842525482178
71,PSO,13,-1.9948842525482178
71,PSO,14,-1.9948842525482178
71,PSO,15,-1.9948842525482178
71,PSO,16,-1.9948842525482178
71,PSO,17,-1.9948842525482178
71,PSO,18,-1.9948842525482178
71,PSO,19,-1.9948842525482178
71,PSO,20,-1.9948842525482178
71,PSO,21,-1.9948842525482178
71,PSO,22,-1.9948842525482178
71,PSO,23,-1.9948842525482178
71,PSO,24,-1.9948842525482178
71,PSO,25,-1.9948842525482178
71,PSO,26,-1.9948842525482178
71,PSO,27,-1.9948842525482178
71,PSO,28,-1.9948842525482178
71,PSO,29,-1.9948842525482178
71,PSO,30,-1.9948842525482178
71,PSO,31,-1.9948842525482178
71,PSO,32,-1.9948842525482178
71,PSO,33,-1.9948842525482178
71,PSO,34,-1.9948842525482178
71,PSO,35,-1.9948842525482178
71,PSO,36,-1.9948842525482178
71,PSO,37,-1.9948842525482178
71,PSO,38,-1.9948842525482178
71,PSO,39,-1.9948842525482178
71,PSO,40,-1.9948842525482178
71,PSO,41,-1.9948842525482178
71,PSO,42,-1.9948842525482178
71,PSO,43,-1.9948842525482178
71,PSO,44,-1.9948842525482178
71,PSO,45,-1.9948842525482178
71,PSO,46,-1.9948842525482178
71,PSO,47,-1.9948842525482178
71,PSO,48,-1.9948842525482178
71,PSO,49,-1.9948842525482178
71,PSO,50,-1.9948842525482178
71,PSO,51,-1.9948842525482178
71,PSO,52,-1.9948842525482178
71,PSO,53,-1.9948842525482178
71,PSO,54,-1.9948842525482178
71,PSO,55,-1.9948842525482178
71,PSO,56,-1.9948842525482178
71,PSO,57,-1.9948842525482178
71,PSO,58,-1.9948842525482178
71,PSO,59,-1.9948842525482178
71,PSO,60,-1.9948842525482178
71,DE,1,-1.9529587030410767
71,DE,2,-1.9529587030410767
71,DE,3,-1.964282751083374
71,DE,4,-1.9713490009307861
71,DE,5,-1.9772937297821045
71,DE,6,-1.9822365045547485
71,DE,7,-1.9822365045547485
71,DE,8,-1.9822633266448975
71,DE,9,-1.9881614446640015
71,DE,10,-1.9916452169418335
71,DE,11,-1.9927880764007568
71,DE,12,-1.9927880764007568
71,DE,13,-1.9927880764007568
71,DE,14,-1.9927880764007568
71,DE,15,-1.993626356124878
71,DE,16,-1.9946379661560059
71,DE,17,-1.9946379661560059
71,DE,18,-1.9954160451889038
71,DE,19,-1.9958521127700806
71,DE,20,-1.9958521127700806
71,DE,21,-1.9958922863006592
71,DE,22,-1.9958922863006592
71,DE,23,-1.995927333831787
71,DE,24,-1.995927333831787
71,DE,25,-1.9960073232650757
71,DE,26,-1.9960952997207642
71,DE,27,-1.9960952997207642
71,DE,28,-1.9961297512054443
71,DE,29,-1.9961854219436646
71,DE,30,-1.9961854219436646
71,DE,31,-1.9961854219436646
71,DE,32,-1.9961854219436646
71,DE,33,-1.9962152242660522
71,DE,34,-1.9962152242660522
71,DE,35,-1.9962483644485474
71,DE,36,-1.9962483644485474
71,DE,37,-1.9962483644485474
71,DE,38,-1.9962483644485474
71,DE,39,-1.9962483644485474
71,DE,40,-1.9962483644485474
71,DE,41,-1.9962539672851562
71,DE,42,-1.9962544441223145
71,DE,43,-1.9962544441223145
71,DE,44,-1.9962544441223145
71,DE,45,-1.996263027191162
71,DE,46,-1.9962702989578247
71,DE,47,-1.9962702989578247
71,DE,48,-1.9962702989578247
71,DE,49,-1.9962702989578247
71,DE,50,-1.9962743520736694
71,DE,51,-1.9962743520736694
71,DE,52,-1.9962743520736694
71,DE,53,-1.9962743520736694
71,DE,54,-1.9962743520736694
71,DE,55,-1.9962743520736694
71,DE,56,-1.9962743520736694
71,DE,57,-1.996274709701538
71,DE,58,-1.996275782585144
71,DE,59,-1.996276617050171
71,DE,60,-1.996276617050171
71,PSO+LBFGS,1,-1.9891563653945923
71,PSO+LBFGS,2,-1.9962446689605713
71,PSO+LBFGS,3,-1.9962446689605713
71,PSO+LBFGS,4,-1.9962446689605713
71,PSO+LBFGS,5,-1.9962602853775024
71,PSO+LBFGS,6,-1.9962602853775024
71,PSO+LBFGS,7,-1.9962708950042725
71,PSO+LBFGS,8,-1.9962708950042725
71,PSO+LBFGS,9,-1.9962718486785889
71,PSO+LBFGS,10,-1.9962741136550903
71,PSO+LBFGS,11,-1.9962741136550903
71,PSO+LBFGS,12,-1.9962756633758545
71,PSO+LBFGS,13,-1.9962772130966187
71,PSO+LBFGS,14,-1.9962772130966187
71,PSO+LBFGS,15,-1.9962773323059082
71,PSO+LBFGS,16,-1.9962773323059082
71,PSO+LBFGS,17,-1.9962776899337769
71,PSO+LBFGS,18,-1.9962776899337769
71,PSO+LBFGS,19,-1.9962778091430664
71,PSO+LBFGS,20,-1.9962780475616455
71,PSO+LBFGS,21,-1.9962780475616455
71,PSO+LBFGS,22,-1.9962780475616455
71,PSO+LBFGS,23,-1.996278166770935
71,PSO+LBFGS,24,-1.996278166770935
71,PSO+LBFGS,25,-1.996278166770935
71,PSO+LBFGS,26,-1.996278166770935
71,PSO+LBFGS,27,-1.996278166770935
71,PSO+LBFGS,28,-1.996278166770935
71,PSO+LBFGS,29,-1.996278166770935
71,PSO+LBFGS,30,-1.9962784051895142
71,PSO+LBFGS,31,-1.9962784051895142
71,PSO+LBFGS,32,-1.9962784051895142
71,PSO+LBFGS,33,-1.9962784051895142
71,PSO+LBFGS,34,-1.9962784051895142
71,PSO+LBFGS,35,-1.9962784051895142
71,PSO+LBFGS,36,-1.9962784051895142
71,PSO+LBFGS,37,-1.9962784051895142
71,PSO+LBFGS,38,-1.9962784051895142
71,PSO+LBFGS,39,-1.9962784051895142
71,PSO+LBFGS,40,-1.9962784051895142
71,PSO+LBFGS,41,-1.996277928352356
71,PSO+LBFGS,42,-1.996277928352356
71,PSO+LBFGS,43,-1.996277928352356
71,PSO+LBFGS,44,-1.996277928352356
71,PSO+LBFGS,45,-1.996277928352356
71,PSO+LBFGS,46,-1.996277928352356
71,PSO+LBFGS,47,-1.996277928352356
71,PSO+LBFGS,48,-1.996277928352356
71,PSO+LBFGS,49,-1.996277928352356
71,PSO+LBFGS,50,-1.996277928352356
71,PSO+LBFGS,51,-1.996277928352356
71,PSO+LBFGS,52,-1.996277928352356
71,PSO+LBFGS,53,-1.996277928352356
71,PSO+LBFGS,54,-1.996277928352356
71,PSO+LBFGS,55,-1.996277928352356
71,PSO+LBFGS,56,-1.996277928352356
71,PSO+LBFGS,57,-1.996277928352356
71,PSO+LBFGS,58,-1.996277928352356
71,PSO+LBFGS,59,-1.996277928352356
71,PSO+LBFGS,60,-1.996277928352356
72,Adam,1,-1.2757185697555542
72,Adam,2,-1.2805722951889038
72,Adam,3,-1.285356879234314
72,Adam,4,-1.2900645732879639
72,Adam,5,-1.2946844100952148
72,Adam,6,-1.299209713935852
72,Adam,7,-1.303633213043213
72,Adam,8,-1.3079476356506348
72,Adam,9,-1.3121471405029297
72,Adam,10,-1.3162271976470947
72,Adam,11,-1.3201823234558105
72,Adam,12,-1.3240100145339966
72,Adam,13,-1.3277076482772827
72,Adam,14,-1.3312735557556152
72,Adam,15,-1.334706425666809
72,Adam,16,-1.3380062580108643
72,Adam,17,-1.3411734104156494
72,Adam,18,-1.34420907497406
72,Adam,19,-1.3471148014068604
72,Adam,20,-1.3498923778533936
72,Adam,21,-1.3525447845458984
72,Adam,22,-1.3550746440887451
72,Adam,23,-1.3574845790863037
72,Adam,24,-1.359779715538025
72,Adam,25,-1.3619624376296997
72,Adam,26,-1.364037275314331
72,Adam,27,-1.3660075664520264
72,Adam,28,-1.3678791522979736
72,Adam,29,-1.369653582572937
72,Adam,30,-1.3713374137878418
72,Adam,31,-1.372933268547058
72,Adam,32,-1.3744460344314575
72,Adam,33,-1.3758792877197266
72,Adam,34,-1.3772368431091309
72,Adam,35,-1.378522276878357
72,Adam,36,-1.3797404766082764
72,Adam,37,-1.3808945417404175
72,Adam,38,-1.3819868564605713
72,Adam,39,-1.383021593093872
72,Adam,40,-1.384002685546875
72,Adam,41,-1.3849314451217651
72,Adam,42,-1.3858124017715454
72,Adam,43,-1.386646032333374
72,Adam,44,-1.387438416481018
72,Adam,45,-1.3881895542144775
72,Adam,46,-1.3889018297195435
72,Adam,47,-1.3895776271820068
72,Adam,48,-1.3902201652526855
72,Adam,49,-1.390831470489502
72,Adam,50,-1.3914114236831665
72,Adam,51,-1.3919634819030762
72,Adam,52,-1.3924895524978638
72,Adam,53,-1.3929905891418457
72,Adam,54,-1.393468976020813
72,Adam,55,-1.3939248323440552
72,Adam,56,-1.394360065460205
72,Adam,57,-1.394775629043579
72,Adam,58,-1.3951736688613892
72,Adam,59,-1.3955532312393188
72,Adam,60,-1.3959180116653442
72,LBFGS,1,-1.3703761100769043
72,LBFGS,2,-1.394878625869751
72,LBFGS,3,-1.4022051095962524
72,LBFGS,4,-1.4062079191207886
72,LBFGS,5,-1.408186435699463
72,LBFGS,6,-1.4092556238174438
72,LBFGS,7,-1.4097458124160767
72,LBFGS,8,-1.4101694822311401
72,LBFGS,9,-1.4103232622146606
72,LBFGS,10,-1.4104238748550415
72,LBFGS,11,-1.4104708433151245
72,LBFGS,12,-1.4105092287063599
72,LBFGS,13,-1.4105277061462402
72,LBFGS,14,-1.4105358123779297
72,LBFGS,15,-1.4105418920516968
72,LBFGS,16,-1.4105446338653564
72,LBFGS,17,-1.4105464220046997
72,LBFGS,18,-1.4105479717254639
72,LBFGS,19,-1.4105486869812012
72,LBFGS,20,-1.4105486869812012
72,LBFGS,21,-1.4105486869812012
72,LBFGS,22,-1.4105486869812012
72,LBFGS,23,-1.4105486869812012
72,LBFGS,24,-1.4105486869812012
72,LBFGS,25,-1.4105486869812012
72,LBFGS,26,-1.4105486869812012
72,LBFGS,27,-1.4105486869812012
72,LBFGS,28,-1.4105486869812012
72,LBFGS,29,-1.4105486869812012
72,LBFGS,30,-1.4105486869812012
72,LBFGS,31,-1.4105486869812012
72,LBFGS,32,-1.4105486869812012
72,LBFGS,33,-1.4105486869812012
72,LBFGS,34,-1.4105486869812012
72,LBFGS,35,-1.4105486869812012
72,LBFGS,36,-1.4105486869812012
72,LBFGS,37,-1.4105486869812012
72,LBFGS,38,-1.4105486869812012
72,LBFGS,39,-1.4105486869812012
72,LBFGS,40,-1.4105486869812012
72,LBFGS,41,-1.4105486869812012
72,LBFGS,42,-1.4105486869812012
72,LBFGS,43,-1.4105486869812012
72,LBFGS,44,-1.4105486869812012
72,LBFGS,45,-1.4105486869812012
72,LBFGS,46,-1.4105486869812012
72,LBFGS,47,-1.4105486869812012
72,LBFGS,48,-1.4105486869812012
72,LBFGS,49,-1.4105486869812012
72,LBFGS,50,-1.4105486869812012
72,LBFGS,51,-1.4105486869812012
72,LBFGS,52,-1.4105486869812012
72,LBFGS,53,-1.4105486869812012
72,LBFGS,54,-1.4105486869812012
72,LBFGS,55,-1.4105486869812012
72,LBFGS,56,-1.4105486869812012
72,LBFGS,57,-1.4105486869812012
72,LBFGS,58,-1.4105486869812012
72,LBFGS,59,-1.4105486869812012
72,LBFGS,60,-1.4105486869812012
72,PSO,1,-1.3699467182159424
72,PSO,2,-1.4035893678665161
72,PSO,3,-1.4099880456924438
72,PSO,4,-1.4101996421813965
72,PSO,5,-1.41054105758667
72,PSO,6,-1.41054105758667
72,PSO,7,-1.4105443954467773
72,PSO,8,-1.4105443954467773
72,PSO,9,-1.4105479717254639
72,PSO,10,-1.4105479717254639
72,PSO,11,-1.4105479717254639
72,PSO,12,-1.4105480909347534
72,PSO,13,-1.4105483293533325
72,PSO,14,-1.4105483293533325
72,PSO,15,-1.4105483293533325
72,PSO,16,-1.4105483293533325
72,PSO,17,-1.410548448562622
72,PSO,18,-1.410548448562622
72,PSO,19,-1.4105485677719116
72,PSO,20,-1.4105485677719116
72,PSO,21,-1.4105486869812012
72,PSO,22,-1.4105488061904907
72,PSO,23,-1.4105488061904907
72,PSO,24,-1.4105488061904907
72,PSO,25,-1.4105488061904907
72,PSO,26,-1.4105488061904907
72,PSO,27,-1.4105488061904907
72,PSO,28,-1.4105488061904907
72,PSO,29,-1.4105488061904907
72,PSO,30,-1.4105488061904907
72,PSO,31,-1.4105488061904907
72,PSO,32,-1.4105488061904907
72,PSO,33,-1.4105488061904907
72,PSO,34,-1.4105488061904907
72,PSO,35,-1.4105488061904907
72,PSO,36,-1.4105488061904907
72,PSO,37,-1.4105488061904907
72,PSO,38,-1.4105488061904907
72,PSO,39,-1.4105488061904907
72,PSO,40,-1.4105488061904907
72,PSO,41,-1.4105488061904907
72,PSO,42,-1.4105488061904907
72,PSO,43,-1.4105488061904907
72,PSO,44,-1.4105488061904907
72,PSO,45,-1.4105488061904907
72,PSO,46,-1.4105488061904907
72,PSO,47,-1.4105488061904907
72,PSO,48,-1.4105488061904907
72,PSO,49,-1.4105488061904907
72,PSO,50,-1.4105488061904907
72,PSO,51,-1.4105488061904907
72,PSO,52,-1.4105488061904907
72,PSO,53,-1.4105488061904907
72,PSO,54,-1.4105488061904907
72,PSO,55,-1.4105488061904907
72,PSO,56,-1.4105488061904907
72,PSO,57,-1.4105488061904907
72,PSO,58,-1.4105488061904907
72,PSO,59,-1.4105488061904907
72,PSO,60,-1.4105488061904907
72,DE,1,-1.379456877708435
72,DE,2,-1.379456877708435
72,DE,3,-1.3932099342346191
72,DE,4,-1.3932099342346191
72,DE,5,-1.3932099342346191
72,DE,6,-1.3961893320083618
72,DE,7,-1.4033663272857666
72,DE,8,-1.406223177909851
72,DE,9,-1.406223177909851
72,DE,10,-1.406223177909851
72,DE,11,-1.406223177909851
72,DE,12,-1.406223177909851
72,DE,13,-1.406223177909851
72,DE,14,-1.406223177909851
72,DE,15,-1.406223177909851
72,DE,16,-1.406223177909851
72,DE,17,-1.406223177909851
72,DE,18,-1.406223177909851
72,DE,19,-1.4088313579559326
72,DE,20,-1.4088313579559326
72,DE,21,-1.4088313579559326
72,DE,22,-1.409777283668518
72,DE,23,-1.4098583459854126
72,DE,24,-1.4098583459854126
72,DE,25,-1.4098583459854126
72,DE,26,-1.4098583459854126
72,DE,27,-1.4098583459854126
72,DE,28,-1.4098583459854126
72,DE,29,-1.4098647832870483
72,DE,30,-1.4098647832870483
72,DE,31,-1.4098647832870483
72,DE,32,-1.4098647832870483
72,DE,33,-1.4102516174316406
72,DE,34,-1.4102516174316406
72,DE,35,-1.4102516174316406
72,DE,36,-1.4102715253829956
72,DE,37,-1.4102789163589478
72,DE,38,-1.4102941751480103
72,DE,39,-1.4103379249572754
72,DE,40,-1.4104548692703247
72,DE,41,-1.4104548692703247
72,DE,42,-1.4104548692703247
72,DE,43,-1.4104658365249634
72,DE,44,-1.4104658365249634
72,DE,45,-1.410468578338623
72,DE,46,-1.410468578338623
72,DE,47,-1.410468578338623
72,DE,48,-1.4104764461517334
72,DE,49,-1.4105042219161987
72,DE,50,-1.4105136394500732
72,DE,51,-1.4105136394500732
72,DE,52,-1.410513997077942
72,DE,53,-1.4105229377746582
72,DE,54,-1.4105292558670044
72,DE,55,-1.4105316400527954
72,DE,56,-1.4105316400527954
72,DE,57,-1.4105406999588013
72,DE,58,-1.4105406999588013
72,DE,59,-1.4105406999588013
72,DE,60,-1.4105406999588013
72,PSO+LBFGS,1,-1.3587383031845093
72,PSO+LBFGS,2,-1.3892619609832764
72,PSO+LBFGS,3,-1.3976970911026
72,PSO+LBFGS,4,-1.4100679159164429
72,PSO+LBFGS,5,-1.4102773666381836
72,PSO+LBFGS,6,-1.4105020761489868
72,PSO+LBFGS,7,-1.4105020761489868
72,PSO+LBFGS,8,-1.4105268716812134
72,PSO+LBFGS,9,-1.4105280637741089
72,PSO+LBFGS,10,-1.410548210144043
72,PSO+LBFGS,11,-1.410548210144043
72,PSO+LBFGS,12,-1.410548210144043
72,PSO+LBFGS,13,-1.410548210144043
72,PSO+LBFGS,14,-1.410548210144043
72,PSO+LBFGS,15,-1.410548210144043
72,PSO+LBFGS,16,-1.410548210144043
72,PSO+LBFGS,17,-1.410548210144043
72,PSO+LBFGS,18,-1.410548210144043
72,PSO+LBFGS,19,-1.410548210144043
72,PSO+LBFGS,20,-1.410548210144043
72,PSO+LBFGS,21,-1.410548210144043
72,PSO+LBFGS,22,-1.410548210144043
72,PSO+LBFGS,23,-1.410548210144043
72,PSO+LBFGS,24,-1.410548210144043
72,PSO+LBFGS,25,-1.410548210144043
72,PSO+LBFGS,26,-1.410548448562622
72,PSO+LBFGS,27,-1.410548448562622
72,PSO+LBFGS,28,-1.410548448562622
72,PSO+LBFGS,29,-1.410548448562622
72,PSO+LBFGS,30,-1.410548448562622
72,PSO+LBFGS,31,-1.410548448562622
72,PSO+LBFGS,32,-1.4105485677719116
72,PSO+LBFGS,33,-1.4105486869812012
72,PSO+LBFGS,34,-1.4105486869812012
72,PSO+LBFGS,35,-1.4105486869812012
72,PSO+LBFGS,36,-1.4105486869812012
72,PSO+LBFGS,37,-1.4105486869812012
72,PSO+LBFGS,38,-1.4105486869812012
72,PSO+LBFGS,39,-1.4105486869812012
72,PSO+LBFGS,40,-1.4105486869812012
72,PSO+LBFGS,41,-1.4105485677719116
72,PSO+LBFGS,42,-1.4105485677719116
72,PSO+LBFGS,43,-1.4105485677719116
72,PSO+LBFGS,44,-1.4105485677719116
72,PSO+LBFGS,45,-1.4105485677719116
72,PSO+LBFGS,46,-1.4105485677719116
72,PSO+LBFGS,47,-1.4105485677719116
72,PSO+LBFGS,48,-1.4105485677719116
72,PSO+LBFGS,49,-1.4105485677719116
72,PSO+LBFGS,50,-1.4105485677719116
72,PSO+LBFGS,51,-1.4105485677719116
72,PSO+LBFGS,52,-1.4105485677719116
72,PSO+LBFGS,53,-1.4105485677719116
72,PSO+LBFGS,54,-1.4105485677719116
72,PSO+LBFGS,55,-1.4105485677719116
72,PSO+LBFGS,56,-1.4105485677719116
72,PSO+LBFGS,57,-1.4105485677719116
72,PSO+LBFGS,58,-1.4105485677719116
72,PSO+LBFGS,59,-1.4105485677719116
72,PSO+LBFGS,60,-1.4105485677719116
73,Adam,1,-1.5332341194152832
73,Adam,2,-1.5371419191360474
73,Adam,3,-1.5409491062164307
73,Adam,4,-1.5446518659591675
73,Adam,5,-1.5482501983642578
73,Adam,6,-1.5517432689666748
73,Adam,7,-1.5551326274871826
73,Adam,8,-1.5584179162979126
73,Adam,9,-1.5615967512130737
73,Adam,10,-1.5646657943725586
73,Adam,11,-1.5676225423812866
73,Adam,12,-1.57046639919281
73,Adam,13,-1.5731948614120483
73,Adam,14,-1.575805425643921
73,Adam,15,-1.5783030986785889
73,Adam,16,-1.580683946609497
73,Adam,17,-1.5829529762268066
73,Adam,18,-1.5851131677627563
73,Adam,19,-1.5871679782867432
73,Adam,20,-1.5891187191009521
73,Adam,21,-1.5909712314605713
73,Adam,22,-1.5927300453186035
73,Adam,23,-1.59440016746521
73,Adam,24,-1.5959842205047607
73,Adam,25,-1.5974867343902588
73,Adam,26,-1.5989118814468384
73,Adam,27,-1.600262999534607
73,Adam,28,-1.6015433073043823
73,Adam,29,-1.6027573347091675
73,Adam,30,-1.603907823562622
73,Adam,31,-1.6049963235855103
73,Adam,32,-1.6060287952423096
73,Adam,33,-1.6070072650909424
73,Adam,34,-1.6079339981079102
73,Adam,35,-1.6088134050369263
73,Adam,36,-1.6096488237380981
73,Adam,37,-1.610440731048584
73,Adam,38,-1.6111934185028076
73,Adam,39,-1.6119076013565063
73,Adam,40,-1.612587332725525
73,Adam,41,-1.613232970237732
73,Adam,42,-1.6138454675674438
73,Adam,43,-1.6144295930862427
73,Adam,44,-1.6149842739105225
73,Adam,45,-1.6155104637145996
73,Adam,46,-1.6160117387771606
73,Adam,47,-1.616489291191101
73,Adam,48,-1.6169428825378418
73,Adam,49,-1.6173741817474365
73,Adam,50,-1.617785096168518
73,Adam,51,-1.618176817893982
73,Adam,52,-1.618549108505249
73,Adam,53,-1.6189038753509521
73,Adam,54,-1.6192423105239868
73,Adam,55,-1.6195636987686157
73,Adam,56,-1.619870662689209
73,Adam,57,-1.6201633214950562
73,Adam,58,-1.6204426288604736
73,Adam,59,-1.620710849761963
73,Adam,60,-1.6209651231765747
73,LBFGS,1,-1.5838134288787842
73,LBFGS,2,-1.6178549528121948
73,LBFGS,3,-1.623418927192688
73,LBFGS,4,-1.6273176670074463
73,LBFGS,5,-1.629195213317871
73,LBFGS,6,-1.6301636695861816
73,LBFGS,7,-1.6308337450027466
73,LBFGS,8,-1.6311181783676147
73,LBFGS,9,-1.6312601566314697
73,LBFGS,10,-1.6313945055007935
73,LBFGS,11,-1.6314338445663452
73,LBFGS,12,-1.6314622163772583
73,LBFGS,13,-1.631477952003479
73,LBFGS,14,-1.6314858198165894
73,LBFGS,15,-1.6314915418624878
73,LBFGS,16,-1.631493330001831
73,LBFGS,17,-1.6314955949783325
73,LBFGS,18,-1.6314958333969116
73,LBFGS,19,-1.6314964294433594
73,LBFGS,20,-1.6314964294433594
73,LBFGS,21,-1.6314964294433594
73,LBFGS,22,-1.6314964294433594
73,LBFGS,23,-1.6314964294433594
73,LBFGS,24,-1.6314964294433594
73,LBFGS,25,-1.6314964294433594
73,LBFGS,26,-1.6314964294433594
73,LBFGS,27,-1.6314964294433594
73,LBFGS,28,-1.6314964294433594
73,LBFGS,29,-1.6314964294433594
73,LBFGS,30,-1.6314964294433594
73,LBFGS,31,-1.6314964294433594
73,LBFGS,32,-1.6314964294433594
73,LBFGS,33,-1.6314964294433594
73,LBFGS,34,-1.6314964294433594
73,LBFGS,35,-1.6314964294433594
73,LBFGS,36,-1.6314964294433594
73,LBFGS,37,-1.6314964294433594
73,LBFGS,38,-1.6314964294433594
73,LBFGS,39,-1.6314964294433594
73,LBFGS,40,-1.6314964294433594
73,LBFGS,41,-1.6314964294433594
73,LBFGS,42,-1.6314964294433594
73,LBFGS,43,-1.6314964294433594
73,LBFGS,44,-1.6314964294433594
73,LBFGS,45,-1.6314964294433594
73,LBFGS,46,-1.6314964294433594
73,LBFGS,47,-1.6314964294433594
73,LBFGS,48,-1.6314964294433594
73,LBFGS,49,-1.6314964294433594
73,LBFGS,50,-1.6314964294433594
73,LBFGS,51,-1.6314964294433594
73,LBFGS,52,-1.6314964294433594
73,LBFGS,53,-1.6314964294433594
73,LBFGS,54,-1.6314964294433594
73,LBFGS,55,-1.6314964294433594
73,LBFGS,56,-1.6314964294433594
73,LBFGS,57,-1.6314964294433594
73,LBFGS,58,-1.6314964294433594
73,LBFGS,59,-1.6314964294433594
73,LBFGS,60,-1.6314964294433594
73,PSO,1,-1.6038932800292969
73,PSO,2,-1.6266361474990845
73,PSO,3,-1.6287857294082642
73,PSO,4,-1.6296080350875854
73,PSO,5,-1.6307510137557983
73,PSO,6,-1.631449580192566
73,PSO,7,-1.631485939025879
73,PSO,8,-1.631485939025879
73,PSO,9,-1.631488561630249
73,PSO,10,-1.631496548652649
73,PSO,11,-1.631496548652649
73,PSO,12,-1.631496548652649
73,PSO,13,-1.631496548652649
73,PSO,14,-1.631496548652649
73,PSO,15,-1.631496548652649
73,PSO,16,-1.631496548652649
73,PSO,17,-1.631496548652649
73,PSO,18,-1.631496548652649
73,PSO,19,-1.631496548652649
73,PSO,20,-1.631496548652649
73,PSO,21,-1.631496548652649
73,PSO,22,-1.6314966678619385
73,PSO,23,-1.6314966678619385
73,PSO,24,-1.6314966678619385
73,PSO,25,-1.6314966678619385
73,PSO,26,-1.6314966678619385
73,PSO,27,-1.6314966678619385
73,PSO,28,-1.6314966678619385
73,PSO,29,-1.6314966678619385
73,PSO,30,-1.6314966678619385
73,PSO,31,-1.6314966678619385
73,PSO,32,-1.6314966678619385
73,PSO,33,-1.6314966678619385
73,PSO,34,-1.6314966678619385
73,PSO,35,-1.6314966678619385
73,PSO,36,-1.6314966678619385
73,PSO,37,-1.6314966678619385
73,PSO,38,-1.6314966678619385
73,PSO,39,-1.6314966678619385
73,PSO,40,-1.6314966678619385
73,PSO,41,-1.6314966678619385
73,PSO,42,-1.6314966678619385
73,PSO,43,-1.6314966678619385
73,PSO,44,-1.6314966678619385
73,PSO,45,-1.6314966678619385
73,PSO,46,-1.6314966678619385
73,PSO,47,-1.6314966678619385
73,PSO,48,-1.6314966678619385
73,PSO,49,-1.6314966678619385
73,PSO,50,-1.6314966678619385
73,PSO,51,-1.6314966678619385
73,PSO,52,-1.6314966678619385
73,PSO,53,-1.6314966678619385
73,PSO,54,-1.6314966678619385
73,PSO,55,-1.6314966678619385
73,PSO,56,-1.6314966678619385
73,PSO,57,-1.6314966678619385
73,PSO,58,-1.6314966678619385
73,PSO,59,-1.6314966678619385
73,PSO,60,-1.6314966678619385
73,DE,1,-1.602721929550171
73,DE,2,-1.6044222116470337
73,DE,3,-1.6107795238494873
73,DE,4,-1.6142911911010742
73,DE,5,-1.6164422035217285
73,DE,6,-1.6164422035217285
73,DE,7,-1.6164422035217285
73,DE,8,-1.6238584518432617
73,DE,9,-1.6246609687805176
73,DE,10,-1.6246609687805176
73,DE,11,-1.6246609687805176
73,DE,12,-1.6265531778335571
73,DE,13,-1.6266897916793823
73,DE,14,-1.6266897916793823
73,DE,15,-1.6269285678863525
73,DE,16,-1.6269285678863525
73,DE,17,-1.62782883644104
73,DE,18,-1.6287230253219604
73,DE,19,-1.6287230253219604
73,DE,20,-1.6287230253219604
73,DE,21,-1.6287230253219604
73,DE,22,-1.6292753219604492
73,DE,23,-1.6297824382781982
73,DE,24,-1.6299494504928589
73,DE,25,-1.6302529573440552
73,DE,26,-1.6306287050247192
73,DE,27,-1.6309928894042969
73,DE,28,-1.6311850547790527
73,DE,29,-1.6311850547790527
73,DE,30,-1.6311850547790527
73,DE,31,-1.6311850547790527
73,DE,32,-1.6311850547790527
73,DE,33,-1.6311850547790527
73,DE,34,-1.6313117742538452
73,DE,35,-1.6313117742538452
73,DE,36,-1.6313117742538452
73,DE,37,-1.6313601732254028
73,DE,38,-1.6313601732254028
73,DE,39,-1.6313601732254028
73,DE,40,-1.6313601732254028
73,DE,41,-1.6313601732254028
73,DE,42,-1.6314141750335693
73,DE,43,-1.6314141750335693
73,DE,44,-1.6314141750335693
73,DE,45,-1.6314141750335693
73,DE,46,-1.6314141750335693
73,DE,47,-1.6314141750335693
73,DE,48,-1.6314358711242676
73,DE,49,-1.6314358711242676
73,DE,50,-1.6314358711242676
73,DE,51,-1.6314752101898193
73,DE,52,-1.6314752101898193
73,DE,53,-1.6314752101898193
73,DE,54,-1.6314752101898193
73,DE,55,-1.6314752101898193
73,DE,56,-1.631475806236267
73,DE,57,-1.631475806236267
73,DE,58,-1.631475806236267
73,DE,59,-1.631475806236267
73,DE,60,-1.631475806236267
73,PSO+LBFGS,1,-1.5905625820159912
73,PSO+LBFGS,2,-1.6020824909210205
73,PSO+LBFGS,3,-1.6141574382781982
73,PSO+LBFGS,4,-1.6294796466827393
73,PSO+LBFGS,5,-1.6296762228012085
73,PSO+LBFGS,6,-1.630741834640503
73,PSO+LBFGS,7,-1.631262183189392
73,PSO+LBFGS,8,-1.6314958333969116
73,PSO+LBFGS,9,-1.6314958333969116
73,PSO+LBFGS,10,-1.6314958333969116
73,PSO+LBFGS,11,-1.6314958333969116
73,PSO+LBFGS,12,-1.6314958333969116
73,PSO+LBFGS,13,-1.6314958333969116
73,PSO+LBFGS,14,-1.6314959526062012
73,PSO+LBFGS,15,-1.6314959526062012
73,PSO+LBFGS,16,-1.6314959526062012
73,PSO+LBFGS,17,-1.6314964294433594
73,PSO+LBFGS,18,-1.6314964294433594
73,PSO+LBFGS,19,-1.6314964294433594
73,PSO+LBFGS,20,-1.6314966678619385
73,PSO+LBFGS,21,-1.6314966678619385
73,PSO+LBFGS,22,-1.6314966678619385
73,PSO+LBFGS,23,-1.6314966678619385
73,PSO+LBFGS,24,-1.6314966678619385
73,PSO+LBFGS,25,-1.6314966678619385
73,PSO+LBFGS,26,-1.6314966678619385
73,PSO+LBFGS,27,-1.6314966678619385
73,PSO+LBFGS,28,-1.6314966678619385
73,PSO+LBFGS,29,-1.6314966678619385
73,PSO+LBFGS,30,-1.6314966678619385
73,PSO+LBFGS,31,-1.6314966678619385
73,PSO+LBFGS,32,-1.6314966678619385
73,PSO+LBFGS,33,-1.6314966678619385
73,PSO+LBFGS,34,-1.6314966678619385
73,PSO+LBFGS,35,-1.6314966678619385
73,PSO+LBFGS,36,-1.6314966678619385
73,PSO+LBFGS,37,-1.6314966678619385
73,PSO+LBFGS,38,-1.6314966678619385
73,PSO+LBFGS,39,-1.6314966678619385
73,PSO+LBFGS,40,-1.6314966678619385
73,PSO+LBFGS,41,-1.6314964294433594
73,PSO+LBFGS,42,-1.6314964294433594
73,PSO+LBFGS,43,-1.6314964294433594
73,PSO+LBFGS,44,-1.6314964294433594
73,PSO+LBFGS,45,-1.6314964294433594
73,PSO+LBFGS,46,-1.6314964294433594
73,PSO+LBFGS,47,-1.6314964294433594
73,PSO+LBFGS,48,-1.6314964294433594
73,PSO+LBFGS,49,-1.6314964294433594
73,PSO+LBFGS,50,-1.6314964294433594
73,PSO+LBFGS,51,-1.6314964294433594
73,PSO+LBFGS,52,-1.6314964294433594
73,PSO+LBFGS,53,-1.6314964294433594
73,PSO+LBFGS,54,-1.6314964294433594
73,PSO+LBFGS,55,-1.6314964294433594
73,PSO+LBFGS,56,-1.6314964294433594
73,PSO+LBFGS,57,-1.6314964294433594
73,PSO+LBFGS,58,-1.6314964294433594
73,PSO+LBFGS,59,-1.6314964294433594
73,PSO+LBFGS,60,-1.6314964294433594
74,Adam,1,-1.9097398519515991
74,Adam,2,-1.914717197418213
74,Adam,3,-1.9195926189422607
74,Adam,4,-1.9243563413619995
74,Adam,5,-1.9290037155151367
74,Adam,6,-1.9335236549377441
74,Adam,7,-1.9379085302352905
74,Adam,8,-1.9421554803848267
74,Adam,9,-1.9462579488754272
74,Adam,10,-1.9502103328704834
74,Adam,11,-1.9540120363235474
74,Adam,12,-1.9576618671417236
74,Adam,13,-1.961158275604248
74,Adam,14,-1.9645016193389893
74,Adam,15,-1.9676929712295532
74,Adam,16,-1.9707337617874146
74,Adam,17,-1.9736279249191284
74,Adam,18,-1.9763778448104858
74,Adam,19,-1.9789886474609375
74,Adam,20,-1.9814642667770386
74,Adam,21,-1.9838066101074219
74,Adam,22,-1.9860252141952515
74,Adam,23,-1.9881219863891602
74,Adam,24,-1.9901021718978882
74,Adam,25,-1.9919730424880981
74,Adam,26,-1.9937400817871094
74,Adam,27,-1.9954047203063965
74,Adam,28,-1.9969764947891235
74,Adam,29,-1.9984583854675293
74,Adam,30,-1.9998549222946167
74,Adam,31,-2.001171827316284
74,Adam,32,-2.002413511276245
74,Adam,33,-2.0035855770111084
74,Adam,34,-2.004688262939453
74,Adam,35,-2.005730628967285
74,Adam,36,-2.006713390350342
74,Adam,37,-2.0076420307159424
74,Adam,38,-2.0085175037384033
74,Adam,39,-2.009345293045044
74,Adam,40,-2.010127067565918
74,Adam,41,-2.0108678340911865
74,Adam,42,-2.0115668773651123
74,Adam,43,-2.0122299194335938
74,Adam,44,-2.01285719871521
74,Adam,45,-2.0134518146514893
74,Adam,46,-2.0140163898468018
74,Adam,47,-2.0145514011383057
74,Adam,48,-2.0150601863861084
74,Adam,49,-2.0155439376831055
74,Adam,50,-2.016003370285034
74,Adam,51,-2.0164411067962646
74,Adam,52,-2.016857147216797
74,Adam,53,-2.0172555446624756
74,Adam,54,-2.017634391784668
74,Adam,55,-2.0179967880249023
74,Adam,56,-2.0183420181274414
74,Adam,57,-2.0186734199523926
74,Adam,58,-2.0189883708953857
74,Adam,59,-2.0192904472351074
74,Adam,60,-2.019580364227295
74,LBFGS,1,-1.9744315147399902
74,LBFGS,2,-2.015059232711792
74,LBFGS,3,-2.0221240520477295
74,LBFGS,4,-2.0266671180725098
74,LBFGS,5,-2.028900384902954
74,LBFGS,6,-2.030158281326294
74,LBFGS,7,-2.0308547019958496
74,LBFGS,8,-2.031200408935547
74,LBFGS,9,-2.031512498855591
74,LBFGS,10,-2.031595230102539
74,LBFGS,11,-2.031670331954956
74,LBFGS,12,-2.0317025184631348
74,LBFGS,13,-2.0317227840423584
74,LBFGS,14,-2.031733274459839
74,LBFGS,15,-2.03174090385437
74,LBFGS,16,-2.0317435264587402
74,LBFGS,17,-2.0317463874816895
74,LBFGS,18,-2.0317468643188477
74,LBFGS,19,-2.031747579574585
74,LBFGS,20,-2.031747579574585
74,LBFGS,21,-2.031747817993164
74,LBFGS,22,-2.031747817993164
74,LBFGS,23,-2.031747817993164
74,LBFGS,24,-2.031747817993164
74,LBFGS,25,-2.031747817993164
74,LBFGS,26,-2.031747817993164
74,LBFGS,27,-2.031747817993164
74,LBFGS,28,-2.031747817993164
74,LBFGS,29,-2.031747817993164
74,LBFGS,30,-2.031747817993164
74,LBFGS,31,-2.031747817993164
74,LBFGS,32,-2.031747817993164
74,LBFGS,33,-2.031747817993164
74,LBFGS,34,-2.031747817993164
74,LBFGS,35,-2.031747817993164
74,LBFGS,36,-2.031747817993164
74,LBFGS,37,-2.031747817993164
74,LBFGS,38,-2.031747817993164
74,LBFGS,39,-2.031747817993164
74,LBFGS,40,-2.031747817993164
74,LBFGS,41,-2.031747817993164
74,LBFGS,42,-2.031747817993164
74,LBFGS,43,-2.031747817993164
74,LBFGS,44,-2.031747817993164
74,LBFGS,45,-2.031747817993164
74,LBFGS,46,-2.031747817993164
74,LBFGS,47,-2.031747817993164
74,LBFGS,48,-2.031747817993164
74,LBFGS,49,-2.031747817993164
74,LBFGS,50,-2.031747817993164
74,LBFGS,51,-2.031747817993164
74,LBFGS,52,-2.031747817993164
74,LBFGS,53,-2.031747817993164
74,LBFGS,54,-2.031747817993164
74,LBFGS,55,-2.031747817993164
74,LBFGS,56,-2.031747817993164
74,LBFGS,57,-2.031747817993164
74,LBFGS,58,-2.031747817993164
74,LBFGS,59,-2.031747817993164
74,LBFGS,60,-2.031747817993164
74,PSO,1,-1.9803919792175293
74,PSO,2,-2.004840135574341
74,PSO,3,-2.0074057579040527
74,PSO,4,-2.0172319412231445
74,PSO,5,-2.0309126377105713
74,PSO,6,-2.031747817993164
74,PSO,7,-2.031747817993164
74,PSO,8,-2.031747817993164
74,PSO,9,-2.031747817993164
74,PSO,10,-2.031747817993164
74,PSO,11,-2.031747817993164
74,PSO,12,-2.031747817993164
74,PSO,13,-2.031747817993164
74,PSO,14,-2.031747817993164
74,PSO,15,-2.031747817993164
74,PSO,16,-2.031747817993164
74,PSO,17,-2.031747817993164
74,PSO,18,-2.031748056411743
74,PSO,19,-2.031748056411743
74,PSO,20,-2.031748056411743
74,PSO,21,-2.031748056411743
74,PSO,22,-2.0317482948303223
74,PSO,23,-2.0317482948303223
74,PSO,24,-2.0317482948303223
74,PSO,25,-2.0317482948303223
74,PSO,26,-2.0317482948303223
74,PSO,27,-2.0317482948303223
74,PSO,28,-2.0317482948303223
74,PSO,29,-2.0317482948303223
74,PSO,30,-2.0317482948303223
74,PSO,31,-2.0317482948303223
74,PSO,32,-2.0317482948303223
74,PSO,33,-2.0317482948303223
74,PSO,34,-2.0317482948303223
74,PSO,35,-2.0317482948303223
74,PSO,36,-2.0317482948303223
74,PSO,37,-2.0317482948303223
74,PSO,38,-2.0317482948303223
74,PSO,39,-2.0317482948303223
74,PSO,40,-2.0317482948303223
74,PSO,41,-2.0317482948303223
74,PSO,42,-2.0317482948303223
74,PSO,43,-2.0317482948303223
74,PSO,44,-2.0317482948303223
74,PSO,45,-2.0317482948303223
74,PSO,46,-2.0317482948303223
74,PSO,47,-2.0317482948303223
74,PSO,48,-2.0317482948303223
74,PSO,49,-2.0317482948303223
74,PSO,50,-2.0317482948303223
74,PSO,51,-2.0317482948303223
74,PSO,52,-2.0317482948303223
74,PSO,53,-2.0317482948303223
74,PSO,54,-2.0317482948303223
74,PSO,55,-2.0317482948303223
74,PSO,56,-2.0317482948303223
74,PSO,57,-2.0317482948303223
74,PSO,58,-2.0317482948303223
74,PSO,59,-2.0317482948303223
74,PSO,60,-2.0317482948303223
74,DE,1,-2.008286714553833
74,DE,2,-2.023289203643799
74,DE,3,-2.023289203643799
74,DE,4,-2.023289203643799
74,DE,5,-2.023289203643799
74,DE,6,-2.023289203643799
74,DE,7,-2.023289203643799
74,DE,8,-2.023289203643799
74,DE,9,-2.023289203643799
74,DE,10,-2.023416757583618
74,DE,11,-2.023416757583618
74,DE,12,-2.023416757583618
74,DE,13,-2.0277719497680664
74,DE,14,-2.0282576084136963
74,DE,15,-2.0282576084136963
74,DE,16,-2.029768705368042
74,DE,17,-2.029768705368042
74,DE,18,-2.029768705368042
74,DE,19,-2.029768705368042
74,DE,20,-2.029768705368042
74,DE,21,-2.0298964977264404
74,DE,22,-2.0298964977264404
74,DE,23,-2.030247926712036
74,DE,24,-2.030247926712036
74,DE,25,-2.0304815769195557
74,DE,26,-2.0310778617858887
74,DE,27,-2.0310778617858887
74,DE,28,-2.0312299728393555
74,DE,29,-2.0312299728393555
74,DE,30,-2.0312299728393555
74,DE,31,-2.0312299728393555
74,DE,32,-2.0312840938568115
74,DE,33,-2.0314269065856934
74,DE,34,-2.0314269065856934
74,DE,35,-2.0314269065856934
74,DE,36,-2.0314269065856934
74,DE,37,-2.0314269065856934
74,DE,38,-2.031428337097168
74,DE,39,-2.0314483642578125
74,DE,40,-2.031541585922241
74,DE,41,-2.031541585922241
74,DE,42,-2.0315651893615723
74,DE,43,-2.0315651893615723
74,DE,44,-2.0315651893615723
74,DE,45,-2.0315651893615723
74,DE,46,-2.0315964221954346
74,DE,47,-2.0316128730773926
74,DE,48,-2.0316314697265625
74,DE,49,-2.0316660404205322
74,DE,50,-2.0316660404205322
74,DE,51,-2.03167986869812
74,DE,52,-2.031700849533081
74,DE,53,-2.0317063331604004
74,DE,54,-2.0317063331604004
74,DE,55,-2.031717538833618
74,DE,56,-2.0317225456237793
74,DE,57,-2.0317225456237793
74,DE,58,-2.0317225456237793
74,DE,59,-2.0317225456237793
74,DE,60,-2.031726121902466
74,PSO+LBFGS,1,-2.0070607662200928
74,PSO+LBFGS,2,-2.0233469009399414
74,PSO+LBFGS,3,-2.0315632820129395
74,PSO+LBFGS,4,-2.031747817993164
74,PSO+LBFGS,5,-2.031747817993164
74,PSO+LBFGS,6,-2.031747817993164
74,PSO+LBFGS,7,-2.031747817993164
74,PSO+LBFGS,8,-2.031747817993164
74,PSO+LBFGS,9,-2.031747817993164
74,PSO+LBFGS,10,-2.031747817993164
74,PSO+LBFGS,11,-2.031747817993164
74,PSO+LBFGS,12,-2.031748056411743
74,PSO+LBFGS,13,-2.031748056411743
74,PSO+LBFGS,14,-2.031748056411743
74,PSO+LBFGS,15,-2.031748056411743
74,PSO+LBFGS,16,-2.031748056411743
74,PSO+LBFGS,17,-2.031748056411743
74,PSO+LBFGS,18,-2.0317482948303223
74,PSO+LBFGS,19,-2.0317482948303223
74,PSO+LBFGS,20,-2.0317482948303223
74,PSO+LBFGS,21,-2.0317482948303223
74,PSO+LBFGS,22,-2.0317482948303223
74,PSO+LBFGS,23,-2.0317482948303223
74,PSO+LBFGS,24,-2.0317482948303223
74,PSO+LBFGS,25,-2.0317482948303223
74,PSO+LBFGS,26,-2.0317482948303223
74,PSO+LBFGS,27,-2.0317482948303223
74,PSO+LBFGS,28,-2.0317482948303223
74,PSO+LBFGS,29,-2.0317482948303223
74,PSO+LBFGS,30,-2.0317482948303223
74,PSO+LBFGS,31,-2.0317482948303223
74,PSO+LBFGS,32,-2.0317482948303223
74,PSO+LBFGS,33,-2.0317482948303223
74,PSO+LBFGS,34,-2.0317482948303223
74,PSO+LBFGS,35,-2.0317482948303223
74,PSO+LBFGS,36,-2.0317482948303223
74,PSO+LBFGS,37,-2.0317482948303223
74,PSO+LBFGS,38,-2.0317482948303223
74,PSO+LBFGS,39,-2.0317482948303223
74,PSO+LBFGS,40,-2.0317482948303223
74,PSO+LBFGS,41,-2.031747817993164
74,PSO+LBFGS,42,-2.031747817993164
74,PSO+LBFGS,43,-2.031747817993164
74,PSO+LBFGS,44,-2.031747817993164
74,PSO+LBFGS,45,-2.031747817993164
74,PSO+LBFGS,46,-2.031747817993164
74,PSO+LBFGS,47,-2.031747817993164
74,PSO+LBFGS,48,-2.031747817993164
74,PSO+LBFGS,49,-2.031747817993164
74,PSO+LBFGS,50,-2.031747817993164
74,PSO+LBFGS,51,-2.031747817993164
74,PSO+LBFGS,52,-2.031747817993164
74,PSO+LBFGS,53,-2.031747817993164
74,PSO+LBFGS,54,-2.031747817993164
74,PSO+LBFGS,55,-2.031747817993164
74,PSO+LBFGS,56,-2.031747817993164
74,PSO+LBFGS,57,-2.031747817993164
74,PSO+LBFGS,58,-2.031747817993164
74,PSO+LBFGS,59,-2.031747817993164
74,PSO+LBFGS,60,-2.031747817993164
75,Adam,1,-1.7767353057861328
75,Adam,2,-1.7825223207473755
75,Adam,3,-1.7881720066070557
75,Adam,4,-1.7936761379241943
75,Adam,5,-1.7990314960479736
75,Adam,6,-1.8042324781417847
75,Adam,7,-1.8092803955078125
75,Adam,8,-1.8141744136810303
75,Adam,9,-1.8189116716384888
75,Adam,10,-1.8234909772872925
75,Adam,11,-1.8279117345809937
75,Adam,12,-1.8321691751480103
75,Adam,13,-1.8362637758255005
75,Adam,14,-1.8401944637298584
75,Adam,15,-1.843959927558899
75,Adam,16,-1.8475629091262817
75,Adam,17,-1.8510031700134277
75,Adam,18,-1.8542851209640503
75,Adam,19,-1.857409954071045
75,Adam,20,-1.8603813648223877
75,Adam,21,-1.8632049560546875
75,Adam,22,-1.8658844232559204
75,Adam,23,-1.8684245347976685
75,Adam,24,-1.8708300590515137
75,Adam,25,-1.8731062412261963
75,Adam,26,-1.8752577304840088
75,Adam,27,-1.8772917985916138
75,Adam,28,-1.879213571548462
75,Adam,29,-1.8810275793075562
75,Adam,30,-1.8827401399612427
75,Adam,31,-1.8843557834625244
75,Adam,32,-1.8858797550201416
75,Adam,33,-1.8873188495635986
75,Adam,34,-1.8886771202087402
75,Adam,35,-1.8899576663970947
75,Adam,36,-1.8911687135696411
75,Adam,37,-1.8923105001449585
75,Adam,38,-1.893389344215393
75,Adam,39,-1.894408941268921
75,Adam,40,-1.8953728675842285
75,Adam,41,-1.8962851762771606
75,Adam,42,-1.8971476554870605
75,Adam,43,-1.8979649543762207
75,Adam,44,-1.8987396955490112
75,Adam,45,-1.8994743824005127
75,Adam,46,-1.9001702070236206
75,Adam,47,-1.9008303880691528
75,Adam,48,-1.9014586210250854
75,Adam,49,-1.9020558595657349
75,Adam,50,-1.9026228189468384
75,Adam,51,-1.9031634330749512
75,Adam,52,-1.9036778211593628
75,Adam,53,-1.904167890548706
75,Adam,54,-1.9046359062194824
75,Adam,55,-1.9050822257995605
75,Adam,56,-1.9055087566375732
75,Adam,57,-1.905916452407837
75,Adam,58,-1.9063063859939575
75,Adam,59,-1.9066799879074097
75,Adam,60,-1.9070372581481934
75,LBFGS,1,-1.8781794309616089
75,LBFGS,2,-1.9026124477386475
75,LBFGS,3,-1.9111799001693726
75,LBFGS,4,-1.9164596796035767
75,LBFGS,5,-1.9189984798431396
75,LBFGS,6,-1.9204024076461792
75,LBFGS,7,-1.9211668968200684
75,LBFGS,8,-1.9215885400772095
75,LBFGS,9,-1.9218190908432007
75,LBFGS,10,-1.9219474792480469
75,LBFGS,11,-1.9220192432403564
75,LBFGS,12,-1.922057867050171
75,LBFGS,13,-1.9220802783966064
75,LBFGS,14,-1.9220898151397705
75,LBFGS,15,-1.9220985174179077
75,LBFGS,16,-1.9221025705337524
75,LBFGS,17,-1.9221041202545166
75,LBFGS,18,-1.9221062660217285
75,LBFGS,19,-1.9221066236495972
75,LBFGS,20,-1.9221068620681763
75,LBFGS,21,-1.922107219696045
75,LBFGS,22,-1.922107219696045
75,LBFGS,23,-1.922107219696045
75,LBFGS,24,-1.922107219696045
75,LBFGS,25,-1.922107219696045
75,LBFGS,26,-1.922107219696045
75,LBFGS,27,-1.922107219696045
75,LBFGS,28,-1.922107219696045
75,LBFGS,29,-1.922107219696045
75,LBFGS,30,-1.922107219696045
75,LBFGS,31,-1.922107219696045
75,LBFGS,32,-1.922107219696045
75,LBFGS,33,-1.922107219696045
75,LBFGS,34,-1.922107219696045
75,LBFGS,35,-1.922107219696045
75,LBFGS,36,-1.922107219696045
75,LBFGS,37,-1.922107219696045
75,LBFGS,38,-1.922107219696045
75,LBFGS,39,-1.922107219696045
75,LBFGS,40,-1.922107219696045
75,LBFGS,41,-1.922107219696045
75,LBFGS,42,-1.922107219696045
75,LBFGS,43,-1.922107219696045
75,LBFGS,44,-1.922107219696045
75,LBFGS,45,-1.922107219696045
75,LBFGS,46,-1.922107219696045
75,LBFGS,47,-1.922107219696045
75,LBFGS,48,-1.922107219696045
75,LBFGS,49,-1.922107219696045
75,LBFGS,50,-1.922107219696045
75,LBFGS,51,-1.922107219696045
75,LBFGS,52,-1.922107219696045
75,LBFGS,53,-1.922107219696045
75,LBFGS,54,-1.922107219696045
75,LBFGS,55,-1.922107219696045
75,LBFGS,56,-1.922107219696045
75,LBFGS,57,-1.922107219696045
75,LBFGS,58,-1.922107219696045
75,LBFGS,59,-1.922107219696045
75,LBFGS,60,-1.922107219696045
75,PSO,1,-1.884505033493042
75,PSO,2,-1.9134751558303833
75,PSO,3,-1.9193657636642456
75,PSO,4,-1.921077847480774
75,PSO,5,-1.922096610069275
75,PSO,6,-1.922096610069275
75,PSO,7,-1.922100305557251
75,PSO,8,-1.922100305557251
75,PSO,9,-1.9221065044403076
75,PSO,10,-1.9221068620681763
75,PSO,11,-1.922107219696045
75,PSO,12,-1.9221073389053345
75,PSO,13,-1.9221073389053345
75,PSO,14,-1.9221073389053345
75,PSO,15,-1.9221073389053345
75,PSO,16,-1.9221073389053345
75,PSO,17,-1.9221073389053345
75,PSO,18,-1.9221073389053345
75,PSO,19,-1.9221073389053345
75,PSO,20,-1.9221075773239136
75,PSO,21,-1.9221075773239136
75,PSO,22,-1.9221075773239136
75,PSO,23,-1.9221075773239136
75,PSO,24,-1.9221075773239136
75,PSO,25,-1.9221075773239136
75,PSO,26,-1.9221075773239136
75,PSO,27,-1.9221075773239136
75,PSO,28,-1.9221075773239136
75,PSO,29,-1.9221075773239136
75,PSO,30,-1.9221075773239136
75,PSO,31,-1.9221075773239136
75,PSO,32,-1.9221075773239136
75,PSO,33,-1.9221075773239136
75,PSO,34,-1.9221075773239136
75,PSO,35,-1.9221075773239136
75,PSO,36,-1.9221075773239136
75,PSO,37,-1.9221075773239136
75,PSO,38,-1.9221075773239136
75,PSO,39,-1.9221075773239136
75,PSO,40,-1.9221075773239136
75,PSO,41,-1.9221075773239136
75,PSO,42,-1.9221075773239136
75,PSO,43,-1.9221075773239136
75,PSO,44,-1.9221075773239136
75,PSO,45,-1.9221075773239136
75,PSO,46,-1.9221075773239136
75,PSO,47,-1.9221075773239136
75,PSO,48,-1.9221075773239136
75,PSO,49,-1.9221075773239136
75,PSO,50,-1.9221075773239136
75,PSO,51,-1.9221075773239136
75,PSO,52,-1.9221075773239136
75,PSO,53,-1.9221075773239136
75,PSO,54,-1.9221075773239136
75,PSO,55,-1.9221075773239136
75,PSO,56,-1.9221075773239136
75,PSO,57,-1.9221075773239136
75,PSO,58,-1.9221075773239136
75,PSO,59,-1.9221075773239136
75,PSO,60,-1.9221075773239136
75,DE,1,-1.8806524276733398
75,DE,2,-1.8806524276733398
75,DE,3,-1.8806524276733398
75,DE,4,-1.8818453550338745
75,DE,5,-1.9001778364181519
75,DE,6,-1.9057583808898926
75,DE,7,-1.9090746641159058
75,DE,8,-1.9090746641159058
75,DE,9,-1.9092979431152344
75,DE,10,-1.913756251335144
75,DE,11,-1.9142729043960571
75,DE,12,-1.9147650003433228
75,DE,13,-1.9155734777450562
75,DE,14,-1.9163708686828613
75,DE,15,-1.919162631034851
75,DE,16,-1.919162631034851
75,DE,17,-1.919162631034851
75,DE,18,-1.9197322130203247
75,DE,19,-1.9197322130203247
75,DE,20,-1.9197322130203247
75,DE,21,-1.9207690954208374
75,DE,22,-1.9207690954208374
75,DE,23,-1.9207690954208374
75,DE,24,-1.9207690954208374
75,DE,25,-1.9207690954208374
75,DE,26,-1.9207690954208374
75,DE,27,-1.9208014011383057
75,DE,28,-1.9208014011383057
75,DE,29,-1.9211597442626953
75,DE,30,-1.9212125539779663
75,DE,31,-1.9212125539779663
75,DE,32,-1.9212125539779663
75,DE,33,-1.9214322566986084
75,DE,34,-1.9214322566986084
75,DE,35,-1.9214986562728882
75,DE,36,-1.9215587377548218
75,DE,37,-1.9215587377548218
75,DE,38,-1.9215587377548218
75,DE,39,-1.921859860420227
75,DE,40,-1.921859860420227
75,DE,41,-1.921859860420227
75,DE,42,-1.921859860420227
75,DE,43,-1.921859860420227
75,DE,44,-1.9219012260437012
75,DE,45,-1.9219012260437012
75,DE,46,-1.9219245910644531
75,DE,47,-1.9219245910644531
75,DE,48,-1.9219245910644531
75,DE,49,-1.9219245910644531
75,DE,50,-1.9219920635223389
75,DE,51,-1.9219920635223389
75,DE,52,-1.9219920635223389
75,DE,53,-1.9219920635223389
75,DE,54,-1.9219920635223389
75,DE,55,-1.9219920635223389
75,DE,56,-1.9219920635223389
75,DE,57,-1.9219920635223389
75,DE,58,-1.9219920635223389
75,DE,59,-1.9219920635223389
75,DE,60,-1.9220154285430908
75,PSO+LBFGS,1,-1.8719751834869385
75,PSO+LBFGS,2,-1.8836698532104492
75,PSO+LBFGS,3,-1.9000266790390015
75,PSO+LBFGS,4,-1.9193434715270996
75,PSO+LBFGS,5,-1.9208064079284668
75,PSO+LBFGS,6,-1.922068476676941
75,PSO+LBFGS,7,-1.922106146812439
75,PSO+LBFGS,8,-1.922106146812439
75,PSO+LBFGS,9,-1.922106146812439
75,PSO+LBFGS,10,-1.922106146812439
75,PSO+LBFGS,11,-1.9221068620681763
75,PSO+LBFGS,12,-1.922107219696045
75,PSO+LBFGS,13,-1.922107219696045
75,PSO+LBFGS,14,-1.922107458114624
75,PSO+LBFGS,15,-1.922107458114624
75,PSO+LBFGS,16,-1.922107458114624
75,PSO+LBFGS,17,-1.922107458114624
75,PSO+LBFGS,18,-1.922107458114624
75,PSO+LBFGS,19,-1.922107458114624
75,PSO+LBFGS,20,-1.922107458114624
75,PSO+LBFGS,21,-1.922107458114624
75,PSO+LBFGS,22,-1.922107458114624
75,PSO+LBFGS,23,-1.922107458114624
75,PSO+LBFGS,24,-1.922107458114624
75,PSO+LBFGS,25,-1.922107458114624
75,PSO+LBFGS,26,-1.922107458114624
75,PSO+LBFGS,27,-1.922107458114624
75,PSO+LBFGS,28,-1.922107458114624
75,PSO+LBFGS,29,-1.922107458114624
75,PSO+LBFGS,30,-1.922107458114624
75,PSO+LBFGS,31,-1.922107458114624
75,PSO+LBFGS,32,-1.922107458114624
75,PSO+LBFGS,33,-1.922107458114624
75,PSO+LBFGS,34,-1.922107458114624
75,PSO+LBFGS,35,-1.922107458114624
75,PSO+LBFGS,36,-1.922107458114624
75,PSO+LBFGS,37,-1.922107458114624
75,PSO+LBFGS,38,-1.922107458114624
75,PSO+LBFGS,39,-1.922107458114624
75,PSO+LBFGS,40,-1.922107458114624
75,PSO+LBFGS,41,-1.9221071004867554
75,PSO+LBFGS,42,-1.9221071004867554
75,PSO+LBFGS,43,-1.9221071004867554
75,PSO+LBFGS,44,-1.9221071004867554
75,PSO+LBFGS,45,-1.9221071004867554
75,PSO+LBFGS,46,-1.9221071004867554
75,PSO+LBFGS,47,-1.9221071004867554
75,PSO+LBFGS,48,-1.9221071004867554
75,PSO+LBFGS,49,-1.9221071004867554
75,PSO+LBFGS,50,-1.9221071004867554
75,PSO+LBFGS,51,-1.9221071004867554
75,PSO+LBFGS,52,-1.9221071004867554
75,PSO+LBFGS,53,-1.9221071004867554
75,PSO+LBFGS,54,-1.9221071004867554
75,PSO+LBFGS,55,-1.9221071004867554
75,PSO+LBFGS,56,-1.9221071004867554
75,PSO+LBFGS,57,-1.9221071004867554
75,PSO+LBFGS,58,-1.9221071004867554
75,PSO+LBFGS,59,-1.9221071004867554
75,PSO+LBFGS,60,-1.9221071004867554
76,Adam,1,-1.0825340747833252
76,Adam,2,-1.090807318687439
76,Adam,3,-1.098981261253357
76,Adam,4,-1.1070410013198853
76,Adam,5,-1.1149712800979614
76,Adam,6,-1.1227589845657349
76,Adam,7,-1.130386471748352
76,Adam,8,-1.1378446817398071
76,Adam,9,-1.1451207399368286
76,Adam,10,-1.152201771736145
76,Adam,11,-1.1590828895568848
76,Adam,12,-1.1657532453536987
76,Adam,13,-1.1722044944763184
76,Adam,14,-1.1784377098083496
76,Adam,15,-1.184441089630127
76,Adam,16,-1.190217137336731
76,Adam,17,-1.1957658529281616
76,Adam,18,-1.2010830640792847
76,Adam,19,-1.2061738967895508
76,Adam,20,-1.2110413312911987
76,Adam,21,-1.215685248374939
76,Adam,22,-1.2201147079467773
76,Adam,23,-1.224332332611084
76,Adam,24,-1.2283437252044678
76,Adam,25,-1.2321547269821167
76,Adam,26,-1.2357722520828247
76,Adam,27,-1.23920476436615
76,Adam,28,-1.24246084690094
76,Adam,29,-1.2455447912216187
76,Adam,30,-1.2484663724899292
76,Adam,31,-1.2512314319610596
76,Adam,32,-1.2538506984710693
76,Adam,33,-1.2563258409500122
76,Adam,34,-1.2586714029312134
76,Adam,35,-1.2608873844146729
76,Adam,36,-1.2629845142364502
76,Adam,37,-1.2649697065353394
76,Adam,38,-1.2668471336364746
76,Adam,39,-1.2686254978179932
76,Adam,40,-1.2703062295913696
76,Adam,41,-1.2719000577926636
76,Adam,42,-1.2734096050262451
76,Adam,43,-1.2748408317565918
76,Adam,44,-1.276196002960205
76,Adam,45,-1.277483582496643
76,Adam,46,-1.2787045240402222
76,Adam,47,-1.2798627614974976
76,Adam,48,-1.2809648513793945
76,Adam,49,-1.282011866569519
76,Adam,50,-1.2830052375793457
76,Adam,51,-1.2839531898498535
76,Adam,52,-1.2848559617996216
76,Adam,53,-1.285714030265808
76,Adam,54,-1.2865345478057861
76,Adam,55,-1.2873159646987915
76,Adam,56,-1.288063645362854
76,Adam,57,-1.2887766361236572
76,Adam,58,-1.2894597053527832
76,Adam,59,-1.2901124954223633
76,Adam,60,-1.2907359600067139
76,LBFGS,1,-1.2313393354415894
76,LBFGS,2,-1.2862859964370728
76,LBFGS,3,-1.2993674278259277
76,LBFGS,4,-1.3071818351745605
76,LBFGS,5,-1.3111531734466553
76,LBFGS,6,-1.3133620023727417
76,LBFGS,7,-1.314571738243103
76,LBFGS,8,-1.315243124961853
76,LBFGS,9,-1.315616250038147
76,LBFGS,10,-1.3158217668533325
76,LBFGS,11,-1.315938115119934
76,LBFGS,12,-1.3160028457641602
76,LBFGS,13,-1.3160361051559448
76,LBFGS,14,-1.3160579204559326
76,LBFGS,15,-1.3160686492919922
76,LBFGS,16,-1.316072940826416
76,LBFGS,17,-1.3160773515701294
76,LBFGS,18,-1.3160794973373413
76,LBFGS,19,-1.31607985496521
76,LBFGS,20,-1.3160803318023682
76,LBFGS,21,-1.3160803318023682
76,LBFGS,22,-1.3160803318023682
76,LBFGS,23,-1.3160803318023682
76,LBFGS,24,-1.3160803318023682
76,LBFGS,25,-1.3160803318023682
76,LBFGS,26,-1.3160803318023682
76,LBFGS,27,-1.3160803318023682
76,LBFGS,28,-1.3160803318023682
76,LBFGS,29,-1.3160803318023682
76,LBFGS,30,-1.3160803318023682
76,LBFGS,31,-1.3160803318023682
76,LBFGS,32,-1.3160803318023682
76,LBFGS,33,-1.3160803318023682
76,LBFGS,34,-1.3160803318023682
76,LBFGS,35,-1.3160803318023682
76,LBFGS,36,-1.3160803318023682
76,LBFGS,37,-1.3160803318023682
76,LBFGS,38,-1.3160803318023682
76,LBFGS,39,-1.3160803318023682
76,LBFGS,40,-1.3160803318023682
76,LBFGS,41,-1.3160803318023682
76,LBFGS,42,-1.3160803318023682
76,LBFGS,43,-1.3160803318023682
76,LBFGS,44,-1.3160803318023682
76,LBFGS,45,-1.3160803318023682
76,LBFGS,46,-1.3160803318023682
76,LBFGS,47,-1.3160803318023682
76,LBFGS,48,-1.3160803318023682
76,LBFGS,49,-1.3160803318023682
76,LBFGS,50,-1.3160803318023682
76,LBFGS,51,-1.3160803318023682
76,LBFGS,52,-1.3160803318023682
76,LBFGS,53,-1.3160803318023682
76,LBFGS,54,-1.3160803318023682
76,LBFGS,55,-1.3160803318023682
76,LBFGS,56,-1.3160803318023682
76,LBFGS,57,-1.3160803318023682
76,LBFGS,58,-1.3160803318023682
76,LBFGS,59,-1.3160803318023682
76,LBFGS,60,-1.3160803318023682
76,PSO,1,-1.217810869216919
76,PSO,2,-1.2638661861419678
76,PSO,3,-1.2804309129714966
76,PSO,4,-1.2909168004989624
76,PSO,5,-1.3106813430786133
76,PSO,6,-1.3160806894302368
76,PSO,7,-1.3160806894302368
76,PSO,8,-1.3160806894302368
76,PSO,9,-1.3160806894302368
76,PSO,10,-1.3160806894302368
76,PSO,11,-1.3160806894302368
76,PSO,12,-1.3160806894302368
76,PSO,13,-1.3160806894302368
76,PSO,14,-1.3160806894302368
76,PSO,15,-1.3160806894302368
76,PSO,16,-1.3160806894302368
76,PSO,17,-1.3160806894302368
76,PSO,18,-1.3160806894302368
76,PSO,19,-1.3160806894302368
76,PSO,20,-1.3160806894302368
76,PSO,21,-1.3160806894302368
76,PSO,22,-1.3160806894302368
76,PSO,23,-1.3160806894302368
76,PSO,24,-1.3160806894302368
76,PSO,25,-1.3160806894302368
76,PSO,26,-1.3160806894302368
76,PSO,27,-1.3160806894302368
76,PSO,28,-1.3160806894302368
76,PSO,29,-1.3160806894302368
76,PSO,30,-1.3160806894302368
76,PSO,31,-1.3160806894302368
76,PSO,32,-1.3160806894302368
76,PSO,33,-1.3160806894302368
76,PSO,34,-1.3160806894302368
76,PSO,35,-1.3160806894302368
76,PSO,36,-1.3160806894302368
76,PSO,37,-1.3160806894302368
76,PSO,38,-1.3160806894302368
76,PSO,39,-1.3160806894302368
76,PSO,40,-1.3160806894302368
76,PSO,41,-1.3160806894302368
76,PSO,42,-1.3160806894302368
76,PSO,43,-1.3160806894302368
76,PSO,44,-1.3160806894302368
76,PSO,45,-1.3160806894302368
76,PSO,46,-1.3160806894302368
76,PSO,47,-1.3160806894302368
76,PSO,48,-1.3160806894302368
76,PSO,49,-1.3160806894302368
76,PSO,50,-1.3160806894302368
76,PSO,51,-1.3160806894302368
76,PSO,52,-1.3160806894302368
76,PSO,53,-1.3160806894302368
76,PSO,54,-1.3160806894302368
76,PSO,55,-1.3160806894302368
76,PSO,56,-1.3160806894302368
76,PSO,57,-1.3160806894302368
76,PSO,58,-1.3160806894302368
76,PSO,59,-1.3160806894302368
76,PSO,60,-1.3160806894302368
76,DE,1,-1.212270975112915
76,DE,2,-1.212270975112915
76,DE,3,-1.2300684452056885
76,DE,4,-1.2300684452056885
76,DE,5,-1.275668978691101
76,DE,6,-1.2759629487991333
76,DE,7,-1.2769486904144287
76,DE,8,-1.2934112548828125
76,DE,9,-1.2934112548828125
76,DE,10,-1.2997902631759644
76,DE,11,-1.3068568706512451
76,DE,12,-1.3068568706512451
76,DE,13,-1.3068568706512451
76,DE,14,-1.3068568706512451
76,DE,15,-1.3068568706512451
76,DE,16,-1.3068568706512451
76,DE,17,-1.307976484298706
76,DE,18,-1.3098393678665161
76,DE,19,-1.3098393678665161
76,DE,20,-1.3098393678665161
76,DE,21,-1.3098393678665161
76,DE,22,-1.3098393678665161
76,DE,23,-1.3103967905044556
76,DE,24,-1.3103967905044556
76,DE,25,-1.3103967905044556
76,DE,26,-1.3103967905044556
76,DE,27,-1.310754418373108
76,DE,28,-1.310754418373108
76,DE,29,-1.3123605251312256
76,DE,30,-1.3123605251312256
76,DE,31,-1.3125885725021362
76,DE,32,-1.3132096529006958
76,DE,33,-1.313297152519226
76,DE,34,-1.3139044046401978
76,DE,35,-1.3146615028381348
76,DE,36,-1.3146615028381348
76,DE,37,-1.3146615028381348
76,DE,38,-1.3146615028381348
76,DE,39,-1.3154208660125732
76,DE,40,-1.3154208660125732
76,DE,41,-1.3154208660125732
76,DE,42,-1.3154208660125732
76,DE,43,-1.3154208660125732
76,DE,44,-1.3154208660125732
76,DE,45,-1.3154208660125732
76,DE,46,-1.3154208660125732
76,DE,47,-1.3154208660125732
76,DE,48,-1.3154208660125732
76,DE,49,-1.3154208660125732
76,DE,50,-1.3154820203781128
76,DE,51,-1.3154820203781128
76,DE,52,-1.3154820203781128
76,DE,53,-1.3155725002288818
76,DE,54,-1.3155725002288818
76,DE,55,-1.3156089782714844
76,DE,56,-1.3156089782714844
76,DE,57,-1.3156089782714844
76,DE,58,-1.3156089782714844
76,DE,59,-1.3156089782714844
76,DE,60,-1.3157185316085815
76,PSO+LBFGS,1,-1.2220808267593384
76,PSO+LBFGS,2,-1.2538602352142334
76,PSO+LBFGS,3,-1.2614015340805054
76,PSO+LBFGS,4,-1.2646626234054565
76,PSO+LBFGS,5,-1.2693120241165161
76,PSO+LBFGS,6,-1.274944543838501
76,PSO+LBFGS,7,-1.2810248136520386
76,PSO+LBFGS,8,-1.2897969484329224
76,PSO+LBFGS,9,-1.3001501560211182
76,PSO+LBFGS,10,-1.3093092441558838
76,PSO+LBFGS,11,-1.3160806894302368
76,PSO+LBFGS,12,-1.3160806894302368
76,PSO+LBFGS,13,-1.3160806894302368
76,PSO+LBFGS,14,-1.3160806894302368
76,PSO+LBFGS,15,-1.3160806894302368
76,PSO+LBFGS,16,-1.3160806894302368
76,PSO+LBFGS,17,-1.3160806894302368
76,PSO+LBFGS,18,-1.3160806894302368
76,PSO+LBFGS,19,-1.3160806894302368
76,PSO+LBFGS,20,-1.3160806894302368
76,PSO+LBFGS,21,-1.3160806894302368
76,PSO+LBFGS,22,-1.3160806894302368
76,PSO+LBFGS,23,-1.3160806894302368
76,PSO+LBFGS,24,-1.3160806894302368
76,PSO+LBFGS,25,-1.3160806894302368
76,PSO+LBFGS,26,-1.3160806894302368
76,PSO+LBFGS,27,-1.3160806894302368
76,PSO+LBFGS,28,-1.3160806894302368
76,PSO+LBFGS,29,-1.3160806894302368
76,PSO+LBFGS,30,-1.3160806894302368
76,PSO+LBFGS,31,-1.3160806894302368
76,PSO+LBFGS,32,-1.3160806894302368
76,PSO+LBFGS,33,-1.3160806894302368
76,PSO+LBFGS,34,-1.3160806894302368
76,PSO+LBFGS,35,-1.3160806894302368
76,PSO+LBFGS,36,-1.3160806894302368
76,PSO+LBFGS,37,-1.3160806894302368
76,PSO+LBFGS,38,-1.3160806894302368
76,PSO+LBFGS,39,-1.3160806894302368
76,PSO+LBFGS,40,-1.3160806894302368
76,PSO+LBFGS,41,-1.3160805702209473
76,PSO+LBFGS,42,-1.3160805702209473
76,PSO+LBFGS,43,-1.3160805702209473
76,PSO+LBFGS,44,-1.3160805702209473
76,PSO+LBFGS,45,-1.3160805702209473
76,PSO+LBFGS,46,-1.3160805702209473
76,PSO+LBFGS,47,-1.3160805702209473
76,PSO+LBFGS,48,-1.3160805702209473
76,PSO+LBFGS,49,-1.3160805702209473
76,PSO+LBFGS,50,-1.3160805702209473
76,PSO+LBFGS,51,-1.3160805702209473
76,PSO+LBFGS,52,-1.3160805702209473
76,PSO+LBFGS,53,-1.3160805702209473
76,PSO+LBFGS,54,-1.3160805702209473
76,PSO+LBFGS,55,-1.3160805702209473
76,PSO+LBFGS,56,-1.3160805702209473
76,PSO+LBFGS,57,-1.3160805702209473
76,PSO+LBFGS,58,-1.3160805702209473
76,PSO+LBFGS,59,-1.3160805702209473
76,PSO+LBFGS,60,-1.3160805702209473
77,Adam,1,-1.12675940990448
77,Adam,2,-1.137445330619812
77,Adam,3,-1.1479918956756592
77,Adam,4,-1.1583857536315918
77,Adam,5,-1.1686031818389893
77,Adam,6,-1.1786288022994995
77,Adam,7,-1.1884467601776123
77,Adam,8,-1.198033094406128
77,Adam,9,-1.2073824405670166
77,Adam,10,-1.2164746522903442
77,Adam,11,-1.2253024578094482
77,Adam,12,-1.2338565587997437
77,Adam,13,-1.2421269416809082
77,Adam,14,-1.2501109838485718
77,Adam,15,-1.257799506187439
77,Adam,16,-1.2651947736740112
77,Adam,17,-1.2722972631454468
77,Adam,18,-1.279099702835083
77,Adam,19,-1.2856146097183228
77,Adam,20,-1.2918381690979004
77,Adam,21,-1.2977808713912964
77,Adam,22,-1.3034433126449585
77,Adam,23,-1.3088382482528687
77,Adam,24,-1.3139679431915283
77,Adam,25,-1.318845510482788
77,Adam,26,-1.3234765529632568
77,Adam,27,-1.3278675079345703
77,Adam,28,-1.3320332765579224
77,Adam,29,-1.335982322692871
77,Adam,30,-1.3397254943847656
77,Adam,31,-1.3432672023773193
77,Adam,32,-1.346620798110962
77,Adam,33,-1.3497945070266724
77,Adam,34,-1.3527967929840088
77,Adam,35,-1.3556418418884277
77,Adam,36,-1.3583303689956665
77,Adam,37,-1.3608759641647339
77,Adam,38,-1.3632872104644775
77,Adam,39,-1.3655694723129272
77,Adam,40,-1.36772882938385
77,Adam,41,-1.369774341583252
77,Adam,42,-1.3717132806777954
77,Adam,43,-1.373549222946167
77,Adam,44,-1.3752938508987427
77,Adam,45,-1.376945972442627
77,Adam,46,-1.3785163164138794
77,Adam,47,-1.3800076246261597
77,Adam,48,-1.381425142288208
77,Adam,49,-1.3827704191207886
77,Adam,50,-1.3840508460998535
77,Adam,51,-1.3852713108062744
77,Adam,52,-1.3864331245422363
77,Adam,53,-1.3875398635864258
77,Adam,54,-1.388594627380371
77,Adam,55,-1.3896028995513916
77,Adam,56,-1.3905646800994873
77,Adam,57,-1.3914825916290283
77,Adam,58,-1.3923616409301758
77,Adam,59,-1.393202543258667
77,Adam,60,-1.3940057754516602
77,LBFGS,1,-1.1998722553253174
77,LBFGS,2,-1.4051005840301514
77,LBFGS,3,-1.4108586311340332
77,LBFGS,4,-1.4192744493484497
77,LBFGS,5,-1.4225609302520752
77,LBFGS,6,-1.424376368522644
77,LBFGS,7,-1.425321102142334
77,LBFGS,8,-1.4258410930633545
77,LBFGS,9,-1.4261231422424316
77,LBFGS,10,-1.4262725114822388
77,LBFGS,11,-1.4263732433319092
77,LBFGS,12,-1.426409363746643
77,LBFGS,13,-1.4264473915100098
77,LBFGS,14,-1.426456093788147
77,LBFGS,15,-1.4264650344848633
77,LBFGS,16,-1.4264711141586304
77,LBFGS,17,-1.4264742136001587
77,LBFGS,18,-1.4264768362045288
77,LBFGS,19,-1.4264769554138184
77,LBFGS,20,-1.4264769554138184
77,LBFGS,21,-1.4264769554138184
77,LBFGS,22,-1.4264769554138184
77,LBFGS,23,-1.4264769554138184
77,LBFGS,24,-1.4264769554138184
77,LBFGS,25,-1.4264769554138184
77,LBFGS,26,-1.4264769554138184
77,LBFGS,27,-1.4264769554138184
77,LBFGS,28,-1.4264769554138184
77,LBFGS,29,-1.4264769554138184
77,LBFGS,30,-1.4264769554138184
77,LBFGS,31,-1.4264769554138184
77,LBFGS,32,-1.4264769554138184
77,LBFGS,33,-1.4264769554138184
77,LBFGS,34,-1.4264769554138184
77,LBFGS,35,-1.4264769554138184
77,LBFGS,36,-1.4264769554138184
77,LBFGS,37,-1.4264769554138184
77,LBFGS,38,-1.4264769554138184
77,LBFGS,39,-1.4264769554138184
77,LBFGS,40,-1.4264769554138184
77,LBFGS,41,-1.4264769554138184
77,LBFGS,42,-1.4264769554138184
77,LBFGS,43,-1.4264769554138184
77,LBFGS,44,-1.4264769554138184
77,LBFGS,45,-1.4264769554138184
77,LBFGS,46,-1.4264769554138184
77,LBFGS,47,-1.4264769554138184
77,LBFGS,48,-1.4264769554138184
77,LBFGS,49,-1.4264769554138184
77,LBFGS,50,-1.4264769554138184
77,LBFGS,51,-1.4264769554138184
77,LBFGS,52,-1.4264769554138184
77,LBFGS,53,-1.4264769554138184
77,LBFGS,54,-1.4264769554138184
77,LBFGS,55,-1.4264769554138184
77,LBFGS,56,-1.4264769554138184
77,LBFGS,57,-1.4264769554138184
77,LBFGS,58,-1.4264769554138184
77,LBFGS,59,-1.4264769554138184
77,LBFGS,60,-1.4264769554138184
77,PSO,1,-1.4169790744781494
77,PSO,2,-1.4246678352355957
77,PSO,3,-1.4253199100494385
77,PSO,4,-1.4264663457870483
77,PSO,5,-1.4264767169952393
77,PSO,6,-1.4264767169952393
77,PSO,7,-1.4264767169952393
77,PSO,8,-1.4264767169952393
77,PSO,9,-1.4264767169952393
77,PSO,10,-1.4264767169952393
77,PSO,11,-1.4264767169952393
77,PSO,12,-1.4264767169952393
77,PSO,13,-1.4264767169952393
77,PSO,14,-1.4264768362045288
77,PSO,15,-1.4264768362045288
77,PSO,16,-1.4264768362045288
77,PSO,17,-1.4264768362045288
77,PSO,18,-1.4264769554138184
77,PSO,19,-1.426477074623108
77,PSO,20,-1.426477074623108
77,PSO,21,-1.426477074623108
77,PSO,22,-1.426477074623108
77,PSO,23,-1.426477074623108
77,PSO,24,-1.426477074623108
77,PSO,25,-1.426477074623108
77,PSO,26,-1.426477074623108
77,PSO,27,-1.426477074623108
77,PSO,28,-1.426477074623108
77,PSO,29,-1.426477074623108
77,PSO,30,-1.426477074623108
77,PSO,31,-1.426477074623108
77,PSO,32,-1.426477074623108
77,PSO,33,-1.426477074623108
77,PSO,34,-1.426477074623108
77,PSO,35,-1.426477074623108
77,PSO,36,-1.426477074623108
77,PSO,37,-1.426477074623108
77,PSO,38,-1.426477074623108
77,PSO,39,-1.426477074623108
77,PSO,40,-1.426477074623108
77,PSO,41,-1.426477074623108
77,PSO,42,-1.426477074623108
77,PSO,43,-1.426477074623108
77,PSO,44,-1.426477074623108
77,PSO,45,-1.426477074623108
77,PSO,46,-1.426477074623108
77,PSO,47,-1.426477074623108
77,PSO,48,-1.426477074623108
77,PSO,49,-1.426477074623108
77,PSO,50,-1.4264771938323975
77,PSO,51,-1.4264771938323975
77,PSO,52,-1.4264771938323975
77,PSO,53,-1.4264771938323975
77,PSO,54,-1.4264771938323975
77,PSO,55,-1.4264771938323975
77,PSO,56,-1.4264771938323975
77,PSO,57,-1.4264771938323975
77,PSO,58,-1.4264771938323975
77,PSO,59,-1.4264771938323975
77,PSO,60,-1.4264771938323975
77,DE,1,-1.369554877281189
77,DE,2,-1.3737797737121582
77,DE,3,-1.399821162223816
77,DE,4,-1.399821162223816
77,DE,5,-1.399821162223816
77,DE,6,-1.403373122215271
77,DE,7,-1.4114583730697632
77,DE,8,-1.4114583730697632
77,DE,9,-1.4114583730697632
77,DE,10,-1.4114583730697632
77,DE,11,-1.4114583730697632
77,DE,12,-1.4114583730697632
77,DE,13,-1.4114583730697632
77,DE,14,-1.418702483177185
77,DE,15,-1.420614242553711
77,DE,16,-1.420614242553711
77,DE,17,-1.420614242553711
77,DE,18,-1.420614242553711
77,DE,19,-1.420614242553711
77,DE,20,-1.4216161966323853
77,DE,21,-1.4227385520935059
77,DE,22,-1.422846794128418
77,DE,23,-1.422846794128418
77,DE,24,-1.422846794128418
77,DE,25,-1.4232131242752075
77,DE,26,-1.4232131242752075
77,DE,27,-1.4238667488098145
77,DE,28,-1.4245610237121582
77,DE,29,-1.4246151447296143
77,DE,30,-1.4257479906082153
77,DE,31,-1.4257479906082153
77,DE,32,-1.4257479906082153
77,DE,33,-1.4258301258087158
77,DE,34,-1.4258301258087158
77,DE,35,-1.42604398727417
77,DE,36,-1.42604398727417
77,DE,37,-1.42604398727417
77,DE,38,-1.42604398727417
77,DE,39,-1.42604398727417
77,DE,40,-1.426051139831543
77,DE,41,-1.4262173175811768
77,DE,42,-1.4262173175811768
77,DE,43,-1.4263360500335693
77,DE,44,-1.4263360500335693
77,DE,45,-1.4263360500335693
77,DE,46,-1.4263360500335693
77,DE,47,-1.4263360500335693
77,DE,48,-1.4263360500335693
77,DE,49,-1.4263629913330078
77,DE,50,-1.4263629913330078
77,DE,51,-1.4263629913330078
77,DE,52,-1.426371693611145
77,DE,53,-1.426371693611145
77,DE,54,-1.4264074563980103
77,DE,55,-1.4264074563980103
77,DE,56,-1.4264087677001953
77,DE,57,-1.4264339208602905
77,DE,58,-1.4264413118362427
77,DE,59,-1.4264413118362427
77,DE,60,-1.4264413118362427
77,PSO+LBFGS,1,-1.2987728118896484
77,PSO+LBFGS,2,-1.334389090538025
77,PSO+LBFGS,3,-1.3907556533813477
77,PSO+LBFGS,4,-1.419467568397522
77,PSO+LBFGS,5,-1.4223442077636719
77,PSO+LBFGS,6,-1.4255791902542114
77,PSO+LBFGS,7,-1.42616868019104
77,PSO+LBFGS,8,-1.4264657497406006
77,PSO+LBFGS,9,-1.4264657497406006
77,PSO+LBFGS,10,-1.4264657497406006
77,PSO+LBFGS,11,-1.4264733791351318
77,PSO+LBFGS,12,-1.4264755249023438
77,PSO+LBFGS,13,-1.4264758825302124
77,PSO+LBFGS,14,-1.4264758825302124
77,PSO+LBFGS,15,-1.4264763593673706
77,PSO+LBFGS,16,-1.4264763593673706
77,PSO+LBFGS,17,-1.4264767169952393
77,PSO+LBFGS,18,-1.4264767169952393
77,PSO+LBFGS,19,-1.4264768362045288
77,PSO+LBFGS,20,-1.426477074623108
77,PSO+LBFGS,21,-1.426477074623108
77,PSO+LBFGS,22,-1.426477074623108
77,PSO+LBFGS,23,-1.426477074623108
77,PSO+LBFGS,24,-1.426477074623108
77,PSO+LBFGS,25,-1.426477074623108
77,PSO+LBFGS,26,-1.426477074623108
77,PSO+LBFGS,27,-1.426477074623108
77,PSO+LBFGS,28,-1.426477074623108
77,PSO+LBFGS,29,-1.426477074623108
77,PSO+LBFGS,30,-1.426477074623108
77,PSO+LBFGS,31,-1.426477074623108
77,PSO+LBFGS,32,-1.426477074623108
77,PSO+LBFGS,33,-1.426477074623108
77,PSO+LBFGS,34,-1.426477074623108
77,PSO+LBFGS,35,-1.426477074623108
77,PSO+LBFGS,36,-1.426477074623108
77,PSO+LBFGS,37,-1.426477074623108
77,PSO+LBFGS,38,-1.426477074623108
77,PSO+LBFGS,39,-1.426477074623108
77,PSO+LBFGS,40,-1.426477074623108
77,PSO+LBFGS,41,-1.4264768362045288
77,PSO+LBFGS,42,-1.4264768362045288
77,PSO+LBFGS,43,-1.4264768362045288
77,PSO+LBFGS,44,-1.4264768362045288
77,PSO+LBFGS,45,-1.4264768362045288
77,PSO+LBFGS,46,-1.4264768362045288
77,PSO+LBFGS,47,-1.4264768362045288
77,PSO+LBFGS,48,-1.4264768362045288
77,PSO+LBFGS,49,-1.4264768362045288
77,PSO+LBFGS,50,-1.4264768362045288
77,PSO+LBFGS,51,-1.4264768362045288
77,PSO+LBFGS,52,-1.4264768362045288
77,PSO+LBFGS,53,-1.4264768362045288
77,PSO+LBFGS,54,-1.4264768362045288
77,PSO+LBFGS,55,-1.4264768362045288
77,PSO+LBFGS,56,-1.4264768362045288
77,PSO+LBFGS,57,-1.4264768362045288
77,PSO+LBFGS,58,-1.4264768362045288
77,PSO+LBFGS,59,-1.4264768362045288
77,PSO+LBFGS,60,-1.4264768362045288
78,Adam,1,1.2864749431610107
78,Adam,2,1.2707335948944092
78,Adam,3,1.2550846338272095
78,Adam,4,1.239554524421692
78,Adam,5,1.2241724729537964
78,Adam,6,1.2089701890945435
78,Adam,7,1.193976640701294
78,Adam,8,1.179219365119934
78,Adam,9,1.164718508720398
78,Adam,10,1.1505107879638672
78,Adam,11,1.1366151571273804
78,Adam,12,1.123047113418579
78,Adam,13,1.1098332405090332
78,Adam,14,1.0969913005828857
78,Adam,15,1.0845247507095337
78,Adam,16,1.0724533796310425
78,Adam,17,1.0607887506484985
78,Adam,18,1.0495339632034302
78,Adam,19,1.0386961698532104
78,Adam,20,1.0282700061798096
78,Adam,21,1.0182626247406006
78,Adam,22,1.0086767673492432
78,Adam,23,0.999494731426239
78,Adam,24,0.9907135367393494
78,Adam,25,0.9823361039161682
78,Adam,26,0.9743445515632629
78,Adam,27,0.9667328000068665
78,Adam,28,0.9594796299934387
78,Adam,29,0.9525899887084961
78,Adam,30,0.9460410475730896
78,Adam,31,0.9398193955421448
78,Adam,32,0.9339141249656677
78,Adam,33,0.928311288356781
78,Adam,34,0.9229946732521057
78,Adam,35,0.917957067489624
78,Adam,36,0.9131804704666138
78,Adam,37,0.9086542725563049
78,Adam,38,0.904360294342041
78,Adam,39,0.9002987742424011
78,Adam,40,0.8964467644691467
78,Adam,41,0.8927922248840332
78,Adam,42,0.8893267512321472
78,Adam,43,0.8860432505607605
78,Adam,44,0.8829278349876404
78,Adam,45,0.8799729943275452
78,Adam,46,0.8771657347679138
78,Adam,47,0.8745019435882568
78,Adam,48,0.8719700574874878
78,Adam,49,0.8695700764656067
78,Adam,50,0.867278516292572
78,Adam,51,0.8651042580604553
78,Adam,52,0.8630334138870239
78,Adam,53,0.8610577583312988
78,Adam,54,0.8591801524162292
78,Adam,55,0.8573866486549377
78,Adam,56,0.8556760549545288
78,Adam,57,0.854044497013092
78,Adam,58,0.8524853587150574
78,Adam,59,0.8509965538978577
78,Adam,60,0.8495709896087646
78,LBFGS,1,1.1173278093338013
78,LBFGS,2,0.8673585653305054
78,LBFGS,3,0.8412019610404968
78,LBFGS,4,0.8139145374298096
78,LBFGS,5,0.8051774501800537
78,LBFGS,6,0.8001263737678528
78,LBFGS,7,0.7974911332130432
78,LBFGS,8,0.7960269451141357
78,LBFGS,9,0.7952264547348022
78,LBFGS,10,0.7947828769683838
78,LBFGS,11,0.7945358157157898
78,LBFGS,12,0.7943982481956482
78,LBFGS,13,0.7943215370178223
78,LBFGS,14,0.7942793369293213
78,LBFGS,15,0.7942555546760559
78,LBFGS,16,0.7942451238632202
78,LBFGS,17,0.7942341566085815
78,LBFGS,18,0.7942307591438293
78,LBFGS,19,0.7942295670509338
78,LBFGS,20,0.7942283749580383
78,LBFGS,21,0.794227659702301
78,LBFGS,22,0.794227659702301
78,LBFGS,23,0.7942274212837219
78,LBFGS,24,0.7942274212837219
78,LBFGS,25,0.7942274212837219
78,LBFGS,26,0.7942274212837219
78,LBFGS,27,0.7942274212837219
78,LBFGS,28,0.7942274212837219
78,LBFGS,29,0.7942274212837219
78,LBFGS,30,0.7942274212837219
78,LBFGS,31,0.7942274212837219
78,LBFGS,32,0.7942274212837219
78,LBFGS,33,0.7942274212837219
78,LBFGS,34,0.7942274212837219
78,LBFGS,35,0.7942274212837219
78,LBFGS,36,0.7942274212837219
78,LBFGS,37,0.7942274212837219
78,LBFGS,38,0.7942274212837219
78,LBFGS,39,0.7942274212837219
78,LBFGS,40,0.7942274212837219
78,LBFGS,41,0.7942274212837219
78,LBFGS,42,0.7942274212837219
78,LBFGS,43,0.7942274212837219
78,LBFGS,44,0.7942274212837219
78,LBFGS,45,0.7942274212837219
78,LBFGS,46,0.7942274212837219
78,LBFGS,47,0.7942274212837219
78,LBFGS,48,0.7942274212837219
78,LBFGS,49,0.7942274212837219
78,LBFGS,50,0.7942274212837219
78,LBFGS,51,0.7942274212837219
78,LBFGS,52,0.7942274212837219
78,LBFGS,53,0.7942274212837219
78,LBFGS,54,0.7942274212837219
78,LBFGS,55,0.7942274212837219
78,LBFGS,56,0.7942274212837219
78,LBFGS,57,0.7942274212837219
78,LBFGS,58,0.7942274212837219
78,LBFGS,59,0.7942274212837219
78,LBFGS,60,0.7942274212837219
78,PSO,1,0.9665300250053406
78,PSO,2,0.8571764230728149
78,PSO,3,0.8557807207107544
78,PSO,4,0.8524895310401917
78,PSO,5,0.852200448513031
78,PSO,6,0.8488088250160217
78,PSO,7,0.8430992960929871
78,PSO,8,0.8344017863273621
78,PSO,9,0.8245028853416443
78,PSO,10,0.8169658780097961
78,PSO,11,0.8012321591377258
78,PSO,12,0.7942274212837219
78,PSO,13,0.7942274212837219
78,PSO,14,0.7942274212837219
78,PSO,15,0.7942274212837219
78,PSO,16,0.7942274212837219
78,PSO,17,0.7942274212837219
78,PSO,18,0.7942274212837219
78,PSO,19,0.7942274212837219
78,PSO,20,0.7942274212837219
78,PSO,21,0.7942274212837219
78,PSO,22,0.7942274212837219
78,PSO,23,0.7942274212837219
78,PSO,24,0.7942274212837219
78,PSO,25,0.7942274212837219
78,PSO,26,0.7942274212837219
78,PSO,27,0.7942274212837219
78,PSO,28,0.7942274212837219
78,PSO,29,0.7942274212837219
78,PSO,30,0.7942274212837219
78,PSO,31,0.7942274212837219
78,PSO,32,0.7942274212837219
78,PSO,33,0.7942274212837219
78,PSO,34,0.7942274212837219
78,PSO,35,0.7942274212837219
78,PSO,36,0.7942274212837219
78,PSO,37,0.7942274212837219
78,PSO,38,0.7942274212837219
78,PSO,39,0.7942274212837219
78,PSO,40,0.7942274212837219
78,PSO,41,0.7942274212837219
78,PSO,42,0.7942274212837219
78,PSO,43,0.7942274212837219
78,PSO,44,0.7942274212837219
78,PSO,45,0.7942274212837219
78,PSO,46,0.7942274212837219
78,PSO,47,0.7942274212837219
78,PSO,48,0.7942274212837219
78,PSO,49,0.7942274212837219
78,PSO,50,0.7942274212837219
78,PSO,51,0.7942274212837219
78,PSO,52,0.7942274212837219
78,PSO,53,0.7942274212837219
78,PSO,54,0.7942274212837219
78,PSO,55,0.7942274212837219
78,PSO,56,0.7942274212837219
78,PSO,57,0.7942274212837219
78,PSO,58,0.7942274212837219
78,PSO,59,0.7942274212837219
78,PSO,60,0.7942274212837219
78,DE,1,0.9453882575035095
78,DE,2,0.9154913425445557
78,DE,3,0.8595401644706726
78,DE,4,0.8541420698165894
78,DE,5,0.8541420698165894
78,DE,6,0.8541420698165894
78,DE,7,0.8487952947616577
78,DE,8,0.8487952947616577
78,DE,9,0.8487952947616577
78,DE,10,0.8374162912368774
78,DE,11,0.8374162912368774
78,DE,12,0.8374162912368774
78,DE,13,0.8374162912368774
78,DE,14,0.8374162912368774
78,DE,15,0.8271394968032837
78,DE,16,0.824123740196228
78,DE,17,0.824123740196228
78,DE,18,0.8192013502120972
78,DE,19,0.8192013502120972
78,DE,20,0.8154356479644775
78,DE,21,0.8102773427963257
78,DE,22,0.8075213432312012
78,DE,23,0.8073522448539734
78,DE,24,0.8068212270736694
78,DE,25,0.806616485118866
78,DE,26,0.8024404644966125
78,DE,27,0.8024404644966125
78,DE,28,0.7995160222053528
78,DE,29,0.7995160222053528
78,DE,30,0.7995160222053528
78,DE,31,0.7995160222053528
78,DE,32,0.7995160222053528
78,DE,33,0.7994539141654968
78,DE,34,0.7994539141654968
78,DE,35,0.7994005084037781
78,DE,36,0.7987912893295288
78,DE,37,0.7987912893295288
78,DE,38,0.7979916334152222
78,DE,39,0.7964538931846619
78,DE,40,0.7964538931846619
78,DE,41,0.7964538931846619
78,DE,42,0.796440839767456
78,DE,43,0.7963489294052124
78,DE,44,0.796196460723877
78,DE,45,0.7958717346191406
78,DE,46,0.7958717346191406
78,DE,47,0.7958717346191406
78,DE,48,0.795760989189148
78,DE,49,0.7956399917602539
78,DE,50,0.7954441905021667
78,DE,51,0.7954441905021667
78,DE,52,0.7952174544334412
78,DE,53,0.7952174544334412
78,DE,54,0.7952174544334412
78,DE,55,0.7952174544334412
78,DE,56,0.7949442267417908
78,DE,57,0.7946991920471191
78,DE,58,0.7946991920471191
78,DE,59,0.7946630120277405
78,DE,60,0.7946630120277405
78,PSO+LBFGS,1,0.8551456928253174
78,PSO+LBFGS,2,0.8434043526649475
78,PSO+LBFGS,3,0.8281584978103638
78,PSO+LBFGS,4,0.8140028119087219
78,PSO+LBFGS,5,0.795318603515625
78,PSO+LBFGS,6,0.7942274212837219
78,PSO+LBFGS,7,0.7942274212837219
78,PSO+LBFGS,8,0.7942274212837219
78,PSO+LBFGS,9,0.7942274212837219
78,PSO+LBFGS,10,0.7942274212837219
78,PSO+LBFGS,11,0.7942274212837219
78,PSO+LBFGS,12,0.7942274212837219
78,PSO+LBFGS,13,0.7942274212837219
78,PSO+LBFGS,14,0.7942274212837219
78,PSO+LBFGS,15,0.7942274212837219
78,PSO+LBFGS,16,0.7942274212837219
78,PSO+LBFGS,17,0.7942274212837219
78,PSO+LBFGS,18,0.7942274212837219
78,PSO+LBFGS,19,0.7942274212837219
78,PSO+LBFGS,20,0.7942274212837219
78,PSO+LBFGS,21,0.7942274212837219
78,PSO+LBFGS,22,0.7942274212837219
78,PSO+LBFGS,23,0.7942274212837219
78,PSO+LBFGS,24,0.7942274212837219
78,PSO+LBFGS,25,0.7942274212837219
78,PSO+LBFGS,26,0.7942274212837219
78,PSO+LBFGS,27,0.7942274212837219
78,PSO+LBFGS,28,0.7942274212837219
78,PSO+LBFGS,29,0.7942274212837219
78,PSO+LBFGS,30,0.7942274212837219
78,PSO+LBFGS,31,0.7942274212837219
78,PSO+LBFGS,32,0.7942274212837219
78,PSO+LBFGS,33,0.7942274212837219
78,PSO+LBFGS,34,0.7942274212837219
78,PSO+LBFGS,35,0.7942274212837219
78,PSO+LBFGS,36,0.7942274212837219
78,PSO+LBFGS,37,0.7942274212837219
78,PSO+LBFGS,38,0.7942274212837219
78,PSO+LBFGS,39,0.7942274212837219
78,PSO+LBFGS,40,0.7942274212837219
78,PSO+LBFGS,41,0.7942274212837219
78,PSO+LBFGS,42,0.7942274212837219
78,PSO+LBFGS,43,0.7942274212837219
78,PSO+LBFGS,44,0.7942274212837219
78,PSO+LBFGS,45,0.7942274212837219
78,PSO+LBFGS,46,0.7942274212837219
78,PSO+LBFGS,47,0.7942274212837219
78,PSO+LBFGS,48,0.7942274212837219
78,PSO+LBFGS,49,0.7942274212837219
78,PSO+LBFGS,50,0.7942274212837219
78,PSO+LBFGS,51,0.7942274212837219
78,PSO+LBFGS,52,0.7942274212837219
78,PSO+LBFGS,53,0.7942274212837219
78,PSO+LBFGS,54,0.7942274212837219
78,PSO+LBFGS,55,0.7942274212837219
78,PSO+LBFGS,56,0.7942274212837219
78,PSO+LBFGS,57,0.7942274212837219
78,PSO+LBFGS,58,0.7942274212837219
78,PSO+LBFGS,59,0.7942274212837219
78,PSO+LBFGS,60,0.7942274212837219
79,Adam,1,-1.1752394437789917
79,Adam,2,-1.1807208061218262
79,Adam,3,-1.186105728149414
79,Adam,4,-1.19138503074646
79,Adam,5,-1.1965477466583252
79,Adam,6,-1.2015900611877441
79,Adam,7,-1.2065026760101318
79,Adam,8,-1.2112846374511719
79,Adam,9,-1.2159312963485718
79,Adam,10,-1.2204418182373047
79,Adam,11,-1.2248141765594482
79,Adam,12,-1.2290507555007935
79,Adam,13,-1.233150601387024
79,Adam,14,-1.2371113300323486
79,Adam,15,-1.2409336566925049
79,Adam,16,-1.2446173429489136
79,Adam,17,-1.2481627464294434
79,Adam,18,-1.2515679597854614
79,Adam,19,-1.2548350095748901
79,Adam,20,-1.257964015007019
79,Adam,21,-1.2609548568725586
79,Adam,22,-1.2638119459152222
79,Adam,23,-1.2665351629257202
79,Adam,24,-1.2691292762756348
79,Adam,25,-1.2715957164764404
79,Adam,26,-1.2739372253417969
79,Adam,27,-1.2761598825454712
79,Adam,28,-1.278265357017517
79,Adam,29,-1.2802597284317017
79,Adam,30,-1.2821478843688965
79,Adam,31,-1.283934235572815
79,Adam,32,-1.2856234312057495
79,Adam,33,-1.287222146987915
79,Adam,34,-1.2887332439422607
79,Adam,35,-1.290163278579712
79,Adam,36,-1.2915164232254028
79,Adam,37,-1.2927972078323364
79,Adam,38,-1.2940101623535156
79,Adam,39,-1.295159935951233
79,Adam,40,-1.2962486743927002
79,Adam,41,-1.2972818613052368
79,Adam,42,-1.2982604503631592
79,Adam,43,-1.2991888523101807
79,Adam,44,-1.3000702857971191
79,Adam,45,-1.3009064197540283
79,Adam,46,-1.3016992807388306
79,Adam,47,-1.3024530410766602
79,Adam,48,-1.3031693696975708
79,Adam,49,-1.3038482666015625
79,Adam,50,-1.304494857788086
79,Adam,51,-1.3051096200942993
79,Adam,52,-1.3056941032409668
79,Adam,53,-1.306251049041748
79,Adam,54,-1.3067824840545654
79,Adam,55,-1.3072885274887085
79,Adam,56,-1.307771921157837
79,Adam,57,-1.308233618736267
79,Adam,58,-1.3086748123168945
79,Adam,59,-1.3090972900390625
79,Adam,60,-1.3095011711120605
79,LBFGS,1,-1.2613117694854736
79,LBFGS,2,-1.3086745738983154
79,LBFGS,3,-1.3154444694519043
79,LBFGS,4,-1.3205077648162842
79,LBFGS,5,-1.322835087776184
79,LBFGS,6,-1.3240989446640015
79,LBFGS,7,-1.3247296810150146
79,LBFGS,8,-1.3251723051071167
79,LBFGS,9,-1.3253788948059082
79,LBFGS,10,-1.3254777193069458
79,LBFGS,11,-1.3255501985549927
79,LBFGS,12,-1.3255972862243652
79,LBFGS,13,-1.3256181478500366
79,LBFGS,14,-1.3256361484527588
79,LBFGS,15,-1.3256429433822632
79,LBFGS,16,-1.3256490230560303
79,LBFGS,17,-1.3256508111953735
79,LBFGS,18,-1.3256511688232422
79,LBFGS,19,-1.325653076171875
79,LBFGS,20,-1.325653076171875
79,LBFGS,21,-1.325653076171875
79,LBFGS,22,-1.3256534337997437
79,LBFGS,23,-1.3256535530090332
79,LBFGS,24,-1.3256535530090332
79,LBFGS,25,-1.3256535530090332
79,LBFGS,26,-1.3256535530090332
79,LBFGS,27,-1.3256535530090332
79,LBFGS,28,-1.3256535530090332
79,LBFGS,29,-1.3256535530090332
79,LBFGS,30,-1.3256535530090332
79,LBFGS,31,-1.3256535530090332
79,LBFGS,32,-1.3256535530090332
79,LBFGS,33,-1.3256535530090332
79,LBFGS,34,-1.3256535530090332
79,LBFGS,35,-1.3256535530090332
79,LBFGS,36,-1.3256535530090332
79,LBFGS,37,-1.3256535530090332
79,LBFGS,38,-1.3256535530090332
79,LBFGS,39,-1.3256535530090332
79,LBFGS,40,-1.3256535530090332
79,LBFGS,41,-1.3256535530090332
79,LBFGS,42,-1.3256535530090332
79,LBFGS,43,-1.3256535530090332
79,LBFGS,44,-1.3256535530090332
79,LBFGS,45,-1.3256535530090332
79,LBFGS,46,-1.3256535530090332
79,LBFGS,47,-1.3256535530090332
79,LBFGS,48,-1.3256535530090332
79,LBFGS,49,-1.3256535530090332
79,LBFGS,50,-1.3256535530090332
79,LBFGS,51,-1.3256535530090332
79,LBFGS,52,-1.3256535530090332
79,LBFGS,53,-1.3256535530090332
79,LBFGS,54,-1.3256535530090332
79,LBFGS,55,-1.3256535530090332
79,LBFGS,56,-1.3256535530090332
79,LBFGS,57,-1.3256535530090332
79,LBFGS,58,-1.3256535530090332
79,LBFGS,59,-1.3256535530090332
79,LBFGS,60,-1.3256535530090332
79,PSO,1,-1.3072094917297363
79,PSO,2,-1.317600131034851
79,PSO,3,-1.3212006092071533
79,PSO,4,-1.3242861032485962
79,PSO,5,-1.3255082368850708
79,PSO,6,-1.3255330324172974
79,PSO,7,-1.3256374597549438
79,PSO,8,-1.3256374597549438
79,PSO,9,-1.3256374597549438
79,PSO,10,-1.325653314590454
79,PSO,11,-1.325653314590454
79,PSO,12,-1.325653314590454
79,PSO,13,-1.325653314590454
79,PSO,14,-1.325653314590454
79,PSO,15,-1.325653314590454
79,PSO,16,-1.325653314590454
79,PSO,17,-1.325653314590454
79,PSO,18,-1.325653314590454
79,PSO,19,-1.325653314590454
79,PSO,20,-1.325653314590454
79,PSO,21,-1.3256534337997437
79,PSO,22,-1.3256534337997437
79,PSO,23,-1.3256534337997437
79,PSO,24,-1.3256535530090332
79,PSO,25,-1.3256535530090332
79,PSO,26,-1.3256535530090332
79,PSO,27,-1.3256535530090332
79,PSO,28,-1.3256535530090332
79,PSO,29,-1.3256535530090332
79,PSO,30,-1.3256535530090332
79,PSO,31,-1.3256535530090332
79,PSO,32,-1.3256535530090332
79,PSO,33,-1.3256535530090332
79,PSO,34,-1.3256535530090332
79,PSO,35,-1.3256535530090332
79,PSO,36,-1.3256535530090332
79,PSO,37,-1.3256535530090332
79,PSO,38,-1.3256535530090332
79,PSO,39,-1.3256535530090332
79,PSO,40,-1.3256535530090332
79,PSO,41,-1.3256535530090332
79,PSO,42,-1.3256535530090332
79,PSO,43,-1.3256535530090332
79,PSO,44,-1.3256535530090332
79,PSO,45,-1.3256535530090332
79,PSO,46,-1.3256535530090332
79,PSO,47,-1.3256535530090332
79,PSO,48,-1.3256535530090332
79,PSO,49,-1.3256535530090332
79,PSO,50,-1.3256535530090332
79,PSO,51,-1.3256535530090332
79,PSO,52,-1.3256535530090332
79,PSO,53,-1.3256535530090332
79,PSO,54,-1.3256535530090332
79,PSO,55,-1.3256535530090332
79,PSO,56,-1.3256535530090332
79,PSO,57,-1.3256535530090332
79,PSO,58,-1.3256535530090332
79,PSO,59,-1.3256535530090332
79,PSO,60,-1.3256535530090332
79,DE,1,-1.2911142110824585
79,DE,2,-1.2911142110824585
79,DE,3,-1.2911142110824585
79,DE,4,-1.2924162149429321
79,DE,5,-1.2927290201187134
79,DE,6,-1.3099061250686646
79,DE,7,-1.3123164176940918
79,DE,8,-1.3136909008026123
79,DE,9,-1.3136909008026123
79,DE,10,-1.3144265413284302
79,DE,11,-1.3144265413284302
79,DE,12,-1.3152157068252563
79,DE,13,-1.318550944328308
79,DE,14,-1.318550944328308
79,DE,15,-1.318550944328308
79,DE,16,-1.321860671043396
79,DE,17,-1.321860671043396
79,DE,18,-1.321860671043396
79,DE,19,-1.323432207107544
79,DE,20,-1.323432207107544
79,DE,21,-1.323432207107544
79,DE,22,-1.323432207107544
79,DE,23,-1.3236922025680542
79,DE,24,-1.324013113975525
79,DE,25,-1.3243684768676758
79,DE,26,-1.3245552778244019
79,DE,27,-1.3245552778244019
79,DE,28,-1.3245552778244019
79,DE,29,-1.3245552778244019
79,DE,30,-1.3247532844543457
79,DE,31,-1.3247532844543457
79,DE,32,-1.3252431154251099
79,DE,33,-1.3252431154251099
79,DE,34,-1.3252431154251099
79,DE,35,-1.3254772424697876
79,DE,36,-1.3254772424697876
79,DE,37,-1.3254772424697876
79,DE,38,-1.3254772424697876
79,DE,39,-1.3254772424697876
79,DE,40,-1.3254772424697876
79,DE,41,-1.3255099058151245
79,DE,42,-1.3255099058151245
79,DE,43,-1.3255099058151245
79,DE,44,-1.3255099058151245
79,DE,45,-1.32554030418396
79,DE,46,-1.3255420923233032
79,DE,47,-1.3255420923233032
79,DE,48,-1.325585126876831
79,DE,49,-1.325585126876831
79,DE,50,-1.3255901336669922
79,DE,51,-1.325608730316162
79,DE,52,-1.325608730316162
79,DE,53,-1.325608730316162
79,DE,54,-1.325608730316162
79,DE,55,-1.3256114721298218
79,DE,56,-1.325623631477356
79,DE,57,-1.32563316822052
79,DE,58,-1.32563316822052
79,DE,59,-1.32563316822052
79,DE,60,-1.32563316822052
79,PSO+LBFGS,1,-1.292264461517334
79,PSO+LBFGS,2,-1.317090392112732
79,PSO+LBFGS,3,-1.32015061378479
79,PSO+LBFGS,4,-1.320666790008545
79,PSO+LBFGS,5,-1.320666790008545
79,PSO+LBFGS,6,-1.320666790008545
79,PSO+LBFGS,7,-1.320666790008545
79,PSO+LBFGS,8,-1.320666790008545
79,PSO+LBFGS,9,-1.320666790008545
79,PSO+LBFGS,10,-1.320666790008545
79,PSO+LBFGS,11,-1.320666790008545
79,PSO+LBFGS,12,-1.320666790008545
79,PSO+LBFGS,13,-1.320666790008545
79,PSO+LBFGS,14,-1.320666790008545
79,PSO+LBFGS,15,-1.320666790008545
79,PSO+LBFGS,16,-1.320666790008545
79,PSO+LBFGS,17,-1.320666790008545
79,PSO+LBFGS,18,-1.320666790008545
79,PSO+LBFGS,19,-1.320666790008545
79,PSO+LBFGS,20,-1.320666790008545
79,PSO+LBFGS,21,-1.320666790008545
79,PSO+LBFGS,22,-1.320666790008545
79,PSO+LBFGS,23,-1.320666790008545
79,PSO+LBFGS,24,-1.320666790008545
79,PSO+LBFGS,25,-1.320666790008545
79,PSO+LBFGS,26,-1.320666790008545
79,PSO+LBFGS,27,-1.320666790008545
79,PSO+LBFGS,28,-1.320666790008545
79,PSO+LBFGS,29,-1.320666790008545
79,PSO+LBFGS,30,-1.320666790008545
79,PSO+LBFGS,31,-1.320666790008545
79,PSO+LBFGS,32,-1.320666790008545
79,PSO+LBFGS,33,-1.320666790008545
79,PSO+LBFGS,34,-1.320666790008545
79,PSO+LBFGS,35,-1.320666790008545
79,PSO+LBFGS,36,-1.320666790008545
79,PSO+LBFGS,37,-1.320666790008545
79,PSO+LBFGS,38,-1.320666790008545
79,PSO+LBFGS,39,-1.320666790008545
79,PSO+LBFGS,40,-1.320666790008545
79,PSO+LBFGS,41,-1.320666790008545
79,PSO+LBFGS,42,-1.320666790008545
79,PSO+LBFGS,43,-1.320666790008545
79,PSO+LBFGS,44,-1.320666790008545
79,PSO+LBFGS,45,-1.320666790008545
79,PSO+LBFGS,46,-1.320666790008545
79,PSO+LBFGS,47,-1.320666790008545
79,PSO+LBFGS,48,-1.320666790008545
79,PSO+LBFGS,49,-1.320666790008545
79,PSO+LBFGS,50,-1.320666790008545
79,PSO+LBFGS,51,-1.320666790008545
79,PSO+LBFGS,52,-1.320666790008545
79,PSO+LBFGS,53,-1.320666790008545
79,PSO+LBFGS,54,-1.320666790008545
79,PSO+LBFGS,55,-1.320666790008545
79,PSO+LBFGS,56,-1.320666790008545
79,PSO+LBFGS,57,-1.320666790008545
79,PSO+LBFGS,58,-1.320666790008545
79,PSO+LBFGS,59,-1.320666790008545
79,PSO+LBFGS,60,-1.320666790008545
80,Adam,1,-1.9435045719146729
80,Adam,2,-1.9492394924163818
80,Adam,3,-1.9548791646957397
80,Adam,4,-1.9604095220565796
80,Adam,5,-1.9658206701278687
80,Adam,6,-1.9711065292358398
80,Adam,7,-1.9762539863586426
80,Adam,8,-1.9812583923339844
80,Adam,9,-1.9861129522323608
80,Adam,10,-1.9908111095428467
80,Adam,11,-1.9953486919403076
80,Adam,12,-1.999721884727478
80,Adam,13,-2.0039312839508057
80,Adam,14,-2.0079708099365234
80,Adam,15,-2.011845350265503
80,Adam,16,-2.0155527591705322
80,Adam,17,-2.019094467163086
80,Adam,18,-2.0224738121032715
80,Adam,19,-2.025693416595459
80,Adam,20,-2.0287580490112305
80,Adam,21,-2.0316689014434814
80,Adam,22,-2.0344343185424805
80,Adam,23,-2.037055253982544
80,Adam,24,-2.039541244506836
80,Adam,25,-2.041895627975464
80,Adam,26,-2.0441224575042725
80,Adam,27,-2.0462279319763184
80,Adam,28,-2.0482189655303955
80,Adam,29,-2.0501010417938232
80,Adam,30,-2.051879644393921
80,Adam,31,-2.0535593032836914
80,Adam,32,-2.055144786834717
80,Adam,33,-2.0566420555114746
80,Adam,34,-2.0580556392669678
80,Adam,35,-2.0593905448913574
80,Adam,36,-2.060652017593384
80,Adam,37,-2.0618441104888916
80,Adam,38,-2.06296968460083
80,Adam,39,-2.064032554626465
80,Adam,40,-2.0650391578674316
80,Adam,41,-2.065990924835205
80,Adam,42,-2.0668909549713135
80,Adam,43,-2.0677433013916016
80,Adam,44,-2.0685503482818604
80,Adam,45,-2.0693140029907227
80,Adam,46,-2.0700385570526123
80,Adam,47,-2.070727825164795
80,Adam,48,-2.0713789463043213
80,Adam,49,-2.0719997882843018
80,Adam,50,-2.072589874267578
80,Adam,51,-2.073150873184204
80,Adam,52,-2.073683500289917
80,Adam,53,-2.074190855026245
80,Adam,54,-2.0746757984161377
80,Adam,55,-2.075136184692383
80,Adam,56,-2.0755774974823
80,Adam,57,-2.0759975910186768
80,Adam,58,-2.076399564743042
80,Adam,59,-2.0767836570739746
80,Adam,60,-2.077152729034424
80,LBFGS,1,-2.0232346057891846
80,LBFGS,2,-2.0745058059692383
80,LBFGS,3,-2.0815484523773193
80,LBFGS,4,-2.08657169342041
80,LBFGS,5,-2.088965654373169
80,LBFGS,6,-2.090304374694824
80,LBFGS,7,-2.0910305976867676
80,LBFGS,8,-2.0914313793182373
80,LBFGS,9,-2.0916528701782227
80,LBFGS,10,-2.0917775630950928
80,LBFGS,11,-2.0918469429016113
80,LBFGS,12,-2.0918850898742676
80,LBFGS,13,-2.091907262802124
80,LBFGS,14,-2.0919132232666016
80,LBFGS,15,-2.0919229984283447
80,LBFGS,16,-2.0919270515441895
80,LBFGS,17,-2.0919301509857178
80,LBFGS,18,-2.091930866241455
80,LBFGS,19,-2.0919315814971924
80,LBFGS,20,-2.0919337272644043
80,LBFGS,21,-2.0919344425201416
80,LBFGS,22,-2.0919344425201416
80,LBFGS,23,-2.0919344425201416
80,LBFGS,24,-2.0919344425201416
80,LBFGS,25,-2.0919344425201416
80,LBFGS,26,-2.0919344425201416
80,LBFGS,27,-2.0919344425201416
80,LBFGS,28,-2.0919344425201416
80,LBFGS,29,-2.0919344425201416
80,LBFGS,30,-2.0919344425201416
80,LBFGS,31,-2.0919344425201416
80,LBFGS,32,-2.0919344425201416
80,LBFGS,33,-2.0919344425201416
80,LBFGS,34,-2.0919344425201416
80,LBFGS,35,-2.0919344425201416
80,LBFGS,36,-2.0919344425201416
80,LBFGS,37,-2.0919344425201416
80,LBFGS,38,-2.0919344425201416
80,LBFGS,39,-2.0919344425201416
80,LBFGS,40,-2.0919344425201416
80,LBFGS,41,-2.0919344425201416
80,LBFGS,42,-2.0919344425201416
80,LBFGS,43,-2.0919344425201416
80,LBFGS,44,-2.0919344425201416
80,LBFGS,45,-2.0919344425201416
80,LBFGS,46,-2.0919344425201416
80,LBFGS,47,-2.0919344425201416
80,LBFGS,48,-2.0919344425201416
80,LBFGS,49,-2.0919344425201416
80,LBFGS,50,-2.0919344425201416
80,LBFGS,51,-2.0919344425201416
80,LBFGS,52,-2.0919344425201416
80,LBFGS,53,-2.0919344425201416
80,LBFGS,54,-2.0919344425201416
80,LBFGS,55,-2.0919344425201416
80,LBFGS,56,-2.0919344425201416
80,LBFGS,57,-2.0919344425201416
80,LBFGS,58,-2.0919344425201416
80,LBFGS,59,-2.0919344425201416
80,LBFGS,60,-2.0919344425201416
80,PSO,1,-2.032989501953125
80,PSO,2,-2.057948589324951
80,PSO,3,-2.088010549545288
80,PSO,4,-2.091892719268799
80,PSO,5,-2.0919229984283447
80,PSO,6,-2.0919229984283447
80,PSO,7,-2.0919229984283447
80,PSO,8,-2.091928005218506
80,PSO,9,-2.0919339656829834
80,PSO,10,-2.0919342041015625
80,PSO,11,-2.0919344425201416
80,PSO,12,-2.0919346809387207
80,PSO,13,-2.0919346809387207
80,PSO,14,-2.0919346809387207
80,PSO,15,-2.0919346809387207
80,PSO,16,-2.0919346809387207
80,PSO,17,-2.0919346809387207
80,PSO,18,-2.0919346809387207
80,PSO,19,-2.0919346809387207
80,PSO,20,-2.0919346809387207
80,PSO,21,-2.0919346809387207
80,PSO,22,-2.0919346809387207
80,PSO,23,-2.0919346809387207
80,PSO,24,-2.0919346809387207
80,PSO,25,-2.0919346809387207
80,PSO,26,-2.0919346809387207
80,PSO,27,-2.0919346809387207
80,PSO,28,-2.0919346809387207
80,PSO,29,-2.0919346809387207
80,PSO,30,-2.0919346809387207
80,PSO,31,-2.0919346809387207
80,PSO,32,-2.0919346809387207
80,PSO,33,-2.0919346809387207
80,PSO,34,-2.0919346809387207
80,PSO,35,-2.0919346809387207
80,PSO,36,-2.0919346809387207
80,PSO,37,-2.0919346809387207
80,PSO,38,-2.0919346809387207
80,PSO,39,-2.0919346809387207
80,PSO,40,-2.0919346809387207
80,PSO,41,-2.0919346809387207
80,PSO,42,-2.0919346809387207
80,PSO,43,-2.0919346809387207
80,PSO,44,-2.0919346809387207
80,PSO,45,-2.0919346809387207
80,PSO,46,-2.0919346809387207
80,PSO,47,-2.0919346809387207
80,PSO,48,-2.0919346809387207
80,PSO,49,-2.0919346809387207
80,PSO,50,-2.0919346809387207
80,PSO,51,-2.0919346809387207
80,PSO,52,-2.0919346809387207
80,PSO,53,-2.0919346809387207
80,PSO,54,-2.0919346809387207
80,PSO,55,-2.0919346809387207
80,PSO,56,-2.0919346809387207
80,PSO,57,-2.0919346809387207
80,PSO,58,-2.0919346809387207
80,PSO,59,-2.0919346809387207
80,PSO,60,-2.0919346809387207
80,DE,1,-2.0241665840148926
80,DE,2,-2.0499155521392822
80,DE,3,-2.0571787357330322
80,DE,4,-2.0571787357330322
80,DE,5,-2.061096668243408
80,DE,6,-2.069746732711792
80,DE,7,-2.0756070613861084
80,DE,8,-2.078775405883789
80,DE,9,-2.0869390964508057
80,DE,10,-2.0869390964508057
80,DE,11,-2.0869390964508057
80,DE,12,-2.0869390964508057
80,DE,13,-2.0869390964508057
80,DE,14,-2.0869390964508057
80,DE,15,-2.086953639984131
80,DE,16,-2.0870778560638428
80,DE,17,-2.0879063606262207
80,DE,18,-2.0879063606262207
80,DE,19,-2.0879063606262207
80,DE,20,-2.0884337425231934
80,DE,21,-2.0885331630706787
80,DE,22,-2.0891125202178955
80,DE,23,-2.0893642902374268
80,DE,24,-2.0893642902374268
80,DE,25,-2.0893642902374268
80,DE,26,-2.0906262397766113
80,DE,27,-2.0906262397766113
80,DE,28,-2.0906262397766113
80,DE,29,-2.0906262397766113
80,DE,30,-2.0906262397766113
80,DE,31,-2.090653419494629
80,DE,32,-2.090833902359009
80,DE,33,-2.090833902359009
80,DE,34,-2.090833902359009
80,DE,35,-2.090833902359009
80,DE,36,-2.090833902359009
80,DE,37,-2.0912137031555176
80,DE,38,-2.091297149658203
80,DE,39,-2.0915048122406006
80,DE,40,-2.0915677547454834
80,DE,41,-2.0916247367858887
80,DE,42,-2.0916247367858887
80,DE,43,-2.0916247367858887
80,DE,44,-2.0916502475738525
80,DE,45,-2.0916502475738525
80,DE,46,-2.0917723178863525
80,DE,47,-2.0918617248535156
80,DE,48,-2.0918617248535156
80,DE,49,-2.0918617248535156
80,DE,50,-2.0918617248535156
80,DE,51,-2.0918617248535156
80,DE,52,-2.0918617248535156
80,DE,53,-2.0918617248535156
80,DE,54,-2.0918617248535156
80,DE,55,-2.0918617248535156
80,DE,56,-2.0918705463409424
80,DE,57,-2.0918705463409424
80,DE,58,-2.0918705463409424
80,DE,59,-2.091874837875366
80,DE,60,-2.091874837875366
80,PSO+LBFGS,1,-2.062703847885132
80,PSO+LBFGS,2,-2.082179069519043
80,PSO+LBFGS,3,-2.091892719268799
80,PSO+LBFGS,4,-2.091892719268799
80,PSO+LBFGS,5,-2.091892719268799
80,PSO+LBFGS,6,-2.091892719268799
80,PSO+LBFGS,7,-2.091892719268799
80,PSO+LBFGS,8,-2.091892719268799
80,PSO+LBFGS,9,-2.091892719268799
80,PSO+LBFGS,10,-2.091892719268799
80,PSO+LBFGS,11,-2.091892719268799
80,PSO+LBFGS,12,-2.091892719268799
80,PSO+LBFGS,13,-2.091892719268799
80,PSO+LBFGS,14,-2.091892719268799
80,PSO+LBFGS,15,-2.091892719268799
80,PSO+LBFGS,16,-2.091892719268799
80,PSO+LBFGS,17,-2.091892719268799
80,PSO+LBFGS,18,-2.091892719268799
80,PSO+LBFGS,19,-2.091892719268799
80,PSO+LBFGS,20,-2.091892719268799
80,PSO+LBFGS,21,-2.091892719268799
80,PSO+LBFGS,22,-2.091892719268799
80,PSO+LBFGS,23,-2.091892719268799
80,PSO+LBFGS,24,-2.091892719268799
80,PSO+LBFGS,25,-2.091892719268799
80,PSO+LBFGS,26,-2.091892719268799
80,PSO+LBFGS,27,-2.091892719268799
80,PSO+LBFGS,28,-2.091892719268799
80,PSO+LBFGS,29,-2.091892719268799
80,PSO+LBFGS,30,-2.091892719268799
80,PSO+LBFGS,31,-2.091892719268799
80,PSO+LBFGS,32,-2.091892719268799
80,PSO+LBFGS,33,-2.091892719268799
80,PSO+LBFGS,34,-2.091892719268799
80,PSO+LBFGS,35,-2.091892719268799
80,PSO+LBFGS,36,-2.091892719268799
80,PSO+LBFGS,37,-2.091892719268799
80,PSO+LBFGS,38,-2.091892719268799
80,PSO+LBFGS,39,-2.091892719268799
80,PSO+LBFGS,40,-2.091892719268799
80,PSO+LBFGS,41,-2.091892957687378
80,PSO+LBFGS,42,-2.091892957687378
80,PSO+LBFGS,43,-2.091892957687378
80,PSO+LBFGS,44,-2.091892957687378
80,PSO+LBFGS,45,-2.091892957687378
80,PSO+LBFGS,46,-2.091892957687378
80,PSO+LBFGS,47,-2.091892957687378
80,PSO+LBFGS,48,-2.091892957687378
80,PSO+LBFGS,49,-2.091892957687378
80,PSO+LBFGS,50,-2.091892957687378
80,PSO+LBFGS,51,-2.091892957687378
80,PSO+LBFGS,52,-2.091892957687378
80,PSO+LBFGS,53,-2.091892957687378
80,PSO+LBFGS,54,-2.091892957687378
80,PSO+LBFGS,55,-2.091892957687378
80,PSO+LBFGS,56,-2.091892957687378
80,PSO+LBFGS,57,-2.091892957687378
80,PSO+LBFGS,58,-2.091892957687378
80,PSO+LBFGS,59,-2.091892957687378
80,PSO+LBFGS,60,-2.091892957687378
81,Adam,1,-0.4177524149417877
81,Adam,2,-0.42808887362480164
81,Adam,3,-0.438284695148468
81,Adam,4,-0.4483221173286438
81,Adam,5,-0.4581865668296814
81,Adam,6,-0.4678560495376587
81,Adam,7,-0.47731414437294006
81,Adam,8,-0.4865473806858063
81,Adam,9,-0.495537668466568
81,Adam,10,-0.504277229309082
81,Adam,11,-0.5127533078193665
81,Adam,12,-0.5209547877311707
81,Adam,13,-0.5288777947425842
81,Adam,14,-0.5365173816680908
81,Adam,15,-0.5438670516014099
81,Adam,16,-0.5509256720542908
81,Adam,17,-0.5576967597007751
81,Adam,18,-0.5641788840293884
81,Adam,19,-0.570374608039856
81,Adam,20,-0.576288104057312
81,Adam,21,-0.5819260478019714
81,Adam,22,-0.5872939825057983
81,Adam,23,-0.5923998355865479
81,Adam,24,-0.59725022315979
81,Adam,25,-0.601855993270874
81,Adam,26,-0.606220543384552
81,Adam,27,-0.6103611588478088
81,Adam,28,-0.6142847537994385
81,Adam,29,-0.6179954409599304
81,Adam,30,-0.621509313583374
81,Adam,31,-0.6248356699943542
81,Adam,32,-0.6279798150062561
81,Adam,33,-0.6309535503387451
81,Adam,34,-0.6337648630142212
81,Adam,35,-0.6364277005195618
81,Adam,36,-0.638942301273346
81,Adam,37,-0.6413209438323975
81,Adam,38,-0.6435732245445251
81,Adam,39,-0.6457020044326782
81,Adam,40,-0.6477185487747192
81,Adam,41,-0.6496283411979675
81,Adam,42,-0.6514353156089783
81,Adam,43,-0.6531499028205872
81,Adam,44,-0.6547752022743225
81,Adam,45,-0.6563165187835693
81,Adam,46,-0.6577783226966858
81,Adam,47,-0.6591690182685852
81,Adam,48,-0.6604893207550049
81,Adam,49,-0.6617441773414612
81,Adam,50,-0.6629375219345093
81,Adam,51,-0.6640740633010864
81,Adam,52,-0.6651567220687866
81,Adam,53,-0.6661875247955322
81,Adam,54,-0.667173445224762
81,Adam,55,-0.6681111454963684
81,Adam,56,-0.669007420539856
81,Adam,57,-0.6698641777038574
81,Adam,58,-0.6706857681274414
81,Adam,59,-0.6714699864387512
81,Adam,60,-0.672218918800354
81,LBFGS,1,-0.5946313738822937
81,LBFGS,2,-0.6559246182441711
81,LBFGS,3,-0.6794791221618652
81,LBFGS,4,-0.690589427947998
81,LBFGS,5,-0.6962644457817078
81,LBFGS,6,-0.6993153095245361
81,LBFGS,7,-0.7009896039962769
81,LBFGS,8,-0.7019127011299133
81,LBFGS,9,-0.7024252414703369
81,LBFGS,10,-0.7027083039283752
81,LBFGS,11,-0.70286625623703
81,LBFGS,12,-0.7029535174369812
81,LBFGS,13,-0.7030032873153687
81,LBFGS,14,-0.703028678894043
81,LBFGS,15,-0.7030448913574219
81,LBFGS,16,-0.7030527591705322
81,LBFGS,17,-0.7030584812164307
81,LBFGS,18,-0.7030594944953918
81,LBFGS,19,-0.7030616402626038
81,LBFGS,20,-0.7030616402626038
81,LBFGS,21,-0.7030619978904724
81,LBFGS,22,-0.7030619978904724
81,LBFGS,23,-0.7030619978904724
81,LBFGS,24,-0.7030619978904724
81,LBFGS,25,-0.7030619978904724
81,LBFGS,26,-0.7030619978904724
81,LBFGS,27,-0.7030619978904724
81,LBFGS,28,-0.7030619978904724
81,LBFGS,29,-0.7030619978904724
81,LBFGS,30,-0.7030619978904724
81,LBFGS,31,-0.7030619978904724
81,LBFGS,32,-0.7030619978904724
81,LBFGS,33,-0.7030619978904724
81,LBFGS,34,-0.7030619978904724
81,LBFGS,35,-0.7030619978904724
81,LBFGS,36,-0.7030619978904724
81,LBFGS,37,-0.7030619978904724
81,LBFGS,38,-0.7030619978904724
81,LBFGS,39,-0.7030619978904724
81,LBFGS,40,-0.7030619978904724
81,LBFGS,41,-0.7030619978904724
81,LBFGS,42,-0.7030619978904724
81,LBFGS,43,-0.7030619978904724
81,LBFGS,44,-0.7030619978904724
81,LBFGS,45,-0.7030619978904724
81,LBFGS,46,-0.7030619978904724
81,LBFGS,47,-0.7030619978904724
81,LBFGS,48,-0.7030619978904724
81,LBFGS,49,-0.7030619978904724
81,LBFGS,50,-0.7030619978904724
81,LBFGS,51,-0.7030619978904724
81,LBFGS,52,-0.7030619978904724
81,LBFGS,53,-0.7030619978904724
81,LBFGS,54,-0.7030619978904724
81,LBFGS,55,-0.7030619978904724
81,LBFGS,56,-0.7030619978904724
81,LBFGS,57,-0.7030619978904724
81,LBFGS,58,-0.7030619978904724
81,LBFGS,59,-0.7030619978904724
81,LBFGS,60,-0.7030619978904724
81,PSO,1,-0.5750885605812073
81,PSO,2,-0.6556800603866577
81,PSO,3,-0.6764694452285767
81,PSO,4,-0.6810569167137146
81,PSO,5,-0.6817799210548401
81,PSO,6,-0.6835723519325256
81,PSO,7,-0.6876839995384216
81,PSO,8,-0.6903332471847534
81,PSO,9,-0.6942785382270813
81,PSO,10,-0.6982113122940063
81,PSO,11,-0.7016875743865967
81,PSO,12,-0.7030621767044067
81,PSO,13,-0.7030621767044067
81,PSO,14,-0.7030621767044067
81,PSO,15,-0.7030621767044067
81,PSO,16,-0.7030621767044067
81,PSO,17,-0.7030621767044067
81,PSO,18,-0.7030621767044067
81,PSO,19,-0.7030621767044067
81,PSO,20,-0.7030621767044067
81,PSO,21,-0.7030621767044067
81,PSO,22,-0.7030621767044067
81,PSO,23,-0.7030621767044067
81,PSO,24,-0.7030621767044067
81,PSO,25,-0.7030621767044067
81,PSO,26,-0.7030621767044067
81,PSO,27,-0.7030621767044067
81,PSO,28,-0.7030621767044067
81,PSO,29,-0.7030621767044067
81,PSO,30,-0.7030621767044067
81,PSO,31,-0.7030621767044067
81,PSO,32,-0.7030621767044067
81,PSO,33,-0.7030621767044067
81,PSO,34,-0.7030621767044067
81,PSO,35,-0.7030621767044067
81,PSO,36,-0.7030621767044067
81,PSO,37,-0.7030621767044067
81,PSO,38,-0.7030621767044067
81,PSO,39,-0.7030621767044067
81,PSO,40,-0.7030621767044067
81,PSO,41,-0.7030621767044067
81,PSO,42,-0.7030621767044067
81,PSO,43,-0.7030621767044067
81,PSO,44,-0.7030621767044067
81,PSO,45,-0.7030621767044067
81,PSO,46,-0.7030621767044067
81,PSO,47,-0.7030621767044067
81,PSO,48,-0.7030621767044067
81,PSO,49,-0.7030621767044067
81,PSO,50,-0.7030621767044067
81,PSO,51,-0.7030621767044067
81,PSO,52,-0.7030621767044067
81,PSO,53,-0.7030621767044067
81,PSO,54,-0.7030621767044067
81,PSO,55,-0.7030621767044067
81,PSO,56,-0.7030621767044067
81,PSO,57,-0.7030621767044067
81,PSO,58,-0.7030621767044067
81,PSO,59,-0.7030621767044067
81,PSO,60,-0.7030621767044067
81,DE,1,-0.6108938455581665
81,DE,2,-0.6461896896362305
81,DE,3,-0.6590235233306885
81,DE,4,-0.6590235233306885
81,DE,5,-0.6590235233306885
81,DE,6,-0.6590235233306885
81,DE,7,-0.6723711490631104
81,DE,8,-0.6723711490631104
81,DE,9,-0.6789245009422302
81,DE,10,-0.6789245009422302
81,DE,11,-0.6789245009422302
81,DE,12,-0.6789245009422302
81,DE,13,-0.6824418902397156
81,DE,14,-0.6900421380996704
81,DE,15,-0.6900421380996704
81,DE,16,-0.6900421380996704
81,DE,17,-0.696548581123352
81,DE,18,-0.696548581123352
81,DE,19,-0.696548581123352
81,DE,20,-0.696548581123352
81,DE,21,-0.696548581123352
81,DE,22,-0.6967738270759583
81,DE,23,-0.6967738270759583
81,DE,24,-0.6967738270759583
81,DE,25,-0.6967738270759583
81,DE,26,-0.6999759078025818
81,DE,27,-0.6999759078025818
81,DE,28,-0.6999759078025818
81,DE,29,-0.6999759078025818
81,DE,30,-0.6999759078025818
81,DE,31,-0.6999759078025818
81,DE,32,-0.6999759078025818
81,DE,33,-0.6999759078025818
81,DE,34,-0.7003452181816101
81,DE,35,-0.7003452181816101
81,DE,36,-0.7004041075706482
81,DE,37,-0.70058274269104
81,DE,38,-0.7010228037834167
81,DE,39,-0.7012000679969788
81,DE,40,-0.7015806436538696
81,DE,41,-0.7016052603721619
81,DE,42,-0.7019661068916321
81,DE,43,-0.7019661068916321
81,DE,44,-0.7020660638809204
81,DE,45,-0.7021521925926208
81,DE,46,-0.7022528052330017
81,DE,47,-0.7025960683822632
81,DE,48,-0.7025960683822632
81,DE,49,-0.7025960683822632
81,DE,50,-0.7025960683822632
81,DE,51,-0.7026138305664062
81,DE,52,-0.7026432156562805
81,DE,53,-0.7027614116668701
81,DE,54,-0.702787458896637
81,DE,55,-0.702787458896637
81,DE,56,-0.702787458896637
81,DE,57,-0.702787458896637
81,DE,58,-0.702787458896637
81,DE,59,-0.702787458896637
81,DE,60,-0.702787458896637
81,PSO+LBFGS,1,-0.5857848525047302
81,PSO+LBFGS,2,-0.6464194059371948
81,PSO+LBFGS,3,-0.6931620836257935
81,PSO+LBFGS,4,-0.701162576675415
81,PSO+LBFGS,5,-0.7028256058692932
81,PSO+LBFGS,6,-0.7030621767044067
81,PSO+LBFGS,7,-0.7030621767044067
81,PSO+LBFGS,8,-0.7030621767044067
81,PSO+LBFGS,9,-0.7030621767044067
81,PSO+LBFGS,10,-0.7030621767044067
81,PSO+LBFGS,11,-0.7030621767044067
81,PSO+LBFGS,12,-0.7030621767044067
81,PSO+LBFGS,13,-0.7030621767044067
81,PSO+LBFGS,14,-0.7030621767044067
81,PSO+LBFGS,15,-0.7030621767044067
81,PSO+LBFGS,16,-0.7030621767044067
81,PSO+LBFGS,17,-0.7030621767044067
81,PSO+LBFGS,18,-0.7030621767044067
81,PSO+LBFGS,19,-0.7030621767044067
81,PSO+LBFGS,20,-0.7030621767044067
81,PSO+LBFGS,21,-0.7030621767044067
81,PSO+LBFGS,22,-0.7030621767044067
81,PSO+LBFGS,23,-0.7030621767044067
81,PSO+LBFGS,24,-0.7030621767044067
81,PSO+LBFGS,25,-0.7030621767044067
81,PSO+LBFGS,26,-0.7030621767044067
81,PSO+LBFGS,27,-0.7030621767044067
81,PSO+LBFGS,28,-0.7030621767044067
81,PSO+LBFGS,29,-0.7030621767044067
81,PSO+LBFGS,30,-0.7030621767044067
81,PSO+LBFGS,31,-0.7030621767044067
81,PSO+LBFGS,32,-0.7030621767044067
81,PSO+LBFGS,33,-0.7030621767044067
81,PSO+LBFGS,34,-0.7030621767044067
81,PSO+LBFGS,35,-0.7030621767044067
81,PSO+LBFGS,36,-0.7030621767044067
81,PSO+LBFGS,37,-0.7030621767044067
81,PSO+LBFGS,38,-0.7030621767044067
81,PSO+LBFGS,39,-0.7030621767044067
81,PSO+LBFGS,40,-0.7030621767044067
81,PSO+LBFGS,41,-0.703062117099762
81,PSO+LBFGS,42,-0.703062117099762
81,PSO+LBFGS,43,-0.703062117099762
81,PSO+LBFGS,44,-0.703062117099762
81,PSO+LBFGS,45,-0.703062117099762
81,PSO+LBFGS,46,-0.703062117099762
81,PSO+LBFGS,47,-0.703062117099762
81,PSO+LBFGS,48,-0.703062117099762
81,PSO+LBFGS,49,-0.703062117099762
81,PSO+LBFGS,50,-0.703062117099762
81,PSO+LBFGS,51,-0.703062117099762
81,PSO+LBFGS,52,-0.703062117099762
81,PSO+LBFGS,53,-0.703062117099762
81,PSO+LBFGS,54,-0.703062117099762
81,PSO+LBFGS,55,-0.703062117099762
81,PSO+LBFGS,56,-0.703062117099762
81,PSO+LBFGS,57,-0.703062117099762
81,PSO+LBFGS,58,-0.703062117099762
81,PSO+LBFGS,59,-0.703062117099762
81,PSO+LBFGS,60,-0.703062117099762
82,Adam,1,-1.2380627393722534
82,Adam,2,-1.2414075136184692
82,Adam,3,-1.2446717023849487
82,Adam,4,-1.2478488683700562
82,Adam,5,-1.250940203666687
82,Adam,6,-1.2539416551589966
82,Adam,7,-1.2568620443344116
82,Adam,8,-1.2597066164016724
82,Adam,9,-1.2624751329421997
82,Adam,10,-1.2651684284210205
82,Adam,11,-1.267782211303711
82,Adam,12,-1.2703155279159546
82,Adam,13,-1.2727649211883545
82,Adam,14,-1.2751294374465942
82,Adam,15,-1.2774072885513306
82,Adam,16,-1.2795947790145874
82,Adam,17,-1.2816920280456543
82,Adam,18,-1.2836992740631104
82,Adam,19,-1.2856148481369019
82,Adam,20,-1.2874430418014526
82,Adam,21,-1.2891837358474731
82,Adam,22,-1.2908368110656738
82,Adam,23,-1.2924071550369263
82,Adam,24,-1.2938965559005737
82,Adam,25,-1.2953065633773804
82,Adam,26,-1.2966418266296387
82,Adam,27,-1.297906756401062
82,Adam,28,-1.2991021871566772
82,Adam,29,-1.3002347946166992
82,Adam,30,-1.301304817199707
82,Adam,31,-1.3023178577423096
82,Adam,32,-1.3032755851745605
82,Adam,33,-1.3041822910308838
82,Adam,34,-1.3050397634506226
82,Adam,35,-1.3058503866195679
82,Adam,36,-1.3066174983978271
82,Adam,37,-1.307342767715454
82,Adam,38,-1.3080289363861084
82,Adam,39,-1.3086788654327393
82,Adam,40,-1.3092927932739258
82,Adam,41,-1.3098750114440918
82,Adam,42,-1.310424566268921
82,Adam,43,-1.3109455108642578
82,Adam,44,-1.3114382028579712
82,Adam,45,-1.3119069337844849
82,Adam,46,-1.3123505115509033
82,Adam,47,-1.312770962715149
82,Adam,48,-1.3131707906723022
82,Adam,49,-1.313551425933838
82,Adam,50,-1.3139125108718872
82,Adam,51,-1.3142571449279785
82,Adam,52,-1.3145849704742432
82,Adam,53,-1.3148964643478394
82,Adam,54,-1.3151946067810059
82,Adam,55,-1.3154791593551636
82,Adam,56,-1.3157504796981812
82,Adam,57,-1.316010594367981
82,Adam,58,-1.3162590265274048
82,Adam,59,-1.316495656967163
82,Adam,60,-1.3167223930358887
82,LBFGS,1,-1.2964447736740112
82,LBFGS,2,-1.3128505945205688
82,LBFGS,3,-1.3192566633224487
82,LBFGS,4,-1.3224982023239136
82,LBFGS,5,-1.324112057685852
82,LBFGS,6,-1.3249787092208862
82,LBFGS,7,-1.3253748416900635
82,LBFGS,8,-1.325729250907898
82,LBFGS,9,-1.3258804082870483
82,LBFGS,10,-1.3259568214416504
82,LBFGS,11,-1.325982689857483
82,LBFGS,12,-1.326020359992981
82,LBFGS,13,-1.3260464668273926
82,LBFGS,14,-1.326058268547058
82,LBFGS,15,-1.3260650634765625
82,LBFGS,16,-1.326068639755249
82,LBFGS,17,-1.3260695934295654
82,LBFGS,18,-1.3260717391967773
82,LBFGS,19,-1.3260722160339355
82,LBFGS,20,-1.3260722160339355
82,LBFGS,21,-1.3260724544525146
82,LBFGS,22,-1.3260724544525146
82,LBFGS,23,-1.3260724544525146
82,LBFGS,24,-1.3260724544525146
82,LBFGS,25,-1.3260724544525146
82,LBFGS,26,-1.3260724544525146
82,LBFGS,27,-1.3260724544525146
82,LBFGS,28,-1.3260724544525146
82,LBFGS,29,-1.3260724544525146
82,LBFGS,30,-1.3260724544525146
82,LBFGS,31,-1.3260724544525146
82,LBFGS,32,-1.3260724544525146
82,LBFGS,33,-1.3260724544525146
82,LBFGS,34,-1.3260724544525146
82,LBFGS,35,-1.3260724544525146
82,LBFGS,36,-1.3260724544525146
82,LBFGS,37,-1.3260724544525146
82,LBFGS,38,-1.3260724544525146
82,LBFGS,39,-1.3260724544525146
82,LBFGS,40,-1.3260724544525146
82,LBFGS,41,-1.3260724544525146
82,LBFGS,42,-1.3260724544525146
82,LBFGS,43,-1.3260724544525146
82,LBFGS,44,-1.3260724544525146
82,LBFGS,45,-1.3260724544525146
82,LBFGS,46,-1.3260724544525146
82,LBFGS,47,-1.3260724544525146
82,LBFGS,48,-1.3260724544525146
82,LBFGS,49,-1.3260724544525146
82,LBFGS,50,-1.3260724544525146
82,LBFGS,51,-1.3260724544525146
82,LBFGS,52,-1.3260724544525146
82,LBFGS,53,-1.3260724544525146
82,LBFGS,54,-1.3260724544525146
82,LBFGS,55,-1.3260724544525146
82,LBFGS,56,-1.3260724544525146
82,LBFGS,57,-1.3260724544525146
82,LBFGS,58,-1.3260724544525146
82,LBFGS,59,-1.3260724544525146
82,LBFGS,60,-1.3260724544525146
82,PSO,1,-1.309748888015747
82,PSO,2,-1.3173582553863525
82,PSO,3,-1.3173582553863525
82,PSO,4,-1.3227349519729614
82,PSO,5,-1.32515549659729
82,PSO,6,-1.3260022401809692
82,PSO,7,-1.3260467052459717
82,PSO,8,-1.3260467052459717
82,PSO,9,-1.3260540962219238
82,PSO,10,-1.326059341430664
82,PSO,11,-1.3260703086853027
82,PSO,12,-1.3260709047317505
82,PSO,13,-1.3260719776153564
82,PSO,14,-1.3260719776153564
82,PSO,15,-1.326072335243225
82,PSO,16,-1.3260725736618042
82,PSO,17,-1.3260725736618042
82,PSO,18,-1.3260725736618042
82,PSO,19,-1.3260725736618042
82,PSO,20,-1.3260725736618042
82,PSO,21,-1.3260725736618042
82,PSO,22,-1.3260725736618042
82,PSO,23,-1.3260725736618042
82,PSO,24,-1.3260725736618042
82,PSO,25,-1.3260725736618042
82,PSO,26,-1.3260725736618042
82,PSO,27,-1.3260725736618042
82,PSO,28,-1.3260725736618042
82,PSO,29,-1.3260725736618042
82,PSO,30,-1.3260725736618042
82,PSO,31,-1.3260726928710938
82,PSO,32,-1.3260726928710938
82,PSO,33,-1.3260726928710938
82,PSO,34,-1.3260726928710938
82,PSO,35,-1.3260726928710938
82,PSO,36,-1.3260726928710938
82,PSO,37,-1.3260726928710938
82,PSO,38,-1.3260726928710938
82,PSO,39,-1.3260726928710938
82,PSO,40,-1.3260726928710938
82,PSO,41,-1.3260726928710938
82,PSO,42,-1.3260726928710938
82,PSO,43,-1.3260726928710938
82,PSO,44,-1.3260726928710938
82,PSO,45,-1.3260726928710938
82,PSO,46,-1.3260726928710938
82,PSO,47,-1.3260726928710938
82,PSO,48,-1.3260726928710938
82,PSO,49,-1.3260726928710938
82,PSO,50,-1.3260726928710938
82,PSO,51,-1.3260726928710938
82,PSO,52,-1.3260726928710938
82,PSO,53,-1.3260726928710938
82,PSO,54,-1.3260726928710938
82,PSO,55,-1.3260726928710938
82,PSO,56,-1.3260726928710938
82,PSO,57,-1.3260726928710938
82,PSO,58,-1.3260726928710938
82,PSO,59,-1.3260726928710938
82,PSO,60,-1.3260726928710938
82,DE,1,-1.3161541223526
82,DE,2,-1.3166332244873047
82,DE,3,-1.3166332244873047
82,DE,4,-1.3166332244873047
82,DE,5,-1.3176147937774658
82,DE,6,-1.3200489282608032
82,DE,7,-1.3200489282608032
82,DE,8,-1.3226195573806763
82,DE,9,-1.3226195573806763
82,DE,10,-1.3226195573806763
82,DE,11,-1.3226195573806763
82,DE,12,-1.3226195573806763
82,DE,13,-1.3226195573806763
82,DE,14,-1.3226195573806763
82,DE,15,-1.323015570640564
82,DE,16,-1.3243207931518555
82,DE,17,-1.3243207931518555
82,DE,18,-1.3247319459915161
82,DE,19,-1.3247319459915161
82,DE,20,-1.3247319459915161
82,DE,21,-1.3249123096466064
82,DE,22,-1.3249123096466064
82,DE,23,-1.3252869844436646
82,DE,24,-1.3253415822982788
82,DE,25,-1.3257098197937012
82,DE,26,-1.3257098197937012
82,DE,27,-1.3257098197937012
82,DE,28,-1.3257098197937012
82,DE,29,-1.3258888721466064
82,DE,30,-1.3258888721466064
82,DE,31,-1.3258888721466064
82,DE,32,-1.3258888721466064
82,DE,33,-1.3258888721466064
82,DE,34,-1.3258888721466064
82,DE,35,-1.3259648084640503
82,DE,36,-1.3259648084640503
82,DE,37,-1.3259648084640503
82,DE,38,-1.3259648084640503
82,DE,39,-1.32596755027771
82,DE,40,-1.32596755027771
82,DE,41,-1.32596755027771
82,DE,42,-1.32596755027771
82,DE,43,-1.32596755027771
82,DE,44,-1.325974464416504
82,DE,45,-1.325974464416504
82,DE,46,-1.325998067855835
82,DE,47,-1.325998067855835
82,DE,48,-1.3260242938995361
82,DE,49,-1.326053261756897
82,DE,50,-1.326053261756897
82,DE,51,-1.326053261756897
82,DE,52,-1.326053261756897
82,DE,53,-1.326053261756897
82,DE,54,-1.326053261756897
82,DE,55,-1.326053261756897
82,DE,56,-1.326053261756897
82,DE,57,-1.326053261756897
82,DE,58,-1.326053261756897
82,DE,59,-1.326053261756897
82,DE,60,-1.326053261756897
82,PSO+LBFGS,1,-1.2952958345413208
82,PSO+LBFGS,2,-1.304305911064148
82,PSO+LBFGS,3,-1.3147732019424438
82,PSO+LBFGS,4,-1.3190228939056396
82,PSO+LBFGS,5,-1.3218601942062378
82,PSO+LBFGS,6,-1.324575424194336
82,PSO+LBFGS,7,-1.326042652130127
82,PSO+LBFGS,8,-1.3260445594787598
82,PSO+LBFGS,9,-1.326059103012085
82,PSO+LBFGS,10,-1.3260674476623535
82,PSO+LBFGS,11,-1.3260674476623535
82,PSO+LBFGS,12,-1.326069951057434
82,PSO+LBFGS,13,-1.326071858406067
82,PSO+LBFGS,14,-1.326071858406067
82,PSO+LBFGS,15,-1.326072096824646
82,PSO+LBFGS,16,-1.326072096824646
82,PSO+LBFGS,17,-1.326072096824646
82,PSO+LBFGS,18,-1.326072096824646
82,PSO+LBFGS,19,-1.3260725736618042
82,PSO+LBFGS,20,-1.3260725736618042
82,PSO+LBFGS,21,-1.3260725736618042
82,PSO+LBFGS,22,-1.3260725736618042
82,PSO+LBFGS,23,-1.3260725736618042
82,PSO+LBFGS,24,-1.3260725736618042
82,PSO+LBFGS,25,-1.3260725736618042
82,PSO+LBFGS,26,-1.3260725736618042
82,PSO+LBFGS,27,-1.3260725736618042
82,PSO+LBFGS,28,-1.3260725736618042
82,PSO+LBFGS,29,-1.3260725736618042
82,PSO+LBFGS,30,-1.3260725736618042
82,PSO+LBFGS,31,-1.3260725736618042
82,PSO+LBFGS,32,-1.3260725736618042
82,PSO+LBFGS,33,-1.3260725736618042
82,PSO+LBFGS,34,-1.3260725736618042
82,PSO+LBFGS,35,-1.3260725736618042
82,PSO+LBFGS,36,-1.3260725736618042
82,PSO+LBFGS,37,-1.3260725736618042
82,PSO+LBFGS,38,-1.3260725736618042
82,PSO+LBFGS,39,-1.3260725736618042
82,PSO+LBFGS,40,-1.3260725736618042
82,PSO+LBFGS,41,-1.3260724544525146
82,PSO+LBFGS,42,-1.3260724544525146
82,PSO+LBFGS,43,-1.3260724544525146
82,PSO+LBFGS,44,-1.3260724544525146
82,PSO+LBFGS,45,-1.3260724544525146
82,PSO+LBFGS,46,-1.3260724544525146
82,PSO+LBFGS,47,-1.3260724544525146
82,PSO+LBFGS,48,-1.3260724544525146
82,PSO+LBFGS,49,-1.3260724544525146
82,PSO+LBFGS,50,-1.3260724544525146
82,PSO+LBFGS,51,-1.3260724544525146
82,PSO+LBFGS,52,-1.3260724544525146
82,PSO+LBFGS,53,-1.3260724544525146
82,PSO+LBFGS,54,-1.3260724544525146
82,PSO+LBFGS,55,-1.3260724544525146
82,PSO+LBFGS,56,-1.3260724544525146
82,PSO+LBFGS,57,-1.3260724544525146
82,PSO+LBFGS,58,-1.3260724544525146
82,PSO+LBFGS,59,-1.3260724544525146
82,PSO+LBFGS,60,-1.3260724544525146
83,Adam,1,-1.9847652912139893
83,Adam,2,-1.989638328552246
83,Adam,3,-1.9944391250610352
83,Adam,4,-1.9991568326950073
83,Adam,5,-2.003786563873291
83,Adam,6,-2.0083162784576416
83,Adam,7,-2.01273775100708
83,Adam,8,-2.017047166824341
83,Adam,9,-2.021237373352051
83,Adam,10,-2.0253052711486816
83,Adam,11,-2.0292413234710693
83,Adam,12,-2.033045530319214
83,Adam,13,-2.036713123321533
83,Adam,14,-2.04024338722229
83,Adam,15,-2.0436336994171143
83,Adam,16,-2.0468881130218506
83,Adam,17,-2.0500032901763916
83,Adam,18,-2.0529794692993164
83,Adam,19,-2.0558207035064697
83,Adam,20,-2.058530569076538
83,Adam,21,-2.061110019683838
83,Adam,22,-2.06356143951416
83,Adam,23,-2.0658910274505615
83,Adam,24,-2.0681023597717285
83,Adam,25,-2.070199966430664
83,Adam,26,-2.0721850395202637
83,Adam,27,-2.0740668773651123
83,Adam,28,-2.0758466720581055
83,Adam,29,-2.077528715133667
83,Adam,30,-2.079122543334961
83,Adam,31,-2.0806267261505127
83,Adam,32,-2.082050323486328
83,Adam,33,-2.0833938121795654
83,Adam,34,-2.084665060043335
83,Adam,35,-2.0858659744262695
83,Adam,36,-2.087000608444214
83,Adam,37,-2.0880730152130127
83,Adam,38,-2.089088201522827
83,Adam,39,-2.09004807472229
83,Adam,40,-2.0909550189971924
83,Adam,41,-2.091813564300537
83,Adam,42,-2.092628240585327
83,Adam,43,-2.0933985710144043
83,Adam,44,-2.0941288471221924
83,Adam,45,-2.0948219299316406
83,Adam,46,-2.095479726791382
83,Adam,47,-2.0961015224456787
83,Adam,48,-2.0966951847076416
83,Adam,49,-2.0972580909729004
83,Adam,50,-2.0977931022644043
83,Adam,51,-2.0983033180236816
83,Adam,52,-2.098789691925049
83,Adam,53,-2.0992515087127686
83,Adam,54,-2.0996928215026855
83,Adam,55,-2.1001136302948
83,Adam,56,-2.100515365600586
83,Adam,57,-2.100900411605835
83,Adam,58,-2.101267099380493
83,Adam,59,-2.101619243621826
83,Adam,60,-2.1019556522369385
83,LBFGS,1,-2.0747263431549072
83,LBFGS,2,-2.0983059406280518
83,LBFGS,3,-2.1065781116485596
83,LBFGS,4,-2.1108756065368652
83,LBFGS,5,-2.113105297088623
83,LBFGS,6,-2.1143240928649902
83,LBFGS,7,-2.114993095397949
83,LBFGS,8,-2.115286350250244
83,LBFGS,9,-2.115513801574707
83,LBFGS,10,-2.1156816482543945
83,LBFGS,11,-2.115734577178955
83,LBFGS,12,-2.1157896518707275
83,LBFGS,13,-2.115814208984375
83,LBFGS,14,-2.1158299446105957
83,LBFGS,15,-2.1158370971679688
83,LBFGS,16,-2.115841865539551
83,LBFGS,17,-2.115845203399658
83,LBFGS,18,-2.1158459186553955
83,LBFGS,19,-2.115846872329712
83,LBFGS,20,-2.115847110748291
83,LBFGS,21,-2.115847110748291
83,LBFGS,22,-2.115847110748291
83,LBFGS,23,-2.115847110748291
83,LBFGS,24,-2.115847110748291
83,LBFGS,25,-2.115847110748291
83,LBFGS,26,-2.115847110748291
83,LBFGS,27,-2.115847110748291
83,LBFGS,28,-2.115847110748291
83,LBFGS,29,-2.115847110748291
83,LBFGS,30,-2.115847110748291
83,LBFGS,31,-2.115847110748291
83,LBFGS,32,-2.115847110748291
83,LBFGS,33,-2.115847110748291
83,LBFGS,34,-2.115847110748291
83,LBFGS,35,-2.115847110748291
83,LBFGS,36,-2.115847110748291
83,LBFGS,37,-2.115847110748291
83,LBFGS,38,-2.115847110748291
83,LBFGS,39,-2.115847110748291
83,LBFGS,40,-2.115847110748291
83,LBFGS,41,-2.115847110748291
83,LBFGS,42,-2.115847110748291
83,LBFGS,43,-2.115847110748291
83,LBFGS,44,-2.115847110748291
83,LBFGS,45,-2.115847110748291
83,LBFGS,46,-2.115847110748291
83,LBFGS,47,-2.115847110748291
83,LBFGS,48,-2.115847110748291
83,LBFGS,49,-2.115847110748291
83,LBFGS,50,-2.115847110748291
83,LBFGS,51,-2.115847110748291
83,LBFGS,52,-2.115847110748291
83,LBFGS,53,-2.115847110748291
83,LBFGS,54,-2.115847110748291
83,LBFGS,55,-2.115847110748291
83,LBFGS,56,-2.115847110748291
83,LBFGS,57,-2.115847110748291
83,LBFGS,58,-2.115847110748291
83,LBFGS,59,-2.115847110748291
83,LBFGS,60,-2.115847110748291
83,PSO,1,-2.0685904026031494
83,PSO,2,-2.0926525592803955
83,PSO,3,-2.1049022674560547
83,PSO,4,-2.115844964981079
83,PSO,5,-2.115844964981079
83,PSO,6,-2.115844964981079
83,PSO,7,-2.115846872329712
83,PSO,8,-2.115847110748291
83,PSO,9,-2.115847110748291
83,PSO,10,-2.115847110748291
83,PSO,11,-2.115847110748291
83,PSO,12,-2.11584734916687
83,PSO,13,-2.11584734916687
83,PSO,14,-2.11584734916687
83,PSO,15,-2.11584734916687
83,PSO,16,-2.11584734916687
83,PSO,17,-2.11584734916687
83,PSO,18,-2.11584734916687
83,PSO,19,-2.11584734916687
83,PSO,20,-2.115847587585449
83,PSO,21,-2.115847587585449
83,PSO,22,-2.115847587585449
83,PSO,23,-2.115847587585449
83,PSO,24,-2.115847587585449
83,PSO,25,-2.115847587585449
83,PSO,26,-2.115847587585449
83,PSO,27,-2.115847587585449
83,PSO,28,-2.115847587585449
83,PSO,29,-2.115847587585449
83,PSO,30,-2.115847587585449
83,PSO,31,-2.115847587585449
83,PSO,32,-2.115847587585449
83,PSO,33,-2.115847587585449
83,PSO,34,-2.115847587585449
83,PSO,35,-2.115847587585449
83,PSO,36,-2.115847587585449
83,PSO,37,-2.115847587585449
83,PSO,38,-2.115847587585449
83,PSO,39,-2.115847587585449
83,PSO,40,-2.115847587585449
83,PSO,41,-2.115847587585449
83,PSO,42,-2.115847587585449
83,PSO,43,-2.115847587585449
83,PSO,44,-2.115847587585449
83,PSO,45,-2.115847587585449
83,PSO,46,-2.115847587585449
83,PSO,47,-2.115847587585449
83,PSO,48,-2.115847587585449
83,PSO,49,-2.115847587585449
83,PSO,50,-2.115847587585449
83,PSO,51,-2.115847587585449
83,PSO,52,-2.115847587585449
83,PSO,53,-2.115847587585449
83,PSO,54,-2.115847587585449
83,PSO,55,-2.115847587585449
83,PSO,56,-2.115847587585449
83,PSO,57,-2.115847587585449
83,PSO,58,-2.115847587585449
83,PSO,59,-2.115847587585449
83,PSO,60,-2.115847587585449
83,DE,1,-2.0548956394195557
83,DE,2,-2.0629873275756836
83,DE,3,-2.0689878463745117
83,DE,4,-2.073821783065796
83,DE,5,-2.073821783065796
83,DE,6,-2.0783090591430664
83,DE,7,-2.080204963684082
83,DE,8,-2.1009669303894043
83,DE,9,-2.1009669303894043
83,DE,10,-2.1009669303894043
83,DE,11,-2.106247901916504
83,DE,12,-2.108381748199463
83,DE,13,-2.1096880435943604
83,DE,14,-2.1096880435943604
83,DE,15,-2.1096880435943604
83,DE,16,-2.1106739044189453
83,DE,17,-2.1106739044189453
83,DE,18,-2.1106739044189453
83,DE,19,-2.1106739044189453
83,DE,20,-2.111846923828125
83,DE,21,-2.111846923828125
83,DE,22,-2.112595558166504
83,DE,23,-2.1134979724884033
83,DE,24,-2.1141037940979004
83,DE,25,-2.114337205886841
83,DE,26,-2.114631175994873
83,DE,27,-2.1147632598876953
83,DE,28,-2.1147944927215576
83,DE,29,-2.1149895191192627
83,DE,30,-2.1149895191192627
83,DE,31,-2.1149895191192627
83,DE,32,-2.114989757537842
83,DE,33,-2.1151981353759766
83,DE,34,-2.1151981353759766
83,DE,35,-2.11533260345459
83,DE,36,-2.1154332160949707
83,DE,37,-2.1154332160949707
83,DE,38,-2.1155190467834473
83,DE,39,-2.1155190467834473
83,DE,40,-2.1157402992248535
83,DE,41,-2.1157402992248535
83,DE,42,-2.1157402992248535
83,DE,43,-2.1157402992248535
83,DE,44,-2.1157402992248535
83,DE,45,-2.1157402992248535
83,DE,46,-2.115750312805176
83,DE,47,-2.115750312805176
83,DE,48,-2.115750312805176
83,DE,49,-2.115750312805176
83,DE,50,-2.1157753467559814
83,DE,51,-2.1157753467559814
83,DE,52,-2.1157753467559814
83,DE,53,-2.1157989501953125
83,DE,54,-2.1157989501953125
83,DE,55,-2.1157989501953125
83,DE,56,-2.1157989501953125
83,DE,57,-2.1157989501953125
83,DE,58,-2.1157989501953125
83,DE,59,-2.1157989501953125
83,DE,60,-2.1157989501953125
83,PSO+LBFGS,1,-2.0737040042877197
83,PSO+LBFGS,2,-2.100099563598633
83,PSO+LBFGS,3,-2.1131479740142822
83,PSO+LBFGS,4,-2.1158218383789062
83,PSO+LBFGS,5,-2.115847110748291
83,PSO+LBFGS,6,-2.11584734916687
83,PSO+LBFGS,7,-2.11584734916687
83,PSO+LBFGS,8,-2.11584734916687
83,PSO+LBFGS,9,-2.11584734916687
83,PSO+LBFGS,10,-2.11584734916687
83,PSO+LBFGS,11,-2.115847587585449
83,PSO+LBFGS,12,-2.115847587585449
83,PSO+LBFGS,13,-2.115847587585449
83,PSO+LBFGS,14,-2.115847587585449
83,PSO+LBFGS,15,-2.115847587585449
83,PSO+LBFGS,16,-2.115847587585449
83,PSO+LBFGS,17,-2.115847587585449
83,PSO+LBFGS,18,-2.115847587585449
83,PSO+LBFGS,19,-2.115847587585449
83,PSO+LBFGS,20,-2.115847587585449
83,PSO+LBFGS,21,-2.115847587585449
83,PSO+LBFGS,22,-2.115847587585449
83,PSO+LBFGS,23,-2.115847587585449
83,PSO+LBFGS,24,-2.115847587585449
83,PSO+LBFGS,25,-2.115847587585449
83,PSO+LBFGS,26,-2.115847587585449
83,PSO+LBFGS,27,-2.115847587585449
83,PSO+LBFGS,28,-2.115847587585449
83,PSO+LBFGS,29,-2.115847587585449
83,PSO+LBFGS,30,-2.115847587585449
83,PSO+LBFGS,31,-2.115847587585449
83,PSO+LBFGS,32,-2.115847587585449
83,PSO+LBFGS,33,-2.115847587585449
83,PSO+LBFGS,34,-2.115847587585449
83,PSO+LBFGS,35,-2.115847587585449
83,PSO+LBFGS,36,-2.115847587585449
83,PSO+LBFGS,37,-2.115847587585449
83,PSO+LBFGS,38,-2.115847587585449
83,PSO+LBFGS,39,-2.115847587585449
83,PSO+LBFGS,40,-2.115847587585449
83,PSO+LBFGS,41,-2.11584734916687
83,PSO+LBFGS,42,-2.11584734916687
83,PSO+LBFGS,43,-2.11584734916687
83,PSO+LBFGS,44,-2.11584734916687
83,PSO+LBFGS,45,-2.11584734916687
83,PSO+LBFGS,46,-2.11584734916687
83,PSO+LBFGS,47,-2.11584734916687
83,PSO+LBFGS,48,-2.11584734916687
83,PSO+LBFGS,49,-2.11584734916687
83,PSO+LBFGS,50,-2.11584734916687
83,PSO+LBFGS,51,-2.11584734916687
83,PSO+LBFGS,52,-2.11584734916687
83,PSO+LBFGS,53,-2.11584734916687
83,PSO+LBFGS,54,-2.11584734916687
83,PSO+LBFGS,55,-2.11584734916687
83,PSO+LBFGS,56,-2.11584734916687
83,PSO+LBFGS,57,-2.11584734916687
83,PSO+LBFGS,58,-2.11584734916687
83,PSO+LBFGS,59,-2.11584734916687
83,PSO+LBFGS,60,-2.11584734916687
84,Adam,1,0.31370142102241516
84,Adam,2,0.2974132299423218
84,Adam,3,0.2812456786632538
84,Adam,4,0.26522600650787354
84,Adam,5,0.24938973784446716
84,Adam,6,0.23376351594924927
84,Adam,7,0.21837268769741058
84,Adam,8,0.20325309038162231
84,Adam,9,0.18842746317386627
84,Adam,10,0.17392152547836304
84,Adam,11,0.1597549319267273
84,Adam,12,0.14595426619052887
84,Adam,13,0.1325279027223587
84,Adam,14,0.11950647085905075
84,Adam,15,0.10688585042953491
84,Adam,16,0.09468995779752731
84,Adam,17,0.0829167366027832
84,Adam,18,0.07157284021377563
84,Adam,19,0.060668956488370895
84,Adam,20,0.0502011813223362
84,Adam,21,0.04016166925430298
84,Adam,22,0.030551727861166
84,Adam,23,0.0213625468313694
84,Adam,24,0.012593219056725502
84,Adam,25,0.004229181446135044
84,Adam,26,-0.0037399111315608025
84,Adam,27,-0.011327311396598816
84,Adam,28,-0.018537860363721848
84,Adam,29,-0.025391150265932083
84,Adam,30,-0.0319012776017189
84,Adam,31,-0.03807970508933067
84,Adam,32,-0.043938323855400085
84,Adam,33,-0.04949340596795082
84,Adam,34,-0.05475851148366928
84,Adam,35,-0.059751566499471664
84,Adam,36,-0.06447704136371613
84,Adam,37,-0.06895573437213898
84,Adam,38,-0.07320321351289749
84,Adam,39,-0.07722335308790207
84,Adam,40,-0.08103575557470322
84,Adam,41,-0.08464497327804565
84,Adam,42,-0.08806470781564713
84,Adam,43,-0.09131450951099396
84,Adam,44,-0.09439326077699661
84,Adam,45,-0.09731024503707886
84,Adam,46,-0.1000819131731987
84,Adam,47,-0.10271690040826797
84,Adam,48,-0.10522019118070602
84,Adam,49,-0.10759410262107849
84,Adam,50,-0.109853595495224
84,Adam,51,-0.11200685054063797
84,Adam,52,-0.11405408382415771
84,Adam,53,-0.11600083112716675
84,Adam,54,-0.11786127090454102
84,Adam,55,-0.11963299661874771
84,Adam,56,-0.12132420390844345
84,Adam,57,-0.12294137477874756
84,Adam,58,-0.12448126077651978
84,Adam,59,-0.12595856189727783
84,Adam,60,-0.12737174332141876
84,LBFGS,1,0.13800136744976044
84,LBFGS,2,-0.10903500765562057
84,LBFGS,3,-0.13609781861305237
84,LBFGS,4,-0.16223940253257751
84,LBFGS,5,-0.17135335505008698
84,LBFGS,6,-0.17657776176929474
84,LBFGS,7,-0.17933528125286102
84,LBFGS,8,-0.18086782097816467
84,LBFGS,9,-0.18170718848705292
84,LBFGS,10,-0.1821783483028412
84,LBFGS,11,-0.18243734538555145
84,LBFGS,12,-0.18258287012577057
84,LBFGS,13,-0.18266375362873077
84,LBFGS,14,-0.1827075332403183
84,LBFGS,15,-0.1827305406332016
84,LBFGS,16,-0.18274155259132385
84,LBFGS,17,-0.18275246024131775
84,LBFGS,18,-0.1827564835548401
84,LBFGS,19,-0.18275843560695648
84,LBFGS,20,-0.1827586591243744
84,LBFGS,21,-0.18275922536849976
84,LBFGS,22,-0.18275922536849976
84,LBFGS,23,-0.1827593743801117
84,LBFGS,24,-0.1827593743801117
84,LBFGS,25,-0.1827593743801117
84,LBFGS,26,-0.1827593743801117
84,LBFGS,27,-0.1827593743801117
84,LBFGS,28,-0.1827593743801117
84,LBFGS,29,-0.1827593743801117
84,LBFGS,30,-0.1827593743801117
84,LBFGS,31,-0.1827593743801117
84,LBFGS,32,-0.1827593743801117
84,LBFGS,33,-0.1827593743801117
84,LBFGS,34,-0.1827593743801117
84,LBFGS,35,-0.1827593743801117
84,LBFGS,36,-0.1827593743801117
84,LBFGS,37,-0.1827593743801117
84,LBFGS,38,-0.1827593743801117
84,LBFGS,39,-0.1827593743801117
84,LBFGS,40,-0.1827593743801117
84,LBFGS,41,-0.1827593743801117
84,LBFGS,42,-0.1827593743801117
84,LBFGS,43,-0.1827593743801117
84,LBFGS,44,-0.1827593743801117
84,LBFGS,45,-0.1827593743801117
84,LBFGS,46,-0.1827593743801117
84,LBFGS,47,-0.1827593743801117
84,LBFGS,48,-0.1827593743801117
84,LBFGS,49,-0.1827593743801117
84,LBFGS,50,-0.1827593743801117
84,LBFGS,51,-0.1827593743801117
84,LBFGS,52,-0.1827593743801117
84,LBFGS,53,-0.1827593743801117
84,LBFGS,54,-0.1827593743801117
84,LBFGS,55,-0.1827593743801117
84,LBFGS,56,-0.1827593743801117
84,LBFGS,57,-0.1827593743801117
84,LBFGS,58,-0.1827593743801117
84,LBFGS,59,-0.1827593743801117
84,LBFGS,60,-0.1827593743801117
84,PSO,1,-0.13331742584705353
84,PSO,2,-0.16124454140663147
84,PSO,3,-0.1827593743801117
84,PSO,4,-0.1827593743801117
84,PSO,5,-0.1827593743801117
84,PSO,6,-0.1827593743801117
84,PSO,7,-0.1827593743801117
84,PSO,8,-0.1827593743801117
84,PSO,9,-0.1827593743801117
84,PSO,10,-0.1827593743801117
84,PSO,11,-0.1827593743801117
84,PSO,12,-0.1827593743801117
84,PSO,13,-0.1827593743801117
84,PSO,14,-0.1827593743801117
84,PSO,15,-0.1827593743801117
84,PSO,16,-0.1827593743801117
84,PSO,17,-0.1827593743801117
84,PSO,18,-0.1827593743801117
84,PSO,19,-0.1827593743801117
84,PSO,20,-0.1827593743801117
84,PSO,21,-0.1827593743801117
84,PSO,22,-0.1827593743801117
84,PSO,23,-0.1827593743801117
84,PSO,24,-0.1827593743801117
84,PSO,25,-0.1827593743801117
84,PSO,26,-0.1827593743801117
84,PSO,27,-0.1827593743801117
84,PSO,28,-0.1827593743801117
84,PSO,29,-0.1827593743801117
84,PSO,30,-0.1827593743801117
84,PSO,31,-0.1827593743801117
84,PSO,32,-0.1827593743801117
84,PSO,33,-0.1827593743801117
84,PSO,34,-0.1827593743801117
84,PSO,35,-0.1827593743801117
84,PSO,36,-0.1827593743801117
84,PSO,37,-0.1827593743801117
84,PSO,38,-0.1827593743801117
84,PSO,39,-0.1827593743801117
84,PSO,40,-0.1827593743801117
84,PSO,41,-0.1827593743801117
84,PSO,42,-0.1827593743801117
84,PSO,43,-0.1827593743801117
84,PSO,44,-0.1827593743801117
84,PSO,45,-0.1827593743801117
84,PSO,46,-0.1827593743801117
84,PSO,47,-0.1827593743801117
84,PSO,48,-0.1827593743801117
84,PSO,49,-0.1827593743801117
84,PSO,50,-0.1827593743801117
84,PSO,51,-0.1827593743801117
84,PSO,52,-0.1827593743801117
84,PSO,53,-0.1827593743801117
84,PSO,54,-0.1827593743801117
84,PSO,55,-0.1827593743801117
84,PSO,56,-0.1827593743801117
84,PSO,57,-0.1827593743801117
84,PSO,58,-0.1827593743801117
84,PSO,59,-0.1827593743801117
84,PSO,60,-0.1827593743801117
84,DE,1,0.0225265733897686
84,DE,2,-0.059202998876571655
84,DE,3,-0.059202998876571655
84,DE,4,-0.07887706160545349
84,DE,5,-0.08488085865974426
84,DE,6,-0.08488085865974426
84,DE,7,-0.09058773517608643
84,DE,8,-0.13149961829185486
84,DE,9,-0.13149961829185486
84,DE,10,-0.13149961829185486
84,DE,11,-0.13149961829185486
84,DE,12,-0.13149961829185486
84,DE,13,-0.15691888332366943
84,DE,14,-0.15691888332366943
84,DE,15,-0.15691888332366943
84,DE,16,-0.15691888332366943
84,DE,17,-0.15691888332366943
84,DE,18,-0.160322368144989
84,DE,19,-0.1624448299407959
84,DE,20,-0.16367961466312408
84,DE,21,-0.16367961466312408
84,DE,22,-0.16505654156208038
84,DE,23,-0.17020916938781738
84,DE,24,-0.17020916938781738
84,DE,25,-0.17416049540042877
84,DE,26,-0.17821159958839417
84,DE,27,-0.17821159958839417
84,DE,28,-0.17821159958839417
84,DE,29,-0.17821159958839417
84,DE,30,-0.17821159958839417
84,DE,31,-0.17846056818962097
84,DE,32,-0.17846056818962097
84,DE,33,-0.17846056818962097
84,DE,34,-0.17846056818962097
84,DE,35,-0.17846056818962097
84,DE,36,-0.17868828773498535
84,DE,37,-0.17964619398117065
84,DE,38,-0.17964619398117065
84,DE,39,-0.17964619398117065
84,DE,40,-0.18116611242294312
84,DE,41,-0.18116611242294312
84,DE,42,-0.18116611242294312
84,DE,43,-0.18154285848140717
84,DE,44,-0.18154285848140717
84,DE,45,-0.18154285848140717
84,DE,46,-0.18154285848140717
84,DE,47,-0.18154285848140717
84,DE,48,-0.18189862370491028
84,DE,49,-0.18189862370491028
84,DE,50,-0.18189862370491028
84,DE,51,-0.18189862370491028
84,DE,52,-0.18199969828128815
84,DE,53,-0.18199969828128815
84,DE,54,-0.18201754987239838
84,DE,55,-0.18201754987239838
84,DE,56,-0.18220274150371552
84,DE,57,-0.18229882419109344
84,DE,58,-0.18239189684391022
84,DE,59,-0.18242394924163818
84,DE,60,-0.1824294924736023
84,PSO+LBFGS,1,-0.08602868020534515
84,PSO+LBFGS,2,-0.15594534575939178
84,PSO+LBFGS,3,-0.17285743355751038
84,PSO+LBFGS,4,-0.18133020401000977
84,PSO+LBFGS,5,-0.1827593743801117
84,PSO+LBFGS,6,-0.1827593743801117
84,PSO+LBFGS,7,-0.1827593743801117
84,PSO+LBFGS,8,-0.1827593743801117
84,PSO+LBFGS,9,-0.1827593743801117
84,PSO+LBFGS,10,-0.1827593743801117
84,PSO+LBFGS,11,-0.1827593743801117
84,PSO+LBFGS,12,-0.1827593743801117
84,PSO+LBFGS,13,-0.1827593743801117
84,PSO+LBFGS,14,-0.1827593743801117
84,PSO+LBFGS,15,-0.1827593743801117
84,PSO+LBFGS,16,-0.1827593743801117
84,PSO+LBFGS,17,-0.1827593743801117
84,PSO+LBFGS,18,-0.1827593743801117
84,PSO+LBFGS,19,-0.1827593743801117
84,PSO+LBFGS,20,-0.1827593743801117
84,PSO+LBFGS,21,-0.1827593743801117
84,PSO+LBFGS,22,-0.1827593743801117
84,PSO+LBFGS,23,-0.1827593743801117
84,PSO+LBFGS,24,-0.1827593743801117
84,PSO+LBFGS,25,-0.1827593743801117
84,PSO+LBFGS,26,-0.1827593743801117
84,PSO+LBFGS,27,-0.1827593743801117
84,PSO+LBFGS,28,-0.1827593743801117
84,PSO+LBFGS,29,-0.1827593743801117
84,PSO+LBFGS,30,-0.1827593743801117
84,PSO+LBFGS,31,-0.1827593743801117
84,PSO+LBFGS,32,-0.1827593743801117
84,PSO+LBFGS,33,-0.1827593743801117
84,PSO+LBFGS,34,-0.1827593743801117
84,PSO+LBFGS,35,-0.1827593743801117
84,PSO+LBFGS,36,-0.1827593743801117
84,PSO+LBFGS,37,-0.1827593743801117
84,PSO+LBFGS,38,-0.1827593743801117
84,PSO+LBFGS,39,-0.1827593743801117
84,PSO+LBFGS,40,-0.1827593743801117
84,PSO+LBFGS,41,-0.1827593743801117
84,PSO+LBFGS,42,-0.1827593743801117
84,PSO+LBFGS,43,-0.1827593743801117
84,PSO+LBFGS,44,-0.1827593743801117
84,PSO+LBFGS,45,-0.1827593743801117
84,PSO+LBFGS,46,-0.1827593743801117
84,PSO+LBFGS,47,-0.1827593743801117
84,PSO+LBFGS,48,-0.1827593743801117
84,PSO+LBFGS,49,-0.1827593743801117
84,PSO+LBFGS,50,-0.1827593743801117
84,PSO+LBFGS,51,-0.1827593743801117
84,PSO+LBFGS,52,-0.1827593743801117
84,PSO+LBFGS,53,-0.1827593743801117
84,PSO+LBFGS,54,-0.1827593743801117
84,PSO+LBFGS,55,-0.1827593743801117
84,PSO+LBFGS,56,-0.1827593743801117
84,PSO+LBFGS,57,-0.1827593743801117
84,PSO+LBFGS,58,-0.1827593743801117
84,PSO+LBFGS,59,-0.1827593743801117
84,PSO+LBFGS,60,-0.1827593743801117
85,Adam,1,-1.6968878507614136
85,Adam,2,-1.701248288154602
85,Adam,3,-1.7055044174194336
85,Adam,4,-1.7096487283706665
85,Adam,5,-1.7136799097061157
85,Adam,6,-1.7175865173339844
85,Adam,7,-1.721367597579956
85,Adam,8,-1.7250171899795532
85,Adam,9,-1.72853422164917
85,Adam,10,-1.7319217920303345
85,Adam,11,-1.7351781129837036
85,Adam,12,-1.738304615020752
85,Adam,13,-1.7413071393966675
85,Adam,14,-1.7441844940185547
85,Adam,15,-1.746944785118103
85,Adam,16,-1.749587893486023
85,Adam,17,-1.7521198987960815
85,Adam,18,-1.7545418739318848
85,Adam,19,-1.7568600177764893
85,Adam,20,-1.7590776681900024
85,Adam,21,-1.761193871498108
85,Adam,22,-1.7632139921188354
85,Adam,23,-1.7651422023773193
85,Adam,24,-1.766980528831482
85,Adam,25,-1.7687315940856934
85,Adam,26,-1.7703962326049805
85,Adam,27,-1.771982192993164
85,Adam,28,-1.773486614227295
85,Adam,29,-1.7749146223068237
85,Adam,30,-1.7762693166732788
85,Adam,31,-1.777553915977478
85,Adam,32,-1.7787692546844482
85,Adam,33,-1.7799180746078491
85,Adam,34,-1.7810032367706299
85,Adam,35,-1.7820302248001099
85,Adam,36,-1.7829978466033936
85,Adam,37,-1.7839133739471436
85,Adam,38,-1.784775972366333
85,Adam,39,-1.785589337348938
85,Adam,40,-1.7863578796386719
85,Adam,41,-1.7870818376541138
85,Adam,42,-1.7877678871154785
85,Adam,43,-1.7884156703948975
85,Adam,44,-1.7890281677246094
85,Adam,45,-1.789610505104065
85,Adam,46,-1.790159821510315
85,Adam,47,-1.7906829118728638
85,Adam,48,-1.791178584098816
85,Adam,49,-1.7916499376296997
85,Adam,50,-1.7920989990234375
85,Adam,51,-1.7925282716751099
85,Adam,52,-1.792934536933899
85,Adam,53,-1.79332435131073
85,Adam,54,-1.7936954498291016
85,Adam,55,-1.7940499782562256
85,Adam,56,-1.794386863708496
85,Adam,57,-1.7947118282318115
85,Adam,58,-1.7950211763381958
85,Adam,59,-1.79531729221344
85,Adam,60,-1.7955996990203857
85,LBFGS,1,-1.7589702606201172
85,LBFGS,2,-1.789442777633667
85,LBFGS,3,-1.7973365783691406
85,LBFGS,4,-1.8019933700561523
85,LBFGS,5,-1.8042422533035278
85,LBFGS,6,-1.8054310083389282
85,LBFGS,7,-1.806145191192627
85,LBFGS,8,-1.8065345287322998
85,LBFGS,9,-1.8067288398742676
85,LBFGS,10,-1.8068398237228394
85,LBFGS,11,-1.806905746459961
85,LBFGS,12,-1.8069417476654053
85,LBFGS,13,-1.8069610595703125
85,LBFGS,14,-1.806972861289978
85,LBFGS,15,-1.8069790601730347
85,LBFGS,16,-1.8069815635681152
85,LBFGS,17,-1.8069846630096436
85,LBFGS,18,-1.8069852590560913
85,LBFGS,19,-1.806985855102539
85,LBFGS,20,-1.8069859743118286
85,LBFGS,21,-1.8069862127304077
85,LBFGS,22,-1.8069862127304077
85,LBFGS,23,-1.8069862127304077
85,LBFGS,24,-1.8069862127304077
85,LBFGS,25,-1.8069862127304077
85,LBFGS,26,-1.8069862127304077
85,LBFGS,27,-1.8069862127304077
85,LBFGS,28,-1.8069862127304077
85,LBFGS,29,-1.8069862127304077
85,LBFGS,30,-1.8069862127304077
85,LBFGS,31,-1.8069862127304077
85,LBFGS,32,-1.8069862127304077
85,LBFGS,33,-1.8069862127304077
85,LBFGS,34,-1.8069862127304077
85,LBFGS,35,-1.8069862127304077
85,LBFGS,36,-1.8069862127304077
85,LBFGS,37,-1.8069862127304077
85,LBFGS,38,-1.8069862127304077
85,LBFGS,39,-1.8069862127304077
85,LBFGS,40,-1.8069862127304077
85,LBFGS,41,-1.8069862127304077
85,LBFGS,42,-1.8069862127304077
85,LBFGS,43,-1.8069862127304077
85,LBFGS,44,-1.8069862127304077
85,LBFGS,45,-1.8069862127304077
85,LBFGS,46,-1.8069862127304077
85,LBFGS,47,-1.8069862127304077
85,LBFGS,48,-1.8069862127304077
85,LBFGS,49,-1.8069862127304077
85,LBFGS,50,-1.8069862127304077
85,LBFGS,51,-1.8069862127304077
85,LBFGS,52,-1.8069862127304077
85,LBFGS,53,-1.8069862127304077
85,LBFGS,54,-1.8069862127304077
85,LBFGS,55,-1.8069862127304077
85,LBFGS,56,-1.8069862127304077
85,LBFGS,57,-1.8069862127304077
85,LBFGS,58,-1.8069862127304077
85,LBFGS,59,-1.8069862127304077
85,LBFGS,60,-1.8069862127304077
85,PSO,1,-1.7951087951660156
85,PSO,2,-1.8022706508636475
85,PSO,3,-1.8055634498596191
85,PSO,4,-1.8063081502914429
85,PSO,5,-1.8069379329681396
85,PSO,6,-1.8069852590560913
85,PSO,7,-1.8069852590560913
85,PSO,8,-1.8069857358932495
85,PSO,9,-1.8069857358932495
85,PSO,10,-1.8069863319396973
85,PSO,11,-1.8069863319396973
85,PSO,12,-1.8069863319396973
85,PSO,13,-1.8069864511489868
85,PSO,14,-1.8069864511489868
85,PSO,15,-1.8069864511489868
85,PSO,16,-1.8069864511489868
85,PSO,17,-1.8069864511489868
85,PSO,18,-1.8069864511489868
85,PSO,19,-1.8069864511489868
85,PSO,20,-1.8069864511489868
85,PSO,21,-1.8069864511489868
85,PSO,22,-1.8069864511489868
85,PSO,23,-1.8069864511489868
85,PSO,24,-1.8069864511489868
85,PSO,25,-1.8069864511489868
85,PSO,26,-1.8069864511489868
85,PSO,27,-1.8069864511489868
85,PSO,28,-1.8069864511489868
85,PSO,29,-1.8069864511489868
85,PSO,30,-1.8069864511489868
85,PSO,31,-1.8069864511489868
85,PSO,32,-1.8069864511489868
85,PSO,33,-1.8069864511489868
85,PSO,34,-1.8069864511489868
85,PSO,35,-1.8069865703582764
85,PSO,36,-1.8069865703582764
85,PSO,37,-1.8069865703582764
85,PSO,38,-1.8069865703582764
85,PSO,39,-1.8069865703582764
85,PSO,40,-1.8069865703582764
85,PSO,41,-1.8069865703582764
85,PSO,42,-1.8069865703582764
85,PSO,43,-1.8069865703582764
85,PSO,44,-1.8069865703582764
85,PSO,45,-1.8069865703582764
85,PSO,46,-1.8069865703582764
85,PSO,47,-1.8069865703582764
85,PSO,48,-1.8069865703582764
85,PSO,49,-1.8069865703582764
85,PSO,50,-1.8069865703582764
85,PSO,51,-1.8069865703582764
85,PSO,52,-1.8069865703582764
85,PSO,53,-1.8069865703582764
85,PSO,54,-1.8069865703582764
85,PSO,55,-1.8069865703582764
85,PSO,56,-1.8069865703582764
85,PSO,57,-1.8069865703582764
85,PSO,58,-1.8069865703582764
85,PSO,59,-1.8069865703582764
85,PSO,60,-1.8069865703582764
85,DE,1,-1.7722090482711792
85,DE,2,-1.7891292572021484
85,DE,3,-1.7924144268035889
85,DE,4,-1.7924144268035889
85,DE,5,-1.7957615852355957
85,DE,6,-1.7957615852355957
85,DE,7,-1.7991966009140015
85,DE,8,-1.802550196647644
85,DE,9,-1.802550196647644
85,DE,10,-1.802550196647644
85,DE,11,-1.802550196647644
85,DE,12,-1.8030369281768799
85,DE,13,-1.8030369281768799
85,DE,14,-1.8030369281768799
85,DE,15,-1.8056031465530396
85,DE,16,-1.8056031465530396
85,DE,17,-1.8056031465530396
85,DE,18,-1.8056830167770386
85,DE,19,-1.8056830167770386
85,DE,20,-1.8061258792877197
85,DE,21,-1.8061258792877197
85,DE,22,-1.8063808679580688
85,DE,23,-1.8063808679580688
85,DE,24,-1.8063808679580688
85,DE,25,-1.8064836263656616
85,DE,26,-1.8064836263656616
85,DE,27,-1.8065388202667236
85,DE,28,-1.8065388202667236
85,DE,29,-1.8065388202667236
85,DE,30,-1.806586503982544
85,DE,31,-1.8067569732666016
85,DE,32,-1.806779384613037
85,DE,33,-1.8067940473556519
85,DE,34,-1.8067940473556519
85,DE,35,-1.8067940473556519
85,DE,36,-1.806795597076416
85,DE,37,-1.8068873882293701
85,DE,38,-1.8068873882293701
85,DE,39,-1.8068873882293701
85,DE,40,-1.8068873882293701
85,DE,41,-1.8068873882293701
85,DE,42,-1.8068873882293701
85,DE,43,-1.8068873882293701
85,DE,44,-1.8068873882293701
85,DE,45,-1.8068873882293701
85,DE,46,-1.8068873882293701
85,DE,47,-1.806898593902588
85,DE,48,-1.8069020509719849
85,DE,49,-1.8069043159484863
85,DE,50,-1.8069130182266235
85,DE,51,-1.8069201707839966
85,DE,52,-1.806923270225525
85,DE,53,-1.806939959526062
85,DE,54,-1.8069441318511963
85,DE,55,-1.806954026222229
85,DE,56,-1.806954026222229
85,DE,57,-1.806954026222229
85,DE,58,-1.8069603443145752
85,DE,59,-1.8069603443145752
85,DE,60,-1.8069603443145752
85,PSO+LBFGS,1,-1.8005931377410889
85,PSO+LBFGS,2,-1.8069086074829102
85,PSO+LBFGS,3,-1.806978702545166
85,PSO+LBFGS,4,-1.8069854974746704
85,PSO+LBFGS,5,-1.806985855102539
85,PSO+LBFGS,6,-1.806985855102539
85,PSO+LBFGS,7,-1.8069862127304077
85,PSO+LBFGS,8,-1.8069862127304077
85,PSO+LBFGS,9,-1.8069863319396973
85,PSO+LBFGS,10,-1.8069863319396973
85,PSO+LBFGS,11,-1.8069863319396973
85,PSO+LBFGS,12,-1.8069864511489868
85,PSO+LBFGS,13,-1.8069864511489868
85,PSO+LBFGS,14,-1.8069864511489868
85,PSO+LBFGS,15,-1.8069864511489868
85,PSO+LBFGS,16,-1.8069864511489868
85,PSO+LBFGS,17,-1.8069864511489868
85,PSO+LBFGS,18,-1.8069864511489868
85,PSO+LBFGS,19,-1.8069864511489868
85,PSO+LBFGS,20,-1.8069864511489868
85,PSO+LBFGS,21,-1.8069864511489868
85,PSO+LBFGS,22,-1.8069864511489868
85,PSO+LBFGS,23,-1.8069864511489868
85,PSO+LBFGS,24,-1.8069864511489868
85,PSO+LBFGS,25,-1.8069864511489868
85,PSO+LBFGS,26,-1.8069864511489868
85,PSO+LBFGS,27,-1.8069864511489868
85,PSO+LBFGS,28,-1.8069864511489868
85,PSO+LBFGS,29,-1.8069864511489868
85,PSO+LBFGS,30,-1.8069864511489868
85,PSO+LBFGS,31,-1.8069864511489868
85,PSO+LBFGS,32,-1.8069864511489868
85,PSO+LBFGS,33,-1.8069864511489868
85,PSO+LBFGS,34,-1.8069864511489868
85,PSO+LBFGS,35,-1.8069864511489868
85,PSO+LBFGS,36,-1.8069864511489868
85,PSO+LBFGS,37,-1.8069864511489868
85,PSO+LBFGS,38,-1.8069864511489868
85,PSO+LBFGS,39,-1.8069864511489868
85,PSO+LBFGS,40,-1.8069864511489868
85,PSO+LBFGS,41,-1.8069860935211182
85,PSO+LBFGS,42,-1.8069860935211182
85,PSO+LBFGS,43,-1.8069860935211182
85,PSO+LBFGS,44,-1.8069860935211182
85,PSO+LBFGS,45,-1.8069860935211182
85,PSO+LBFGS,46,-1.8069860935211182
85,PSO+LBFGS,47,-1.8069860935211182
85,PSO+LBFGS,48,-1.8069860935211182
85,PSO+LBFGS,49,-1.8069860935211182
85,PSO+LBFGS,50,-1.8069860935211182
85,PSO+LBFGS,51,-1.8069860935211182
85,PSO+LBFGS,52,-1.8069860935211182
85,PSO+LBFGS,53,-1.8069860935211182
85,PSO+LBFGS,54,-1.8069860935211182
85,PSO+LBFGS,55,-1.8069860935211182
85,PSO+LBFGS,56,-1.8069860935211182
85,PSO+LBFGS,57,-1.8069860935211182
85,PSO+LBFGS,58,-1.8069860935211182
85,PSO+LBFGS,59,-1.8069860935211182
85,PSO+LBFGS,60,-1.8069860935211182
86,Adam,1,-1.2714731693267822
86,Adam,2,-1.2759398221969604
86,Adam,3,-1.28032386302948
86,Adam,4,-1.2846165895462036
86,Adam,5,-1.2888104915618896
86,Adam,6,-1.2929003238677979
86,Adam,7,-1.2968767881393433
86,Adam,8,-1.300736904144287
86,Adam,9,-1.3044724464416504
86,Adam,10,-1.3080812692642212
86,Adam,11,-1.311562418937683
86,Adam,12,-1.3149102926254272
86,Adam,13,-1.31812584400177
86,Adam,14,-1.321209192276001
86,Adam,15,-1.324159026145935
86,Adam,16,-1.3269774913787842
86,Adam,17,-1.3296682834625244
86,Adam,18,-1.3322317600250244
86,Adam,19,-1.3346710205078125
86,Adam,20,-1.3369896411895752
86,Adam,21,-1.3391919136047363
86,Adam,22,-1.3412811756134033
86,Adam,23,-1.3432618379592896
86,Adam,24,-1.3451389074325562
86,Adam,25,-1.3469152450561523
86,Adam,26,-1.3485974073410034
86,Adam,27,-1.3501884937286377
86,Adam,28,-1.351692795753479
86,Adam,29,-1.353115439414978
86,Adam,30,-1.3544608354568481
86,Adam,31,-1.3557333946228027
86,Adam,32,-1.356935977935791
86,Adam,33,-1.358073115348816
86,Adam,34,-1.3591471910476685
86,Adam,35,-1.3601646423339844
86,Adam,36,-1.3611273765563965
86,Adam,37,-1.3620376586914062
86,Adam,38,-1.362900733947754
86,Adam,39,-1.3637176752090454
86,Adam,40,-1.364491581916809
86,Adam,41,-1.3652263879776
86,Adam,42,-1.3659225702285767
86,Adam,43,-1.3665850162506104
86,Adam,44,-1.3672120571136475
86,Adam,45,-1.367809534072876
86,Adam,46,-1.3683769702911377
86,Adam,47,-1.3689173460006714
86,Adam,48,-1.3694311380386353
86,Adam,49,-1.3699201345443726
86,Adam,50,-1.3703869581222534
86,Adam,51,-1.3708322048187256
86,Adam,52,-1.3712565898895264
86,Adam,53,-1.3716622591018677
86,Adam,54,-1.3720483779907227
86,Adam,55,-1.372418761253357
86,Adam,56,-1.372771978378296
86,Adam,57,-1.3731108903884888
86,Adam,58,-1.373434066772461
86,Adam,59,-1.3737444877624512
86,Adam,60,-1.3740410804748535
86,LBFGS,1,-1.3494236469268799
86,LBFGS,2,-1.3712364435195923
86,LBFGS,3,-1.3781415224075317
86,LBFGS,4,-1.381828784942627
86,LBFGS,5,-1.3837674856185913
86,LBFGS,6,-1.3848224878311157
86,LBFGS,7,-1.3851550817489624
86,LBFGS,8,-1.3857090473175049
86,LBFGS,9,-1.385898470878601
86,LBFGS,10,-1.386007308959961
86,LBFGS,11,-1.386076807975769
86,LBFGS,12,-1.3861228227615356
86,LBFGS,13,-1.3861453533172607
86,LBFGS,14,-1.38615882396698
86,LBFGS,15,-1.3861656188964844
86,LBFGS,16,-1.3861690759658813
86,LBFGS,17,-1.3861727714538574
86,LBFGS,18,-1.3861732482910156
86,LBFGS,19,-1.386174201965332
86,LBFGS,20,-1.3861743211746216
86,LBFGS,21,-1.3861745595932007
86,LBFGS,22,-1.3861746788024902
86,LBFGS,23,-1.3861746788024902
86,LBFGS,24,-1.3861747980117798
86,LBFGS,25,-1.3861747980117798
86,LBFGS,26,-1.3861747980117798
86,LBFGS,27,-1.3861747980117798
86,LBFGS,28,-1.3861747980117798
86,LBFGS,29,-1.3861747980117798
86,LBFGS,30,-1.3861747980117798
86,LBFGS,31,-1.3861747980117798
86,LBFGS,32,-1.3861747980117798
86,LBFGS,33,-1.3861747980117798
86,LBFGS,34,-1.3861747980117798
86,LBFGS,35,-1.3861747980117798
86,LBFGS,36,-1.3861747980117798
86,LBFGS,37,-1.3861747980117798
86,LBFGS,38,-1.3861747980117798
86,LBFGS,39,-1.3861747980117798
86,LBFGS,40,-1.3861747980117798
86,LBFGS,41,-1.3861747980117798
86,LBFGS,42,-1.3861747980117798
86,LBFGS,43,-1.3861747980117798
86,LBFGS,44,-1.3861747980117798
86,LBFGS,45,-1.3861747980117798
86,LBFGS,46,-1.3861747980117798
86,LBFGS,47,-1.3861747980117798
86,LBFGS,48,-1.3861747980117798
86,LBFGS,49,-1.3861747980117798
86,LBFGS,50,-1.3861747980117798
86,LBFGS,51,-1.3861747980117798
86,LBFGS,52,-1.3861747980117798
86,LBFGS,53,-1.3861747980117798
86,LBFGS,54,-1.3861747980117798
86,LBFGS,55,-1.3861747980117798
86,LBFGS,56,-1.3861747980117798
86,LBFGS,57,-1.3861747980117798
86,LBFGS,58,-1.3861747980117798
86,LBFGS,59,-1.3861747980117798
86,LBFGS,60,-1.3861747980117798
86,PSO,1,-1.340436339378357
86,PSO,2,-1.3731852769851685
86,PSO,3,-1.378684163093567
86,PSO,4,-1.3830749988555908
86,PSO,5,-1.3860104084014893
86,PSO,6,-1.386163353919983
86,PSO,7,-1.386167287826538
86,PSO,8,-1.386167287826538
86,PSO,9,-1.3861747980117798
86,PSO,10,-1.3861747980117798
86,PSO,11,-1.3861747980117798
86,PSO,12,-1.3861747980117798
86,PSO,13,-1.3861749172210693
86,PSO,14,-1.3861749172210693
86,PSO,15,-1.3861749172210693
86,PSO,16,-1.3861749172210693
86,PSO,17,-1.3861749172210693
86,PSO,18,-1.3861749172210693
86,PSO,19,-1.3861749172210693
86,PSO,20,-1.3861749172210693
86,PSO,21,-1.3861749172210693
86,PSO,22,-1.3861749172210693
86,PSO,23,-1.3861749172210693
86,PSO,24,-1.3861749172210693
86,PSO,25,-1.3861749172210693
86,PSO,26,-1.3861749172210693
86,PSO,27,-1.3861749172210693
86,PSO,28,-1.3861749172210693
86,PSO,29,-1.3861749172210693
86,PSO,30,-1.3861750364303589
86,PSO,31,-1.3861750364303589
86,PSO,32,-1.3861750364303589
86,PSO,33,-1.3861750364303589
86,PSO,34,-1.3861750364303589
86,PSO,35,-1.3861750364303589
86,PSO,36,-1.3861750364303589
86,PSO,37,-1.3861750364303589
86,PSO,38,-1.3861750364303589
86,PSO,39,-1.3861750364303589
86,PSO,40,-1.3861750364303589
86,PSO,41,-1.3861750364303589
86,PSO,42,-1.3861750364303589
86,PSO,43,-1.3861750364303589
86,PSO,44,-1.3861750364303589
86,PSO,45,-1.3861750364303589
86,PSO,46,-1.3861750364303589
86,PSO,47,-1.3861750364303589
86,PSO,48,-1.3861750364303589
86,PSO,49,-1.3861750364303589
86,PSO,50,-1.3861750364303589
86,PSO,51,-1.3861750364303589
86,PSO,52,-1.3861750364303589
86,PSO,53,-1.3861750364303589
86,PSO,54,-1.3861750364303589
86,PSO,55,-1.3861750364303589
86,PSO,56,-1.3861750364303589
86,PSO,57,-1.3861750364303589
86,PSO,58,-1.3861750364303589
86,PSO,59,-1.3861750364303589
86,PSO,60,-1.3861750364303589
86,DE,1,-1.3474830389022827
86,DE,2,-1.3541356325149536
86,DE,3,-1.3541356325149536
86,DE,4,-1.3658374547958374
86,DE,5,-1.3658374547958374
86,DE,6,-1.3658374547958374
86,DE,7,-1.3658374547958374
86,DE,8,-1.3658374547958374
86,DE,9,-1.3700172901153564
86,DE,10,-1.3740907907485962
86,DE,11,-1.3755567073822021
86,DE,12,-1.3755567073822021
86,DE,13,-1.3755567073822021
86,DE,14,-1.3775856494903564
86,DE,15,-1.3777152299880981
86,DE,16,-1.3786128759384155
86,DE,17,-1.3802812099456787
86,DE,18,-1.3802812099456787
86,DE,19,-1.3802812099456787
86,DE,20,-1.3812932968139648
86,DE,21,-1.3825510740280151
86,DE,22,-1.3825510740280151
86,DE,23,-1.3827604055404663
86,DE,24,-1.3827604055404663
86,DE,25,-1.382924199104309
86,DE,26,-1.3833036422729492
86,DE,27,-1.384444236755371
86,DE,28,-1.3851583003997803
86,DE,29,-1.3851583003997803
86,DE,30,-1.3851583003997803
86,DE,31,-1.3854608535766602
86,DE,32,-1.3854608535766602
86,DE,33,-1.3854608535766602
86,DE,34,-1.3854608535766602
86,DE,35,-1.3854608535766602
86,DE,36,-1.3854608535766602
86,DE,37,-1.3854608535766602
86,DE,38,-1.3856029510498047
86,DE,39,-1.3856029510498047
86,DE,40,-1.3858245611190796
86,DE,41,-1.3858410120010376
86,DE,42,-1.3858537673950195
86,DE,43,-1.3858537673950195
86,DE,44,-1.3858559131622314
86,DE,45,-1.3859970569610596
86,DE,46,-1.3859970569610596
86,DE,47,-1.386025309562683
86,DE,48,-1.386025309562683
86,DE,49,-1.386025309562683
86,DE,50,-1.386025309562683
86,DE,51,-1.386025309562683
86,DE,52,-1.3860617876052856
86,DE,53,-1.3860617876052856
86,DE,54,-1.3860715627670288
86,DE,55,-1.386112093925476
86,DE,56,-1.386112093925476
86,DE,57,-1.386112093925476
86,DE,58,-1.3861387968063354
86,DE,59,-1.3861435651779175
86,DE,60,-1.3861435651779175
86,PSO+LBFGS,1,-1.345766544342041
86,PSO+LBFGS,2,-1.368822455406189
86,PSO+LBFGS,3,-1.381378412246704
86,PSO+LBFGS,4,-1.3828245401382446
86,PSO+LBFGS,5,-1.3851993083953857
86,PSO+LBFGS,6,-1.3861733675003052
86,PSO+LBFGS,7,-1.3861733675003052
86,PSO+LBFGS,8,-1.3861746788024902
86,PSO+LBFGS,9,-1.3861746788024902
86,PSO+LBFGS,10,-1.3861746788024902
86,PSO+LBFGS,11,-1.3861746788024902
86,PSO+LBFGS,12,-1.3861749172210693
86,PSO+LBFGS,13,-1.3861749172210693
86,PSO+LBFGS,14,-1.3861749172210693
86,PSO+LBFGS,15,-1.3861749172210693
86,PSO+LBFGS,16,-1.3861749172210693
86,PSO+LBFGS,17,-1.3861749172210693
86,PSO+LBFGS,18,-1.3861749172210693
86,PSO+LBFGS,19,-1.3861749172210693
86,PSO+LBFGS,20,-1.3861749172210693
86,PSO+LBFGS,21,-1.3861749172210693
86,PSO+LBFGS,22,-1.3861749172210693
86,PSO+LBFGS,23,-1.3861749172210693
86,PSO+LBFGS,24,-1.3861749172210693
86,PSO+LBFGS,25,-1.3861749172210693
86,PSO+LBFGS,26,-1.3861749172210693
86,PSO+LBFGS,27,-1.3861749172210693
86,PSO+LBFGS,28,-1.3861749172210693
86,PSO+LBFGS,29,-1.3861749172210693
86,PSO+LBFGS,30,-1.3861749172210693
86,PSO+LBFGS,31,-1.3861749172210693
86,PSO+LBFGS,32,-1.3861749172210693
86,PSO+LBFGS,33,-1.3861749172210693
86,PSO+LBFGS,34,-1.3861749172210693
86,PSO+LBFGS,35,-1.3861749172210693
86,PSO+LBFGS,36,-1.3861749172210693
86,PSO+LBFGS,37,-1.3861749172210693
86,PSO+LBFGS,38,-1.3861749172210693
86,PSO+LBFGS,39,-1.3861749172210693
86,PSO+LBFGS,40,-1.3861749172210693
86,PSO+LBFGS,41,-1.3861746788024902
86,PSO+LBFGS,42,-1.3861746788024902
86,PSO+LBFGS,43,-1.3861746788024902
86,PSO+LBFGS,44,-1.3861746788024902
86,PSO+LBFGS,45,-1.3861746788024902
86,PSO+LBFGS,46,-1.3861746788024902
86,PSO+LBFGS,47,-1.3861746788024902
86,PSO+LBFGS,48,-1.3861746788024902
86,PSO+LBFGS,49,-1.3861746788024902
86,PSO+LBFGS,50,-1.3861746788024902
86,PSO+LBFGS,51,-1.3861746788024902
86,PSO+LBFGS,52,-1.3861746788024902
86,PSO+LBFGS,53,-1.3861746788024902
86,PSO+LBFGS,54,-1.3861746788024902
86,PSO+LBFGS,55,-1.3861746788024902
86,PSO+LBFGS,56,-1.3861746788024902
86,PSO+LBFGS,57,-1.3861746788024902
86,PSO+LBFGS,58,-1.3861746788024902
86,PSO+LBFGS,59,-1.3861746788024902
86,PSO+LBFGS,60,-1.3861746788024902
87,Adam,1,-1.820839285850525
87,Adam,2,-1.8262953758239746
87,Adam,3,-1.8316468000411987
87,Adam,4,-1.8368834257125854
87,Adam,5,-1.8420007228851318
87,Adam,6,-1.846985936164856
87,Adam,7,-1.8518303632736206
87,Adam,8,-1.8565304279327393
87,Adam,9,-1.861079454421997
87,Adam,10,-1.8654705286026
87,Adam,11,-1.869703769683838
87,Adam,12,-1.8737736940383911
87,Adam,13,-1.8776804208755493
87,Adam,14,-1.881424069404602
87,Adam,15,-1.8850048780441284
87,Adam,16,-1.8884252309799194
87,Adam,17,-1.8916867971420288
87,Adam,18,-1.8947914838790894
87,Adam,19,-1.8977457284927368
87,Adam,20,-1.9005523920059204
87,Adam,21,-1.903215765953064
87,Adam,22,-1.9057416915893555
87,Adam,23,-1.9081342220306396
87,Adam,24,-1.9103994369506836
87,Adam,25,-1.9125434160232544
87,Adam,26,-1.9145697355270386
87,Adam,27,-1.9164857864379883
87,Adam,28,-1.9182970523834229
87,Adam,29,-1.9200087785720825
87,Adam,30,-1.9216262102127075
87,Adam,31,-1.9231538772583008
87,Adam,32,-1.924595594406128
87,Adam,33,-1.9259587526321411
87,Adam,34,-1.9272470474243164
87,Adam,35,-1.9284642934799194
87,Adam,36,-1.9296152591705322
87,Adam,37,-1.9307037591934204
87,Adam,38,-1.9317322969436646
87,Adam,39,-1.9327067136764526
87,Adam,40,-1.933629035949707
87,Adam,41,-1.9345042705535889
87,Adam,42,-1.9353318214416504
87,Adam,43,-1.9361178874969482
87,Adam,44,-1.9368650913238525
87,Adam,45,-1.937572956085205
87,Adam,46,-1.9382449388504028
87,Adam,47,-1.9388846158981323
87,Adam,48,-1.939494013786316
87,Adam,49,-1.9400744438171387
87,Adam,50,-1.940625548362732
87,Adam,51,-1.941151738166809
87,Adam,52,-1.9416533708572388
87,Adam,53,-1.9421331882476807
87,Adam,54,-1.9425914287567139
87,Adam,55,-1.9430290460586548
87,Adam,56,-1.9434469938278198
87,Adam,57,-1.943846583366394
87,Adam,58,-1.9442307949066162
87,Adam,59,-1.9445972442626953
87,Adam,60,-1.9449489116668701
87,LBFGS,1,-1.8971641063690186
87,LBFGS,2,-1.9406170845031738
87,LBFGS,3,-1.9485141038894653
87,LBFGS,4,-1.953668236732483
87,LBFGS,5,-1.956236481666565
87,LBFGS,6,-1.957687258720398
87,LBFGS,7,-1.9584531784057617
87,LBFGS,8,-1.9588981866836548
87,LBFGS,9,-1.9591395854949951
87,LBFGS,10,-1.959317922592163
87,LBFGS,11,-1.9593695402145386
87,LBFGS,12,-1.9594281911849976
87,LBFGS,13,-1.9594541788101196
87,LBFGS,14,-1.9594699144363403
87,LBFGS,15,-1.9594775438308716
87,LBFGS,16,-1.9594824314117432
87,LBFGS,17,-1.9594858884811401
87,LBFGS,18,-1.959486722946167
87,LBFGS,19,-1.9594874382019043
87,LBFGS,20,-1.9594876766204834
87,LBFGS,21,-1.959487795829773
87,LBFGS,22,-1.959487795829773
87,LBFGS,23,-1.959487795829773
87,LBFGS,24,-1.959487795829773
87,LBFGS,25,-1.959487795829773
87,LBFGS,26,-1.959487795829773
87,LBFGS,27,-1.959487795829773
87,LBFGS,28,-1.959487795829773
87,LBFGS,29,-1.959487795829773
87,LBFGS,30,-1.959487795829773
87,LBFGS,31,-1.959487795829773
87,LBFGS,32,-1.959487795829773
87,LBFGS,33,-1.959487795829773
87,LBFGS,34,-1.959487795829773
87,LBFGS,35,-1.959487795829773
87,LBFGS,36,-1.959487795829773
87,LBFGS,37,-1.959487795829773
87,LBFGS,38,-1.959487795829773
87,LBFGS,39,-1.959487795829773
87,LBFGS,40,-1.959487795829773
87,LBFGS,41,-1.959487795829773
87,LBFGS,42,-1.959487795829773
87,LBFGS,43,-1.959487795829773
87,LBFGS,44,-1.959487795829773
87,LBFGS,45,-1.959487795829773
87,LBFGS,46,-1.959487795829773
87,LBFGS,47,-1.959487795829773
87,LBFGS,48,-1.959487795829773
87,LBFGS,49,-1.959487795829773
87,LBFGS,50,-1.959487795829773
87,LBFGS,51,-1.959487795829773
87,LBFGS,52,-1.959487795829773
87,LBFGS,53,-1.959487795829773
87,LBFGS,54,-1.959487795829773
87,LBFGS,55,-1.959487795829773
87,LBFGS,56,-1.959487795829773
87,LBFGS,57,-1.959487795829773
87,LBFGS,58,-1.959487795829773
87,LBFGS,59,-1.959487795829773
87,LBFGS,60,-1.959487795829773
87,PSO,1,-1.9162991046905518
87,PSO,2,-1.9338607788085938
87,PSO,3,-1.9422287940979004
87,PSO,4,-1.9469938278198242
87,PSO,5,-1.9539612531661987
87,PSO,6,-1.959487795829773
87,PSO,7,-1.959487795829773
87,PSO,8,-1.959487795829773
87,PSO,9,-1.959487795829773
87,PSO,10,-1.9594881534576416
87,PSO,11,-1.9594881534576416
87,PSO,12,-1.9594882726669312
87,PSO,13,-1.9594882726669312
87,PSO,14,-1.9594882726669312
87,PSO,15,-1.9594882726669312
87,PSO,16,-1.9594882726669312
87,PSO,17,-1.9594882726669312
87,PSO,18,-1.9594882726669312
87,PSO,19,-1.9594882726669312
87,PSO,20,-1.9594882726669312
87,PSO,21,-1.9594882726669312
87,PSO,22,-1.9594882726669312
87,PSO,23,-1.9594882726669312
87,PSO,24,-1.9594882726669312
87,PSO,25,-1.9594882726669312
87,PSO,26,-1.9594882726669312
87,PSO,27,-1.9594882726669312
87,PSO,28,-1.9594882726669312
87,PSO,29,-1.9594882726669312
87,PSO,30,-1.9594882726669312
87,PSO,31,-1.9594882726669312
87,PSO,32,-1.9594882726669312
87,PSO,33,-1.9594882726669312
87,PSO,34,-1.9594882726669312
87,PSO,35,-1.9594882726669312
87,PSO,36,-1.9594882726669312
87,PSO,37,-1.9594882726669312
87,PSO,38,-1.9594882726669312
87,PSO,39,-1.9594882726669312
87,PSO,40,-1.9594882726669312
87,PSO,41,-1.9594882726669312
87,PSO,42,-1.9594882726669312
87,PSO,43,-1.9594882726669312
87,PSO,44,-1.9594882726669312
87,PSO,45,-1.9594882726669312
87,PSO,46,-1.9594882726669312
87,PSO,47,-1.9594882726669312
87,PSO,48,-1.9594882726669312
87,PSO,49,-1.9594882726669312
87,PSO,50,-1.9594882726669312
87,PSO,51,-1.9594882726669312
87,PSO,52,-1.9594882726669312
87,PSO,53,-1.9594882726669312
87,PSO,54,-1.9594882726669312
87,PSO,55,-1.9594882726669312
87,PSO,56,-1.9594882726669312
87,PSO,57,-1.9594882726669312
87,PSO,58,-1.9594882726669312
87,PSO,59,-1.9594882726669312
87,PSO,60,-1.9594882726669312
87,DE,1,-1.9101145267486572
87,DE,2,-1.9101145267486572
87,DE,3,-1.9113094806671143
87,DE,4,-1.9285587072372437
87,DE,5,-1.9285587072372437
87,DE,6,-1.9343730211257935
87,DE,7,-1.9343730211257935
87,DE,8,-1.9343730211257935
87,DE,9,-1.943606972694397
87,DE,10,-1.9526220560073853
87,DE,11,-1.9526220560073853
87,DE,12,-1.9526220560073853
87,DE,13,-1.9526220560073853
87,DE,14,-1.9526220560073853
87,DE,15,-1.9526220560073853
87,DE,16,-1.9526220560073853
87,DE,17,-1.9532886743545532
87,DE,18,-1.955519437789917
87,DE,19,-1.9560484886169434
87,DE,20,-1.9560484886169434
87,DE,21,-1.9560484886169434
87,DE,22,-1.9560484886169434
87,DE,23,-1.9560484886169434
87,DE,24,-1.9560484886169434
87,DE,25,-1.9560484886169434
87,DE,26,-1.9560484886169434
87,DE,27,-1.9566624164581299
87,DE,28,-1.9566624164581299
87,DE,29,-1.9566624164581299
87,DE,30,-1.958500862121582
87,DE,31,-1.958500862121582
87,DE,32,-1.958500862121582
87,DE,33,-1.958500862121582
87,DE,34,-1.958500862121582
87,DE,35,-1.958500862121582
87,DE,36,-1.958500862121582
87,DE,37,-1.9585570096969604
87,DE,38,-1.9585570096969604
87,DE,39,-1.9590446949005127
87,DE,40,-1.9590446949005127
87,DE,41,-1.9590446949005127
87,DE,42,-1.9590446949005127
87,DE,43,-1.9590446949005127
87,DE,44,-1.9590446949005127
87,DE,45,-1.9590446949005127
87,DE,46,-1.9591102600097656
87,DE,47,-1.9591102600097656
87,DE,48,-1.9594188928604126
87,DE,49,-1.9594188928604126
87,DE,50,-1.9594188928604126
87,DE,51,-1.9594188928604126
87,DE,52,-1.9594188928604126
87,DE,53,-1.9594188928604126
87,DE,54,-1.9594188928604126
87,DE,55,-1.9594188928604126
87,DE,56,-1.9594188928604126
87,DE,57,-1.9594188928604126
87,DE,58,-1.9594188928604126
87,DE,59,-1.959420919418335
87,DE,60,-1.959420919418335
87,PSO+LBFGS,1,-1.9429986476898193
87,PSO+LBFGS,2,-1.954693078994751
87,PSO+LBFGS,3,-1.9594694375991821
87,PSO+LBFGS,4,-1.9594841003417969
87,PSO+LBFGS,5,-1.9594875574111938
87,PSO+LBFGS,6,-1.9594876766204834
87,PSO+LBFGS,7,-1.9594876766204834
87,PSO+LBFGS,8,-1.959487795829773
87,PSO+LBFGS,9,-1.9594879150390625
87,PSO+LBFGS,10,-1.9594879150390625
87,PSO+LBFGS,11,-1.9594879150390625
87,PSO+LBFGS,12,-1.9594881534576416
87,PSO+LBFGS,13,-1.9594881534576416
87,PSO+LBFGS,14,-1.9594881534576416
87,PSO+LBFGS,15,-1.9594882726669312
87,PSO+LBFGS,16,-1.9594882726669312
87,PSO+LBFGS,17,-1.9594882726669312
87,PSO+LBFGS,18,-1.9594882726669312
87,PSO+LBFGS,19,-1.9594882726669312
87,PSO+LBFGS,20,-1.9594882726669312
87,PSO+LBFGS,21,-1.9594882726669312
87,PSO+LBFGS,22,-1.9594882726669312
87,PSO+LBFGS,23,-1.9594882726669312
87,PSO+LBFGS,24,-1.9594882726669312
87,PSO+LBFGS,25,-1.9594882726669312
87,PSO+LBFGS,26,-1.9594882726669312
87,PSO+LBFGS,27,-1.9594882726669312
87,PSO+LBFGS,28,-1.9594882726669312
87,PSO+LBFGS,29,-1.9594882726669312
87,PSO+LBFGS,30,-1.9594882726669312
87,PSO+LBFGS,31,-1.9594882726669312
87,PSO+LBFGS,32,-1.9594882726669312
87,PSO+LBFGS,33,-1.9594882726669312
87,PSO+LBFGS,34,-1.9594882726669312
87,PSO+LBFGS,35,-1.9594882726669312
87,PSO+LBFGS,36,-1.9594882726669312
87,PSO+LBFGS,37,-1.9594882726669312
87,PSO+LBFGS,38,-1.9594882726669312
87,PSO+LBFGS,39,-1.9594882726669312
87,PSO+LBFGS,40,-1.9594882726669312
87,PSO+LBFGS,41,-1.959487795829773
87,PSO+LBFGS,42,-1.959487795829773
87,PSO+LBFGS,43,-1.959487795829773
87,PSO+LBFGS,44,-1.959487795829773
87,PSO+LBFGS,45,-1.959487795829773
87,PSO+LBFGS,46,-1.959487795829773
87,PSO+LBFGS,47,-1.959487795829773
87,PSO+LBFGS,48,-1.959487795829773
87,PSO+LBFGS,49,-1.959487795829773
87,PSO+LBFGS,50,-1.959487795829773
87,PSO+LBFGS,51,-1.959487795829773
87,PSO+LBFGS,52,-1.959487795829773
87,PSO+LBFGS,53,-1.959487795829773
87,PSO+LBFGS,54,-1.959487795829773
87,PSO+LBFGS,55,-1.959487795829773
87,PSO+LBFGS,56,-1.959487795829773
87,PSO+LBFGS,57,-1.959487795829773
87,PSO+LBFGS,58,-1.959487795829773
87,PSO+LBFGS,59,-1.959487795829773
87,PSO+LBFGS,60,-1.959487795829773
88,Adam,1,-1.7360687255859375
88,Adam,2,-1.7416530847549438
88,Adam,3,-1.7471067905426025
88,Adam,4,-1.7524186372756958
88,Adam,5,-1.757584571838379
88,Adam,6,-1.7625935077667236
88,Adam,7,-1.7674401998519897
88,Adam,8,-1.772121787071228
88,Adam,9,-1.7766308784484863
88,Adam,10,-1.7809689044952393
88,Adam,11,-1.78513503074646
88,Adam,12,-1.7891300916671753
88,Adam,13,-1.7929562330245972
88,Adam,14,-1.796615481376648
88,Adam,15,-1.8001126050949097
88,Adam,16,-1.803449034690857
88,Adam,17,-1.806632399559021
88,Adam,18,-1.8096654415130615
88,Adam,19,-1.8125526905059814
88,Adam,20,-1.8152992725372314
88,Adam,21,-1.8179107904434204
88,Adam,22,-1.820393681526184
88,Adam,23,-1.8227487802505493
88,Adam,24,-1.8249859809875488
88,Adam,25,-1.8271064758300781
88,Adam,26,-1.8291172981262207
88,Adam,27,-1.8310221433639526
88,Adam,28,-1.832828402519226
88,Adam,29,-1.8345370292663574
88,Adam,30,-1.8361536264419556
88,Adam,31,-1.837684988975525
88,Adam,32,-1.8391317129135132
88,Adam,33,-1.8405009508132935
88,Adam,34,-1.841793179512024
88,Adam,35,-1.8430156707763672
88,Adam,36,-1.8441706895828247
88,Adam,37,-1.845261573791504
88,Adam,38,-1.8462929725646973
88,Adam,39,-1.8472661972045898
88,Adam,40,-1.848185658454895
88,Adam,41,-1.8490558862686157
88,Adam,42,-1.8498785495758057
88,Adam,43,-1.850655436515808
88,Adam,44,-1.8513922691345215
88,Adam,45,-1.852089762687683
88,Adam,46,-1.852750301361084
88,Adam,47,-1.853377342224121
88,Adam,48,-1.85397207736969
88,Adam,49,-1.8545371294021606
88,Adam,50,-1.8550742864608765
88,Adam,51,-1.8555855751037598
88,Adam,52,-1.856072187423706
88,Adam,53,-1.85653555393219
88,Adam,54,-1.856978416442871
88,Adam,55,-1.8574010133743286
88,Adam,56,-1.8578050136566162
88,Adam,57,-1.8581911325454712
88,Adam,58,-1.8585604429244995
88,Adam,59,-1.8589144945144653
88,Adam,60,-1.8592537641525269
88,LBFGS,1,-1.8111393451690674
88,LBFGS,2,-1.8541706800460815
88,LBFGS,3,-1.861893653869629
88,LBFGS,4,-1.867493748664856
88,LBFGS,5,-1.8701667785644531
88,LBFGS,6,-1.8716590404510498
88,LBFGS,7,-1.8724757432937622
88,LBFGS,8,-1.8729326725006104
88,LBFGS,9,-1.8731865882873535
88,LBFGS,10,-1.8733237981796265
88,LBFGS,11,-1.8733785152435303
88,LBFGS,12,-1.8734339475631714
88,LBFGS,13,-1.8734685182571411
88,LBFGS,14,-1.8734843730926514
88,LBFGS,15,-1.8734952211380005
88,LBFGS,16,-1.8735002279281616
88,LBFGS,17,-1.8735023736953735
88,LBFGS,18,-1.873504638671875
88,LBFGS,19,-1.8735055923461914
88,LBFGS,20,-1.87350594997406
88,LBFGS,21,-1.8735060691833496
88,LBFGS,22,-1.8735060691833496
88,LBFGS,23,-1.8735060691833496
88,LBFGS,24,-1.8735060691833496
88,LBFGS,25,-1.8735060691833496
88,LBFGS,26,-1.8735060691833496
88,LBFGS,27,-1.8735060691833496
88,LBFGS,28,-1.8735060691833496
88,LBFGS,29,-1.8735060691833496
88,LBFGS,30,-1.8735060691833496
88,LBFGS,31,-1.8735060691833496
88,LBFGS,32,-1.8735060691833496
88,LBFGS,33,-1.8735060691833496
88,LBFGS,34,-1.8735060691833496
88,LBFGS,35,-1.8735060691833496
88,LBFGS,36,-1.8735060691833496
88,LBFGS,37,-1.8735060691833496
88,LBFGS,38,-1.8735060691833496
88,LBFGS,39,-1.8735060691833496
88,LBFGS,40,-1.8735060691833496
88,LBFGS,41,-1.8735060691833496
88,LBFGS,42,-1.8735060691833496
88,LBFGS,43,-1.8735060691833496
88,LBFGS,44,-1.8735060691833496
88,LBFGS,45,-1.8735060691833496
88,LBFGS,46,-1.8735060691833496
88,LBFGS,47,-1.8735060691833496
88,LBFGS,48,-1.8735060691833496
88,LBFGS,49,-1.8735060691833496
88,LBFGS,50,-1.8735060691833496
88,LBFGS,51,-1.8735060691833496
88,LBFGS,52,-1.8735060691833496
88,LBFGS,53,-1.8735060691833496
88,LBFGS,54,-1.8735060691833496
88,LBFGS,55,-1.8735060691833496
88,LBFGS,56,-1.8735060691833496
88,LBFGS,57,-1.8735060691833496
88,LBFGS,58,-1.8735060691833496
88,LBFGS,59,-1.8735060691833496
88,LBFGS,60,-1.8735060691833496
88,PSO,1,-1.8134703636169434
88,PSO,2,-1.843488097190857
88,PSO,3,-1.865808129310608
88,PSO,4,-1.8726197481155396
88,PSO,5,-1.8735060691833496
88,PSO,6,-1.8735060691833496
88,PSO,7,-1.8735060691833496
88,PSO,8,-1.8735060691833496
88,PSO,9,-1.8735060691833496
88,PSO,10,-1.8735060691833496
88,PSO,11,-1.8735060691833496
88,PSO,12,-1.8735061883926392
88,PSO,13,-1.8735061883926392
88,PSO,14,-1.8735061883926392
88,PSO,15,-1.8735061883926392
88,PSO,16,-1.8735061883926392
88,PSO,17,-1.8735061883926392
88,PSO,18,-1.8735061883926392
88,PSO,19,-1.8735061883926392
88,PSO,20,-1.8735061883926392
88,PSO,21,-1.8735061883926392
88,PSO,22,-1.8735063076019287
88,PSO,23,-1.8735063076019287
88,PSO,24,-1.8735063076019287
88,PSO,25,-1.8735063076019287
88,PSO,26,-1.8735063076019287
88,PSO,27,-1.8735063076019287
88,PSO,28,-1.8735063076019287
88,PSO,29,-1.8735063076019287
88,PSO,30,-1.8735063076019287
88,PSO,31,-1.8735064268112183
88,PSO,32,-1.8735064268112183
88,PSO,33,-1.8735064268112183
88,PSO,34,-1.8735064268112183
88,PSO,35,-1.8735064268112183
88,PSO,36,-1.8735064268112183
88,PSO,37,-1.8735064268112183
88,PSO,38,-1.8735064268112183
88,PSO,39,-1.8735064268112183
88,PSO,40,-1.8735064268112183
88,PSO,41,-1.8735064268112183
88,PSO,42,-1.8735064268112183
88,PSO,43,-1.8735064268112183
88,PSO,44,-1.8735064268112183
88,PSO,45,-1.8735064268112183
88,PSO,46,-1.8735064268112183
88,PSO,47,-1.8735064268112183
88,PSO,48,-1.8735064268112183
88,PSO,49,-1.8735064268112183
88,PSO,50,-1.8735064268112183
88,PSO,51,-1.8735064268112183
88,PSO,52,-1.8735064268112183
88,PSO,53,-1.8735064268112183
88,PSO,54,-1.8735064268112183
88,PSO,55,-1.8735064268112183
88,PSO,56,-1.8735064268112183
88,PSO,57,-1.8735064268112183
88,PSO,58,-1.8735064268112183
88,PSO,59,-1.8735064268112183
88,PSO,60,-1.8735064268112183
88,DE,1,-1.813984751701355
88,DE,2,-1.8220661878585815
88,DE,3,-1.8464164733886719
88,DE,4,-1.863802433013916
88,DE,5,-1.863802433013916
88,DE,6,-1.863802433013916
88,DE,7,-1.863802433013916
88,DE,8,-1.863802433013916
88,DE,9,-1.863802433013916
88,DE,10,-1.8648583889007568
88,DE,11,-1.8700270652770996
88,DE,12,-1.8700270652770996
88,DE,13,-1.8705297708511353
88,DE,14,-1.8705297708511353
88,DE,15,-1.8705297708511353
88,DE,16,-1.8705297708511353
88,DE,17,-1.8705297708511353
88,DE,18,-1.8705297708511353
88,DE,19,-1.8713338375091553
88,DE,20,-1.8713338375091553
88,DE,21,-1.8713338375091553
88,DE,22,-1.8713338375091553
88,DE,23,-1.8726649284362793
88,DE,24,-1.8726649284362793
88,DE,25,-1.8726649284362793
88,DE,26,-1.8726649284362793
88,DE,27,-1.8726649284362793
88,DE,28,-1.8726649284362793
88,DE,29,-1.8726649284362793
88,DE,30,-1.8726649284362793
88,DE,31,-1.872743844985962
88,DE,32,-1.872743844985962
88,DE,33,-1.8728631734848022
88,DE,34,-1.8729156255722046
88,DE,35,-1.8730424642562866
88,DE,36,-1.8730710744857788
88,DE,37,-1.8732105493545532
88,DE,38,-1.8732105493545532
88,DE,39,-1.873242974281311
88,DE,40,-1.873242974281311
88,DE,41,-1.8732922077178955
88,DE,42,-1.8732922077178955
88,DE,43,-1.8732922077178955
88,DE,44,-1.8733686208724976
88,DE,45,-1.8733729124069214
88,DE,46,-1.8733729124069214
88,DE,47,-1.87340247631073
88,DE,48,-1.8734079599380493
88,DE,49,-1.8734079599380493
88,DE,50,-1.873416781425476
88,DE,51,-1.873416781425476
88,DE,52,-1.8734220266342163
88,DE,53,-1.873430609703064
88,DE,54,-1.873430609703064
88,DE,55,-1.8734489679336548
88,DE,56,-1.8734619617462158
88,DE,57,-1.8734794855117798
88,DE,58,-1.8734794855117798
88,DE,59,-1.8734794855117798
88,DE,60,-1.8734898567199707
88,PSO+LBFGS,1,-1.8261395692825317
88,PSO+LBFGS,2,-1.8544862270355225
88,PSO+LBFGS,3,-1.8706300258636475
88,PSO+LBFGS,4,-1.8728199005126953
88,PSO+LBFGS,5,-1.8728199005126953
88,PSO+LBFGS,6,-1.8728199005126953
88,PSO+LBFGS,7,-1.8728199005126953
88,PSO+LBFGS,8,-1.8728199005126953
88,PSO+LBFGS,9,-1.8728199005126953
88,PSO+LBFGS,10,-1.8728199005126953
88,PSO+LBFGS,11,-1.8728199005126953
88,PSO+LBFGS,12,-1.8728199005126953
88,PSO+LBFGS,13,-1.8728199005126953
88,PSO+LBFGS,14,-1.8728199005126953
88,PSO+LBFGS,15,-1.8728199005126953
88,PSO+LBFGS,16,-1.8728199005126953
88,PSO+LBFGS,17,-1.8728199005126953
88,PSO+LBFGS,18,-1.8728199005126953
88,PSO+LBFGS,19,-1.8728199005126953
88,PSO+LBFGS,20,-1.8728199005126953
88,PSO+LBFGS,21,-1.8728199005126953
88,PSO+LBFGS,22,-1.8728199005126953
88,PSO+LBFGS,23,-1.8728199005126953
88,PSO+LBFGS,24,-1.8728199005126953
88,PSO+LBFGS,25,-1.8728199005126953
88,PSO+LBFGS,26,-1.8728199005126953
88,PSO+LBFGS,27,-1.8728199005126953
88,PSO+LBFGS,28,-1.8728199005126953
88,PSO+LBFGS,29,-1.8728199005126953
88,PSO+LBFGS,30,-1.8728199005126953
88,PSO+LBFGS,31,-1.8728199005126953
88,PSO+LBFGS,32,-1.8728199005126953
88,PSO+LBFGS,33,-1.8728199005126953
88,PSO+LBFGS,34,-1.8728199005126953
88,PSO+LBFGS,35,-1.8728199005126953
88,PSO+LBFGS,36,-1.8728199005126953
88,PSO+LBFGS,37,-1.8728199005126953
88,PSO+LBFGS,38,-1.8728199005126953
88,PSO+LBFGS,39,-1.8728199005126953
88,PSO+LBFGS,40,-1.8728199005126953
88,PSO+LBFGS,41,-1.8728201389312744
88,PSO+LBFGS,42,-1.8728201389312744
88,PSO+LBFGS,43,-1.8728201389312744
88,PSO+LBFGS,44,-1.8728201389312744
88,PSO+LBFGS,45,-1.8728201389312744
88,PSO+LBFGS,46,-1.8728201389312744
88,PSO+LBFGS,47,-1.8728201389312744
88,PSO+LBFGS,48,-1.8728201389312744
88,PSO+LBFGS,49,-1.8728201389312744
88,PSO+LBFGS,50,-1.8728201389312744
88,PSO+LBFGS,51,-1.8728201389312744
88,PSO+LBFGS,52,-1.8728201389312744
88,PSO+LBFGS,53,-1.8728201389312744
88,PSO+LBFGS,54,-1.8728201389312744
88,PSO+LBFGS,55,-1.8728201389312744
88,PSO+LBFGS,56,-1.8728201389312744
88,PSO+LBFGS,57,-1.8728201389312744
88,PSO+LBFGS,58,-1.8728201389312744
88,PSO+LBFGS,59,-1.8728201389312744
88,PSO+LBFGS,60,-1.8728201389312744
89,Adam,1,-1.6172804832458496
89,Adam,2,-1.6224008798599243
89,Adam,3,-1.6274209022521973
89,Adam,4,-1.6323338747024536
89,Adam,5,-1.6371278762817383
89,Adam,6,-1.641798973083496
89,Adam,7,-1.6463377475738525
89,Adam,8,-1.6507364511489868
89,Adam,9,-1.6549901962280273
89,Adam,10,-1.659097671508789
89,Adam,11,-1.6630537509918213
89,Adam,12,-1.6668541431427002
89,Adam,13,-1.6705000400543213
89,Adam,14,-1.6739921569824219
89,Adam,15,-1.67732834815979
89,Adam,16,-1.6805131435394287
89,Adam,17,-1.6835459470748901
89,Adam,18,-1.6864323616027832
89,Adam,19,-1.689177393913269
89,Adam,20,-1.6917800903320312
89,Adam,21,-1.6942474842071533
89,Adam,22,-1.696584939956665
89,Adam,23,-1.6987982988357544
89,Adam,24,-1.7008897066116333
89,Adam,25,-1.7028673887252808
89,Adam,26,-1.7047351598739624
89,Adam,27,-1.706497311592102
89,Adam,28,-1.708160400390625
89,Adam,29,-1.7097302675247192
89,Adam,30,-1.7112115621566772
89,Adam,31,-1.712607502937317
89,Adam,32,-1.7139256000518799
89,Adam,33,-1.7151679992675781
89,Adam,34,-1.7163400650024414
89,Adam,35,-1.7174456119537354
89,Adam,36,-1.718489646911621
89,Adam,37,-1.7194749116897583
89,Adam,38,-1.7204054594039917
89,Adam,39,-1.7212834358215332
89,Adam,40,-1.7221131324768066
89,Adam,41,-1.722899079322815
89,Adam,42,-1.7236413955688477
89,Adam,43,-1.7243436574935913
89,Adam,44,-1.725008487701416
89,Adam,45,-1.7256405353546143
89,Adam,46,-1.7262370586395264
89,Adam,47,-1.7268048524856567
89,Adam,48,-1.7273434400558472
89,Adam,49,-1.7278538942337036
89,Adam,50,-1.7283406257629395
89,Adam,51,-1.7288033962249756
89,Adam,52,-1.7292424440383911
89,Adam,53,-1.7296613454818726
89,Adam,54,-1.7300612926483154
89,Adam,55,-1.730442762374878
89,Adam,56,-1.7308064699172974
89,Adam,57,-1.7311532497406006
89,Adam,58,-1.7314870357513428
89,Adam,59,-1.7318040132522583
89,Adam,60,-1.732108473777771
89,LBFGS,1,-1.6873213052749634
89,LBFGS,2,-1.7279316186904907
89,LBFGS,3,-1.7351295948028564
89,LBFGS,4,-1.7397336959838867
89,LBFGS,5,-1.7419220209121704
89,LBFGS,6,-1.7431247234344482
89,LBFGS,7,-1.7437728643417358
89,LBFGS,8,-1.7441270351409912
89,LBFGS,9,-1.7443197965621948
89,LBFGS,10,-1.7443398237228394
89,LBFGS,11,-1.7444452047348022
89,LBFGS,12,-1.7445001602172852
89,LBFGS,13,-1.7445157766342163
89,LBFGS,14,-1.7445378303527832
89,LBFGS,15,-1.7445486783981323
89,LBFGS,16,-1.7445547580718994
89,LBFGS,17,-1.7445570230484009
89,LBFGS,18,-1.7445597648620605
89,LBFGS,19,-1.7445605993270874
89,LBFGS,20,-1.744560718536377
89,LBFGS,21,-1.7445608377456665
89,LBFGS,22,-1.7445610761642456
89,LBFGS,23,-1.7445610761642456
89,LBFGS,24,-1.7445610761642456
89,LBFGS,25,-1.7445610761642456
89,LBFGS,26,-1.7445610761642456
89,LBFGS,27,-1.7445610761642456
89,LBFGS,28,-1.7445610761642456
89,LBFGS,29,-1.7445610761642456
89,LBFGS,30,-1.7445610761642456
89,LBFGS,31,-1.7445610761642456
89,LBFGS,32,-1.7445610761642456
89,LBFGS,33,-1.7445610761642456
89,LBFGS,34,-1.7445610761642456
89,LBFGS,35,-1.7445610761642456
89,LBFGS,36,-1.7445610761642456
89,LBFGS,37,-1.7445610761642456
89,LBFGS,38,-1.7445610761642456
89,LBFGS,39,-1.7445610761642456
89,LBFGS,40,-1.7445610761642456
89,LBFGS,41,-1.7445610761642456
89,LBFGS,42,-1.7445610761642456
89,LBFGS,43,-1.7445610761642456
89,LBFGS,44,-1.7445610761642456
89,LBFGS,45,-1.7445610761642456
89,LBFGS,46,-1.7445610761642456
89,LBFGS,47,-1.7445610761642456
89,LBFGS,48,-1.7445610761642456
89,LBFGS,49,-1.7445610761642456
89,LBFGS,50,-1.7445610761642456
89,LBFGS,51,-1.7445610761642456
89,LBFGS,52,-1.7445610761642456
89,LBFGS,53,-1.7445610761642456
89,LBFGS,54,-1.7445610761642456
89,LBFGS,55,-1.7445610761642456
89,LBFGS,56,-1.7445610761642456
89,LBFGS,57,-1.7445610761642456
89,LBFGS,58,-1.7445610761642456
89,LBFGS,59,-1.7445610761642456
89,LBFGS,60,-1.7445610761642456
89,PSO,1,-1.708607792854309
89,PSO,2,-1.7291538715362549
89,PSO,3,-1.7380244731903076
89,PSO,4,-1.7438066005706787
89,PSO,5,-1.7444922924041748
89,PSO,6,-1.7445422410964966
89,PSO,7,-1.744560718536377
89,PSO,8,-1.744560718536377
89,PSO,9,-1.744560718536377
89,PSO,10,-1.744560956954956
89,PSO,11,-1.744560956954956
89,PSO,12,-1.744560956954956
89,PSO,13,-1.744560956954956
89,PSO,14,-1.744560956954956
89,PSO,15,-1.744560956954956
89,PSO,16,-1.744560956954956
89,PSO,17,-1.744560956954956
89,PSO,18,-1.744560956954956
89,PSO,19,-1.7445610761642456
89,PSO,20,-1.7445611953735352
89,PSO,21,-1.7445611953735352
89,PSO,22,-1.7445611953735352
89,PSO,23,-1.7445611953735352
89,PSO,24,-1.7445611953735352
89,PSO,25,-1.7445611953735352
89,PSO,26,-1.7445611953735352
89,PSO,27,-1.7445613145828247
89,PSO,28,-1.7445613145828247
89,PSO,29,-1.7445613145828247
89,PSO,30,-1.7445613145828247
89,PSO,31,-1.7445613145828247
89,PSO,32,-1.7445613145828247
89,PSO,33,-1.7445613145828247
89,PSO,34,-1.7445613145828247
89,PSO,35,-1.7445613145828247
89,PSO,36,-1.7445613145828247
89,PSO,37,-1.7445613145828247
89,PSO,38,-1.7445613145828247
89,PSO,39,-1.7445613145828247
89,PSO,40,-1.7445613145828247
89,PSO,41,-1.7445613145828247
89,PSO,42,-1.7445613145828247
89,PSO,43,-1.7445613145828247
89,PSO,44,-1.7445613145828247
89,PSO,45,-1.7445613145828247
89,PSO,46,-1.7445613145828247
89,PSO,47,-1.7445613145828247
89,PSO,48,-1.7445613145828247
89,PSO,49,-1.7445614337921143
89,PSO,50,-1.7445614337921143
89,PSO,51,-1.7445614337921143
89,PSO,52,-1.7445614337921143
89,PSO,53,-1.7445614337921143
89,PSO,54,-1.7445614337921143
89,PSO,55,-1.7445614337921143
89,PSO,56,-1.7445614337921143
89,PSO,57,-1.7445614337921143
89,PSO,58,-1.7445614337921143
89,PSO,59,-1.7445614337921143
89,PSO,60,-1.7445614337921143
89,DE,1,-1.699967861175537
89,DE,2,-1.7153091430664062
89,DE,3,-1.7153091430664062
89,DE,4,-1.721018671989441
89,DE,5,-1.7303084135055542
89,DE,6,-1.7408884763717651
89,DE,7,-1.7408884763717651
89,DE,8,-1.7408884763717651
89,DE,9,-1.7408884763717651
89,DE,10,-1.7408884763717651
89,DE,11,-1.7408884763717651
89,DE,12,-1.7408884763717651
89,DE,13,-1.7408884763717651
89,DE,14,-1.7408884763717651
89,DE,15,-1.741074800491333
89,DE,16,-1.741645097732544
89,DE,17,-1.741645097732544
89,DE,18,-1.742286205291748
89,DE,19,-1.7427515983581543
89,DE,20,-1.7431858777999878
89,DE,21,-1.7431858777999878
89,DE,22,-1.7431858777999878
89,DE,23,-1.7431858777999878
89,DE,24,-1.7431858777999878
89,DE,25,-1.743314266204834
89,DE,26,-1.7434645891189575
89,DE,27,-1.7434645891189575
89,DE,28,-1.7438757419586182
89,DE,29,-1.7438757419586182
89,DE,30,-1.7440340518951416
89,DE,31,-1.7440340518951416
89,DE,32,-1.7440340518951416
89,DE,33,-1.7440831661224365
89,DE,34,-1.7443077564239502
89,DE,35,-1.7443199157714844
89,DE,36,-1.7443199157714844
89,DE,37,-1.7443199157714844
89,DE,38,-1.7443575859069824
89,DE,39,-1.7443575859069824
89,DE,40,-1.7443575859069824
89,DE,41,-1.7443575859069824
89,DE,42,-1.744370460510254
89,DE,43,-1.7444567680358887
89,DE,44,-1.7444567680358887
89,DE,45,-1.7444599866867065
89,DE,46,-1.7444599866867065
89,DE,47,-1.7444599866867065
89,DE,48,-1.744503140449524
89,DE,49,-1.7445175647735596
89,DE,50,-1.7445175647735596
89,DE,51,-1.7445175647735596
89,DE,52,-1.7445175647735596
89,DE,53,-1.744524359703064
89,DE,54,-1.744524359703064
89,DE,55,-1.744530200958252
89,DE,56,-1.744530200958252
89,DE,57,-1.744530200958252
89,DE,58,-1.74453866481781
89,DE,59,-1.74453866481781
89,DE,60,-1.74453866481781
89,PSO+LBFGS,1,-1.6886875629425049
89,PSO+LBFGS,2,-1.7400016784667969
89,PSO+LBFGS,3,-1.7441492080688477
89,PSO+LBFGS,4,-1.7444932460784912
89,PSO+LBFGS,5,-1.7444967031478882
89,PSO+LBFGS,6,-1.744497537612915
89,PSO+LBFGS,7,-1.744497537612915
89,PSO+LBFGS,8,-1.7444984912872314
89,PSO+LBFGS,9,-1.7445093393325806
89,PSO+LBFGS,10,-1.7445437908172607
89,PSO+LBFGS,11,-1.7445600032806396
89,PSO+LBFGS,12,-1.7445600032806396
89,PSO+LBFGS,13,-1.7445600032806396
89,PSO+LBFGS,14,-1.7445600032806396
89,PSO+LBFGS,15,-1.7445604801177979
89,PSO+LBFGS,16,-1.744560956954956
89,PSO+LBFGS,17,-1.744560956954956
89,PSO+LBFGS,18,-1.744560956954956
89,PSO+LBFGS,19,-1.7445611953735352
89,PSO+LBFGS,20,-1.7445611953735352
89,PSO+LBFGS,21,-1.7445613145828247
89,PSO+LBFGS,22,-1.7445613145828247
89,PSO+LBFGS,23,-1.7445613145828247
89,PSO+LBFGS,24,-1.7445613145828247
89,PSO+LBFGS,25,-1.7445613145828247
89,PSO+LBFGS,26,-1.7445613145828247
89,PSO+LBFGS,27,-1.7445613145828247
89,PSO+LBFGS,28,-1.7445613145828247
89,PSO+LBFGS,29,-1.7445613145828247
89,PSO+LBFGS,30,-1.7445613145828247
89,PSO+LBFGS,31,-1.7445613145828247
89,PSO+LBFGS,32,-1.7445613145828247
89,PSO+LBFGS,33,-1.7445613145828247
89,PSO+LBFGS,34,-1.7445613145828247
89,PSO+LBFGS,35,-1.7445613145828247
89,PSO+LBFGS,36,-1.7445613145828247
89,PSO+LBFGS,37,-1.7445613145828247
89,PSO+LBFGS,38,-1.7445613145828247
89,PSO+LBFGS,39,-1.7445613145828247
89,PSO+LBFGS,40,-1.7445613145828247
89,PSO+LBFGS,41,-1.744560956954956
89,PSO+LBFGS,42,-1.744560956954956
89,PSO+LBFGS,43,-1.744560956954956
89,PSO+LBFGS,44,-1.744560956954956
89,PSO+LBFGS,45,-1.744560956954956
89,PSO+LBFGS,46,-1.744560956954956
89,PSO+LBFGS,47,-1.744560956954956
89,PSO+LBFGS,48,-1.744560956954956
89,PSO+LBFGS,49,-1.744560956954956
89,PSO+LBFGS,50,-1.744560956954956
89,PSO+LBFGS,51,-1.744560956954956
89,PSO+LBFGS,52,-1.744560956954956
89,PSO+LBFGS,53,-1.744560956954956
89,PSO+LBFGS,54,-1.744560956954956
89,PSO+LBFGS,55,-1.744560956954956
89,PSO+LBFGS,56,-1.744560956954956
89,PSO+LBFGS,57,-1.744560956954956
89,PSO+LBFGS,58,-1.744560956954956
89,PSO+LBFGS,59,-1.744560956954956
89,PSO+LBFGS,60,-1.744560956954956
90,Adam,1,-1.1351486444473267
90,Adam,2,-1.1425341367721558
90,Adam,3,-1.1497862339019775
90,Adam,4,-1.1568877696990967
90,Adam,5,-1.1638318300247192
90,Adam,6,-1.1706088781356812
90,Adam,7,-1.1772081851959229
90,Adam,8,-1.1836284399032593
90,Adam,9,-1.1898598670959473
90,Adam,10,-1.195904016494751
90,Adam,11,-1.2017550468444824
90,Adam,12,-1.2074090242385864
90,Adam,13,-1.2128651142120361
90,Adam,14,-1.21811842918396
90,Adam,15,-1.2231694459915161
90,Adam,16,-1.2280182838439941
90,Adam,17,-1.2326632738113403
90,Adam,18,-1.2371079921722412
90,Adam,19,-1.2413524389266968
90,Adam,20,-1.2454040050506592
90,Adam,21,-1.2492626905441284
90,Adam,22,-1.252935767173767
90,Adam,23,-1.256426453590393
90,Adam,24,-1.2597408294677734
90,Adam,25,-1.2628848552703857
90,Adam,26,-1.2658650875091553
90,Adam,27,-1.2686882019042969
90,Adam,28,-1.2713602781295776
90,Adam,29,-1.273889183998108
90,Adam,30,-1.2762792110443115
90,Adam,31,-1.2785402536392212
90,Adam,32,-1.280676245689392
90,Adam,33,-1.2826948165893555
90,Adam,34,-1.2846035957336426
90,Adam,35,-1.2864080667495728
90,Adam,36,-1.288112998008728
90,Adam,37,-1.289724588394165
90,Adam,38,-1.291249394416809
90,Adam,39,-1.29269278049469
90,Adam,40,-1.294058084487915
90,Adam,41,-1.2953505516052246
90,Adam,42,-1.2965741157531738
90,Adam,43,-1.2977350950241089
90,Adam,44,-1.298835277557373
90,Adam,45,-1.2998781204223633
90,Adam,46,-1.3008701801300049
90,Adam,47,-1.3018115758895874
90,Adam,48,-1.3027054071426392
90,Adam,49,-1.30355703830719
90,Adam,50,-1.304366111755371
90,Adam,51,-1.3051365613937378
90,Adam,52,-1.3058713674545288
90,Adam,53,-1.3065718412399292
90,Adam,54,-1.3072398900985718
90,Adam,55,-1.307876706123352
90,Adam,56,-1.3084864616394043
90,Adam,57,-1.3090686798095703
90,Adam,58,-1.3096262216567993
90,Adam,59,-1.3101600408554077
90,Adam,60,-1.3106697797775269
90,LBFGS,1,-1.262284517288208
90,LBFGS,2,-1.30479896068573
90,LBFGS,3,-1.3168920278549194
90,LBFGS,4,-1.3240731954574585
90,LBFGS,5,-1.3276317119598389
90,LBFGS,6,-1.3295361995697021
90,LBFGS,7,-1.330572247505188
90,LBFGS,8,-1.3311420679092407
90,LBFGS,9,-1.3314568996429443
90,LBFGS,10,-1.3316315412521362
90,LBFGS,11,-1.3317238092422485
90,LBFGS,12,-1.3317710161209106
90,LBFGS,13,-1.3318132162094116
90,LBFGS,14,-1.331826090812683
90,LBFGS,15,-1.3318369388580322
90,LBFGS,16,-1.3318418264389038
90,LBFGS,17,-1.331845760345459
90,LBFGS,18,-1.3318486213684082
90,LBFGS,19,-1.3318493366241455
90,LBFGS,20,-1.3318493366241455
90,LBFGS,21,-1.331849455833435
90,LBFGS,22,-1.3318498134613037
90,LBFGS,23,-1.3318498134613037
90,LBFGS,24,-1.3318498134613037
90,LBFGS,25,-1.3318498134613037
90,LBFGS,26,-1.3318498134613037
90,LBFGS,27,-1.3318498134613037
90,LBFGS,28,-1.3318498134613037
90,LBFGS,29,-1.3318498134613037
90,LBFGS,30,-1.3318498134613037
90,LBFGS,31,-1.3318498134613037
90,LBFGS,32,-1.3318498134613037
90,LBFGS,33,-1.3318498134613037
90,LBFGS,34,-1.3318498134613037
90,LBFGS,35,-1.3318498134613037
90,LBFGS,36,-1.3318498134613037
90,LBFGS,37,-1.3318498134613037
90,LBFGS,38,-1.3318498134613037
90,LBFGS,39,-1.3318498134613037
90,LBFGS,40,-1.3318498134613037
90,LBFGS,41,-1.3318498134613037
90,LBFGS,42,-1.3318498134613037
90,LBFGS,43,-1.3318498134613037
90,LBFGS,44,-1.3318498134613037
90,LBFGS,45,-1.3318498134613037
90,LBFGS,46,-1.3318498134613037
90,LBFGS,47,-1.3318498134613037
90,LBFGS,48,-1.3318498134613037
90,LBFGS,49,-1.3318498134613037
90,LBFGS,50,-1.3318498134613037
90,LBFGS,51,-1.3318498134613037
90,LBFGS,52,-1.3318498134613037
90,LBFGS,53,-1.3318498134613037
90,LBFGS,54,-1.3318498134613037
90,LBFGS,55,-1.3318498134613037
90,LBFGS,56,-1.3318498134613037
90,LBFGS,57,-1.3318498134613037
90,LBFGS,58,-1.3318498134613037
90,LBFGS,59,-1.3318498134613037
90,LBFGS,60,-1.3318498134613037
90,PSO,1,-1.2354847192764282
90,PSO,2,-1.289648175239563
90,PSO,3,-1.3286973237991333
90,PSO,4,-1.3315212726593018
90,PSO,5,-1.3315212726593018
90,PSO,6,-1.3315212726593018
90,PSO,7,-1.3315212726593018
90,PSO,8,-1.3315212726593018
90,PSO,9,-1.3315212726593018
90,PSO,10,-1.3315212726593018
90,PSO,11,-1.3315212726593018
90,PSO,12,-1.3315212726593018
90,PSO,13,-1.3315212726593018
90,PSO,14,-1.3315212726593018
90,PSO,15,-1.3315212726593018
90,PSO,16,-1.3315212726593018
90,PSO,17,-1.3315212726593018
90,PSO,18,-1.3315212726593018
90,PSO,19,-1.3315212726593018
90,PSO,20,-1.3315212726593018
90,PSO,21,-1.3315212726593018
90,PSO,22,-1.3315212726593018
90,PSO,23,-1.3315212726593018
90,PSO,24,-1.3315212726593018
90,PSO,25,-1.3315212726593018
90,PSO,26,-1.3315212726593018
90,PSO,27,-1.3315212726593018
90,PSO,28,-1.3315212726593018
90,PSO,29,-1.3315212726593018
90,PSO,30,-1.3315212726593018
90,PSO,31,-1.3315212726593018
90,PSO,32,-1.3315212726593018
90,PSO,33,-1.3315212726593018
90,PSO,34,-1.3315212726593018
90,PSO,35,-1.3315212726593018
90,PSO,36,-1.3315212726593018
90,PSO,37,-1.3315212726593018
90,PSO,38,-1.3315212726593018
90,PSO,39,-1.3315212726593018
90,PSO,40,-1.3315212726593018
90,PSO,41,-1.3315212726593018
90,PSO,42,-1.3315212726593018
90,PSO,43,-1.3315212726593018
90,PSO,44,-1.3315212726593018
90,PSO,45,-1.3315212726593018
90,PSO,46,-1.3315212726593018
90,PSO,47,-1.3315212726593018
90,PSO,48,-1.3315212726593018
90,PSO,49,-1.3315212726593018
90,PSO,50,-1.3315212726593018
90,PSO,51,-1.3315212726593018
90,PSO,52,-1.3315212726593018
90,PSO,53,-1.3315212726593018
90,PSO,54,-1.3315212726593018
90,PSO,55,-1.3315212726593018
90,PSO,56,-1.3315212726593018
90,PSO,57,-1.3315212726593018
90,PSO,58,-1.3315212726593018
90,PSO,59,-1.3315212726593018
90,PSO,60,-1.3315212726593018
90,DE,1,-1.2397575378417969
90,DE,2,-1.27328622341156
90,DE,3,-1.2951254844665527
90,DE,4,-1.2951254844665527
90,DE,5,-1.2951254844665527
90,DE,6,-1.2951254844665527
90,DE,7,-1.302390217781067
90,DE,8,-1.3077998161315918
90,DE,9,-1.3077998161315918
90,DE,10,-1.3171403408050537
90,DE,11,-1.3171403408050537
90,DE,12,-1.3176066875457764
90,DE,13,-1.319783091545105
90,DE,14,-1.319783091545105
90,DE,15,-1.3218549489974976
90,DE,16,-1.3218549489974976
90,DE,17,-1.323309302330017
90,DE,18,-1.3262275457382202
90,DE,19,-1.3262275457382202
90,DE,20,-1.3267122507095337
90,DE,21,-1.3267122507095337
90,DE,22,-1.32691490650177
90,DE,23,-1.3271269798278809
90,DE,24,-1.3276482820510864
90,DE,25,-1.328446626663208
90,DE,26,-1.3290413618087769
90,DE,27,-1.3290413618087769
90,DE,28,-1.3291072845458984
90,DE,29,-1.3294800519943237
90,DE,30,-1.329625129699707
90,DE,31,-1.329625129699707
90,DE,32,-1.330184817314148
90,DE,33,-1.330184817314148
90,DE,34,-1.330184817314148
90,DE,35,-1.330184817314148
90,DE,36,-1.330184817314148
90,DE,37,-1.3302892446517944
90,DE,38,-1.3302892446517944
90,DE,39,-1.3302892446517944
90,DE,40,-1.3303847312927246
90,DE,41,-1.330554723739624
90,DE,42,-1.3306411504745483
90,DE,43,-1.3311930894851685
90,DE,44,-1.3311930894851685
90,DE,45,-1.3311930894851685
90,DE,46,-1.3311930894851685
90,DE,47,-1.3311930894851685
90,DE,48,-1.331483244895935
90,DE,49,-1.331483244895935
90,DE,50,-1.331483244895935
90,DE,51,-1.331513524055481
90,DE,52,-1.331513524055481
90,DE,53,-1.3315550088882446
90,DE,54,-1.3315550088882446
90,DE,55,-1.3315550088882446
90,DE,56,-1.3316073417663574
90,DE,57,-1.3316465616226196
90,DE,58,-1.331727385520935
90,DE,59,-1.331743597984314
90,DE,60,-1.3317536115646362
90,PSO+LBFGS,1,-1.2760604619979858
90,PSO+LBFGS,2,-1.3135082721710205
90,PSO+LBFGS,3,-1.3275655508041382
90,PSO+LBFGS,4,-1.3318495750427246
90,PSO+LBFGS,5,-1.3318495750427246
90,PSO+LBFGS,6,-1.3318495750427246
90,PSO+LBFGS,7,-1.3318498134613037
90,PSO+LBFGS,8,-1.3318498134613037
90,PSO+LBFGS,9,-1.3318498134613037
90,PSO+LBFGS,10,-1.3318498134613037
90,PSO+LBFGS,11,-1.3318498134613037
90,PSO+LBFGS,12,-1.3318498134613037
90,PSO+LBFGS,13,-1.3318498134613037
90,PSO+LBFGS,14,-1.3318498134613037
90,PSO+LBFGS,15,-1.3318498134613037
90,PSO+LBFGS,16,-1.3318498134613037
90,PSO+LBFGS,17,-1.3318498134613037
90,PSO+LBFGS,18,-1.3318498134613037
90,PSO+LBFGS,19,-1.3318498134613037
90,PSO+LBFGS,20,-1.3318498134613037
90,PSO+LBFGS,21,-1.3318498134613037
90,PSO+LBFGS,22,-1.3318498134613037
90,PSO+LBFGS,23,-1.3318498134613037
90,PSO+LBFGS,24,-1.3318498134613037
90,PSO+LBFGS,25,-1.3318498134613037
90,PSO+LBFGS,26,-1.3318498134613037
90,PSO+LBFGS,27,-1.3318498134613037
90,PSO+LBFGS,28,-1.3318498134613037
90,PSO+LBFGS,29,-1.3318498134613037
90,PSO+LBFGS,30,-1.3318498134613037
90,PSO+LBFGS,31,-1.3318498134613037
90,PSO+LBFGS,32,-1.3318498134613037
90,PSO+LBFGS,33,-1.3318498134613037
90,PSO+LBFGS,34,-1.3318498134613037
90,PSO+LBFGS,35,-1.3318498134613037
90,PSO+LBFGS,36,-1.3318498134613037
90,PSO+LBFGS,37,-1.3318498134613037
90,PSO+LBFGS,38,-1.3318498134613037
90,PSO+LBFGS,39,-1.3318498134613037
90,PSO+LBFGS,40,-1.3318499326705933
90,PSO+LBFGS,41,-1.3318496942520142
90,PSO+LBFGS,42,-1.3318496942520142
90,PSO+LBFGS,43,-1.3318496942520142
90,PSO+LBFGS,44,-1.3318496942520142
90,PSO+LBFGS,45,-1.3318496942520142
90,PSO+LBFGS,46,-1.3318496942520142
90,PSO+LBFGS,47,-1.3318496942520142
90,PSO+LBFGS,48,-1.3318496942520142
90,PSO+LBFGS,49,-1.3318496942520142
90,PSO+LBFGS,50,-1.3318496942520142
90,PSO+LBFGS,51,-1.3318496942520142
90,PSO+LBFGS,52,-1.3318496942520142
90,PSO+LBFGS,53,-1.3318496942520142
90,PSO+LBFGS,54,-1.3318496942520142
90,PSO+LBFGS,55,-1.3318496942520142
90,PSO+LBFGS,56,-1.3318496942520142
90,PSO+LBFGS,57,-1.3318496942520142
90,PSO+LBFGS,58,-1.3318496942520142
90,PSO+LBFGS,59,-1.3318496942520142
90,PSO+LBFGS,60,-1.3318496942520142
91,Adam,1,0.5312572717666626
91,Adam,2,0.5152772665023804
91,Adam,3,0.49941202998161316
91,Adam,4,0.48368656635284424
91,Adam,5,0.4681365489959717
91,Adam,6,0.45278409123420715
91,Adam,7,0.43767020106315613
91,Adam,8,0.4228060245513916
91,Adam,9,0.4082333445549011
91,Adam,10,0.39397159218788147
91,Adam,11,0.38003745675086975
91,Adam,12,0.3664562702178955
91,Adam,13,0.35324448347091675
91,Adam,14,0.34041643142700195
91,Adam,15,0.32799211144447327
91,Adam,16,0.31597357988357544
91,Adam,17,0.30437541007995605
91,Adam,18,0.29319289326667786
91,Adam,19,0.282442182302475
91,Adam,20,0.2721167802810669
91,Adam,21,0.26221346855163574
91,Adam,22,0.2527347207069397
91,Adam,23,0.24366670846939087
91,Adam,24,0.23500877618789673
91,Adam,25,0.2267492413520813
91,Adam,26,0.21887899935245514
91,Adam,27,0.21138979494571686
91,Adam,28,0.20425808429718018
91,Adam,29,0.19749094545841217
91,Adam,30,0.19105713069438934
91,Adam,31,0.18495459854602814
91,Adam,32,0.1791616976261139
91,Adam,33,0.17367170751094818
91,Adam,34,0.16846422851085663
91,Adam,35,0.16353005170822144
91,Adam,36,0.1588558554649353
91,Adam,37,0.15442194044589996
91,Adam,38,0.150224506855011
91,Adam,39,0.14624963700771332
91,Adam,40,0.14248162508010864
91,Adam,41,0.13890741765499115
91,Adam,42,0.13552027940750122
91,Adam,43,0.13231323659420013
91,Adam,44,0.12926746904850006
91,Adam,45,0.12637726962566376
91,Adam,46,0.12363509088754654
91,Adam,47,0.12103046476840973
91,Adam,48,0.11856094747781754
91,Adam,49,0.11620670557022095
91,Adam,50,0.11397188156843185
91,Adam,51,0.1118403822183609
91,Adam,52,0.10981618613004684
91,Adam,53,0.1078912541270256
91,Adam,54,0.10605060309171677
91,Adam,55,0.10429774224758148
91,Adam,56,0.10262463986873627
91,Adam,57,0.10102610290050507
91,Adam,58,0.09950246661901474
91,Adam,59,0.09804075211286545
91,Adam,60,0.09664765000343323
91,LBFGS,1,0.35877525806427
91,LBFGS,2,0.11484896391630173
91,LBFGS,3,0.0887238085269928
91,LBFGS,4,0.06216522306203842
91,LBFGS,5,0.05320773273706436
91,LBFGS,6,0.048057302832603455
91,LBFGS,7,0.045345813035964966
91,LBFGS,8,0.043842971324920654
91,LBFGS,9,0.04301413893699646
91,LBFGS,10,0.042553264647722244
91,LBFGS,11,0.04229725897312164
91,LBFGS,12,0.042157817631959915
91,LBFGS,13,0.04207800328731537
91,LBFGS,14,0.04203440248966217
91,LBFGS,15,0.042011260986328125
91,LBFGS,16,0.042000263929367065
91,LBFGS,17,0.0419902428984642
91,LBFGS,18,0.04198610037565231
91,LBFGS,19,0.04198439046740532
91,LBFGS,20,0.041983701288700104
91,LBFGS,21,0.04198342561721802
91,LBFGS,22,0.04198342561721802
91,LBFGS,23,0.04198339581489563
91,LBFGS,24,0.04198339581489563
91,LBFGS,25,0.04198339581489563
91,LBFGS,26,0.04198339581489563
91,LBFGS,27,0.04198339581489563
91,LBFGS,28,0.04198339581489563
91,LBFGS,29,0.04198339581489563
91,LBFGS,30,0.04198339581489563
91,LBFGS,31,0.04198339581489563
91,LBFGS,32,0.04198339581489563
91,LBFGS,33,0.04198339581489563
91,LBFGS,34,0.04198339581489563
91,LBFGS,35,0.04198339581489563
91,LBFGS,36,0.04198339581489563
91,LBFGS,37,0.04198339581489563
91,LBFGS,38,0.04198339581489563
91,LBFGS,39,0.04198339581489563
91,LBFGS,40,0.04198339581489563
91,LBFGS,41,0.04198339581489563
91,LBFGS,42,0.04198339581489563
91,LBFGS,43,0.04198339581489563
91,LBFGS,44,0.04198339581489563
91,LBFGS,45,0.04198339581489563
91,LBFGS,46,0.04198339581489563
91,LBFGS,47,0.04198339581489563
91,LBFGS,48,0.04198339581489563
91,LBFGS,49,0.04198339581489563
91,LBFGS,50,0.04198339581489563
91,LBFGS,51,0.04198339581489563
91,LBFGS,52,0.04198339581489563
91,LBFGS,53,0.04198339581489563
91,LBFGS,54,0.04198339581489563
91,LBFGS,55,0.04198339581489563
91,LBFGS,56,0.04198339581489563
91,LBFGS,57,0.04198339581489563
91,LBFGS,58,0.04198339581489563
91,LBFGS,59,0.04198339581489563
91,LBFGS,60,0.04198339581489563
91,PSO,1,0.22198785841464996
91,PSO,2,0.06811989098787308
91,PSO,3,0.04361944645643234
91,PSO,4,0.04198363423347473
91,PSO,5,0.04198363423347473
91,PSO,6,0.04198363423347473
91,PSO,7,0.04198363423347473
91,PSO,8,0.04198363423347473
91,PSO,9,0.04198363423347473
91,PSO,10,0.04198363423347473
91,PSO,11,0.04198363423347473
91,PSO,12,0.04198363423347473
91,PSO,13,0.04198363423347473
91,PSO,14,0.04198363423347473
91,PSO,15,0.04198363423347473
91,PSO,16,0.04198363423347473
91,PSO,17,0.04198363423347473
91,PSO,18,0.04198363423347473
91,PSO,19,0.04198363423347473
91,PSO,20,0.04198363423347473
91,PSO,21,0.04198363423347473
91,PSO,22,0.04198363423347473
91,PSO,23,0.04198363423347473
91,PSO,24,0.04198363423347473
91,PSO,25,0.04198363423347473
91,PSO,26,0.04198363423347473
91,PSO,27,0.04198363423347473
91,PSO,28,0.04198363423347473
91,PSO,29,0.04198363423347473
91,PSO,30,0.04198363423347473
91,PSO,31,0.04198363423347473
91,PSO,32,0.04198363423347473
91,PSO,33,0.04198363423347473
91,PSO,34,0.04198363423347473
91,PSO,35,0.04198363423347473
91,PSO,36,0.04198363423347473
91,PSO,37,0.04198363423347473
91,PSO,38,0.04198363423347473
91,PSO,39,0.04198363423347473
91,PSO,40,0.04198363423347473
91,PSO,41,0.04198363423347473
91,PSO,42,0.04198363423347473
91,PSO,43,0.04198363423347473
91,PSO,44,0.04198363423347473
91,PSO,45,0.04198363423347473
91,PSO,46,0.04198363423347473
91,PSO,47,0.04198363423347473
91,PSO,48,0.04198363423347473
91,PSO,49,0.04198363423347473
91,PSO,50,0.04198363423347473
91,PSO,51,0.04198363423347473
91,PSO,52,0.04198363423347473
91,PSO,53,0.04198363423347473
91,PSO,54,0.04198363423347473
91,PSO,55,0.04198363423347473
91,PSO,56,0.04198363423347473
91,PSO,57,0.04198363423347473
91,PSO,58,0.04198363423347473
91,PSO,59,0.04198363423347473
91,PSO,60,0.04198363423347473
91,DE,1,0.2356456220149994
91,DE,2,0.18549364805221558
91,DE,3,0.1574590653181076
91,DE,4,0.1075485423207283
91,DE,5,0.1075485423207283
91,DE,6,0.1075485423207283
91,DE,7,0.1075485423207283
91,DE,8,0.10464373230934143
91,DE,9,0.10420725494623184
91,DE,10,0.10420725494623184
91,DE,11,0.07958365231752396
91,DE,12,0.07182712107896805
91,DE,13,0.07182712107896805
91,DE,14,0.07182712107896805
91,DE,15,0.06573455035686493
91,DE,16,0.0640111193060875
91,DE,17,0.05790196359157562
91,DE,18,0.05778167024254799
91,DE,19,0.05778167024254799
91,DE,20,0.05778167024254799
91,DE,21,0.05778167024254799
91,DE,22,0.053645119071006775
91,DE,23,0.053645119071006775
91,DE,24,0.05326114222407341
91,DE,25,0.05326114222407341
91,DE,26,0.04831283912062645
91,DE,27,0.04831283912062645
91,DE,28,0.0476190485060215
91,DE,29,0.046585358679294586
91,DE,30,0.046585358679294586
91,DE,31,0.046516530215740204
91,DE,32,0.045463964343070984
91,DE,33,0.045463964343070984
91,DE,34,0.04488396644592285
91,DE,35,0.04488396644592285
91,DE,36,0.0440882183611393
91,DE,37,0.0440882183611393
91,DE,38,0.0440882183611393
91,DE,39,0.0440882183611393
91,DE,40,0.0440882183611393
91,DE,41,0.0440882183611393
91,DE,42,0.043969910591840744
91,DE,43,0.04387050122022629
91,DE,44,0.043181560933589935
91,DE,45,0.043181560933589935
91,DE,46,0.043181560933589935
91,DE,47,0.043181560933589935
91,DE,48,0.043181560933589935
91,DE,49,0.042928338050842285
91,DE,50,0.042928338050842285
91,DE,51,0.042928338050842285
91,DE,52,0.042928338050842285
91,DE,53,0.042928338050842285
91,DE,54,0.042928338050842285
91,DE,55,0.042928338050842285
91,DE,56,0.04283960908651352
91,DE,57,0.04283960908651352
91,DE,58,0.042700592428445816
91,DE,59,0.042545489966869354
91,DE,60,0.042545489966869354
91,PSO+LBFGS,1,0.1207713857293129
91,PSO+LBFGS,2,0.07114576548337936
91,PSO+LBFGS,3,0.04751161113381386
91,PSO+LBFGS,4,0.04198363423347473
91,PSO+LBFGS,5,0.04198363423347473
91,PSO+LBFGS,6,0.04198363423347473
91,PSO+LBFGS,7,0.04198363423347473
91,PSO+LBFGS,8,0.04198363423347473
91,PSO+LBFGS,9,0.04198363423347473
91,PSO+LBFGS,10,0.04198363423347473
91,PSO+LBFGS,11,0.04198363423347473
91,PSO+LBFGS,12,0.04198363423347473
91,PSO+LBFGS,13,0.04198363423347473
91,PSO+LBFGS,14,0.04198363423347473
91,PSO+LBFGS,15,0.04198363423347473
91,PSO+LBFGS,16,0.04198363423347473
91,PSO+LBFGS,17,0.04198363423347473
91,PSO+LBFGS,18,0.04198363423347473
91,PSO+LBFGS,19,0.04198363423347473
91,PSO+LBFGS,20,0.04198363423347473
91,PSO+LBFGS,21,0.04198363423347473
91,PSO+LBFGS,22,0.04198363423347473
91,PSO+LBFGS,23,0.04198363423347473
91,PSO+LBFGS,24,0.04198363423347473
91,PSO+LBFGS,25,0.04198363423347473
91,PSO+LBFGS,26,0.04198363423347473
91,PSO+LBFGS,27,0.04198363423347473
91,PSO+LBFGS,28,0.04198363423347473
91,PSO+LBFGS,29,0.04198363423347473
91,PSO+LBFGS,30,0.04198363423347473
91,PSO+LBFGS,31,0.04198363423347473
91,PSO+LBFGS,32,0.04198363423347473
91,PSO+LBFGS,33,0.04198363423347473
91,PSO+LBFGS,34,0.04198363423347473
91,PSO+LBFGS,35,0.04198363423347473
91,PSO+LBFGS,36,0.04198363423347473
91,PSO+LBFGS,37,0.04198363423347473
91,PSO+LBFGS,38,0.04198363423347473
91,PSO+LBFGS,39,0.04198363423347473
91,PSO+LBFGS,40,0.04198363423347473
91,PSO+LBFGS,41,0.04198339581489563
91,PSO+LBFGS,42,0.04198339581489563
91,PSO+LBFGS,43,0.04198339581489563
91,PSO+LBFGS,44,0.04198339581489563
91,PSO+LBFGS,45,0.04198339581489563
91,PSO+LBFGS,46,0.04198339581489563
91,PSO+LBFGS,47,0.04198339581489563
91,PSO+LBFGS,48,0.04198339581489563
91,PSO+LBFGS,49,0.04198339581489563
91,PSO+LBFGS,50,0.04198339581489563
91,PSO+LBFGS,51,0.04198339581489563
91,PSO+LBFGS,52,0.04198339581489563
91,PSO+LBFGS,53,0.04198339581489563
91,PSO+LBFGS,54,0.04198339581489563
91,PSO+LBFGS,55,0.04198339581489563
91,PSO+LBFGS,56,0.04198339581489563
91,PSO+LBFGS,57,0.04198339581489563
91,PSO+LBFGS,58,0.04198339581489563
91,PSO+LBFGS,59,0.04198339581489563
91,PSO+LBFGS,60,0.04198339581489563
92,Adam,1,-1.0769902467727661
92,Adam,2,-1.0833849906921387
92,Adam,3,-1.089678406715393
92,Adam,4,-1.0958631038665771
92,Adam,5,-1.101924180984497
92,Adam,6,-1.107855200767517
92,Adam,7,-1.1136411428451538
92,Adam,8,-1.1192773580551147
92,Adam,9,-1.1247528791427612
92,Adam,10,-1.1300628185272217
92,Adam,11,-1.1352026462554932
92,Adam,12,-1.1401646137237549
92,Adam,13,-1.1449469327926636
92,Adam,14,-1.1495479345321655
92,Adam,15,-1.1539679765701294
92,Adam,16,-1.1582072973251343
92,Adam,17,-1.1622633934020996
92,Adam,18,-1.1661410331726074
92,Adam,19,-1.1698447465896606
92,Adam,20,-1.1733732223510742
92,Adam,21,-1.1767348051071167
92,Adam,22,-1.1799311637878418
92,Adam,23,-1.1829699277877808
92,Adam,24,-1.1858566999435425
92,Adam,25,-1.1885920763015747
92,Adam,26,-1.1911894083023071
92,Adam,27,-1.1936482191085815
92,Adam,28,-1.1959788799285889
92,Adam,29,-1.1981841325759888
92,Adam,30,-1.2002716064453125
92,Adam,31,-1.2022466659545898
92,Adam,32,-1.2041155099868774
92,Adam,33,-1.2058846950531006
92,Adam,34,-1.2075581550598145
92,Adam,35,-1.2091410160064697
92,Adam,36,-1.2106375694274902
92,Adam,37,-1.2120563983917236
92,Adam,38,-1.2133984565734863
92,Adam,39,-1.2146714925765991
92,Adam,40,-1.2158735990524292
92,Adam,41,-1.217016577720642
92,Adam,42,-1.2180986404418945
92,Adam,43,-1.2191252708435059
92,Adam,44,-1.2201006412506104
92,Adam,45,-1.2210251092910767
92,Adam,46,-1.2219040393829346
92,Adam,47,-1.222739577293396
92,Adam,48,-1.2235337495803833
92,Adam,49,-1.224290370941162
92,Adam,50,-1.2250115871429443
92,Adam,51,-1.225696086883545
92,Adam,52,-1.2263507843017578
92,Adam,53,-1.2269734144210815
92,Adam,54,-1.2275696992874146
92,Adam,55,-1.2281367778778076
92,Adam,56,-1.228681206703186
92,Adam,57,-1.2292011976242065
92,Adam,58,-1.229697346687317
92,Adam,59,-1.23017156124115
92,Adam,60,-1.2306278944015503
92,LBFGS,1,-1.1971405744552612
92,LBFGS,2,-1.227609634399414
92,LBFGS,3,-1.2374544143676758
92,LBFGS,4,-1.242811918258667
92,LBFGS,5,-1.2456259727478027
92,LBFGS,6,-1.2471795082092285
92,LBFGS,7,-1.2480311393737793
92,LBFGS,8,-1.2482728958129883
92,LBFGS,9,-1.2486869096755981
92,LBFGS,10,-1.248887062072754
92,LBFGS,11,-1.2489557266235352
92,LBFGS,12,-1.2490290403366089
92,LBFGS,13,-1.2490626573562622
92,LBFGS,14,-1.2490789890289307
92,LBFGS,15,-1.249090552330017
92,LBFGS,16,-1.2490957975387573
92,LBFGS,17,-1.2491002082824707
92,LBFGS,18,-1.249101996421814
92,LBFGS,19,-1.2491024732589722
92,LBFGS,20,-1.2491027116775513
92,LBFGS,21,-1.2491029500961304
92,LBFGS,22,-1.2491029500961304
92,LBFGS,23,-1.2491029500961304
92,LBFGS,24,-1.2491029500961304
92,LBFGS,25,-1.2491029500961304
92,LBFGS,26,-1.2491029500961304
92,LBFGS,27,-1.2491029500961304
92,LBFGS,28,-1.2491029500961304
92,LBFGS,29,-1.2491029500961304
92,LBFGS,30,-1.2491029500961304
92,LBFGS,31,-1.2491029500961304
92,LBFGS,32,-1.2491029500961304
92,LBFGS,33,-1.2491029500961304
92,LBFGS,34,-1.2491029500961304
92,LBFGS,35,-1.2491029500961304
92,LBFGS,36,-1.2491029500961304
92,LBFGS,37,-1.2491029500961304
92,LBFGS,38,-1.2491029500961304
92,LBFGS,39,-1.2491029500961304
92,LBFGS,40,-1.2491029500961304
92,LBFGS,41,-1.2491029500961304
92,LBFGS,42,-1.2491029500961304
92,LBFGS,43,-1.2491029500961304
92,LBFGS,44,-1.2491029500961304
92,LBFGS,45,-1.2491029500961304
92,LBFGS,46,-1.2491029500961304
92,LBFGS,47,-1.2491029500961304
92,LBFGS,48,-1.2491029500961304
92,LBFGS,49,-1.2491029500961304
92,LBFGS,50,-1.2491029500961304
92,LBFGS,51,-1.2491029500961304
92,LBFGS,52,-1.2491029500961304
92,LBFGS,53,-1.2491029500961304
92,LBFGS,54,-1.2491029500961304
92,LBFGS,55,-1.2491029500961304
92,LBFGS,56,-1.2491029500961304
92,LBFGS,57,-1.2491029500961304
92,LBFGS,58,-1.2491029500961304
92,LBFGS,59,-1.2491029500961304
92,LBFGS,60,-1.2491029500961304
92,PSO,1,-1.1796969175338745
92,PSO,2,-1.2329237461090088
92,PSO,3,-1.2461498975753784
92,PSO,4,-1.249094843864441
92,PSO,5,-1.2491025924682617
92,PSO,6,-1.2491028308868408
92,PSO,7,-1.2491028308868408
92,PSO,8,-1.2491028308868408
92,PSO,9,-1.2491028308868408
92,PSO,10,-1.2491028308868408
92,PSO,11,-1.2491028308868408
92,PSO,12,-1.2491028308868408
92,PSO,13,-1.2491029500961304
92,PSO,14,-1.24910306930542
92,PSO,15,-1.24910306930542
92,PSO,16,-1.24910306930542
92,PSO,17,-1.24910306930542
92,PSO,18,-1.24910306930542
92,PSO,19,-1.24910306930542
92,PSO,20,-1.24910306930542
92,PSO,21,-1.24910306930542
92,PSO,22,-1.24910306930542
92,PSO,23,-1.24910306930542
92,PSO,24,-1.24910306930542
92,PSO,25,-1.24910306930542
92,PSO,26,-1.24910306930542
92,PSO,27,-1.24910306930542
92,PSO,28,-1.24910306930542
92,PSO,29,-1.24910306930542
92,PSO,30,-1.24910306930542
92,PSO,31,-1.24910306930542
92,PSO,32,-1.24910306930542
92,PSO,33,-1.24910306930542
92,PSO,34,-1.24910306930542
92,PSO,35,-1.24910306930542
92,PSO,36,-1.24910306930542
92,PSO,37,-1.24910306930542
92,PSO,38,-1.24910306930542
92,PSO,39,-1.24910306930542
92,PSO,40,-1.24910306930542
92,PSO,41,-1.24910306930542
92,PSO,42,-1.24910306930542
92,PSO,43,-1.24910306930542
92,PSO,44,-1.2491031885147095
92,PSO,45,-1.2491031885147095
92,PSO,46,-1.2491031885147095
92,PSO,47,-1.2491031885147095
92,PSO,48,-1.2491031885147095
92,PSO,49,-1.2491031885147095
92,PSO,50,-1.2491031885147095
92,PSO,51,-1.2491031885147095
92,PSO,52,-1.2491031885147095
92,PSO,53,-1.2491031885147095
92,PSO,54,-1.2491031885147095
92,PSO,55,-1.2491031885147095
92,PSO,56,-1.2491031885147095
92,PSO,57,-1.2491031885147095
92,PSO,58,-1.2491031885147095
92,PSO,59,-1.2491031885147095
92,PSO,60,-1.2491031885147095
92,DE,1,-1.1874446868896484
92,DE,2,-1.1953738927841187
92,DE,3,-1.2079765796661377
92,DE,4,-1.2276396751403809
92,DE,5,-1.2277741432189941
92,DE,6,-1.2326139211654663
92,DE,7,-1.2364879846572876
92,DE,8,-1.237201452255249
92,DE,9,-1.237201452255249
92,DE,10,-1.237201452255249
92,DE,11,-1.242691993713379
92,DE,12,-1.242691993713379
92,DE,13,-1.242691993713379
92,DE,14,-1.2432754039764404
92,DE,15,-1.2432754039764404
92,DE,16,-1.2432754039764404
92,DE,17,-1.2432754039764404
92,DE,18,-1.2446603775024414
92,DE,19,-1.2446603775024414
92,DE,20,-1.2449895143508911
92,DE,21,-1.2449895143508911
92,DE,22,-1.246182918548584
92,DE,23,-1.246182918548584
92,DE,24,-1.246182918548584
92,DE,25,-1.246429681777954
92,DE,26,-1.246429681777954
92,DE,27,-1.246429681777954
92,DE,28,-1.246429681777954
92,DE,29,-1.246750831604004
92,DE,30,-1.2474770545959473
92,DE,31,-1.2475076913833618
92,DE,32,-1.247609257698059
92,DE,33,-1.24772310256958
92,DE,34,-1.2479655742645264
92,DE,35,-1.248525857925415
92,DE,36,-1.248525857925415
92,DE,37,-1.248525857925415
92,DE,38,-1.248525857925415
92,DE,39,-1.248556137084961
92,DE,40,-1.2486318349838257
92,DE,41,-1.2486780881881714
92,DE,42,-1.2486780881881714
92,DE,43,-1.2486780881881714
92,DE,44,-1.2487483024597168
92,DE,45,-1.2488350868225098
92,DE,46,-1.2488768100738525
92,DE,47,-1.2488768100738525
92,DE,48,-1.2488768100738525
92,DE,49,-1.2488768100738525
92,DE,50,-1.2488768100738525
92,DE,51,-1.2488768100738525
92,DE,52,-1.2488850355148315
92,DE,53,-1.2489043474197388
92,DE,54,-1.2490134239196777
92,DE,55,-1.2490134239196777
92,DE,56,-1.2490134239196777
92,DE,57,-1.2490134239196777
92,DE,58,-1.2490134239196777
92,DE,59,-1.2490134239196777
92,DE,60,-1.2490134239196777
92,PSO+LBFGS,1,-1.1971979141235352
92,PSO+LBFGS,2,-1.2197221517562866
92,PSO+LBFGS,3,-1.2232717275619507
92,PSO+LBFGS,4,-1.228216290473938
92,PSO+LBFGS,5,-1.2387356758117676
92,PSO+LBFGS,6,-1.2465065717697144
92,PSO+LBFGS,7,-1.2465065717697144
92,PSO+LBFGS,8,-1.2465065717697144
92,PSO+LBFGS,9,-1.2465065717697144
92,PSO+LBFGS,10,-1.2465065717697144
92,PSO+LBFGS,11,-1.2465065717697144
92,PSO+LBFGS,12,-1.2465065717697144
92,PSO+LBFGS,13,-1.2465065717697144
92,PSO+LBFGS,14,-1.2465065717697144
92,PSO+LBFGS,15,-1.2465065717697144
92,PSO+LBFGS,16,-1.2465065717697144
92,PSO+LBFGS,17,-1.2465065717697144
92,PSO+LBFGS,18,-1.2465065717697144
92,PSO+LBFGS,19,-1.2465065717697144
92,PSO+LBFGS,20,-1.2465065717697144
92,PSO+LBFGS,21,-1.2465065717697144
92,PSO+LBFGS,22,-1.2465065717697144
92,PSO+LBFGS,23,-1.2465065717697144
92,PSO+LBFGS,24,-1.2465065717697144
92,PSO+LBFGS,25,-1.2465065717697144
92,PSO+LBFGS,26,-1.2465065717697144
92,PSO+LBFGS,27,-1.2465065717697144
92,PSO+LBFGS,28,-1.2465065717697144
92,PSO+LBFGS,29,-1.2465065717697144
92,PSO+LBFGS,30,-1.2465065717697144
92,PSO+LBFGS,31,-1.2465065717697144
92,PSO+LBFGS,32,-1.2465065717697144
92,PSO+LBFGS,33,-1.2465065717697144
92,PSO+LBFGS,34,-1.2465065717697144
92,PSO+LBFGS,35,-1.2465065717697144
92,PSO+LBFGS,36,-1.2465065717697144
92,PSO+LBFGS,37,-1.2465065717697144
92,PSO+LBFGS,38,-1.2465065717697144
92,PSO+LBFGS,39,-1.2465065717697144
92,PSO+LBFGS,40,-1.2465065717697144
92,PSO+LBFGS,41,-1.2465064525604248
92,PSO+LBFGS,42,-1.2465064525604248
92,PSO+LBFGS,43,-1.2465064525604248
92,PSO+LBFGS,44,-1.2465064525604248
92,PSO+LBFGS,45,-1.2465064525604248
92,PSO+LBFGS,46,-1.2465064525604248
92,PSO+LBFGS,47,-1.2465064525604248
92,PSO+LBFGS,48,-1.2465064525604248
92,PSO+LBFGS,49,-1.2465064525604248
92,PSO+LBFGS,50,-1.2465064525604248
92,PSO+LBFGS,51,-1.2465064525604248
92,PSO+LBFGS,52,-1.2465064525604248
92,PSO+LBFGS,53,-1.2465064525604248
92,PSO+LBFGS,54,-1.2465064525604248
92,PSO+LBFGS,55,-1.2465064525604248
92,PSO+LBFGS,56,-1.2465064525604248
92,PSO+LBFGS,57,-1.2465064525604248
92,PSO+LBFGS,58,-1.2465064525604248
92,PSO+LBFGS,59,-1.2465064525604248
92,PSO+LBFGS,60,-1.2465064525604248
93,Adam,1,-0.6250659823417664
93,Adam,2,-0.6314865350723267
93,Adam,3,-0.6378007531166077
93,Adam,4,-0.6439995765686035
93,Adam,5,-0.6500705480575562
93,Adam,6,-0.6560047268867493
93,Adam,7,-0.6617960333824158
93,Adam,8,-0.6674355864524841
93,Adam,9,-0.6729174256324768
93,Adam,10,-0.6782380938529968
93,Adam,11,-0.6833892464637756
93,Adam,12,-0.6883695721626282
93,Adam,13,-0.693172812461853
93,Adam,14,-0.6977981328964233
93,Adam,15,-0.7022426128387451
93,Adam,16,-0.7065087556838989
93,Adam,17,-0.7105917930603027
93,Adam,18,-0.7144957780838013
93,Adam,19,-0.7182246446609497
93,Adam,20,-0.7217770218849182
93,Adam,21,-0.7251620292663574
93,Adam,22,-0.728379487991333
93,Adam,23,-0.7314394116401672
93,Adam,24,-0.7343428730964661
93,Adam,25,-0.737099826335907
93,Adam,26,-0.7397124171257019
93,Adam,27,-0.7421874403953552
93,Adam,28,-0.7445311546325684
93,Adam,29,-0.7467498183250427
93,Adam,30,-0.7488490343093872
93,Adam,31,-0.7508337497711182
93,Adam,32,-0.7527095675468445
93,Adam,33,-0.7544826865196228
93,Adam,34,-0.7561591863632202
93,Adam,35,-0.7577457427978516
93,Adam,36,-0.7592433094978333
93,Adam,37,-0.7606610059738159
93,Adam,38,-0.762002170085907
93,Adam,39,-0.7632688879966736
93,Adam,40,-0.764471173286438
93,Adam,41,-0.7656064033508301
93,Adam,42,-0.7666833400726318
93,Adam,43,-0.7677017450332642
93,Adam,44,-0.768669068813324
93,Adam,45,-0.7695866227149963
93,Adam,46,-0.7704562544822693
93,Adam,47,-0.7712817788124084
93,Adam,48,-0.7720641493797302
93,Adam,49,-0.7728105783462524
93,Adam,50,-0.7735202312469482
93,Adam,51,-0.7741960287094116
93,Adam,52,-0.7748379707336426
93,Adam,53,-0.775449812412262
93,Adam,54,-0.7760344743728638
93,Adam,55,-0.7765926122665405
93,Adam,56,-0.7771229147911072
93,Adam,57,-0.7776333689689636
93,Adam,58,-0.7781192660331726
93,Adam,59,-0.7785840630531311
93,Adam,60,-0.7790281176567078
93,LBFGS,1,-0.7445340156555176
93,LBFGS,2,-0.7735365033149719
93,LBFGS,3,-0.7837730646133423
93,LBFGS,4,-0.7903585433959961
93,LBFGS,5,-0.7934859991073608
93,LBFGS,6,-0.7952051758766174
93,LBFGS,7,-0.796151876449585
93,LBFGS,8,-0.7964887022972107
93,LBFGS,9,-0.796952486038208
93,LBFGS,10,-0.797119677066803
93,LBFGS,11,-0.7972131967544556
93,LBFGS,12,-0.7972704768180847
93,LBFGS,13,-0.7973026037216187
93,LBFGS,14,-0.7973213195800781
93,LBFGS,15,-0.7973302006721497
93,LBFGS,16,-0.7973359227180481
93,LBFGS,17,-0.797340452671051
93,LBFGS,18,-0.7973413467407227
93,LBFGS,19,-0.7973424792289734
93,LBFGS,20,-0.7973427772521973
93,LBFGS,21,-0.7973428964614868
93,LBFGS,22,-0.7973428964614868
93,LBFGS,23,-0.7973428964614868
93,LBFGS,24,-0.7973429560661316
93,LBFGS,25,-0.7973429560661316
93,LBFGS,26,-0.7973429560661316
93,LBFGS,27,-0.7973429560661316
93,LBFGS,28,-0.7973429560661316
93,LBFGS,29,-0.7973429560661316
93,LBFGS,30,-0.7973429560661316
93,LBFGS,31,-0.7973429560661316
93,LBFGS,32,-0.7973429560661316
93,LBFGS,33,-0.7973429560661316
93,LBFGS,34,-0.7973429560661316
93,LBFGS,35,-0.7973429560661316
93,LBFGS,36,-0.7973429560661316
93,LBFGS,37,-0.7973429560661316
93,LBFGS,38,-0.7973429560661316
93,LBFGS,39,-0.7973429560661316
93,LBFGS,40,-0.7973429560661316
93,LBFGS,41,-0.7973429560661316
93,LBFGS,42,-0.7973429560661316
93,LBFGS,43,-0.7973429560661316
93,LBFGS,44,-0.7973429560661316
93,LBFGS,45,-0.7973429560661316
93,LBFGS,46,-0.7973429560661316
93,LBFGS,47,-0.7973429560661316
93,LBFGS,48,-0.7973429560661316
93,LBFGS,49,-0.7973429560661316
93,LBFGS,50,-0.7973429560661316
93,LBFGS,51,-0.7973429560661316
93,LBFGS,52,-0.7973429560661316
93,LBFGS,53,-0.7973429560661316
93,LBFGS,54,-0.7973429560661316
93,LBFGS,55,-0.7973429560661316
93,LBFGS,56,-0.7973429560661316
93,LBFGS,57,-0.7973429560661316
93,LBFGS,58,-0.7973429560661316
93,LBFGS,59,-0.7973429560661316
93,LBFGS,60,-0.7973429560661316
93,PSO,1,-0.741025447845459
93,PSO,2,-0.7838315963745117
93,PSO,3,-0.7857521176338196
93,PSO,4,-0.7871501445770264
93,PSO,5,-0.7901979088783264
93,PSO,6,-0.7934444546699524
93,PSO,7,-0.7963880300521851
93,PSO,8,-0.797340452671051
93,PSO,9,-0.7973418235778809
93,PSO,10,-0.797342836856842
93,PSO,11,-0.797342836856842
93,PSO,12,-0.797342836856842
93,PSO,13,-0.797342836856842
93,PSO,14,-0.797342836856842
93,PSO,15,-0.7973428964614868
93,PSO,16,-0.7973428964614868
93,PSO,17,-0.7973430156707764
93,PSO,18,-0.7973430156707764
93,PSO,19,-0.7973430156707764
93,PSO,20,-0.7973430156707764
93,PSO,21,-0.7973430156707764
93,PSO,22,-0.7973430156707764
93,PSO,23,-0.7973430156707764
93,PSO,24,-0.7973430156707764
93,PSO,25,-0.7973430752754211
93,PSO,26,-0.7973430752754211
93,PSO,27,-0.7973430752754211
93,PSO,28,-0.7973430752754211
93,PSO,29,-0.7973430752754211
93,PSO,30,-0.7973430752754211
93,PSO,31,-0.7973430752754211
93,PSO,32,-0.7973430752754211
93,PSO,33,-0.7973430752754211
93,PSO,34,-0.7973430752754211
93,PSO,35,-0.7973430752754211
93,PSO,36,-0.7973430752754211
93,PSO,37,-0.7973430752754211
93,PSO,38,-0.7973431348800659
93,PSO,39,-0.7973431348800659
93,PSO,40,-0.7973431348800659
93,PSO,41,-0.7973431348800659
93,PSO,42,-0.7973431348800659
93,PSO,43,-0.7973431348800659
93,PSO,44,-0.7973431348800659
93,PSO,45,-0.7973431348800659
93,PSO,46,-0.7973431348800659
93,PSO,47,-0.7973431348800659
93,PSO,48,-0.7973431348800659
93,PSO,49,-0.7973431348800659
93,PSO,50,-0.7973431348800659
93,PSO,51,-0.7973431348800659
93,PSO,52,-0.7973431348800659
93,PSO,53,-0.7973431348800659
93,PSO,54,-0.7973431348800659
93,PSO,55,-0.7973431348800659
93,PSO,56,-0.7973431348800659
93,PSO,57,-0.7973431348800659
93,PSO,58,-0.7973431348800659
93,PSO,59,-0.7973431348800659
93,PSO,60,-0.7973431348800659
93,DE,1,-0.7516430020332336
93,DE,2,-0.7787076234817505
93,DE,3,-0.7787076234817505
93,DE,4,-0.7787076234817505
93,DE,5,-0.7787076234817505
93,DE,6,-0.7787076234817505
93,DE,7,-0.7870620489120483
93,DE,8,-0.7870620489120483
93,DE,9,-0.7870620489120483
93,DE,10,-0.7870620489120483
93,DE,11,-0.7870620489120483
93,DE,12,-0.7881039977073669
93,DE,13,-0.7885061502456665
93,DE,14,-0.789872944355011
93,DE,15,-0.7917952537536621
93,DE,16,-0.7917952537536621
93,DE,17,-0.7917952537536621
93,DE,18,-0.7917952537536621
93,DE,19,-0.792984127998352
93,DE,20,-0.7930835485458374
93,DE,21,-0.7930835485458374
93,DE,22,-0.7939878106117249
93,DE,23,-0.7939878106117249
93,DE,24,-0.7948247790336609
93,DE,25,-0.7948247790336609
93,DE,26,-0.7948247790336609
93,DE,27,-0.795168936252594
93,DE,28,-0.795168936252594
93,DE,29,-0.7957921624183655
93,DE,30,-0.7957921624183655
93,DE,31,-0.7957921624183655
93,DE,32,-0.7960677742958069
93,DE,33,-0.7960677742958069
93,DE,34,-0.7964363098144531
93,DE,35,-0.7964363098144531
93,DE,36,-0.7964363098144531
93,DE,37,-0.7964363098144531
93,DE,38,-0.7964363098144531
93,DE,39,-0.7964363098144531
93,DE,40,-0.7970716953277588
93,DE,41,-0.7971071004867554
93,DE,42,-0.7971071004867554
93,DE,43,-0.7971071004867554
93,DE,44,-0.7971071004867554
93,DE,45,-0.7971071004867554
93,DE,46,-0.7971071004867554
93,DE,47,-0.7971071004867554
93,DE,48,-0.7971071004867554
93,DE,49,-0.7971071004867554
93,DE,50,-0.7971243858337402
93,DE,51,-0.7971243858337402
93,DE,52,-0.7971243858337402
93,DE,53,-0.7971243858337402
93,DE,54,-0.797127902507782
93,DE,55,-0.7971892356872559
93,DE,56,-0.7971892356872559
93,DE,57,-0.7971892356872559
93,DE,58,-0.7971892356872559
93,DE,59,-0.7972042560577393
93,DE,60,-0.7972139120101929
93,PSO+LBFGS,1,-0.765491247177124
93,PSO+LBFGS,2,-0.7914056181907654
93,PSO+LBFGS,3,-0.793730616569519
93,PSO+LBFGS,4,-0.7957184314727783
93,PSO+LBFGS,5,-0.7973424792289734
93,PSO+LBFGS,6,-0.7973424792289734
93,PSO+LBFGS,7,-0.7973424792289734
93,PSO+LBFGS,8,-0.797342836856842
93,PSO+LBFGS,9,-0.797342836856842
93,PSO+LBFGS,10,-0.797342836856842
93,PSO+LBFGS,11,-0.7973430156707764
93,PSO+LBFGS,12,-0.7973430156707764
93,PSO+LBFGS,13,-0.7973430156707764
93,PSO+LBFGS,14,-0.7973430156707764
93,PSO+LBFGS,15,-0.7973430156707764
93,PSO+LBFGS,16,-0.7973430156707764
93,PSO+LBFGS,17,-0.7973430752754211
93,PSO+LBFGS,18,-0.7973430752754211
93,PSO+LBFGS,19,-0.7973430752754211
93,PSO+LBFGS,20,-0.7973430752754211
93,PSO+LBFGS,21,-0.7973430752754211
93,PSO+LBFGS,22,-0.7973430752754211
93,PSO+LBFGS,23,-0.7973431348800659
93,PSO+LBFGS,24,-0.7973431348800659
93,PSO+LBFGS,25,-0.7973431348800659
93,PSO+LBFGS,26,-0.7973431348800659
93,PSO+LBFGS,27,-0.7973431348800659
93,PSO+LBFGS,28,-0.7973431348800659
93,PSO+LBFGS,29,-0.7973431348800659
93,PSO+LBFGS,30,-0.7973431348800659
93,PSO+LBFGS,31,-0.7973431348800659
93,PSO+LBFGS,32,-0.7973431348800659
93,PSO+LBFGS,33,-0.7973431348800659
93,PSO+LBFGS,34,-0.7973431348800659
93,PSO+LBFGS,35,-0.7973431348800659
93,PSO+LBFGS,36,-0.7973431348800659
93,PSO+LBFGS,37,-0.7973431348800659
93,PSO+LBFGS,38,-0.7973431348800659
93,PSO+LBFGS,39,-0.7973431348800659
93,PSO+LBFGS,40,-0.7973431348800659
93,PSO+LBFGS,41,-0.7973428964614868
93,PSO+LBFGS,42,-0.7973428964614868
93,PSO+LBFGS,43,-0.7973428964614868
93,PSO+LBFGS,44,-0.7973428964614868
93,PSO+LBFGS,45,-0.7973428964614868
93,PSO+LBFGS,46,-0.7973428964614868
93,PSO+LBFGS,47,-0.7973428964614868
93,PSO+LBFGS,48,-0.7973428964614868
93,PSO+LBFGS,49,-0.7973428964614868
93,PSO+LBFGS,50,-0.7973428964614868
93,PSO+LBFGS,51,-0.7973428964614868
93,PSO+LBFGS,52,-0.7973428964614868
93,PSO+LBFGS,53,-0.7973428964614868
93,PSO+LBFGS,54,-0.7973428964614868
93,PSO+LBFGS,55,-0.7973428964614868
93,PSO+LBFGS,56,-0.7973428964614868
93,PSO+LBFGS,57,-0.7973428964614868
93,PSO+LBFGS,58,-0.7973428964614868
93,PSO+LBFGS,59,-0.7973428964614868
93,PSO+LBFGS,60,-0.7973428964614868
94,Adam,1,-1.6519708633422852
94,Adam,2,-1.6587835550308228
94,Adam,3,-1.665493369102478
94,Adam,4,-1.6720925569534302
94,Adam,5,-1.6785662174224854
94,Adam,6,-1.684904932975769
94,Adam,7,-1.6910945177078247
94,Adam,8,-1.6971296072006226
94,Adam,9,-1.7029974460601807
94,Adam,10,-1.708694577217102
94,Adam,11,-1.7142106294631958
94,Adam,12,-1.7195427417755127
94,Adam,13,-1.7246850728988647
94,Adam,14,-1.7296380996704102
94,Adam,15,-1.7343976497650146
94,Adam,16,-1.738964319229126
94,Adam,17,-1.7433369159698486
94,Adam,18,-1.7475191354751587
94,Adam,19,-1.7515143156051636
94,Adam,20,-1.7553248405456543
94,Adam,21,-1.7589532136917114
94,Adam,22,-1.7624053955078125
94,Adam,23,-1.7656855583190918
94,Adam,24,-1.7688008546829224
94,Adam,25,-1.771755576133728
94,Adam,26,-1.7745577096939087
94,Adam,27,-1.777209758758545
94,Adam,28,-1.7797229290008545
94,Adam,29,-1.7820990085601807
94,Adam,30,-1.7843490839004517
94,Adam,31,-1.7864755392074585
94,Adam,32,-1.7884858846664429
94,Adam,33,-1.7903860807418823
94,Adam,34,-1.792182445526123
94,Adam,35,-1.7938801050186157
94,Adam,36,-1.795486569404602
94,Adam,37,-1.7970032691955566
94,Adam,38,-1.7984397411346436
94,Adam,39,-1.7997965812683105
94,Adam,40,-1.801080584526062
94,Adam,41,-1.802295207977295
94,Adam,42,-1.8034446239471436
94,Adam,43,-1.8045341968536377
94,Adam,44,-1.805569052696228
94,Adam,45,-1.8065454959869385
94,Adam,46,-1.8074761629104614
94,Adam,47,-1.8083573579788208
94,Adam,48,-1.809194564819336
94,Adam,49,-1.8099900484085083
94,Adam,50,-1.810744285583496
94,Adam,51,-1.811464786529541
94,Adam,52,-1.8121490478515625
94,Adam,53,-1.812803864479065
94,Adam,54,-1.813423752784729
94,Adam,55,-1.8140184879302979
94,Adam,56,-1.8145833015441895
94,Adam,57,-1.81512451171875
94,Adam,58,-1.81564199924469
94,Adam,59,-1.8161371946334839
94,Adam,60,-1.8166096210479736
94,LBFGS,1,-1.763236165046692
94,LBFGS,2,-1.8112001419067383
94,LBFGS,3,-1.8222156763076782
94,LBFGS,4,-1.8285863399505615
94,LBFGS,5,-1.831803798675537
94,LBFGS,6,-1.833573341369629
94,LBFGS,7,-1.8345385789871216
94,LBFGS,8,-1.835068702697754
94,LBFGS,9,-1.8353617191314697
94,LBFGS,10,-1.8355231285095215
94,LBFGS,11,-1.835611343383789
94,LBFGS,12,-1.8356602191925049
94,LBFGS,13,-1.835688591003418
94,LBFGS,14,-1.8357033729553223
94,LBFGS,15,-1.8357117176055908
94,LBFGS,16,-1.8357148170471191
94,LBFGS,17,-1.8357152938842773
94,LBFGS,18,-1.8357188701629639
94,LBFGS,19,-1.8357195854187012
94,LBFGS,20,-1.8357206583023071
94,LBFGS,21,-1.8357206583023071
94,LBFGS,22,-1.8357208967208862
94,LBFGS,23,-1.8357210159301758
94,LBFGS,24,-1.8357210159301758
94,LBFGS,25,-1.8357210159301758
94,LBFGS,26,-1.8357210159301758
94,LBFGS,27,-1.8357210159301758
94,LBFGS,28,-1.8357210159301758
94,LBFGS,29,-1.8357210159301758
94,LBFGS,30,-1.8357210159301758
94,LBFGS,31,-1.8357210159301758
94,LBFGS,32,-1.8357210159301758
94,LBFGS,33,-1.8357210159301758
94,LBFGS,34,-1.8357210159301758
94,LBFGS,35,-1.8357210159301758
94,LBFGS,36,-1.8357210159301758
94,LBFGS,37,-1.8357210159301758
94,LBFGS,38,-1.8357210159301758
94,LBFGS,39,-1.8357210159301758
94,LBFGS,40,-1.8357210159301758
94,LBFGS,41,-1.8357210159301758
94,LBFGS,42,-1.8357210159301758
94,LBFGS,43,-1.8357210159301758
94,LBFGS,44,-1.8357210159301758
94,LBFGS,45,-1.8357210159301758
94,LBFGS,46,-1.8357210159301758
94,LBFGS,47,-1.8357210159301758
94,LBFGS,48,-1.8357210159301758
94,LBFGS,49,-1.8357210159301758
94,LBFGS,50,-1.8357210159301758
94,LBFGS,51,-1.8357210159301758
94,LBFGS,52,-1.8357210159301758
94,LBFGS,53,-1.8357210159301758
94,LBFGS,54,-1.8357210159301758
94,LBFGS,55,-1.8357210159301758
94,LBFGS,56,-1.8357210159301758
94,LBFGS,57,-1.8357210159301758
94,LBFGS,58,-1.8357210159301758
94,LBFGS,59,-1.8357210159301758
94,LBFGS,60,-1.8357210159301758
94,PSO,1,-1.8071749210357666
94,PSO,2,-1.8260703086853027
94,PSO,3,-1.834643840789795
94,PSO,4,-1.8357176780700684
94,PSO,5,-1.8357176780700684
94,PSO,6,-1.8357176780700684
94,PSO,7,-1.8357176780700684
94,PSO,8,-1.8357176780700684
94,PSO,9,-1.8357186317443848
94,PSO,10,-1.8357211351394653
94,PSO,11,-1.8357211351394653
94,PSO,12,-1.8357212543487549
94,PSO,13,-1.8357212543487549
94,PSO,14,-1.8357212543487549
94,PSO,15,-1.8357212543487549
94,PSO,16,-1.8357212543487549
94,PSO,17,-1.8357212543487549
94,PSO,18,-1.8357212543487549
94,PSO,19,-1.8357212543487549
94,PSO,20,-1.8357213735580444
94,PSO,21,-1.8357213735580444
94,PSO,22,-1.8357213735580444
94,PSO,23,-1.8357213735580444
94,PSO,24,-1.8357213735580444
94,PSO,25,-1.8357213735580444
94,PSO,26,-1.8357213735580444
94,PSO,27,-1.8357213735580444
94,PSO,28,-1.8357213735580444
94,PSO,29,-1.8357213735580444
94,PSO,30,-1.8357213735580444
94,PSO,31,-1.8357213735580444
94,PSO,32,-1.8357213735580444
94,PSO,33,-1.8357213735580444
94,PSO,34,-1.8357213735580444
94,PSO,35,-1.8357213735580444
94,PSO,36,-1.8357213735580444
94,PSO,37,-1.8357213735580444
94,PSO,38,-1.8357213735580444
94,PSO,39,-1.8357213735580444
94,PSO,40,-1.8357213735580444
94,PSO,41,-1.8357213735580444
94,PSO,42,-1.8357213735580444
94,PSO,43,-1.8357213735580444
94,PSO,44,-1.8357213735580444
94,PSO,45,-1.8357213735580444
94,PSO,46,-1.8357213735580444
94,PSO,47,-1.8357213735580444
94,PSO,48,-1.8357213735580444
94,PSO,49,-1.8357213735580444
94,PSO,50,-1.8357213735580444
94,PSO,51,-1.8357213735580444
94,PSO,52,-1.8357213735580444
94,PSO,53,-1.8357213735580444
94,PSO,54,-1.8357213735580444
94,PSO,55,-1.8357213735580444
94,PSO,56,-1.8357213735580444
94,PSO,57,-1.8357213735580444
94,PSO,58,-1.8357213735580444
94,PSO,59,-1.8357213735580444
94,PSO,60,-1.8357213735580444
94,DE,1,-1.7437660694122314
94,DE,2,-1.7657594680786133
94,DE,3,-1.7657594680786133
94,DE,4,-1.7657594680786133
94,DE,5,-1.7657594680786133
94,DE,6,-1.7947019338607788
94,DE,7,-1.8010237216949463
94,DE,8,-1.8042868375778198
94,DE,9,-1.8042868375778198
94,DE,10,-1.8133095502853394
94,DE,11,-1.8133095502853394
94,DE,12,-1.8144941329956055
94,DE,13,-1.8156930208206177
94,DE,14,-1.8222962617874146
94,DE,15,-1.8229929208755493
94,DE,16,-1.8241761922836304
94,DE,17,-1.83139967918396
94,DE,18,-1.83139967918396
94,DE,19,-1.83139967918396
94,DE,20,-1.83139967918396
94,DE,21,-1.8315552473068237
94,DE,22,-1.8325390815734863
94,DE,23,-1.8325390815734863
94,DE,24,-1.8326343297958374
94,DE,25,-1.8326343297958374
94,DE,26,-1.8333066701889038
94,DE,27,-1.834100604057312
94,DE,28,-1.834165334701538
94,DE,29,-1.8343144655227661
94,DE,30,-1.8343144655227661
94,DE,31,-1.8343144655227661
94,DE,32,-1.8348373174667358
94,DE,33,-1.8348373174667358
94,DE,34,-1.8348373174667358
94,DE,35,-1.8348373174667358
94,DE,36,-1.8348373174667358
94,DE,37,-1.8348373174667358
94,DE,38,-1.8348373174667358
94,DE,39,-1.8348373174667358
94,DE,40,-1.8348373174667358
94,DE,41,-1.834923267364502
94,DE,42,-1.834923267364502
94,DE,43,-1.8349692821502686
94,DE,44,-1.8349692821502686
94,DE,45,-1.8349692821502686
94,DE,46,-1.8349692821502686
94,DE,47,-1.8350313901901245
94,DE,48,-1.8350313901901245
94,DE,49,-1.8350313901901245
94,DE,50,-1.8350313901901245
94,DE,51,-1.8350313901901245
94,DE,52,-1.8350313901901245
94,DE,53,-1.83511221408844
94,DE,54,-1.83511221408844
94,DE,55,-1.8351186513900757
94,DE,56,-1.835308313369751
94,DE,57,-1.8354171514511108
94,DE,58,-1.8355265855789185
94,DE,59,-1.8355416059494019
94,DE,60,-1.8355416059494019
94,PSO+LBFGS,1,-1.7807844877243042
94,PSO+LBFGS,2,-1.8142145872116089
94,PSO+LBFGS,3,-1.8325417041778564
94,PSO+LBFGS,4,-1.8357044458389282
94,PSO+LBFGS,5,-1.8357044458389282
94,PSO+LBFGS,6,-1.8357044458389282
94,PSO+LBFGS,7,-1.8357044458389282
94,PSO+LBFGS,8,-1.8357044458389282
94,PSO+LBFGS,9,-1.8357044458389282
94,PSO+LBFGS,10,-1.8357044458389282
94,PSO+LBFGS,11,-1.8357044458389282
94,PSO+LBFGS,12,-1.8357044458389282
94,PSO+LBFGS,13,-1.8357044458389282
94,PSO+LBFGS,14,-1.8357044458389282
94,PSO+LBFGS,15,-1.8357044458389282
94,PSO+LBFGS,16,-1.8357044458389282
94,PSO+LBFGS,17,-1.8357044458389282
94,PSO+LBFGS,18,-1.8357044458389282
94,PSO+LBFGS,19,-1.8357044458389282
94,PSO+LBFGS,20,-1.8357044458389282
94,PSO+LBFGS,21,-1.8357044458389282
94,PSO+LBFGS,22,-1.8357044458389282
94,PSO+LBFGS,23,-1.8357044458389282
94,PSO+LBFGS,24,-1.8357044458389282
94,PSO+LBFGS,25,-1.8357044458389282
94,PSO+LBFGS,26,-1.8357044458389282
94,PSO+LBFGS,27,-1.8357044458389282
94,PSO+LBFGS,28,-1.8357044458389282
94,PSO+LBFGS,29,-1.8357044458389282
94,PSO+LBFGS,30,-1.8357044458389282
94,PSO+LBFGS,31,-1.8357044458389282
94,PSO+LBFGS,32,-1.8357044458389282
94,PSO+LBFGS,33,-1.8357044458389282
94,PSO+LBFGS,34,-1.8357044458389282
94,PSO+LBFGS,35,-1.8357044458389282
94,PSO+LBFGS,36,-1.8357044458389282
94,PSO+LBFGS,37,-1.8357044458389282
94,PSO+LBFGS,38,-1.8357044458389282
94,PSO+LBFGS,39,-1.8357044458389282
94,PSO+LBFGS,40,-1.8357044458389282
94,PSO+LBFGS,41,-1.8357043266296387
94,PSO+LBFGS,42,-1.8357043266296387
94,PSO+LBFGS,43,-1.8357043266296387
94,PSO+LBFGS,44,-1.8357043266296387
94,PSO+LBFGS,45,-1.8357043266296387
94,PSO+LBFGS,46,-1.8357043266296387
94,PSO+LBFGS,47,-1.8357043266296387
94,PSO+LBFGS,48,-1.8357043266296387
94,PSO+LBFGS,49,-1.8357043266296387
94,PSO+LBFGS,50,-1.8357043266296387
94,PSO+LBFGS,51,-1.8357043266296387
94,PSO+LBFGS,52,-1.8357043266296387
94,PSO+LBFGS,53,-1.8357043266296387
94,PSO+LBFGS,54,-1.8357043266296387
94,PSO+LBFGS,55,-1.8357043266296387
94,PSO+LBFGS,56,-1.8357043266296387
94,PSO+LBFGS,57,-1.8357043266296387
94,PSO+LBFGS,58,-1.8357043266296387
94,PSO+LBFGS,59,-1.8357043266296387
94,PSO+LBFGS,60,-1.8357043266296387
95,Adam,1,0.6897038221359253
95,Adam,2,0.6736525297164917
95,Adam,3,0.6577110290527344
95,Adam,4,0.6419034600257874
95,Adam,5,0.6262704730033875
95,Adam,6,0.610826849937439
95,Adam,7,0.5956147313117981
95,Adam,8,0.5806592106819153
95,Adam,9,0.5659804940223694
95,Adam,10,0.5516117215156555
95,Adam,11,0.5375723838806152
95,Adam,12,0.5238780379295349
95,Adam,13,0.5105534195899963
95,Adam,14,0.49761587381362915
95,Adam,15,0.485075443983078
95,Adam,16,0.4729471802711487
95,Adam,17,0.46122777462005615
95,Adam,18,0.4499363899230957
95,Adam,19,0.4390713572502136
95,Adam,20,0.42863380908966064
95,Adam,21,0.4186203181743622
95,Adam,22,0.4090272784233093
95,Adam,23,0.3998583257198334
95,Adam,24,0.39109694957733154
95,Adam,25,0.3827362656593323
95,Adam,26,0.37476685643196106
95,Adam,27,0.36717772483825684
95,Adam,28,0.35995906591415405
95,Adam,29,0.3530968129634857
95,Adam,30,0.34658220410346985
95,Adam,31,0.3403962254524231
95,Adam,32,0.33452796936035156
95,Adam,33,0.3289574384689331
95,Adam,34,0.32367855310440063
95,Adam,35,0.3186749219894409
95,Adam,36,0.3139323592185974
95,Adam,37,0.3094385862350464
95,Adam,38,0.30518344044685364
95,Adam,39,0.3011481463909149
95,Adam,40,0.2973271310329437
95,Adam,41,0.29370513558387756
95,Adam,42,0.29026877880096436
95,Adam,43,0.2870115339756012
95,Adam,44,0.28392356634140015
95,Adam,45,0.28099146485328674
95,Adam,46,0.27820533514022827
95,Adam,47,0.27556923031806946
95,Adam,48,0.2730584144592285
95,Adam,49,0.2706703543663025
95,Adam,50,0.2684030532836914
95,Adam,51,0.26624631881713867
95,Adam,52,0.2641877830028534
95,Adam,53,0.26223427057266235
95,Adam,54,0.26036784052848816
95,Adam,55,0.25858843326568604
95,Adam,56,0.2568913698196411
95,Adam,57,0.2552732825279236
95,Adam,58,0.2537270486354828
95,Adam,59,0.25224506855010986
95,Adam,60,0.25083065032958984
95,LBFGS,1,0.5150883197784424
95,LBFGS,2,0.2697446942329407
95,LBFGS,3,0.24325332045555115
95,LBFGS,4,0.21587206423282623
95,LBFGS,5,0.20684856176376343
95,LBFGS,6,0.2016361802816391
95,LBFGS,7,0.1988990604877472
95,LBFGS,8,0.1973874419927597
95,LBFGS,9,0.19655324518680573
95,LBFGS,10,0.19609211385250092
95,LBFGS,11,0.1958373636007309
95,LBFGS,12,0.19569748640060425
95,LBFGS,13,0.19561511278152466
95,LBFGS,14,0.19557231664657593
95,LBFGS,15,0.1955478936433792
95,LBFGS,16,0.19553828239440918
95,LBFGS,17,0.19552673399448395
95,LBFGS,18,0.19552282989025116
95,LBFGS,19,0.19552215933799744
95,LBFGS,20,0.19552037119865417
95,LBFGS,21,0.19552037119865417
95,LBFGS,22,0.19552037119865417
95,LBFGS,23,0.19552037119865417
95,LBFGS,24,0.19552037119865417
95,LBFGS,25,0.19552037119865417
95,LBFGS,26,0.19552037119865417
95,LBFGS,27,0.19552037119865417
95,LBFGS,28,0.19552037119865417
95,LBFGS,29,0.19552037119865417
95,LBFGS,30,0.19552037119865417
95,LBFGS,31,0.19552037119865417
95,LBFGS,32,0.19552037119865417
95,LBFGS,33,0.19552037119865417
95,LBFGS,34,0.19552037119865417
95,LBFGS,35,0.19552037119865417
95,LBFGS,36,0.19552037119865417
95,LBFGS,37,0.19552037119865417
95,LBFGS,38,0.19552037119865417
95,LBFGS,39,0.19552037119865417
95,LBFGS,40,0.19552037119865417
95,LBFGS,41,0.19552037119865417
95,LBFGS,42,0.19552037119865417
95,LBFGS,43,0.19552037119865417
95,LBFGS,44,0.19552037119865417
95,LBFGS,45,0.19552037119865417
95,LBFGS,46,0.19552037119865417
95,LBFGS,47,0.19552037119865417
95,LBFGS,48,0.19552037119865417
95,LBFGS,49,0.19552037119865417
95,LBFGS,50,0.19552037119865417
95,LBFGS,51,0.19552037119865417
95,LBFGS,52,0.19552037119865417
95,LBFGS,53,0.19552037119865417
95,LBFGS,54,0.19552037119865417
95,LBFGS,55,0.19552037119865417
95,LBFGS,56,0.19552037119865417
95,LBFGS,57,0.19552037119865417
95,LBFGS,58,0.19552037119865417
95,LBFGS,59,0.19552037119865417
95,LBFGS,60,0.19552037119865417
95,PSO,1,0.27680614590644836
95,PSO,2,0.2187274545431137
95,PSO,3,0.1961299329996109
95,PSO,4,0.19552019238471985
95,PSO,5,0.19552019238471985
95,PSO,6,0.19552019238471985
95,PSO,7,0.19552019238471985
95,PSO,8,0.19552019238471985
95,PSO,9,0.19552019238471985
95,PSO,10,0.19552019238471985
95,PSO,11,0.19552019238471985
95,PSO,12,0.19552019238471985
95,PSO,13,0.19552019238471985
95,PSO,14,0.19552019238471985
95,PSO,15,0.19552019238471985
95,PSO,16,0.19552019238471985
95,PSO,17,0.19552019238471985
95,PSO,18,0.19552019238471985
95,PSO,19,0.19552019238471985
95,PSO,20,0.19552019238471985
95,PSO,21,0.19552019238471985
95,PSO,22,0.19552019238471985
95,PSO,23,0.19552019238471985
95,PSO,24,0.19552019238471985
95,PSO,25,0.19552019238471985
95,PSO,26,0.19552019238471985
95,PSO,27,0.19552019238471985
95,PSO,28,0.19552019238471985
95,PSO,29,0.19552019238471985
95,PSO,30,0.19552019238471985
95,PSO,31,0.19552019238471985
95,PSO,32,0.19552019238471985
95,PSO,33,0.19552019238471985
95,PSO,34,0.19552019238471985
95,PSO,35,0.19552019238471985
95,PSO,36,0.19552019238471985
95,PSO,37,0.19552019238471985
95,PSO,38,0.19552019238471985
95,PSO,39,0.19552019238471985
95,PSO,40,0.19552019238471985
95,PSO,41,0.19552019238471985
95,PSO,42,0.19552019238471985
95,PSO,43,0.19552019238471985
95,PSO,44,0.19552019238471985
95,PSO,45,0.19552019238471985
95,PSO,46,0.19552019238471985
95,PSO,47,0.19552019238471985
95,PSO,48,0.19552019238471985
95,PSO,49,0.19552019238471985
95,PSO,50,0.19552019238471985
95,PSO,51,0.19552019238471985
95,PSO,52,0.19552019238471985
95,PSO,53,0.19552019238471985
95,PSO,54,0.19552019238471985
95,PSO,55,0.19552019238471985
95,PSO,56,0.19552019238471985
95,PSO,57,0.19552019238471985
95,PSO,58,0.19552019238471985
95,PSO,59,0.19552019238471985
95,PSO,60,0.19552019238471985
95,DE,1,0.35502728819847107
95,DE,2,0.3318183124065399
95,DE,3,0.3232108950614929
95,DE,4,0.30523958802223206
95,DE,5,0.27729925513267517
95,DE,6,0.27729925513267517
95,DE,7,0.2689196467399597
95,DE,8,0.2689196467399597
95,DE,9,0.2689196467399597
95,DE,10,0.2677951753139496
95,DE,11,0.23869042098522186
95,DE,12,0.23869042098522186
95,DE,13,0.23869042098522186
95,DE,14,0.22674492001533508
95,DE,15,0.22674492001533508
95,DE,16,0.22674492001533508
95,DE,17,0.21928296983242035
95,DE,18,0.21928296983242035
95,DE,19,0.21809068322181702
95,DE,20,0.21003028750419617
95,DE,21,0.21003028750419617
95,DE,22,0.21003028750419617
95,DE,23,0.21003028750419617
95,DE,24,0.21003028750419617
95,DE,25,0.21003028750419617
95,DE,26,0.21003028750419617
95,DE,27,0.21003028750419617
95,DE,28,0.21003028750419617
95,DE,29,0.21003028750419617
95,DE,30,0.20756986737251282
95,DE,31,0.20584753155708313
95,DE,32,0.20238655805587769
95,DE,33,0.20238655805587769
95,DE,34,0.2005603015422821
95,DE,35,0.2005603015422821
95,DE,36,0.2005603015422821
95,DE,37,0.2005603015422821
95,DE,38,0.2005603015422821
95,DE,39,0.20044156908988953
95,DE,40,0.20044156908988953
95,DE,41,0.19925829768180847
95,DE,42,0.19925829768180847
95,DE,43,0.19895434379577637
95,DE,44,0.1976933777332306
95,DE,45,0.1976933777332306
95,DE,46,0.1976933777332306
95,DE,47,0.1976933777332306
95,DE,48,0.1976933777332306
95,DE,49,0.19681529700756073
95,DE,50,0.1967291235923767
95,DE,51,0.1967291235923767
95,DE,52,0.1967291235923767
95,DE,53,0.1967291235923767
95,DE,54,0.19667260348796844
95,DE,55,0.19647371768951416
95,DE,56,0.19647371768951416
95,DE,57,0.19647371768951416
95,DE,58,0.1963234543800354
95,DE,59,0.1963234543800354
95,DE,60,0.1962747573852539
95,PSO+LBFGS,1,0.3077189028263092
95,PSO+LBFGS,2,0.22773022949695587
95,PSO+LBFGS,3,0.22068463265895844
95,PSO+LBFGS,4,0.19552019238471985
95,PSO+LBFGS,5,0.19552019238471985
95,PSO+LBFGS,6,0.19552019238471985
95,PSO+LBFGS,7,0.19552019238471985
95,PSO+LBFGS,8,0.19552019238471985
95,PSO+LBFGS,9,0.19552019238471985
95,PSO+LBFGS,10,0.19552019238471985
95,PSO+LBFGS,11,0.19552019238471985
95,PSO+LBFGS,12,0.19552019238471985
95,PSO+LBFGS,13,0.19552019238471985
95,PSO+LBFGS,14,0.19552019238471985
95,PSO+LBFGS,15,0.19552019238471985
95,PSO+LBFGS,16,0.19552019238471985
95,PSO+LBFGS,17,0.19552019238471985
95,PSO+LBFGS,18,0.19552019238471985
95,PSO+LBFGS,19,0.19552019238471985
95,PSO+LBFGS,20,0.19552019238471985
95,PSO+LBFGS,21,0.19552019238471985
95,PSO+LBFGS,22,0.19552019238471985
95,PSO+LBFGS,23,0.19552019238471985
95,PSO+LBFGS,24,0.19552019238471985
95,PSO+LBFGS,25,0.19552019238471985
95,PSO+LBFGS,26,0.19552019238471985
95,PSO+LBFGS,27,0.19552019238471985
95,PSO+LBFGS,28,0.19552019238471985
95,PSO+LBFGS,29,0.19552019238471985
95,PSO+LBFGS,30,0.19552019238471985
95,PSO+LBFGS,31,0.19552019238471985
95,PSO+LBFGS,32,0.19552019238471985
95,PSO+LBFGS,33,0.19552019238471985
95,PSO+LBFGS,34,0.19552019238471985
95,PSO+LBFGS,35,0.19552019238471985
95,PSO+LBFGS,36,0.19552019238471985
95,PSO+LBFGS,37,0.19552019238471985
95,PSO+LBFGS,38,0.19552019238471985
95,PSO+LBFGS,39,0.19552019238471985
95,PSO+LBFGS,40,0.19552019238471985
95,PSO+LBFGS,41,0.19551971554756165
95,PSO+LBFGS,42,0.19551971554756165
95,PSO+LBFGS,43,0.19551971554756165
95,PSO+LBFGS,44,0.19551971554756165
95,PSO+LBFGS,45,0.19551971554756165
95,PSO+LBFGS,46,0.19551971554756165
95,PSO+LBFGS,47,0.19551971554756165
95,PSO+LBFGS,48,0.19551971554756165
95,PSO+LBFGS,49,0.19551971554756165
95,PSO+LBFGS,50,0.19551971554756165
95,PSO+LBFGS,51,0.19551971554756165
95,PSO+LBFGS,52,0.19551971554756165
95,PSO+LBFGS,53,0.19551971554756165
95,PSO+LBFGS,54,0.19551971554756165
95,PSO+LBFGS,55,0.19551971554756165
95,PSO+LBFGS,56,0.19551971554756165
95,PSO+LBFGS,57,0.19551971554756165
95,PSO+LBFGS,58,0.19551971554756165
95,PSO+LBFGS,59,0.19551971554756165
95,PSO+LBFGS,60,0.19551971554756165
96,Adam,1,-1.828081727027893
96,Adam,2,-1.8340387344360352
96,Adam,3,-1.839900016784668
96,Adam,4,-1.8456510305404663
96,Adam,5,-1.8512811660766602
96,Adam,6,-1.8567832708358765
96,Adam,7,-1.8621466159820557
96,Adam,8,-1.8673622608184814
96,Adam,9,-1.8724247217178345
96,Adam,10,-1.8773272037506104
96,Adam,11,-1.882065773010254
96,Adam,12,-1.8866345882415771
96,Adam,13,-1.8910329341888428
96,Adam,14,-1.895258903503418
96,Adam,15,-1.8993114233016968
96,Adam,16,-1.9031914472579956
96,Adam,17,-1.90690016746521
96,Adam,18,-1.9104394912719727
96,Adam,19,-1.913812279701233
96,Adam,20,-1.9170230627059937
96,Adam,21,-1.9200761318206787
96,Adam,22,-1.9229743480682373
96,Adam,23,-1.9257242679595947
96,Adam,24,-1.9283312559127808
96,Adam,25,-1.9307996034622192
96,Adam,26,-1.9331364631652832
96,Adam,27,-1.935346245765686
96,Adam,28,-1.9374361038208008
96,Adam,29,-1.9394112825393677
96,Adam,30,-1.9412766695022583
96,Adam,31,-1.9430384635925293
96,Adam,32,-1.944703221321106
96,Adam,33,-1.9462748765945435
96,Adam,34,-1.9477592706680298
96,Adam,35,-1.949161171913147
96,Adam,36,-1.9504854679107666
96,Adam,37,-1.951735258102417
96,Adam,38,-1.9529176950454712
96,Adam,39,-1.9540343284606934
96,Adam,40,-1.955091118812561
96,Adam,41,-1.9560894966125488
96,Adam,42,-1.9570362567901611
96,Adam,43,-1.9579304456710815
96,Adam,44,-1.9587786197662354
96,Adam,45,-1.959582805633545
96,Adam,46,-1.9603444337844849
96,Adam,47,-1.9610673189163208
96,Adam,48,-1.9617542028427124
96,Adam,49,-1.9624063968658447
96,Adam,50,-1.963025450706482
96,Adam,51,-1.9636151790618896
96,Adam,52,-1.964176058769226
96,Adam,53,-1.9647119045257568
96,Adam,54,-1.9652220010757446
96,Adam,55,-1.9657070636749268
96,Adam,56,-1.9661715030670166
96,Adam,57,-1.9666143655776978
96,Adam,58,-1.9670377969741821
96,Adam,59,-1.9674429893493652
96,Adam,60,-1.9678298234939575
96,LBFGS,1,-1.9097622632980347
96,LBFGS,2,-1.9650675058364868
96,LBFGS,3,-1.9723069667816162
96,LBFGS,4,-1.9777170419692993
96,LBFGS,5,-1.9803287982940674
96,LBFGS,6,-1.9818235635757446
96,LBFGS,7,-1.9826503992080688
96,LBFGS,8,-1.983115792274475
96,LBFGS,9,-1.9833781719207764
96,LBFGS,10,-1.9835275411605835
96,LBFGS,11,-1.983609676361084
96,LBFGS,12,-1.983657717704773
96,LBFGS,13,-1.9836832284927368
96,LBFGS,14,-1.9836974143981934
96,LBFGS,15,-1.9837068319320679
96,LBFGS,16,-1.9837100505828857
96,LBFGS,17,-1.9837136268615723
96,LBFGS,18,-1.9837146997451782
96,LBFGS,19,-1.9837151765823364
96,LBFGS,20,-1.983715534210205
96,LBFGS,21,-1.9837156534194946
96,LBFGS,22,-1.9837156534194946
96,LBFGS,23,-1.9837156534194946
96,LBFGS,24,-1.9837156534194946
96,LBFGS,25,-1.9837156534194946
96,LBFGS,26,-1.9837156534194946
96,LBFGS,27,-1.9837156534194946
96,LBFGS,28,-1.9837156534194946
96,LBFGS,29,-1.9837156534194946
96,LBFGS,30,-1.9837156534194946
96,LBFGS,31,-1.9837156534194946
96,LBFGS,32,-1.9837156534194946
96,LBFGS,33,-1.9837156534194946
96,LBFGS,34,-1.9837156534194946
96,LBFGS,35,-1.9837156534194946
96,LBFGS,36,-1.9837156534194946
96,LBFGS,37,-1.9837156534194946
96,LBFGS,38,-1.9837156534194946
96,LBFGS,39,-1.9837156534194946
96,LBFGS,40,-1.9837156534194946
96,LBFGS,41,-1.9837156534194946
96,LBFGS,42,-1.9837156534194946
96,LBFGS,43,-1.9837156534194946
96,LBFGS,44,-1.9837156534194946
96,LBFGS,45,-1.9837156534194946
96,LBFGS,46,-1.9837156534194946
96,LBFGS,47,-1.9837156534194946
96,LBFGS,48,-1.9837156534194946
96,LBFGS,49,-1.9837156534194946
96,LBFGS,50,-1.9837156534194946
96,LBFGS,51,-1.9837156534194946
96,LBFGS,52,-1.9837156534194946
96,LBFGS,53,-1.9837156534194946
96,LBFGS,54,-1.9837156534194946
96,LBFGS,55,-1.9837156534194946
96,LBFGS,56,-1.9837156534194946
96,LBFGS,57,-1.9837156534194946
96,LBFGS,58,-1.9837156534194946
96,LBFGS,59,-1.9837156534194946
96,LBFGS,60,-1.9837156534194946
96,PSO,1,-1.9379578828811646
96,PSO,2,-1.973558783531189
96,PSO,3,-1.983715534210205
96,PSO,4,-1.983715534210205
96,PSO,5,-1.983715534210205
96,PSO,6,-1.983715534210205
96,PSO,7,-1.983715534210205
96,PSO,8,-1.983715534210205
96,PSO,9,-1.983715534210205
96,PSO,10,-1.983715534210205
96,PSO,11,-1.983715534210205
96,PSO,12,-1.983715534210205
96,PSO,13,-1.983715534210205
96,PSO,14,-1.983715534210205
96,PSO,15,-1.983715534210205
96,PSO,16,-1.983715534210205
96,PSO,17,-1.983715534210205
96,PSO,18,-1.983715534210205
96,PSO,19,-1.983715534210205
96,PSO,20,-1.983715534210205
96,PSO,21,-1.983715534210205
96,PSO,22,-1.983715534210205
96,PSO,23,-1.983715534210205
96,PSO,24,-1.983715534210205
96,PSO,25,-1.983715534210205
96,PSO,26,-1.983715534210205
96,PSO,27,-1.983715534210205
96,PSO,28,-1.983715534210205
96,PSO,29,-1.983715534210205
96,PSO,30,-1.983715534210205
96,PSO,31,-1.983715534210205
96,PSO,32,-1.983715534210205
96,PSO,33,-1.983715534210205
96,PSO,34,-1.983715534210205
96,PSO,35,-1.983715534210205
96,PSO,36,-1.983715534210205
96,PSO,37,-1.983715534210205
96,PSO,38,-1.983715534210205
96,PSO,39,-1.983715534210205
96,PSO,40,-1.983715534210205
96,PSO,41,-1.983715534210205
96,PSO,42,-1.983715534210205
96,PSO,43,-1.983715534210205
96,PSO,44,-1.983715534210205
96,PSO,45,-1.983715534210205
96,PSO,46,-1.983715534210205
96,PSO,47,-1.983715534210205
96,PSO,48,-1.983715534210205
96,PSO,49,-1.983715534210205
96,PSO,50,-1.983715534210205
96,PSO,51,-1.983715534210205
96,PSO,52,-1.983715534210205
96,PSO,53,-1.983715534210205
96,PSO,54,-1.983715534210205
96,PSO,55,-1.983715534210205
96,PSO,56,-1.983715534210205
96,PSO,57,-1.983715534210205
96,PSO,58,-1.983715534210205
96,PSO,59,-1.983715534210205
96,PSO,60,-1.983715534210205
96,DE,1,-1.9383881092071533
96,DE,2,-1.9383881092071533
96,DE,3,-1.9480654001235962
96,DE,4,-1.9480654001235962
96,DE,5,-1.9480654001235962
96,DE,6,-1.9632856845855713
96,DE,7,-1.9737520217895508
96,DE,8,-1.9737520217895508
96,DE,9,-1.9737520217895508
96,DE,10,-1.9751641750335693
96,DE,11,-1.9751641750335693
96,DE,12,-1.9763771295547485
96,DE,13,-1.9763771295547485
96,DE,14,-1.9763771295547485
96,DE,15,-1.9792883396148682
96,DE,16,-1.9792883396148682
96,DE,17,-1.9792883396148682
96,DE,18,-1.9792883396148682
96,DE,19,-1.980984091758728
96,DE,20,-1.980984091758728
96,DE,21,-1.980984091758728
96,DE,22,-1.980984091758728
96,DE,23,-1.980984091758728
96,DE,24,-1.9819915294647217
96,DE,25,-1.9819915294647217
96,DE,26,-1.9819915294647217
96,DE,27,-1.982438087463379
96,DE,28,-1.982438087463379
96,DE,29,-1.982438087463379
96,DE,30,-1.982438087463379
96,DE,31,-1.982438087463379
96,DE,32,-1.9829096794128418
96,DE,33,-1.9829096794128418
96,DE,34,-1.9829096794128418
96,DE,35,-1.9829096794128418
96,DE,36,-1.9829466342926025
96,DE,37,-1.9829965829849243
96,DE,38,-1.983035683631897
96,DE,39,-1.983035683631897
96,DE,40,-1.9831452369689941
96,DE,41,-1.9831793308258057
96,DE,42,-1.9831793308258057
96,DE,43,-1.9832639694213867
96,DE,44,-1.9832639694213867
96,DE,45,-1.9832779169082642
96,DE,46,-1.9833415746688843
96,DE,47,-1.9834263324737549
96,DE,48,-1.9834263324737549
96,DE,49,-1.9834263324737549
96,DE,50,-1.9834833145141602
96,DE,51,-1.9834833145141602
96,DE,52,-1.9834833145141602
96,DE,53,-1.9835474491119385
96,DE,54,-1.9835474491119385
96,DE,55,-1.9835474491119385
96,DE,56,-1.9835801124572754
96,DE,57,-1.9835801124572754
96,DE,58,-1.9835801124572754
96,DE,59,-1.9835801124572754
96,DE,60,-1.9835801124572754
96,PSO+LBFGS,1,-1.9365776777267456
96,PSO+LBFGS,2,-1.9771387577056885
96,PSO+LBFGS,3,-1.981635332107544
96,PSO+LBFGS,4,-1.9836020469665527
96,PSO+LBFGS,5,-1.983715534210205
96,PSO+LBFGS,6,-1.983715534210205
96,PSO+LBFGS,7,-1.983715534210205
96,PSO+LBFGS,8,-1.983715534210205
96,PSO+LBFGS,9,-1.983715534210205
96,PSO+LBFGS,10,-1.983715534210205
96,PSO+LBFGS,11,-1.983715534210205
96,PSO+LBFGS,12,-1.983715534210205
96,PSO+LBFGS,13,-1.983715534210205
96,PSO+LBFGS,14,-1.983715534210205
96,PSO+LBFGS,15,-1.983715534210205
96,PSO+LBFGS,16,-1.983715534210205
96,PSO+LBFGS,17,-1.983715534210205
96,PSO+LBFGS,18,-1.983715534210205
96,PSO+LBFGS,19,-1.983715534210205
96,PSO+LBFGS,20,-1.983715534210205
96,PSO+LBFGS,21,-1.983715534210205
96,PSO+LBFGS,22,-1.983715534210205
96,PSO+LBFGS,23,-1.983715534210205
96,PSO+LBFGS,24,-1.983715534210205
96,PSO+LBFGS,25,-1.983715534210205
96,PSO+LBFGS,26,-1.983715534210205
96,PSO+LBFGS,27,-1.983715534210205
96,PSO+LBFGS,28,-1.983715534210205
96,PSO+LBFGS,29,-1.983715534210205
96,PSO+LBFGS,30,-1.983715534210205
96,PSO+LBFGS,31,-1.983715534210205
96,PSO+LBFGS,32,-1.983715534210205
96,PSO+LBFGS,33,-1.983715534210205
96,PSO+LBFGS,34,-1.983715534210205
96,PSO+LBFGS,35,-1.983715534210205
96,PSO+LBFGS,36,-1.983715534210205
96,PSO+LBFGS,37,-1.983715534210205
96,PSO+LBFGS,38,-1.983715534210205
96,PSO+LBFGS,39,-1.983715534210205
96,PSO+LBFGS,40,-1.983715534210205
96,PSO+LBFGS,41,-1.9837160110473633
96,PSO+LBFGS,42,-1.9837160110473633
96,PSO+LBFGS,43,-1.9837160110473633
96,PSO+LBFGS,44,-1.9837160110473633
96,PSO+LBFGS,45,-1.9837160110473633
96,PSO+LBFGS,46,-1.9837160110473633
96,PSO+LBFGS,47,-1.9837160110473633
96,PSO+LBFGS,48,-1.9837160110473633
96,PSO+LBFGS,49,-1.9837160110473633
96,PSO+LBFGS,50,-1.9837160110473633
96,PSO+LBFGS,51,-1.9837160110473633
96,PSO+LBFGS,52,-1.9837160110473633
96,PSO+LBFGS,53,-1.9837160110473633
96,PSO+LBFGS,54,-1.9837160110473633
96,PSO+LBFGS,55,-1.9837160110473633
96,PSO+LBFGS,56,-1.9837160110473633
96,PSO+LBFGS,57,-1.9837160110473633
96,PSO+LBFGS,58,-1.9837160110473633
96,PSO+LBFGS,59,-1.9837160110473633
96,PSO+LBFGS,60,-1.9837160110473633
97,Adam,1,-1.6585233211517334
97,Adam,2,-1.6628257036209106
97,Adam,3,-1.6670479774475098
97,Adam,4,-1.6711820363998413
97,Adam,5,-1.6752240657806396
97,Adam,6,-1.679161787033081
97,Adam,7,-1.6829944849014282
97,Adam,8,-1.6867115497589111
97,Adam,9,-1.690314769744873
97,Adam,10,-1.6937949657440186
97,Adam,11,-1.6971523761749268
97,Adam,12,-1.7003827095031738
97,Adam,13,-1.7034881114959717
97,Adam,14,-1.706464409828186
97,Adam,15,-1.7093145847320557
97,Adam,16,-1.7120380401611328
97,Adam,17,-1.7146373987197876
97,Adam,18,-1.7171145677566528
97,Adam,19,-1.719470739364624
97,Adam,20,-1.7217097282409668
97,Adam,21,-1.7238346338272095
97,Adam,22,-1.7258471250534058
97,Adam,23,-1.727756381034851
97,Adam,24,-1.7295602560043335
97,Adam,25,-1.7312678098678589
97,Adam,26,-1.732881784439087
97,Adam,27,-1.734405755996704
97,Adam,28,-1.735844612121582
97,Adam,29,-1.7372034788131714
97,Adam,30,-1.73848557472229
97,Adam,31,-1.7396944761276245
97,Adam,32,-1.7408369779586792
97,Adam,33,-1.7419135570526123
97,Adam,34,-1.7429288625717163
97,Adam,35,-1.7438874244689941
97,Adam,36,-1.744793176651001
97,Adam,37,-1.7456473112106323
97,Adam,38,-1.7464540004730225
97,Adam,39,-1.7472155094146729
97,Adam,40,-1.7479357719421387
97,Adam,41,-1.7486180067062378
97,Adam,42,-1.7492622137069702
97,Adam,43,-1.7498713731765747
97,Adam,44,-1.7504487037658691
97,Adam,45,-1.7509956359863281
97,Adam,46,-1.7515150308609009
97,Adam,47,-1.7520058155059814
97,Adam,48,-1.752474069595337
97,Adam,49,-1.7529178857803345
97,Adam,50,-1.7533390522003174
97,Adam,51,-1.7537407875061035
97,Adam,52,-1.7541218996047974
97,Adam,53,-1.7544867992401123
97,Adam,54,-1.7548332214355469
97,Adam,55,-1.7551640272140503
97,Adam,56,-1.7554798126220703
97,Adam,57,-1.7557802200317383
97,Adam,58,-1.7560691833496094
97,Adam,59,-1.756345510482788
97,Adam,60,-1.756609320640564
97,LBFGS,1,-1.7333301305770874
97,LBFGS,2,-1.7534403800964355
97,LBFGS,3,-1.7600823640823364
97,LBFGS,4,-1.7635598182678223
97,LBFGS,5,-1.7653225660324097
97,LBFGS,6,-1.766277551651001
97,LBFGS,7,-1.7667962312698364
97,LBFGS,8,-1.7670754194259644
97,LBFGS,9,-1.767136573791504
97,LBFGS,10,-1.7672706842422485
97,LBFGS,11,-1.7673382759094238
97,LBFGS,12,-1.767366647720337
97,LBFGS,13,-1.7673866748809814
97,LBFGS,14,-1.7674007415771484
97,LBFGS,15,-1.7674132585525513
97,LBFGS,16,-1.7674189805984497
97,LBFGS,17,-1.7674221992492676
97,LBFGS,18,-1.7674248218536377
97,LBFGS,19,-1.767425298690796
97,LBFGS,20,-1.767425537109375
97,LBFGS,21,-1.7674258947372437
97,LBFGS,22,-1.7674258947372437
97,LBFGS,23,-1.7674260139465332
97,LBFGS,24,-1.7674262523651123
97,LBFGS,25,-1.7674262523651123
97,LBFGS,26,-1.7674262523651123
97,LBFGS,27,-1.7674262523651123
97,LBFGS,28,-1.7674262523651123
97,LBFGS,29,-1.7674262523651123
97,LBFGS,30,-1.7674262523651123
97,LBFGS,31,-1.7674262523651123
97,LBFGS,32,-1.7674262523651123
97,LBFGS,33,-1.7674262523651123
97,LBFGS,34,-1.7674262523651123
97,LBFGS,35,-1.7674262523651123
97,LBFGS,36,-1.7674262523651123
97,LBFGS,37,-1.7674262523651123
97,LBFGS,38,-1.7674262523651123
97,LBFGS,39,-1.7674262523651123
97,LBFGS,40,-1.7674262523651123
97,LBFGS,41,-1.7674262523651123
97,LBFGS,42,-1.7674262523651123
97,LBFGS,43,-1.7674262523651123
97,LBFGS,44,-1.7674262523651123
97,LBFGS,45,-1.7674262523651123
97,LBFGS,46,-1.7674262523651123
97,LBFGS,47,-1.7674262523651123
97,LBFGS,48,-1.7674262523651123
97,LBFGS,49,-1.7674262523651123
97,LBFGS,50,-1.7674262523651123
97,LBFGS,51,-1.7674262523651123
97,LBFGS,52,-1.7674262523651123
97,LBFGS,53,-1.7674262523651123
97,LBFGS,54,-1.7674262523651123
97,LBFGS,55,-1.7674262523651123
97,LBFGS,56,-1.7674262523651123
97,LBFGS,57,-1.7674262523651123
97,LBFGS,58,-1.7674262523651123
97,LBFGS,59,-1.7674262523651123
97,LBFGS,60,-1.7674262523651123
97,PSO,1,-1.7427533864974976
97,PSO,2,-1.7628620862960815
97,PSO,3,-1.7672353982925415
97,PSO,4,-1.7672353982925415
97,PSO,5,-1.7673360109329224
97,PSO,6,-1.7673850059509277
97,PSO,7,-1.7673850059509277
97,PSO,8,-1.7673850059509277
97,PSO,9,-1.7673850059509277
97,PSO,10,-1.7673850059509277
97,PSO,11,-1.7673852443695068
97,PSO,12,-1.7673852443695068
97,PSO,13,-1.7673852443695068
97,PSO,14,-1.767385482788086
97,PSO,15,-1.767385482788086
97,PSO,16,-1.767385482788086
97,PSO,17,-1.767385482788086
97,PSO,18,-1.767385482788086
97,PSO,19,-1.767385482788086
97,PSO,20,-1.767385482788086
97,PSO,21,-1.767385482788086
97,PSO,22,-1.767385482788086
97,PSO,23,-1.767385482788086
97,PSO,24,-1.767385482788086
97,PSO,25,-1.767385482788086
97,PSO,26,-1.767385482788086
97,PSO,27,-1.767385482788086
97,PSO,28,-1.767385482788086
97,PSO,29,-1.7673856019973755
97,PSO,30,-1.7673856019973755
97,PSO,31,-1.7673856019973755
97,PSO,32,-1.7673856019973755
97,PSO,33,-1.7673856019973755
97,PSO,34,-1.7673856019973755
97,PSO,35,-1.7673856019973755
97,PSO,36,-1.7673856019973755
97,PSO,37,-1.7673856019973755
97,PSO,38,-1.7673856019973755
97,PSO,39,-1.7673856019973755
97,PSO,40,-1.7673856019973755
97,PSO,41,-1.7673856019973755
97,PSO,42,-1.7673856019973755
97,PSO,43,-1.7673856019973755
97,PSO,44,-1.7673856019973755
97,PSO,45,-1.7673856019973755
97,PSO,46,-1.7673856019973755
97,PSO,47,-1.7673856019973755
97,PSO,48,-1.7673856019973755
97,PSO,49,-1.7673856019973755
97,PSO,50,-1.7673856019973755
97,PSO,51,-1.7673856019973755
97,PSO,52,-1.7673856019973755
97,PSO,53,-1.7673856019973755
97,PSO,54,-1.7673856019973755
97,PSO,55,-1.7673856019973755
97,PSO,56,-1.7673856019973755
97,PSO,57,-1.7673856019973755
97,PSO,58,-1.7673856019973755
97,PSO,59,-1.7673856019973755
97,PSO,60,-1.7673856019973755
97,DE,1,-1.7310079336166382
97,DE,2,-1.7310079336166382
97,DE,3,-1.7310079336166382
97,DE,4,-1.7420470714569092
97,DE,5,-1.7420470714569092
97,DE,6,-1.7420470714569092
97,DE,7,-1.742730975151062
97,DE,8,-1.742730975151062
97,DE,9,-1.7529970407485962
97,DE,10,-1.7529970407485962
97,DE,11,-1.7536420822143555
97,DE,12,-1.7553197145462036
97,DE,13,-1.762202501296997
97,DE,14,-1.762202501296997
97,DE,15,-1.762202501296997
97,DE,16,-1.762202501296997
97,DE,17,-1.762202501296997
97,DE,18,-1.7651809453964233
97,DE,19,-1.7651809453964233
97,DE,20,-1.7651809453964233
97,DE,21,-1.7660934925079346
97,DE,22,-1.7660934925079346
97,DE,23,-1.7660934925079346
97,DE,24,-1.7666021585464478
97,DE,25,-1.7666021585464478
97,DE,26,-1.7666021585464478
97,DE,27,-1.7666021585464478
97,DE,28,-1.7666021585464478
97,DE,29,-1.7666021585464478
97,DE,30,-1.7667747735977173
97,DE,31,-1.7671124935150146
97,DE,32,-1.7671124935150146
97,DE,33,-1.7671124935150146
97,DE,34,-1.7671124935150146
97,DE,35,-1.7671124935150146
97,DE,36,-1.7671377658843994
97,DE,37,-1.7671377658843994
97,DE,38,-1.7671377658843994
97,DE,39,-1.7671887874603271
97,DE,40,-1.7671887874603271
97,DE,41,-1.7672510147094727
97,DE,42,-1.7672510147094727
97,DE,43,-1.767255187034607
97,DE,44,-1.7672741413116455
97,DE,45,-1.7673081159591675
97,DE,46,-1.7673346996307373
97,DE,47,-1.7673569917678833
97,DE,48,-1.7673569917678833
97,DE,49,-1.7673569917678833
97,DE,50,-1.767383337020874
97,DE,51,-1.76738440990448
97,DE,52,-1.7673972845077515
97,DE,53,-1.7673972845077515
97,DE,54,-1.7673972845077515
97,DE,55,-1.767402172088623
97,DE,56,-1.767402172088623
97,DE,57,-1.767402172088623
97,DE,58,-1.767402172088623
97,DE,59,-1.7674028873443604
97,DE,60,-1.7674087285995483
97,PSO+LBFGS,1,-1.7300864458084106
97,PSO+LBFGS,2,-1.760301113128662
97,PSO+LBFGS,3,-1.7663278579711914
97,PSO+LBFGS,4,-1.7670795917510986
97,PSO+LBFGS,5,-1.7670795917510986
97,PSO+LBFGS,6,-1.7673770189285278
97,PSO+LBFGS,7,-1.7673850059509277
97,PSO+LBFGS,8,-1.7673850059509277
97,PSO+LBFGS,9,-1.7673850059509277
97,PSO+LBFGS,10,-1.7673851251602173
97,PSO+LBFGS,11,-1.7673851251602173
97,PSO+LBFGS,12,-1.7673851251602173
97,PSO+LBFGS,13,-1.7673851251602173
97,PSO+LBFGS,14,-1.7673851251602173
97,PSO+LBFGS,15,-1.7673851251602173
97,PSO+LBFGS,16,-1.7673851251602173
97,PSO+LBFGS,17,-1.7673852443695068
97,PSO+LBFGS,18,-1.7673853635787964
97,PSO+LBFGS,19,-1.7673853635787964
97,PSO+LBFGS,20,-1.7673853635787964
97,PSO+LBFGS,21,-1.7673853635787964
97,PSO+LBFGS,22,-1.7673853635787964
97,PSO+LBFGS,23,-1.7673853635787964
97,PSO+LBFGS,24,-1.7673853635787964
97,PSO+LBFGS,25,-1.7673856019973755
97,PSO+LBFGS,26,-1.7673856019973755
97,PSO+LBFGS,27,-1.7673856019973755
97,PSO+LBFGS,28,-1.7673856019973755
97,PSO+LBFGS,29,-1.7673856019973755
97,PSO+LBFGS,30,-1.7673856019973755
97,PSO+LBFGS,31,-1.7673856019973755
97,PSO+LBFGS,32,-1.7673856019973755
97,PSO+LBFGS,33,-1.7673856019973755
97,PSO+LBFGS,34,-1.7673856019973755
97,PSO+LBFGS,35,-1.7673856019973755
97,PSO+LBFGS,36,-1.7673856019973755
97,PSO+LBFGS,37,-1.7673856019973755
97,PSO+LBFGS,38,-1.7673856019973755
97,PSO+LBFGS,39,-1.7673856019973755
97,PSO+LBFGS,40,-1.7673856019973755
97,PSO+LBFGS,41,-1.7673851251602173
97,PSO+LBFGS,42,-1.7673851251602173
97,PSO+LBFGS,43,-1.7673851251602173
97,PSO+LBFGS,44,-1.7673851251602173
97,PSO+LBFGS,45,-1.7673851251602173
97,PSO+LBFGS,46,-1.7673851251602173
97,PSO+LBFGS,47,-1.7673851251602173
97,PSO+LBFGS,48,-1.7673851251602173
97,PSO+LBFGS,49,-1.7673851251602173
97,PSO+LBFGS,50,-1.7673851251602173
97,PSO+LBFGS,51,-1.7673851251602173
97,PSO+LBFGS,52,-1.7673851251602173
97,PSO+LBFGS,53,-1.7673851251602173
97,PSO+LBFGS,54,-1.7673851251602173
97,PSO+LBFGS,55,-1.7673851251602173
97,PSO+LBFGS,56,-1.7673851251602173
97,PSO+LBFGS,57,-1.7673851251602173
97,PSO+LBFGS,58,-1.7673851251602173
97,PSO+LBFGS,59,-1.7673851251602173
97,PSO+LBFGS,60,-1.7673851251602173
98,Adam,1,-1.8267929553985596
98,Adam,2,-1.830937385559082
98,Adam,3,-1.834990382194519
98,Adam,4,-1.8389438390731812
98,Adam,5,-1.8427940607070923
98,Adam,6,-1.8465311527252197
98,Adam,7,-1.8501524925231934
98,Adam,8,-1.853653907775879
98,Adam,9,-1.8570297956466675
98,Adam,10,-1.8602790832519531
98,Adam,11,-1.863397479057312
98,Adam,12,-1.8663885593414307
98,Adam,13,-1.8692477941513062
98,Adam,14,-1.871978759765625
98,Adam,15,-1.8745814561843872
98,Adam,16,-1.8770581483840942
98,Adam,17,-1.8794124126434326
98,Adam,18,-1.8816462755203247
98,Adam,19,-1.8837641477584839
98,Adam,20,-1.8857688903808594
98,Adam,21,-1.8876651525497437
98,Adam,22,-1.8894579410552979
98,Adam,23,-1.8911511898040771
98,Adam,24,-1.8927479982376099
98,Adam,25,-1.8942543268203735
98,Adam,26,-1.895675778388977
98,Adam,27,-1.8970139026641846
98,Adam,28,-1.8982757329940796
98,Adam,29,-1.8994636535644531
98,Adam,30,-1.900582194328308
98,Adam,31,-1.901637077331543
98,Adam,32,-1.9026302099227905
98,Adam,33,-1.9035661220550537
98,Adam,34,-1.90444815158844
98,Adam,35,-1.9052791595458984
98,Adam,36,-1.9060624837875366
98,Adam,37,-1.906801462173462
98,Adam,38,-1.907499074935913
98,Adam,39,-1.9081568717956543
98,Adam,40,-1.9087786674499512
98,Adam,41,-1.9093650579452515
98,Adam,42,-1.909920573234558
98,Adam,43,-1.9104464054107666
98,Adam,44,-1.9109437465667725
98,Adam,45,-1.9114141464233398
98,Adam,46,-1.9118611812591553
98,Adam,47,-1.9122836589813232
98,Adam,48,-1.9126863479614258
98,Adam,49,-1.9130674600601196
98,Adam,50,-1.9134305715560913
98,Adam,51,-1.913775086402893
98,Adam,52,-1.9141042232513428
98,Adam,53,-1.9144165515899658
98,Adam,54,-1.9147149324417114
98,Adam,55,-1.9149997234344482
98,Adam,56,-1.9152709245681763
98,Adam,57,-1.915530800819397
98,Adam,58,-1.9157785177230835
98,Adam,59,-1.9160164594650269
98,Adam,60,-1.9162436723709106
98,LBFGS,1,-1.8698549270629883
98,LBFGS,2,-1.9108617305755615
98,LBFGS,3,-1.917102575302124
98,LBFGS,4,-1.9213999509811401
98,LBFGS,5,-1.923362374305725
98,LBFGS,6,-1.9244667291641235
98,LBFGS,7,-1.9250571727752686
98,LBFGS,8,-1.9253779649734497
98,LBFGS,9,-1.9255980253219604
98,LBFGS,10,-1.9256598949432373
98,LBFGS,11,-1.9257311820983887
98,LBFGS,12,-1.9257540702819824
98,LBFGS,13,-1.9257707595825195
98,LBFGS,14,-1.9257795810699463
98,LBFGS,15,-1.9257856607437134
98,LBFGS,16,-1.9257875680923462
98,LBFGS,17,-1.9257898330688477
98,LBFGS,18,-1.9257904291152954
98,LBFGS,19,-1.925790548324585
98,LBFGS,20,-1.9257911443710327
98,LBFGS,21,-1.9257911443710327
98,LBFGS,22,-1.9257912635803223
98,LBFGS,23,-1.9257912635803223
98,LBFGS,24,-1.9257912635803223
98,LBFGS,25,-1.9257912635803223
98,LBFGS,26,-1.9257912635803223
98,LBFGS,27,-1.9257912635803223
98,LBFGS,28,-1.9257912635803223
98,LBFGS,29,-1.9257912635803223
98,LBFGS,30,-1.9257912635803223
98,LBFGS,31,-1.9257912635803223
98,LBFGS,32,-1.9257912635803223
98,LBFGS,33,-1.9257912635803223
98,LBFGS,34,-1.9257912635803223
98,LBFGS,35,-1.9257912635803223
98,LBFGS,36,-1.9257912635803223
98,LBFGS,37,-1.9257912635803223
98,LBFGS,38,-1.9257912635803223
98,LBFGS,39,-1.9257912635803223
98,LBFGS,40,-1.9257912635803223
98,LBFGS,41,-1.9257912635803223
98,LBFGS,42,-1.9257912635803223
98,LBFGS,43,-1.9257912635803223
98,LBFGS,44,-1.9257912635803223
98,LBFGS,45,-1.9257912635803223
98,LBFGS,46,-1.9257912635803223
98,LBFGS,47,-1.9257912635803223
98,LBFGS,48,-1.9257912635803223
98,LBFGS,49,-1.9257912635803223
98,LBFGS,50,-1.9257912635803223
98,LBFGS,51,-1.9257912635803223
98,LBFGS,52,-1.9257912635803223
98,LBFGS,53,-1.9257912635803223
98,LBFGS,54,-1.9257912635803223
98,LBFGS,55,-1.9257912635803223
98,LBFGS,56,-1.9257912635803223
98,LBFGS,57,-1.9257912635803223
98,LBFGS,58,-1.9257912635803223
98,LBFGS,59,-1.9257912635803223
98,LBFGS,60,-1.9257912635803223
98,PSO,1,-1.8969544172286987
98,PSO,2,-1.9112788438796997
98,PSO,3,-1.9210195541381836
98,PSO,4,-1.9255553483963013
98,PSO,5,-1.9257806539535522
98,PSO,6,-1.9257806539535522
98,PSO,7,-1.9257903099060059
98,PSO,8,-1.9257910251617432
98,PSO,9,-1.9257911443710327
98,PSO,10,-1.9257911443710327
98,PSO,11,-1.9257911443710327
98,PSO,12,-1.9257911443710327
98,PSO,13,-1.9257911443710327
98,PSO,14,-1.9257912635803223
98,PSO,15,-1.9257912635803223
98,PSO,16,-1.9257913827896118
98,PSO,17,-1.9257913827896118
98,PSO,18,-1.9257913827896118
98,PSO,19,-1.9257913827896118
98,PSO,20,-1.9257913827896118
98,PSO,21,-1.9257913827896118
98,PSO,22,-1.9257913827896118
98,PSO,23,-1.9257915019989014
98,PSO,24,-1.9257915019989014
98,PSO,25,-1.9257915019989014
98,PSO,26,-1.9257915019989014
98,PSO,27,-1.9257915019989014
98,PSO,28,-1.9257915019989014
98,PSO,29,-1.9257915019989014
98,PSO,30,-1.9257915019989014
98,PSO,31,-1.9257915019989014
98,PSO,32,-1.9257915019989014
98,PSO,33,-1.9257915019989014
98,PSO,34,-1.9257915019989014
98,PSO,35,-1.9257915019989014
98,PSO,36,-1.9257915019989014
98,PSO,37,-1.9257915019989014
98,PSO,38,-1.9257915019989014
98,PSO,39,-1.9257915019989014
98,PSO,40,-1.9257915019989014
98,PSO,41,-1.9257915019989014
98,PSO,42,-1.9257915019989014
98,PSO,43,-1.9257915019989014
98,PSO,44,-1.9257915019989014
98,PSO,45,-1.9257915019989014
98,PSO,46,-1.9257915019989014
98,PSO,47,-1.9257915019989014
98,PSO,48,-1.9257915019989014
98,PSO,49,-1.9257915019989014
98,PSO,50,-1.9257915019989014
98,PSO,51,-1.9257915019989014
98,PSO,52,-1.9257915019989014
98,PSO,53,-1.9257915019989014
98,PSO,54,-1.9257915019989014
98,PSO,55,-1.9257915019989014
98,PSO,56,-1.9257915019989014
98,PSO,57,-1.9257915019989014
98,PSO,58,-1.9257915019989014
98,PSO,59,-1.9257915019989014
98,PSO,60,-1.9257915019989014
98,DE,1,-1.9005435705184937
98,DE,2,-1.9089763164520264
98,DE,3,-1.9089763164520264
98,DE,4,-1.9146361351013184
98,DE,5,-1.9150190353393555
98,DE,6,-1.9150190353393555
98,DE,7,-1.9150190353393555
98,DE,8,-1.9172769784927368
98,DE,9,-1.9172769784927368
98,DE,10,-1.9172769784927368
98,DE,11,-1.9189505577087402
98,DE,12,-1.9189505577087402
98,DE,13,-1.9189505577087402
98,DE,14,-1.9219074249267578
98,DE,15,-1.9219074249267578
98,DE,16,-1.9222325086593628
98,DE,17,-1.9224793910980225
98,DE,18,-1.9224793910980225
98,DE,19,-1.9231531620025635
98,DE,20,-1.9231531620025635
98,DE,21,-1.923474669456482
98,DE,22,-1.924127221107483
98,DE,23,-1.924127221107483
98,DE,24,-1.924127221107483
98,DE,25,-1.9242631196975708
98,DE,26,-1.9243314266204834
98,DE,27,-1.924372911453247
98,DE,28,-1.9245351552963257
98,DE,29,-1.9248789548873901
98,DE,30,-1.925150990486145
98,DE,31,-1.925150990486145
98,DE,32,-1.925150990486145
98,DE,33,-1.925150990486145
98,DE,34,-1.925150990486145
98,DE,35,-1.925150990486145
98,DE,36,-1.9254369735717773
98,DE,37,-1.9254859685897827
98,DE,38,-1.9254859685897827
98,DE,39,-1.9254859685897827
98,DE,40,-1.9254859685897827
98,DE,41,-1.9255666732788086
98,DE,42,-1.9255666732788086
98,DE,43,-1.9256067276000977
98,DE,44,-1.925632119178772
98,DE,45,-1.9256426095962524
98,DE,46,-1.9256426095962524
98,DE,47,-1.925683617591858
98,DE,48,-1.9256842136383057
98,DE,49,-1.9256842136383057
98,DE,50,-1.9256842136383057
98,DE,51,-1.9256842136383057
98,DE,52,-1.9257041215896606
98,DE,53,-1.9257234334945679
98,DE,54,-1.9257234334945679
98,DE,55,-1.9257234334945679
98,DE,56,-1.9257291555404663
98,DE,57,-1.9257307052612305
98,DE,58,-1.925735354423523
98,DE,59,-1.925735354423523
98,DE,60,-1.925747036933899
98,PSO+LBFGS,1,-1.8762125968933105
98,PSO+LBFGS,2,-1.8880566358566284
98,PSO+LBFGS,3,-1.917937994003296
98,PSO+LBFGS,4,-1.9257240295410156
98,PSO+LBFGS,5,-1.9257749319076538
98,PSO+LBFGS,6,-1.9257906675338745
98,PSO+LBFGS,7,-1.9257906675338745
98,PSO+LBFGS,8,-1.9257912635803223
98,PSO+LBFGS,9,-1.9257912635803223
98,PSO+LBFGS,10,-1.9257913827896118
98,PSO+LBFGS,11,-1.9257913827896118
98,PSO+LBFGS,12,-1.9257913827896118
98,PSO+LBFGS,13,-1.9257913827896118
98,PSO+LBFGS,14,-1.9257913827896118
98,PSO+LBFGS,15,-1.9257913827896118
98,PSO+LBFGS,16,-1.9257913827896118
98,PSO+LBFGS,17,-1.9257913827896118
98,PSO+LBFGS,18,-1.9257913827896118
98,PSO+LBFGS,19,-1.9257913827896118
98,PSO+LBFGS,20,-1.9257913827896118
98,PSO+LBFGS,21,-1.9257913827896118
98,PSO+LBFGS,22,-1.9257913827896118
98,PSO+LBFGS,23,-1.9257913827896118
98,PSO+LBFGS,24,-1.9257913827896118
98,PSO+LBFGS,25,-1.9257913827896118
98,PSO+LBFGS,26,-1.9257913827896118
98,PSO+LBFGS,27,-1.9257913827896118
98,PSO+LBFGS,28,-1.9257913827896118
98,PSO+LBFGS,29,-1.9257913827896118
98,PSO+LBFGS,30,-1.9257915019989014
98,PSO+LBFGS,31,-1.9257915019989014
98,PSO+LBFGS,32,-1.9257915019989014
98,PSO+LBFGS,33,-1.9257915019989014
98,PSO+LBFGS,34,-1.9257915019989014
98,PSO+LBFGS,35,-1.9257915019989014
98,PSO+LBFGS,36,-1.9257915019989014
98,PSO+LBFGS,37,-1.9257915019989014
98,PSO+LBFGS,38,-1.9257915019989014
98,PSO+LBFGS,39,-1.9257915019989014
98,PSO+LBFGS,40,-1.9257915019989014
98,PSO+LBFGS,41,-1.9257910251617432
98,PSO+LBFGS,42,-1.9257910251617432
98,PSO+LBFGS,43,-1.9257910251617432
98,PSO+LBFGS,44,-1.9257910251617432
98,PSO+LBFGS,45,-1.9257910251617432
98,PSO+LBFGS,46,-1.9257910251617432
98,PSO+LBFGS,47,-1.9257910251617432
98,PSO+LBFGS,48,-1.9257910251617432
98,PSO+LBFGS,49,-1.9257910251617432
98,PSO+LBFGS,50,-1.9257910251617432
98,PSO+LBFGS,51,-1.9257910251617432
98,PSO+LBFGS,52,-1.9257910251617432
98,PSO+LBFGS,53,-1.9257910251617432
98,PSO+LBFGS,54,-1.9257910251617432
98,PSO+LBFGS,55,-1.9257910251617432
98,PSO+LBFGS,56,-1.9257910251617432
98,PSO+LBFGS,57,-1.9257910251617432
98,PSO+LBFGS,58,-1.9257910251617432
98,PSO+LBFGS,59,-1.9257910251617432
98,PSO+LBFGS,60,-1.9257910251617432
99,Adam,1,-2.0498976707458496
99,Adam,2,-2.054854393005371
99,Adam,3,-2.0597078800201416
99,Adam,4,-2.0644516944885254
99,Adam,5,-2.0690760612487793
99,Adam,6,-2.0735747814178467
99,Adam,7,-2.0779426097869873
99,Adam,8,-2.0821714401245117
99,Adam,9,-2.0862598419189453
99,Adam,10,-2.0902040004730225
99,Adam,11,-2.0940022468566895
99,Adam,12,-2.0976550579071045
99,Adam,13,-2.1011617183685303
99,Adam,14,-2.104522228240967
99,Adam,15,-2.1077427864074707
99,Adam,16,-2.1108241081237793
99,Adam,17,-2.113769054412842
99,Adam,18,-2.116582155227661
99,Adam,19,-2.1192665100097656
99,Adam,20,-2.121828079223633
99,Adam,21,-2.124267816543579
99,Adam,22,-2.126593828201294
99,Adam,23,-2.128807783126831
99,Adam,24,-2.1309142112731934
99,Adam,25,-2.1329197883605957
99,Adam,26,-2.1348276138305664
99,Adam,27,-2.136641263961792
99,Adam,28,-2.138364791870117
99,Adam,29,-2.140002489089966
99,Adam,30,-2.141556978225708
99,Adam,31,-2.1430344581604004
99,Adam,32,-2.144437789916992
99,Adam,33,-2.145768880844116
99,Adam,34,-2.147031307220459
99,Adam,35,-2.148228168487549
99,Adam,36,-2.1493608951568604
99,Adam,37,-2.1504361629486084
99,Adam,38,-2.1514554023742676
99,Adam,39,-2.152419328689575
99,Adam,40,-2.1533305644989014
99,Adam,41,-2.154193162918091
99,Adam,42,-2.1550092697143555
99,Adam,43,-2.155782699584961
99,Adam,44,-2.1565120220184326
99,Adam,45,-2.1572041511535645
99,Adam,46,-2.1578586101531982
99,Adam,47,-2.1584784984588623
99,Adam,48,-2.159066915512085
99,Adam,49,-2.1596250534057617
99,Adam,50,-2.1601552963256836
99,Adam,51,-2.1606595516204834
99,Adam,52,-2.161139726638794
99,Adam,53,-2.161595582962036
99,Adam,54,-2.1620311737060547
99,Adam,55,-2.162445545196533
99,Adam,56,-2.1628434658050537
99,Adam,57,-2.163224935531616
99,Adam,58,-2.163588762283325
99,Adam,59,-2.1639373302459717
99,Adam,60,-2.1642701625823975
99,LBFGS,1,-2.123671531677246
99,LBFGS,2,-2.158229112625122
99,LBFGS,3,-2.1667754650115967
99,LBFGS,4,-2.1721065044403076
99,LBFGS,5,-2.1747031211853027
99,LBFGS,6,-2.1761326789855957
99,LBFGS,7,-2.176812171936035
99,LBFGS,8,-2.1773977279663086
99,LBFGS,9,-2.1776208877563477
99,LBFGS,10,-2.1777539253234863
99,LBFGS,11,-2.177832841873169
99,LBFGS,12,-2.1778767108917236
99,LBFGS,13,-2.17789888381958
99,LBFGS,14,-2.1779122352600098
99,LBFGS,15,-2.1779210567474365
99,LBFGS,16,-2.177924156188965
99,LBFGS,17,-2.1779277324676514
99,LBFGS,18,-2.1779284477233887
99,LBFGS,19,-2.177929162979126
99,LBFGS,20,-2.177929401397705
99,LBFGS,21,-2.177929639816284
99,LBFGS,22,-2.1779298782348633
99,LBFGS,23,-2.1779298782348633
99,LBFGS,24,-2.1779298782348633
99,LBFGS,25,-2.1779298782348633
99,LBFGS,26,-2.1779298782348633
99,LBFGS,27,-2.1779298782348633
99,LBFGS,28,-2.1779298782348633
99,LBFGS,29,-2.1779298782348633
99,LBFGS,30,-2.1779298782348633
99,LBFGS,31,-2.1779298782348633
99,LBFGS,32,-2.1779298782348633
99,LBFGS,33,-2.1779298782348633
99,LBFGS,34,-2.1779298782348633
99,LBFGS,35,-2.1779298782348633
99,LBFGS,36,-2.1779298782348633
99,LBFGS,37,-2.1779298782348633
99,LBFGS,38,-2.1779298782348633
99,LBFGS,39,-2.1779298782348633
99,LBFGS,40,-2.1779298782348633
99,LBFGS,41,-2.1779298782348633
99,LBFGS,42,-2.1779298782348633
99,LBFGS,43,-2.1779298782348633
99,LBFGS,44,-2.1779298782348633
99,LBFGS,45,-2.1779298782348633
99,LBFGS,46,-2.1779298782348633
99,LBFGS,47,-2.1779298782348633
99,LBFGS,48,-2.1779298782348633
99,LBFGS,49,-2.1779298782348633
99,LBFGS,50,-2.1779298782348633
99,LBFGS,51,-2.1779298782348633
99,LBFGS,52,-2.1779298782348633
99,LBFGS,53,-2.1779298782348633
99,LBFGS,54,-2.1779298782348633
99,LBFGS,55,-2.1779298782348633
99,LBFGS,56,-2.1779298782348633
99,LBFGS,57,-2.1779298782348633
99,LBFGS,58,-2.1779298782348633
99,LBFGS,59,-2.1779298782348633
99,LBFGS,60,-2.1779298782348633
99,PSO,1,-2.156111240386963
99,PSO,2,-2.174004316329956
99,PSO,3,-2.176093101501465
99,PSO,4,-2.177686929702759
99,PSO,5,-2.1779232025146484
99,PSO,6,-2.177928924560547
99,PSO,7,-2.177929162979126
99,PSO,8,-2.177929162979126
99,PSO,9,-2.177929162979126
99,PSO,10,-2.177929401397705
99,PSO,11,-2.177929401397705
99,PSO,12,-2.177929401397705
99,PSO,13,-2.177929401397705
99,PSO,14,-2.177929401397705
99,PSO,15,-2.177929401397705
99,PSO,16,-2.177929401397705
99,PSO,17,-2.177929639816284
99,PSO,18,-2.177929639816284
99,PSO,19,-2.177929639816284
99,PSO,20,-2.177929639816284
99,PSO,21,-2.177929639816284
99,PSO,22,-2.177929639816284
99,PSO,23,-2.177929639816284
99,PSO,24,-2.177929639816284
99,PSO,25,-2.177929639816284
99,PSO,26,-2.177929639816284
99,PSO,27,-2.177929639816284
99,PSO,28,-2.1779298782348633
99,PSO,29,-2.1779298782348633
99,PSO,30,-2.1779298782348633
99,PSO,31,-2.1779298782348633
99,PSO,32,-2.1779298782348633
99,PSO,33,-2.1779298782348633
99,PSO,34,-2.1779298782348633
99,PSO,35,-2.1779298782348633
99,PSO,36,-2.1779298782348633
99,PSO,37,-2.1779298782348633
99,PSO,38,-2.1779298782348633
99,PSO,39,-2.1779298782348633
99,PSO,40,-2.1779298782348633
99,PSO,41,-2.1779298782348633
99,PSO,42,-2.1779298782348633
99,PSO,43,-2.1779298782348633
99,PSO,44,-2.1779298782348633
99,PSO,45,-2.1779298782348633
99,PSO,46,-2.1779298782348633
99,PSO,47,-2.1779298782348633
99,PSO,48,-2.1779298782348633
99,PSO,49,-2.1779298782348633
99,PSO,50,-2.1779298782348633
99,PSO,51,-2.1779298782348633
99,PSO,52,-2.1779298782348633
99,PSO,53,-2.1779298782348633
99,PSO,54,-2.1779298782348633
99,PSO,55,-2.1779298782348633
99,PSO,56,-2.1779298782348633
99,PSO,57,-2.1779298782348633
99,PSO,58,-2.1779298782348633
99,PSO,59,-2.1779298782348633
99,PSO,60,-2.1779298782348633
99,DE,1,-2.129596710205078
99,DE,2,-2.1543145179748535
99,DE,3,-2.1577229499816895
99,DE,4,-2.1577229499816895
99,DE,5,-2.173933982849121
99,DE,6,-2.173933982849121
99,DE,7,-2.173933982849121
99,DE,8,-2.173933982849121
99,DE,9,-2.173933982849121
99,DE,10,-2.173933982849121
99,DE,11,-2.173933982849121
99,DE,12,-2.173933982849121
99,DE,13,-2.173933982849121
99,DE,14,-2.173933982849121
99,DE,15,-2.1749699115753174
99,DE,16,-2.1749699115753174
99,DE,17,-2.1749699115753174
99,DE,18,-2.1754138469696045
99,DE,19,-2.1754138469696045
99,DE,20,-2.1755967140197754
99,DE,21,-2.1765451431274414
99,DE,22,-2.1766245365142822
99,DE,23,-2.1767873764038086
99,DE,24,-2.1767873764038086
99,DE,25,-2.1776556968688965
99,DE,26,-2.1776556968688965
99,DE,27,-2.1776556968688965
99,DE,28,-2.1776556968688965
99,DE,29,-2.1776556968688965
99,DE,30,-2.1776556968688965
99,DE,31,-2.1776556968688965
99,DE,32,-2.1776556968688965
99,DE,33,-2.1776556968688965
99,DE,34,-2.1776556968688965
99,DE,35,-2.1776556968688965
99,DE,36,-2.1776556968688965
99,DE,37,-2.1776556968688965
99,DE,38,-2.1776556968688965
99,DE,39,-2.1776556968688965
99,DE,40,-2.177682638168335
99,DE,41,-2.177741289138794
99,DE,42,-2.177741289138794
99,DE,43,-2.1777615547180176
99,DE,44,-2.1777615547180176
99,DE,45,-2.1778504848480225
99,DE,46,-2.1778597831726074
99,DE,47,-2.1778597831726074
99,DE,48,-2.1778597831726074
99,DE,49,-2.1778597831726074
99,DE,50,-2.1778597831726074
99,DE,51,-2.177868366241455
99,DE,52,-2.177868366241455
99,DE,53,-2.177868366241455
99,DE,54,-2.177868366241455
99,DE,55,-2.17787504196167
99,DE,56,-2.1778860092163086
99,DE,57,-2.1778860092163086
99,DE,58,-2.1778969764709473
99,DE,59,-2.177900791168213
99,DE,60,-2.177900791168213
99,PSO+LBFGS,1,-2.16726016998291
99,PSO+LBFGS,2,-2.1760525703430176
99,PSO+LBFGS,3,-2.17765212059021
99,PSO+LBFGS,4,-2.1779277324676514
99,PSO+LBFGS,5,-2.177929639816284
99,PSO+LBFGS,6,-2.177929639816284
99,PSO+LBFGS,7,-2.177929639816284
99,PSO+LBFGS,8,-2.177929639816284
99,PSO+LBFGS,9,-2.177929639816284
99,PSO+LBFGS,10,-2.177929639816284
99,PSO+LBFGS,11,-2.177929639816284
99,PSO+LBFGS,12,-2.177929639816284
99,PSO+LBFGS,13,-2.177929639816284
99,PSO+LBFGS,14,-2.177929639816284
99,PSO+LBFGS,15,-2.177929639816284
99,PSO+LBFGS,16,-2.177929639816284
99,PSO+LBFGS,17,-2.177929639816284
99,PSO+LBFGS,18,-2.177929639816284
99,PSO+LBFGS,19,-2.177929639816284
99,PSO+LBFGS,20,-2.177929639816284
99,PSO+LBFGS,21,-2.177929639816284
99,PSO+LBFGS,22,-2.177929639816284
99,PSO+LBFGS,23,-2.1779298782348633
99,PSO+LBFGS,24,-2.1779298782348633
99,PSO+LBFGS,25,-2.1779298782348633
99,PSO+LBFGS,26,-2.1779298782348633
99,PSO+LBFGS,27,-2.1779298782348633
99,PSO+LBFGS,28,-2.1779298782348633
99,PSO+LBFGS,29,-2.1779298782348633
99,PSO+LBFGS,30,-2.1779298782348633
99,PSO+LBFGS,31,-2.1779298782348633
99,PSO+LBFGS,32,-2.1779298782348633
99,PSO+LBFGS,33,-2.1779298782348633
99,PSO+LBFGS,34,-2.1779298782348633
99,PSO+LBFGS,35,-2.1779298782348633
99,PSO+LBFGS,36,-2.1779298782348633
99,PSO+LBFGS,37,-2.1779298782348633
99,PSO+LBFGS,38,-2.1779298782348633
99,PSO+LBFGS,39,-2.1779298782348633
99,PSO+LBFGS,40,-2.1779298782348633
99,PSO+LBFGS,41,-2.177929401397705
99,PSO+LBFGS,42,-2.177929401397705
99,PSO+LBFGS,43,-2.177929401397705
99,PSO+LBFGS,44,-2.177929401397705
99,PSO+LBFGS,45,-2.177929401397705
99,PSO+LBFGS,46,-2.177929401397705
99,PSO+LBFGS,47,-2.177929401397705
99,PSO+LBFGS,48,-2.177929401397705
99,PSO+LBFGS,49,-2.177929401397705
99,PSO+LBFGS,50,-2.177929401397705
99,PSO+LBFGS,51,-2.177929401397705
99,PSO+LBFGS,52,-2.177929401397705
99,PSO+LBFGS,53,-2.177929401397705
99,PSO+LBFGS,54,-2.177929401397705
99,PSO+LBFGS,55,-2.177929401397705
99,PSO+LBFGS,56,-2.177929401397705
99,PSO+LBFGS,57,-2.177929401397705
99,PSO+LBFGS,58,-2.177929401397705
99,PSO+LBFGS,59,-2.177929401397705
99,PSO+LBFGS,60,-2.177929401397705
