scenario_id,test_index,optimizer,initial_objective,objective,objective_gain,initial_quality,quality,quality_change,initial_energy,energy,energy_change,quality_shortfall,energy_excess,bound_violation,rate_violation,support_violation,max_violation,feasible,solve_seconds,iterations,evaluations,command_distance,physical_distance,optimal_u1_feed_rate,optimal_u2_water_rate,optimal_u3_reagent_rate,optimal_u4_speed,optimal_u5_temperature_setpoint
0,7467,Adam,-1.5711215734481812,-1.770364761352539,0.1992431879043579,89.83524322509766,89.99970245361328,0.164459228515625,72.13152313232422,71.96297454833984,-0.168548583984375,0.0,0.0,0.0,0.0,0.0,0.0,True,0.16658389999975043,60,60,0.09620443731546402,1.1674492359161377,114.83358764648438,87.39400482177734,3.7398324012756348,80.81674194335938,66.9175033569336
0,7467,SGD,-1.5711215734481812,-1.6623401641845703,0.09121859073638916,89.83524322509766,89.89025115966797,0.0550079345703125,72.13152313232422,72.04315948486328,-0.0883636474609375,0.0,0.0,0.0,0.0,0.0,0.0,True,0.20816850000119302,60,60,0.034851331263780594,0.4132835268974304,114.1597900390625,87.74473571777344,3.7771551609039307,80.97410583496094,66.7544174194336
0,7467,RMSprop,-1.5711215734481812,-1.7739598751068115,0.20283830165863037,89.83524322509766,90.00312042236328,0.167877197265625,72.13152313232422,71.95982360839844,-0.17169952392578125,0.0,0.0,0.0,0.0,0.0,0.0,True,0.1473518000002514,60,60,0.09821858257055283,1.194342851638794,114.85354614257812,87.37853240966797,3.739375591278076,80.80926513671875,66.9229507446289
0,7467,LBFGS,-1.5711215734481812,-1.792811632156372,0.22169005870819092,89.83524322509766,90.0156478881836,0.1804046630859375,72.13152313232422,71.93692016601562,-0.19460296630859375,0.0,0.0,0.0,0.0,0.0,0.0,True,0.178074800000104,60,83,0.11180224269628525,1.345836877822876,114.97045135498047,87.29627990722656,3.730717182159424,80.76683807373047,66.94945526123047
1,7795,Adam,-1.6303828954696655,-1.808519959449768,0.17813706398010254,88.33796691894531,88.7403564453125,0.4023895263671875,70.726806640625,70.79859161376953,0.07178497314453125,0.0,0.0,0.0,0.0,0.0,0.0,True,0.2412002000000939,60,60,0.09638222306966782,1.1631438732147217,120.73114013671875,90.7731704711914,3.458937883377075,79.40998077392578,64.74604034423828
1,7795,SGD,-1.6303828954696655,-1.702620506286621,0.07223761081695557,88.33796691894531,88.47769927978516,0.13973236083984375,70.726806640625,70.74134063720703,0.01453399658203125,0.0,0.0,0.0,0.0,0.0,0.0,True,0.23523070000010193,60,60,0.031296223402023315,0.311861127614975,121.38751220703125,90.26361846923828,3.42221736907959,79.2078857421875,64.62586212158203
1,7795,RMSprop,-1.6303828954696655,-1.8118271827697754,0.18144428730010986,88.33796691894531,88.74859619140625,0.4106292724609375,70.726806640625,70.80008697509766,0.07328033447265625,0.0,0.0,0.0,0.0,0.0,0.0,True,0.3706415999986348,60,60,0.09844861179590225,1.1885472536087036,120.71083068847656,90.78546905517578,3.4597277641296387,79.4174575805664,64.7514419555664
1,7795,LBFGS,-1.6303828954696655,-1.8287062644958496,0.19832336902618408,88.33796691894531,88.79804229736328,0.46007537841796875,70.726806640625,70.81266021728516,0.08585357666015625,0.0,0.0,0.0,0.0,0.0,0.0,True,0.3673574999993434,60,83,0.11180280894041061,1.3458325862884521,120.60667419433594,90.89686584472656,3.467095136642456,79.4572982788086,64.7770004272461
2,7643,Adam,-1.7699451446533203,-1.8859442472457886,0.11599910259246826,88.80706787109375,89.1146240234375,0.30755615234375,70.93461608886719,71.0157699584961,0.08115386962890625,0.0,0.0,0.0,0.0,0.0,0.0,True,0.39301139999952284,60,60,0.09265776723623276,1.0468714237213135,115.7159194946289,87.33267211914062,3.5335352420806885,79.46538543701172,64.99287414550781
2,7643,SGD,-1.7699451446533203,-1.8106238842010498,0.04067873954772949,88.80706787109375,88.90135192871094,0.0942840576171875,70.93461608886719,70.95647430419922,0.02185821533203125,0.0,0.0,0.0,0.0,0.0,0.0,True,0.3096117000004597,60,60,0.023911286145448685,0.18160438537597656,116.39813995361328,86.82450866699219,3.4969940185546875,79.24356079101562,64.84910583496094
2,7643,RMSprop,-1.7699451446533203,-1.8878374099731445,0.11789226531982422,88.80706787109375,89.12063598632812,0.313568115234375,70.93461608886719,71.01786041259766,0.08324432373046875,0.0,0.0,0.0,0.0,0.0,0.0,True,0.47650550000071235,60,60,0.09366143494844437,1.0367381572723389,115.73308563232422,87.3301773071289,3.5345189571380615,79.47291564941406,64.99830627441406
2,7643,LBFGS,-1.7699451446533203,-1.8976894617080688,0.12774431705474854,88.80706787109375,89.15679931640625,0.3497314453125,70.93461608886719,71.03059387207031,0.095977783203125,0.0,0.0,0.0,0.0,0.0,0.0,True,1.0985883000012109,60,465,0.10420199483633041,1.1139036417007446,115.71665954589844,87.40689086914062,3.5409862995147705,79.5152816772461,65.02465057373047
3,7465,Adam,-1.3242319822311401,-1.5635044574737549,0.23927247524261475,89.70597839355469,89.88475799560547,0.17877960205078125,72.38043975830078,72.1654281616211,-0.2150115966796875,0.0,0.0,0.0,0.0,0.0,0.0,True,0.19653530000141473,60,60,0.09690859913825989,1.1669522523880005,114.46812438964844,87.39507293701172,3.760023832321167,80.92191314697266,66.90856170654297
3,7465,SGD,-1.3242319822311401,-1.4496371746063232,0.1254051923751831,89.70597839355469,89.76402282714844,0.05804443359375,72.38043975830078,72.2437515258789,-0.136688232421875,0.0,0.0,0.0,0.0,0.0,0.0,True,0.1401002000002336,60,60,0.039552751928567886,0.45199868083000183,113.76811218261719,87.7017593383789,3.79732346534729,81.04621124267578,66.74533081054688
3,7465,RMSprop,-1.3242319822311401,-1.5679707527160645,0.24373877048492432,89.70597839355469,89.88818359375,0.1822052001953125,72.38043975830078,72.16092681884766,-0.219512939453125,0.0,0.0,0.0,0.0,0.0,0.0,True,0.12496110000029148,60,60,0.0990859642624855,1.1936794519424438,114.48785400390625,87.37963104248047,3.7591676712036133,80.9144058227539,66.91400146484375
3,7465,LBFGS,-1.3242319822311401,-1.5909976959228516,0.2667657136917114,89.70597839355469,89.90458679199219,0.1986083984375,72.38043975830078,72.13565063476562,-0.24478912353515625,0.0,0.0,0.0,0.0,0.0,0.0,True,0.1868558000005578,60,83,0.11180312186479568,1.3458369970321655,114.60832977294922,87.2998275756836,3.752284049987793,80.87395477294922,66.94058990478516
4,7447,Adam,-0.9037477374076843,-1.084157943725586,0.1804102063179016,88.58627319335938,88.78094482421875,0.194671630859375,72.01274871826172,71.89962005615234,-0.113128662109375,0.0,0.0,0.0,0.0,0.0,0.0,True,0.16061460000128136,60,60,0.09300035238265991,1.1754177808761597,114.17547607421875,85.3489761352539,3.8272581100463867,80.72454833984375,66.38928985595703
4,7447,SGD,-0.9037477374076843,-0.9811559319496155,0.07740819454193115,88.58627319335938,88.62810516357422,0.04183197021484375,72.01274871826172,71.9334716796875,-0.07927703857421875,0.0,0.0,0.0,0.0,0.0,0.0,True,0.1620072000005166,60,60,0.03242522105574608,0.4209443926811218,113.54122161865234,85.71439361572266,3.7952542304992676,80.89935302734375,66.21113586425781
4,7447,RMSprop,-0.9037477374076843,-1.0875816345214844,0.18383389711380005,88.58627319335938,88.7851791381836,0.19890594482421875,72.01274871826172,71.89737701416016,-0.1153717041015625,0.0,0.0,0.0,0.0,0.0,0.0,True,0.1540193000000727,60,60,0.0952385887503624,1.202655553817749,114.19578552246094,85.33340454101562,3.8282406330108643,80.71703338623047,66.39472961425781
4,7447,LBFGS,-0.9037477374076843,-1.1050748825073242,0.2013271450996399,88.58627319335938,88.8077621459961,0.22148895263671875,72.01274871826172,71.88602447509766,-0.1267242431640625,0.0,0.0,0.0,0.0,0.0,0.0,True,0.20466699999997218,60,95,0.10754953324794769,1.34549081325531,114.30284118652344,85.25355529785156,3.8348841667175293,80.67440795898438,66.42171478271484
5,7658,Adam,-1.0824943780899048,-1.2404050827026367,0.15791070461273193,87.57083892822266,87.90254211425781,0.33170318603515625,70.8565444946289,70.89808654785156,0.04154205322265625,0.0,0.0,0.0,0.0,0.0,0.0,True,0.15637129999959143,60,60,0.09087244421243668,0.9408662915229797,115.29888916015625,87.65251922607422,3.5228958129882812,78.98697662353516,65.05597686767578
5,7658,SGD,-1.0824943780899048,-1.1478279829025269,0.06533360481262207,87.57083892822266,87.69503784179688,0.12419891357421875,70.8565444946289,70.86778259277344,0.01123809814453125,0.0,0.0,0.0,0.0,0.0,0.0,True,0.148284999999305,60,60,0.02979114092886448,0.22453278303146362,115.7995834350586,87.13470458984375,3.486966371536255,78.80462646484375,64.92398834228516
5,7658,RMSprop,-1.0824943780899048,-1.2434563636779785,0.16096198558807373,87.57083892822266,87.91165924072266,0.3408203125,70.8565444946289,70.90132141113281,0.04477691650390625,0.0,0.0,0.0,0.0,0.0,0.0,True,0.14355490000161808,60,60,0.09157264977693558,0.9064888954162598,115.38667297363281,87.66668701171875,3.5239250659942627,78.99453735351562,65.06139373779297
5,7658,LBFGS,-1.0824943780899048,-1.2584760189056396,0.17598164081573486,87.57083892822266,87.95280456542969,0.38196563720703125,70.8565444946289,70.9110107421875,0.05446624755859375,0.0,0.0,0.0,0.0,0.0,0.0,True,0.20544669999981124,60,85,0.10193774104118347,0.9779135584831238,115.45481872558594,87.77430725097656,3.5298166275024414,79.03227996826172,65.08747100830078
6,7072,Adam,-1.456155776977539,-1.6459531784057617,0.18979740142822266,89.2075424194336,89.3865966796875,0.17905426025390625,71.74800109863281,71.61022186279297,-0.13777923583984375,0.0,0.0,0.0,0.0,0.0,0.0,True,0.1502691000005143,60,60,0.08497156202793121,1.0672084093093872,116.82841491699219,90.57202911376953,3.652433395385742,80.75881958007812,66.21565246582031
6,7072,SGD,-1.456155776977539,-1.5501506328582764,0.0939948558807373,89.2075424194336,89.26402282714844,0.05648040771484375,71.74800109863281,71.65675354003906,-0.09124755859375,0.0,0.0,0.0,0.0,0.0,0.0,True,0.16663490000064485,60,60,0.03524110093712807,0.375624418258667,116.1612319946289,90.92033386230469,3.6397554874420166,80.92202758789062,66.07566833496094
6,7072,RMSprop,-1.456155776977539,-1.6495652198791504,0.19340944290161133,89.2075424194336,89.387451171875,0.17990875244140625,71.74800109863281,71.60520935058594,-0.142791748046875,0.0,0.0,0.0,0.0,0.0,0.0,True,0.16536879999875964,60,60,0.08610285073518753,1.0659003257751465,116.8066635131836,90.5565185546875,3.6525418758392334,80.75133514404297,66.22106170654297
6,7072,LBFGS,-1.456155776977539,-1.6677672863006592,0.21161150932312012,89.2075424194336,89.40092468261719,0.19338226318359375,71.74800109863281,71.58662414550781,-0.161376953125,0.0,0.0,0.0,0.0,0.0,0.0,True,0.9965336999994179,60,491,0.09499038010835648,1.1476689577102661,116.82157897949219,90.47529602050781,3.6552278995513916,80.71053314208984,66.24710845947266
7,7131,Adam,0.24729585647583008,-0.18813535571098328,0.43543121218681335,89.17513275146484,89.53837585449219,0.36324310302734375,74.22184753417969,73.8805923461914,-0.34125518798828125,0.0,0.0,0.0,0.0,0.0,0.0,True,0.15176839999912772,60,60,0.0979624018073082,1.1584150791168213,112.90799713134766,90.82490539550781,3.7135002613067627,82.52291870117188,66.29633331298828
7,7131,SGD,0.24729585647583008,-0.06778299808502197,0.31507885456085205,89.17513275146484,89.3019027709961,0.12677001953125,74.22184753417969,73.86426544189453,-0.35758209228515625,0.0,0.0,0.0,0.0,0.0,0.0,True,0.16747200000099838,60,60,0.0529007688164711,0.5683222413063049,112.17537689208984,91.0329360961914,3.746156692504883,82.55912017822266,66.12154388427734
7,7131,RMSprop,0.24729585647583008,-0.19726237654685974,0.4445582330226898,89.17513275146484,89.5455093383789,0.3703765869140625,74.22184753417969,73.87250518798828,-0.34934234619140625,0.0,0.0,0.0,0.0,0.0,0.0,True,0.14540599999963888,60,60,0.10012993961572647,1.1831743717193604,112.92529296875,90.80972290039062,3.7125041484832764,82.5155258178711,66.30171966552734
7,7131,LBFGS,0.24729585647583008,-0.24070124328136444,0.4879970997571945,89.17513275146484,89.59102630615234,0.4158935546875,74.22184753417969,73.84327697753906,-0.378570556640625,0.0,0.0,0.0,0.0,0.0,0.0,True,1.1829583999988245,60,472,0.1118025928735733,1.3458198308944702,113.06884765625,90.73827362060547,3.707697629928589,82.48009490966797,66.32746124267578
8,7073,Adam,-1.7452833652496338,-1.9266880750656128,0.181404709815979,89.67428588867188,89.84370422363281,0.1694183349609375,71.73402404785156,71.6004409790039,-0.13358306884765625,0.0,0.0,0.0,0.0,0.0,0.0,True,0.14031030000114697,60,60,0.0839545950293541,1.057915210723877,116.87010955810547,90.64227294921875,3.6477694511413574,80.89517974853516,66.25212097167969
8,7073,SGD,-1.7452833652496338,-1.832745909690857,0.08746254444122314,89.67428588867188,89.73111724853516,0.05683135986328125,71.73402404785156,71.65286254882812,-0.0811614990234375,0.0,0.0,0.0,0.0,0.0,0.0,True,0.1363366000005044,60,60,0.03413264453411102,0.3574615716934204,116.21710968017578,91.00978088378906,3.6531925201416016,81.05847930908203,66.10871124267578
8,7073,RMSprop,-1.7452833652496338,-1.930144190788269,0.18486082553863525,89.67428588867188,89.84367370605469,0.1693878173828125,71.73402404785156,71.59490966796875,-0.1391143798828125,0.0,0.0,0.0,0.0,0.0,0.0,True,0.12453240000104415,60,60,0.085026316344738,1.0522897243499756,116.84117126464844,90.62652587890625,3.646888017654419,80.88758087158203,66.25749206542969
8,7073,LBFGS,-1.7452833652496338,-1.9474736452102661,0.20219027996063232,89.67428588867188,89.85694885253906,0.1826629638671875,71.73402404785156,71.57771301269531,-0.15631103515625,0.0,0.0,0.0,0.0,0.0,0.0,True,0.8414052000007359,60,442,0.09325435012578964,1.127676010131836,116.84329223632812,90.54389953613281,3.6493186950683594,80.84685516357422,66.28349304199219
9,7613,Adam,-1.2929528951644897,-1.3993405103683472,0.10638761520385742,88.09992218017578,88.40355682373047,0.3036346435546875,71.01300048828125,71.10779571533203,0.09479522705078125,0.0,0.0,0.0,0.0,0.0,0.0,True,0.1565454999999929,60,60,0.08510467410087585,0.865677535533905,114.8464584350586,86.29019165039062,3.598900318145752,79.14478302001953,64.7252197265625
9,7613,SGD,-1.2929528951644897,-1.3282321691513062,0.035279273986816406,88.09992218017578,88.1826171875,0.08269500732421875,71.01300048828125,71.03276824951172,0.01976776123046875,0.0,0.0,0.0,0.0,0.0,0.0,True,0.17585780000081286,60,60,0.022361168637871742,0.1392207145690918,114.14392852783203,86.12456512451172,3.563429355621338,78.91824340820312,64.57439422607422
9,7613,RMSprop,-1.2929528951644897,-1.4014159440994263,0.10846304893493652,88.09992218017578,88.40837860107422,0.3084564208984375,71.01300048828125,71.10861206054688,0.095611572265625,0.0,0.0,0.0,0.0,0.0,0.0,True,0.15742769999997108,60,60,0.08606667816638947,0.8438411355018616,114.81705474853516,86.28356170654297,3.600001335144043,79.15279388427734,64.73060607910156
9,7613,LBFGS,-1.2929528951644897,-1.4115111827850342,0.11855828762054443,88.09992218017578,88.43843078613281,0.33850860595703125,71.01300048828125,71.11685943603516,0.10385894775390625,0.0,0.0,0.0,0.0,0.0,0.0,True,0.783711800000674,60,356,0.0944320410490036,0.8784768581390381,114.83977508544922,86.23690795898438,3.605355978012085,79.1935043334961,64.75740814208984
10,7075,Adam,-2.0117380619049072,-2.194567918777466,0.1828298568725586,90.19824981689453,90.35530853271484,0.1570587158203125,71.80371856689453,71.65840148925781,-0.14531707763671875,0.0,0.0,0.0,0.0,0.0,0.0,True,0.13519979999909992,60,60,0.08056769520044327,0.8958112597465515,116.85641479492188,90.68362426757812,3.6536455154418945,81.0600814819336,66.28939056396484
10,7075,SGD,-2.0117380619049072,-2.101288080215454,0.08955001831054688,90.19824981689453,90.2587661743164,0.060516357421875,71.80371856689453,71.7226791381836,-0.0810394287109375,0.0,0.0,0.0,0.0,0.0,0.0,True,0.1365064000001439,60,60,0.034403350204229355,0.34771081805229187,116.45626831054688,91.06465148925781,3.6685924530029297,81.21415710449219,66.14537048339844
10,7075,RMSprop,-2.0117380619049072,-2.1981379985809326,0.1863999366760254,90.19824981689453,90.35757446289062,0.15932464599609375,71.80371856689453,71.654541015625,-0.14917755126953125,0.0,0.0,0.0,0.0,0.0,0.0,True,0.15466129999913392,60,60,0.08218874782323837,0.9083778858184814,116.84918212890625,90.66770935058594,3.653369426727295,81.05247497558594,66.29474639892578
10,7075,LBFGS,-2.0117380619049072,-2.2158708572387695,0.2041327953338623,90.19824981689453,90.37168884277344,0.17343902587890625,71.80371856689453,71.6376724243164,-0.166046142578125,0.0,0.0,0.0,0.0,0.0,0.0,True,0.9400475999991613,60,464,0.0901956707239151,0.9846612215042114,116.83036041259766,90.5852279663086,3.655155658721924,81.01284790039062,66.32076263427734
11,7569,Adam,-1.704598069190979,-1.8099894523620605,0.10539138317108154,89.18952941894531,89.3886947631836,0.19916534423828125,71.3671875,71.36817932128906,0.0009918212890625,0.0,0.0,0.0,0.0,0.0,0.0,True,0.16022960000009334,60,60,0.09385957568883896,1.148622989654541,112.5770034790039,85.5609130859375,3.8021204471588135,80.98576354980469,65.65065002441406
11,7569,SGD,-1.704598069190979,-1.7382245063781738,0.033626437187194824,89.18952941894531,89.24143981933594,0.051910400390625,71.3671875,71.36236572265625,-0.00482177734375,0.0,0.0,0.0,0.0,0.0,0.0,True,0.1345191000000341,60,60,0.021972494199872017,0.29885512590408325,111.90219116210938,86.012451171875,3.758516311645508,81.1991195678711,65.48258972167969
11,7569,RMSprop,-1.704598069190979,-1.8118921518325806,0.10729408264160156,89.18952941894531,89.39887237548828,0.20934295654296875,71.3671875,71.37398529052734,0.00679779052734375,0.0,0.0,0.0,0.0,0.0,0.0,True,0.15577420000045095,60,60,0.09471645951271057,1.170845627784729,112.59715270996094,85.54446411132812,3.802661895751953,81.00349426269531,65.65607452392578
11,7569,LBFGS,-1.704598069190979,-1.8214693069458008,0.11687123775482178,89.18952941894531,89.43193817138672,0.24240875244140625,71.3671875,71.38473510742188,0.017547607421875,0.0,0.0,0.0,0.0,0.0,0.0,True,0.20671999999831314,60,84,0.10451869666576385,1.313306450843811,112.71365356445312,85.45906066894531,3.8078880310058594,81.01370239257812,65.682861328125
12,7401,Adam,-2.004455327987671,-2.1133625507354736,0.10890722274780273,88.97007751464844,89.25358581542969,0.28350830078125,70.73357391357422,70.8046875,0.07111358642578125,0.0,0.0,0.0,0.0,0.0,0.0,True,0.12922230000003765,60,60,0.09102271497249603,1.0457148551940918,111.6358642578125,85.3474349975586,3.6551597118377686,79.64450073242188,65.2784423828125
12,7401,SGD,-2.004455327987671,-2.0378055572509766,0.033350229263305664,88.97007751464844,89.04541015625,0.0753326416015625,70.73357391357422,70.749755859375,0.01618194580078125,0.0,0.0,0.0,0.0,0.0,0.0,True,0.13346570000067004,60,60,0.021706117317080498,0.1734902560710907,110.87755584716797,84.986328125,3.617791175842285,79.39808654785156,65.13243103027344
12,7401,RMSprop,-2.004455327987671,-2.1154322624206543,0.1109769344329834,88.97007751464844,89.25931549072266,0.28923797607421875,70.73357391357422,70.8060531616211,0.072479248046875,0.0,0.0,0.0,0.0,0.0,0.0,True,0.22230630000012752,60,60,0.09259071946144104,1.0571720600128174,111.65403747558594,85.32699584960938,3.656235456466675,79.65235137939453,65.28385162353516
12,7401,LBFGS,-2.004455327987671,-2.1258206367492676,0.12136530876159668,88.97007751464844,89.29143524169922,0.32135772705078125,70.73357391357422,70.81462097167969,0.08104705810546875,0.0,0.0,0.0,1.1175870895385742e-08,0.0,1.1175870895385742e-08,True,1.0797911000008753,60,456,0.10283724963665009,1.1666916608810425,111.76455688476562,85.31364440917969,3.661860704421997,79.69383239746094,65.3104019165039
13,7654,Adam,-1.69019615650177,-1.8032222986221313,0.11302614212036133,88.68732452392578,88.98292541503906,0.29560089111328125,70.9463882446289,71.02165985107422,0.0752716064453125,0.0,0.0,0.0,0.0,0.0,0.0,True,0.1596609999996872,60,60,0.09202000498771667,1.0354361534118652,115.58598327636719,87.1897964477539,3.5047900676727295,79.41577911376953,65.0478286743164
13,7654,SGD,-1.69019615650177,-1.7298970222473145,0.039700865745544434,88.68732452392578,88.77704620361328,0.0897216796875,70.9463882446289,70.9656982421875,0.01930999755859375,0.0,0.0,0.0,0.0,0.0,0.0,True,0.13366139999925508,60,60,0.023610709235072136,0.17553839087486267,116.27095794677734,86.69853973388672,3.4684929847717285,79.18904876708984,64.90547180175781
13,7654,RMSprop,-1.69019615650177,-1.8050733804702759,0.11487722396850586,88.68732452392578,88.98780059814453,0.30047607421875,70.9463882446289,71.0229263305664,0.0765380859375,0.0,0.0,0.0,0.0,0.0,0.0,True,0.20247599999856902,60,60,0.09271980822086334,1.0194236040115356,115.59918975830078,87.17164611816406,3.505807638168335,79.42334747314453,65.0532455444336
13,7654,LBFGS,-1.69019615650177,-1.8147103786468506,0.12451422214508057,88.68732452392578,89.01771545410156,0.33039093017578125,70.9463882446289,71.03125762939453,0.084869384765625,0.0,0.0,0.0,0.0,0.0,0.0,True,0.967977800000881,60,484,0.10164260119199753,1.0690947771072388,115.55279541015625,87.16019439697266,3.5121195316314697,79.46712493896484,65.07962799072266
14,7436,Adam,-1.6127097606658936,-1.7072700262069702,0.09456026554107666,88.61858367919922,88.92251586914062,0.30393218994140625,70.99971771240234,71.11038970947266,0.1106719970703125,0.0,0.0,0.0,0.0,0.0,0.0,True,0.13207920000058948,60,60,0.08976973593235016,1.0152448415756226,114.36161804199219,85.57798767089844,3.7852280139923096,80.23661804199219,65.99073028564453
14,7436,SGD,-1.6127097606658936,-1.6404565572738647,0.02774679660797119,88.61858367919922,88.69029998779297,0.07171630859375,70.99971771240234,71.02113342285156,0.02141571044921875,0.0,0.0,0.0,0.0,0.0,0.0,True,0.14211660000000848,60,60,0.019919386133551598,0.1325700432062149,113.57494354248047,85.24212646484375,3.749760627746582,79.98491668701172,65.83617401123047
14,7436,RMSprop,-1.6127097606658936,-1.7090314626693726,0.096321702003479,88.61858367919922,88.9258804321289,0.3072967529296875,70.99971771240234,71.11036682128906,0.11064910888671875,0.0,0.0,0.0,0.0,0.0,0.0,True,0.1683736000013596,60,60,0.09073913842439651,1.011513352394104,114.37432098388672,85.52571868896484,3.7863171100616455,80.24486541748047,65.99613952636719
14,7436,LBFGS,-1.6127097606658936,-1.7177761793136597,0.10506641864776611,88.61858367919922,88.95991516113281,0.34133148193359375,70.99971771240234,71.12276458740234,0.123046875,0.0,0.0,0.0,0.0,0.0,0.0,True,0.9537402000005386,60,473,0.10178413987159729,1.144880771636963,114.51624298095703,85.48501586914062,3.7916812896728516,80.29241943359375,66.02294158935547
15,7602,Adam,-1.427760362625122,-1.5249550342559814,0.09719467163085938,88.35103607177734,88.64200592041016,0.2909698486328125,71.03595733642578,71.13246154785156,0.09650421142578125,0.0,0.0,0.0,0.0,0.0,0.0,True,0.17012720000093395,60,60,0.0869055986404419,0.9493125677108765,113.63472747802734,85.27783966064453,3.6349027156829834,79.55245971679688,65.20803833007812
15,7602,SGD,-1.427760362625122,-1.4556816816329956,0.027921319007873535,88.35103607177734,88.42190551757812,0.07086944580078125,71.03595733642578,71.05635833740234,0.0204010009765625,0.0,0.0,0.0,0.0,0.0,0.0,True,0.13626570000087668,60,60,0.019991010427474976,0.14491841197013855,112.87235260009766,85.35574340820312,3.5984749794006348,79.30174255371094,65.05294799804688
15,7602,RMSprop,-1.427760362625122,-1.5267605781555176,0.09900021553039551,88.35103607177734,88.64862823486328,0.2975921630859375,71.03595733642578,71.1348648071289,0.098907470703125,0.0,0.0,0.0,0.0,0.0,0.0,True,0.26670259999991686,60,60,0.08887137472629547,0.9703800082206726,113.65377044677734,85.2779541015625,3.635901689529419,79.55973052978516,65.2135009765625
15,7602,LBFGS,-1.427760362625122,-1.5360840559005737,0.10832369327545166,88.35103607177734,88.68400573730469,0.33296966552734375,71.03595733642578,71.1475601196289,0.111602783203125,0.0,0.0,0.0,0.0,0.0,0.0,True,1.2357911999988573,60,482,0.10019946843385696,1.1117132902145386,113.7838363647461,85.24724578857422,3.641143321990967,79.6025619506836,65.24052429199219
16,7719,Adam,-2.162013292312622,-2.240105628967285,0.07809233665466309,89.75770568847656,89.9380874633789,0.18038177490234375,71.19526672363281,71.22389221191406,0.02862548828125,0.0,0.0,0.0,0.0,0.0,0.0,True,0.3451989000004687,60,60,0.08303859084844589,1.0347617864608765,117.37272644042969,88.99856567382812,3.437570095062256,79.52462768554688,66.23053741455078
16,7719,SGD,-2.162013292312622,-2.1904823780059814,0.028469085693359375,89.75770568847656,89.8203125,0.0626068115234375,71.19526672363281,71.20758056640625,0.0123138427734375,0.0,0.0,0.0,0.0,0.0,0.0,True,0.23744429999896965,60,60,0.019794994965195656,0.16733494400978088,118.10014343261719,88.55301666259766,3.403285026550293,79.7276382446289,66.09070587158203
16,7719,RMSprop,-2.162013292312622,-2.24153995513916,0.07952666282653809,89.75770568847656,89.93949127197266,0.18178558349609375,71.19526672363281,71.22309875488281,0.02783203125,0.0,0.0,0.0,0.0,0.0,0.0,True,0.33807809999962046,60,60,0.08272235840559006,1.0369811058044434,117.35306549072266,88.96688842773438,3.43672251701355,79.52947235107422,66.23593139648438
16,7719,LBFGS,-2.162013292312622,-2.2485477924346924,0.08653450012207031,89.75770568847656,89.95460510253906,0.1968994140625,71.19526672363281,71.22341918945312,0.0281524658203125,0.0,0.0,0.0,0.0,0.0,0.0,True,1.7476675000016257,60,500,0.08961981534957886,1.1506680250167847,117.22068786621094,88.94889068603516,3.4387145042419434,79.5235595703125,66.26167297363281
17,7078,Adam,-2.195749282836914,-2.3695812225341797,0.17383193969726562,90.40629577636719,90.49263763427734,0.08634185791015625,71.71649932861328,71.52181243896484,-0.1946868896484375,0.0,0.0,0.0,0.0,0.0,0.0,True,0.25435749999996915,60,60,0.08171362429857254,0.8889060616493225,116.65999603271484,90.79574584960938,3.6682519912719727,81.31686401367188,66.2532730102539
17,7078,SGD,-2.195749282836914,-2.2785637378692627,0.08281445503234863,90.40629577636719,90.4534912109375,0.0471954345703125,71.71649932861328,71.63379669189453,-0.08270263671875,0.0,0.0,0.0,0.0,0.0,0.0,True,0.16436750000139,60,60,0.03327816724777222,0.32664385437965393,117.05660247802734,91.19635772705078,3.68896484375,81.47981262207031,66.1141357421875
17,7078,RMSprop,-2.195749282836914,-2.372936248779297,0.1771869659423828,90.40629577636719,90.49618530273438,0.0898895263671875,71.71649932861328,71.51948547363281,-0.19701385498046875,0.0,0.0,0.0,0.0,0.0,0.0,True,0.18459700000130397,60,60,0.08298027515411377,0.9133784174919128,116.64214324951172,90.78022766113281,3.6706480979919434,81.3092269897461,66.2586898803711
17,7078,LBFGS,-2.195749282836914,-2.3897361755371094,0.1939868927001953,90.40629577636719,90.5101318359375,0.1038360595703125,71.71649932861328,71.50370788574219,-0.21279144287109375,0.0,0.0,0.0,0.0,0.0,0.0,True,1.2805692999991152,60,456,0.09124995768070221,1.0048789978027344,116.62814331054688,90.6965103149414,3.6729514598846436,81.2687759399414,66.28487396240234
18,7691,Adam,-1.2094125747680664,-1.33574640750885,0.1263338327407837,87.87661743164062,88.19422149658203,0.31760406494140625,70.93920135498047,71.01447296142578,0.0752716064453125,0.0,0.0,0.0,0.0,0.0,0.0,True,0.23585339999954158,60,60,0.09154807031154633,0.985821008682251,115.95284271240234,87.96935272216797,3.474067211151123,79.37474822998047,64.7837142944336
18,7691,SGD,-1.2094125747680664,-1.2547054290771484,0.04529285430908203,87.87661743164062,87.97698974609375,0.100372314453125,70.93920135498047,70.95950317382812,0.02030181884765625,0.0,0.0,0.0,0.0,0.0,0.0,True,0.22542109999994864,60,60,0.02517746575176716,0.18207895755767822,116.55023193359375,87.45581817626953,3.4395041465759277,79.1482162475586,64.64530944824219
18,7691,RMSprop,-1.2094125747680664,-1.337945580482483,0.1285330057144165,87.87661743164062,88.2021255493164,0.32550811767578125,70.93920135498047,71.01793670654297,0.0787353515625,0.0,0.0,0.0,0.0,0.0,0.0,True,0.2461793000002217,60,60,0.09213776886463165,0.9530802965164185,116.01720428466797,87.97655487060547,3.4750919342041016,79.38219451904297,64.78914642333984
18,7691,LBFGS,-1.2094125747680664,-1.349243402481079,0.1398308277130127,87.87661743164062,88.24577331542969,0.3691558837890625,70.93920135498047,71.03487396240234,0.095672607421875,0.0,0.0,0.0,0.0,0.0,0.0,True,0.22167429999899468,60,83,0.10335157066583633,1.0363556146621704,116.0805892944336,88.11436462402344,3.480680465698242,79.42595672607422,64.81546783447266
19,7789,Adam,-1.6943483352661133,-1.9001978635787964,0.2058495283126831,88.30001831054688,88.75491333007812,0.45489501953125,70.59944152832031,70.67626953125,0.0768280029296875,0.0,0.0,0.0,0.0,0.0,0.0,True,0.13915970000016387,60,60,0.09751304984092712,1.1770761013031006,120.32241821289062,89.73439025878906,3.4087131023406982,79.41101837158203,65.2021484375
19,7789,SGD,-1.6943483352661133,-1.779086947441101,0.08473861217498779,88.30001831054688,88.47164916992188,0.171630859375,70.59944152832031,70.62332153320312,0.0238800048828125,0.0,0.0,0.0,0.0,0.0,0.0,True,0.1368464999995922,60,60,0.033857133239507675,0.3763861656188965,120.95581817626953,89.29985046386719,3.3724889755249023,79.19175720214844,65.0868911743164
19,7789,RMSprop,-1.6943483352661133,-1.90418541431427,0.20983707904815674,88.30001831054688,88.7647476196289,0.46472930908203125,70.59944152832031,70.6781005859375,0.0786590576171875,0.0,0.0,0.0,0.0,0.0,0.0,True,0.1336589999991702,60,60,0.0997358039021492,1.204091191291809,120.30216217041016,89.74969482421875,3.4096741676330566,79.41844177246094,65.20755767822266
19,7789,LBFGS,-1.6943483352661133,-1.9242271184921265,0.22987878322601318,88.30001831054688,88.81623840332031,0.5162200927734375,70.59944152832031,70.68834686279297,0.08890533447265625,0.0,0.0,0.0,0.0,0.0,0.0,True,0.21026569999958156,60,83,0.11180311441421509,1.3458369970321655,120.1987075805664,89.8338623046875,3.4158058166503906,79.45895385742188,65.2332534790039
20,7090,Adam,-0.85328209400177,-1.1147161722183228,0.26143407821655273,89.05870056152344,89.1843032836914,0.12560272216796875,72.50263214111328,72.20880889892578,-0.2938232421875,0.0,0.0,0.0,0.0,0.0,0.0,True,0.1718308999988949,60,60,0.09544890373945236,1.1591135263442993,118.20820617675781,90.23221588134766,3.689500093460083,81.81387329101562,65.95726013183594
20,7090,SGD,-0.85328209400177,-1.0064221620559692,0.15314006805419922,89.05870056152344,89.09590148925781,0.037200927734375,72.50263214111328,72.30626678466797,-0.1963653564453125,0.0,0.0,0.0,0.0,0.0,0.0,True,0.2034960000000865,60,60,0.04259410500526428,0.4662701189517975,117.46691131591797,90.51775360107422,3.726316452026367,81.91797637939453,65.8065185546875
20,7090,RMSprop,-0.85328209400177,-1.1197012662887573,0.2664191722869873,89.05870056152344,89.18762969970703,0.12892913818359375,72.50263214111328,72.20369720458984,-0.2989349365234375,0.0,0.0,0.0,0.0,0.0,0.0,True,0.2531424999997398,60,60,0.09704948961734772,1.1848101615905762,118.22662353515625,90.216796875,3.689997673034668,81.80636596679688,65.9626693725586
20,7090,LBFGS,-0.85328209400177,-1.14483642578125,0.29155433177948,89.05870056152344,89.20137786865234,0.14267730712890625,72.50263214111328,72.17367553710938,-0.32895660400390625,0.0,0.0,0.0,0.0,0.0,0.0,True,1.2644766999983403,60,490,0.10834160447120667,1.34552001953125,118.36070251464844,90.1388168334961,3.6869056224823,81.7667465209961,65.98878479003906
21,7726,Adam,-2.2087783813476562,-2.294049024581909,0.08527064323425293,89.95609283447266,90.0789566040039,0.12286376953125,71.30115509033203,71.26790618896484,-0.0332489013671875,0.0,0.0,0.0,0.0,0.0,0.0,True,0.24354979999952775,60,60,0.08477244526147842,0.9646852016448975,117.39682006835938,88.73578643798828,3.402611494064331,79.7441177368164,66.40914916992188
21,7726,SGD,-2.2087783813476562,-2.238845109939575,0.030066728591918945,89.95609283447266,90.0044174194336,0.0483245849609375,71.30115509033203,71.29849243164062,-0.00266265869140625,0.0,0.0,0.0,0.0,0.0,0.0,True,0.22854600000027858,60,60,0.020365530624985695,0.14893245697021484,118.15249633789062,88.93065643310547,3.3662843704223633,80.01031494140625,66.27006530761719
21,7726,RMSprop,-2.2087783813476562,-2.2956390380859375,0.08686065673828125,89.95609283447266,90.07978820800781,0.12369537353515625,71.30115509033203,71.2659683227539,-0.035186767578125,0.0,0.0,0.0,0.0,0.0,0.0,True,0.18602960000134772,60,60,0.0854916200041771,0.9821702837944031,117.38166809082031,88.7350845336914,3.400867223739624,79.7359619140625,66.41460418701172
21,7726,LBFGS,-2.2087783813476562,-2.3035593032836914,0.09478092193603516,89.95609283447266,90.09119415283203,0.135101318359375,71.30115509033203,71.26048278808594,-0.04067230224609375,0.0,0.0,0.0,0.0,0.0,0.0,True,1.336907600001723,60,457,0.09491778910160065,1.1261789798736572,117.24014282226562,88.75053405761719,3.401392698287964,79.68999481201172,66.44049072265625
22,7704,Adam,-1.3022229671478271,-1.3866618871688843,0.08443892002105713,88.15770721435547,88.42617797851562,0.26847076416015625,71.05023956298828,71.14952850341797,0.0992889404296875,0.0,0.0,0.0,0.0,0.0,0.0,True,0.2668284000010317,60,60,0.07615770399570465,0.6211968064308167,115.5072250366211,88.49610137939453,3.4527573585510254,79.95304870605469,65.44971466064453
22,7704,SGD,-1.3022229671478271,-1.332964539527893,0.030741572380065918,88.15770721435547,88.23390197753906,0.07619476318359375,71.05023956298828,71.07109832763672,0.0208587646484375,0.0,0.0,0.0,0.0,0.0,0.0,True,0.16657040000063716,60,60,0.02067716233432293,0.1270197331905365,115.61123657226562,88.0505599975586,3.4173026084899902,79.77352905273438,65.30899047851562
22,7704,RMSprop,-1.3022229671478271,-1.3882955312728882,0.08607256412506104,88.15770721435547,88.42410278320312,0.26639556884765625,71.05023956298828,71.14552307128906,0.09528350830078125,0.0,0.0,0.0,0.0,0.0,0.0,True,0.13416700000016135,60,60,0.07554005831480026,0.6031535863876343,115.51238250732422,88.48538208007812,3.45383358001709,79.92031860351562,65.45528411865234
22,7704,LBFGS,-1.3022229671478271,-1.3957467079162598,0.09352374076843262,88.15770721435547,88.44353485107422,0.28582763671875,71.05023956298828,71.14959716796875,0.09935760498046875,0.0,0.0,0.0,1.1175870895385742e-08,0.0,1.1175870895385742e-08,True,0.19966940000085742,60,88,0.08158338814973831,0.6265949606895447,115.51957702636719,88.50884246826172,3.4594411849975586,79.8963623046875,65.48165893554688
23,7058,Adam,-1.1405316591262817,-1.2490448951721191,0.1085132360458374,88.15088653564453,88.26213836669922,0.1112518310546875,71.28175354003906,71.20414733886719,-0.077606201171875,0.0,0.0,0.0,0.0,0.0,0.0,True,0.1700687000011385,60,60,0.08548827469348907,1.0712718963623047,118.30240631103516,90.80323791503906,3.3989899158477783,79.92678833007812,66.21307373046875
23,7058,SGD,-1.1405316591262817,-1.1877598762512207,0.047228217124938965,88.15088653564453,88.21029663085938,0.05941009521484375,71.28175354003906,71.26315307617188,-0.0186004638671875,0.0,0.0,0.0,0.0,0.0,0.0,True,0.17694709999886982,60,60,0.02472647838294506,0.17605610191822052,119.04700469970703,91.35640716552734,3.359456777572632,79.90331268310547,66.09950256347656
23,7058,RMSprop,-1.1405316591262817,-1.251124382019043,0.11059272289276123,88.15088653564453,88.26542663574219,0.11454010009765625,71.28175354003906,71.20333862304688,-0.0784149169921875,0.0,0.0,0.0,0.0,0.0,0.0,True,0.1425942000005307,60,60,0.08719129115343094,1.0873839855194092,118.29442596435547,90.78899383544922,3.400001287460327,79.93017578125,66.218505859375
23,7058,LBFGS,-1.1405316591262817,-1.2614535093307495,0.12092185020446777,88.15088653564453,88.27632141113281,0.12543487548828125,71.28175354003906,71.192626953125,-0.0891265869140625,0.0,0.0,0.0,0.0,0.0,0.0,True,0.9325848999997106,60,464,0.09974590688943863,1.283571720123291,118.11895751953125,90.69633483886719,3.40562105178833,79.93882751464844,66.24436950683594
24,7894,Adam,-0.4240740239620209,-0.5964093804359436,0.17233535647392273,86.39276885986328,86.7488784790039,0.356109619140625,70.78701782226562,70.82798767089844,0.0409698486328125,0.0,0.0,0.0,0.0,0.0,0.0,True,0.24073060000046098,60,60,0.0930081233382225,1.0046237707138062,114.60430908203125,86.28534698486328,3.4565141201019287,79.01185607910156,65.10179901123047
24,7894,SGD,-0.4240740239620209,-0.4984414577484131,0.07436743378639221,86.39276885986328,86.52033996582031,0.12757110595703125,70.78701782226562,70.78771209716797,0.00069427490234375,0.0,0.0,0.0,0.0,0.0,0.0,True,0.38154949999989185,60,60,0.03142302483320236,0.23819682002067566,113.9799575805664,85.75857543945312,3.4190337657928467,78.85092163085938,64.96675109863281
24,7894,RMSprop,-0.4240740239620209,-0.5998892784118652,0.17581525444984436,86.39276885986328,86.75680541992188,0.36403656005859375,70.78701782226562,70.8289794921875,0.041961669921875,0.0,0.0,0.0,0.0,0.0,0.0,True,0.3850094999997964,60,60,0.09508245438337326,1.0261131525039673,114.61675262451172,86.30032348632812,3.457500696182251,79.01925659179688,65.10720825195312
24,7894,LBFGS,-0.4240740239620209,-0.6168520450592041,0.19277802109718323,86.39276885986328,86.79739379882812,0.40462493896484375,70.78701782226562,70.83487701416016,0.04785919189453125,0.0,0.0,0.0,0.0,0.0,0.0,True,0.2669246999994357,60,85,0.10611996054649353,1.1441665887832642,114.68183135986328,86.38957214355469,3.4632530212402344,79.0546875,65.13301086425781
25,7652,Adam,-1.874731183052063,-1.9791969060897827,0.10446572303771973,89.04885864257812,89.34642028808594,0.2975616455078125,70.99346923828125,71.08271789550781,0.0892486572265625,0.0,0.0,0.0,0.0,0.0,0.0,True,0.14548899999863352,60,60,0.09283386170864105,1.0698851346969604,115.50794982910156,86.87749481201172,3.5098493099212646,79.47366333007812,65.05906677246094
25,7652,SGD,-1.874731183052063,-1.9089598655700684,0.03422868251800537,89.04885864257812,89.13239288330078,0.08353424072265625,70.99346923828125,71.01554107666016,0.02207183837890625,0.0,0.0,0.0,0.0,0.0,0.0,True,0.13895460000094317,60,60,0.022020243108272552,0.1728532314300537,116.22348022460938,86.3822250366211,3.4734246730804443,79.23550415039062,64.91183471679688
25,7652,RMSprop,-1.874731183052063,-1.9808181524276733,0.10608696937561035,89.04885864257812,89.3511962890625,0.302337646484375,70.99346923828125,71.08406066894531,0.0905914306640625,0.0,0.0,0.0,0.0,0.0,0.0,True,0.14812519999941287,60,60,0.09396420419216156,1.0699255466461182,115.50172424316406,86.86233520507812,3.5108447074890137,79.48099517822266,65.06449127197266
25,7652,LBFGS,-1.874731183052063,-1.9895051717758179,0.11477398872375488,89.04885864257812,89.38034057617188,0.33148193359375,70.99346923828125,71.09168243408203,0.09821319580078125,0.0,0.0,0.0,0.0,0.0,0.0,True,0.19515770000180055,60,84,0.10595997422933578,1.2269268035888672,115.31632995605469,86.84312438964844,3.5173275470733643,79.52777862548828,65.09091186523438
26,7806,Adam,-1.682720422744751,-1.8471565246582031,0.16443610191345215,88.50714111328125,88.8634262084961,0.35628509521484375,70.79879760742188,70.85076904296875,0.051971435546875,0.0,0.0,0.0,0.0,0.0,0.0,True,0.16511869999885675,60,60,0.09496151655912399,1.1310224533081055,121.05291748046875,90.87600708007812,3.485499382019043,79.09165954589844,64.302978515625
26,7806,SGD,-1.682720422744751,-1.7506896257400513,0.06796920299530029,88.50714111328125,88.62664794921875,0.1195068359375,70.79879760742188,70.80197143554688,0.003173828125,0.0,0.0,0.0,0.0,0.0,0.0,True,0.1444814000005863,60,60,0.030044037848711014,0.290414959192276,121.70516967773438,90.38078308105469,3.449444055557251,78.8577880859375,64.19181823730469
26,7806,RMSprop,-1.682720422744751,-1.8501908779144287,0.16747045516967773,88.50714111328125,88.8682861328125,0.36114501953125,70.79879760742188,70.84994506835938,0.0511474609375,0.0,0.0,0.0,0.0,0.0,0.0,True,0.13726530000167259,60,60,0.09646451473236084,1.1435166597366333,121.03250122070312,90.86256408691406,3.486511707305908,79.09909057617188,64.30835723876953
26,7806,LBFGS,-1.682720422744751,-1.8654252290725708,0.18270480632781982,88.50714111328125,88.90211486816406,0.3949737548828125,70.79879760742188,70.85266876220703,0.05387115478515625,0.0,0.0,0.0,0.0,0.0,0.0,True,0.9978174999996554,60,464,0.10688058286905289,1.2487993240356445,120.92859649658203,90.86967468261719,3.4925732612609863,79.1445083618164,64.33382415771484
27,7086,Adam,-1.1480457782745361,-1.4367815256118774,0.2887357473373413,89.70484161376953,89.84905242919922,0.1442108154296875,72.63825225830078,72.32221984863281,-0.31603240966796875,0.0,0.0,0.0,0.0,0.0,0.0,True,0.15114319999884174,60,60,0.09172996878623962,1.0033466815948486,118.43987274169922,90.68658447265625,3.677344560623169,81.77704620361328,66.03269958496094
27,7086,SGD,-1.1480457782745361,-1.3323804140090942,0.1843346357345581,89.70484161376953,89.77033996582031,0.06549835205078125,72.63825225830078,72.42034149169922,-0.2179107666015625,0.0,0.0,0.0,0.0,0.0,0.0,True,0.13504359999933513,60,60,0.045582856982946396,0.4782674312591553,117.8635025024414,90.95976257324219,3.715717315673828,81.86359405517578,65.89519500732422
27,7086,RMSprop,-1.1480457782745361,-1.4424971342086792,0.29445135593414307,89.70484161376953,89.84861755371094,0.14377593994140625,72.63825225830078,72.31302642822266,-0.325225830078125,0.0,0.0,0.0,0.0,0.0,0.0,True,0.1237578999989637,60,60,0.09268592298030853,0.9933834671974182,118.39979553222656,90.67112731933594,3.677011013031006,81.76953887939453,66.03807830810547
27,7086,LBFGS,-1.1480457782745361,-1.4705737829208374,0.32252800464630127,89.70484161376953,89.85284423828125,0.14800262451171875,72.63825225830078,72.27066040039062,-0.36759185791015625,0.0,0.0,0.0,0.0,0.0,0.0,True,0.9630085999997391,60,434,0.10394741594791412,1.0608896017074585,118.38761901855469,90.59422302246094,3.667948007583618,81.73139953613281,66.0641860961914
28,7745,Adam,-2.4855215549468994,-2.551144599914551,0.06562304496765137,90.51097106933594,90.67253112792969,0.16156005859375,71.38294219970703,71.4146499633789,0.031707763671875,0.0,0.0,0.0,0.0,0.0,0.0,True,0.19181329999992158,60,60,0.07837489247322083,0.8767204284667969,116.24879455566406,88.36306762695312,3.376068592071533,79.1766357421875,66.89179992675781
28,7745,SGD,-2.4855215549468994,-2.5086236000061035,0.0231020450592041,90.51097106933594,90.56539154052734,0.05442047119140625,71.38294219970703,71.3960952758789,0.013153076171875,0.0,0.0,0.0,0.0,0.0,0.0,True,0.16060300000026473,60,60,0.017882026731967926,0.10798157006502151,115.63055419921875,87.9613265991211,3.3533551692962646,79.46250915527344,66.74596405029297
28,7745,RMSprop,-2.4855215549468994,-2.552385091781616,0.0668635368347168,90.51097106933594,90.67349243164062,0.1625213623046875,71.38294219970703,71.41353607177734,0.0305938720703125,0.0,0.0,0.0,0.0,0.0,0.0,True,0.1651583999991999,60,60,0.07862769067287445,0.8675537705421448,116.23051452636719,88.36474609375,3.374598741531372,79.17041015625,66.89720916748047
28,7745,LBFGS,-2.4855215549468994,-2.558382034301758,0.0728604793548584,90.51097106933594,90.68436431884766,0.17339324951171875,71.38294219970703,71.41139221191406,0.02845001220703125,0.0,0.0,0.0,0.0,0.0,0.0,True,1.2019424000009167,60,482,0.08607649803161621,0.9196522235870361,116.24290466308594,88.39702606201172,3.3738129138946533,79.1186294555664,66.92286682128906
29,7912,Adam,-0.6533564329147339,-0.8208252787590027,0.1674688458442688,86.80945587158203,87.15584564208984,0.3463897705078125,70.81690216064453,70.85501861572266,0.038116455078125,0.0,0.0,0.0,0.0,0.0,0.0,True,0.2625404999998864,60,60,0.09656088054180145,1.1391117572784424,114.32015991210938,87.1103744506836,3.408414125442505,78.51756286621094,64.98126220703125
29,7912,SGD,-0.6533564329147339,-0.7251922488212585,0.07183581590652466,86.80945587158203,86.93138122558594,0.12192535400390625,70.81690216064453,70.81640625,-0.00049591064453125,0.0,0.0,0.0,0.0,0.0,0.0,True,0.22086959999978717,60,60,0.03091619163751602,0.2277439534664154,113.51763153076172,86.56986236572266,3.3702709674835205,78.34706115722656,64.85330963134766
29,7912,RMSprop,-0.6533564329147339,-0.8241634368896484,0.17080700397491455,86.80945587158203,87.16352081298828,0.35406494140625,70.81690216064453,70.8559341430664,0.039031982421875,0.0,0.0,0.0,0.0,0.0,0.0,True,0.18169549999947776,60,60,0.09870685636997223,1.1638177633285522,114.3377456665039,87.1250991821289,3.4093728065490723,78.52496337890625,64.9866714477539
29,7912,LBFGS,-0.6533564329147339,-0.8405511975288391,0.18719476461410522,86.80945587158203,87.20587921142578,0.39642333984375,70.81690216064453,70.86308288574219,0.04618072509765625,0.0,0.0,0.0,0.0,0.0,0.0,True,0.3068634999999631,60,83,0.1118004322052002,1.3457456827163696,114.49089050292969,87.21739959716797,3.4154791831970215,78.5606460571289,65.01248931884766
30,7109,Adam,-0.33780598640441895,-0.6886295080184937,0.3508235216140747,88.95555877685547,89.07843780517578,0.1228790283203125,73.16909790039062,72.74424743652344,-0.4248504638671875,0.0,0.0,0.0,0.0,0.0,0.0,True,0.18575280000004568,60,60,0.08889564871788025,0.8264576196670532,116.07363891601562,90.88377380371094,3.668271064758301,81.837646484375,65.21595764160156
30,7109,SGD,-0.33780598640441895,-0.5731275081634521,0.2353215217590332,88.95555877685547,89.00215911865234,0.046600341796875,73.16909790039062,72.85888671875,-0.310211181640625,0.0,0.0,0.0,0.0,0.0,0.0,True,0.16262620000088646,60,60,0.049352001398801804,0.518975555896759,115.83638763427734,91.1205825805664,3.7030680179595947,81.9013671875,65.06819915771484
30,7109,RMSprop,-0.33780598640441895,-0.6957617998123169,0.35795581340789795,88.95555877685547,89.08087921142578,0.1253204345703125,73.16909790039062,72.73509979248047,-0.43399810791015625,0.0,0.0,0.0,0.0,0.0,0.0,True,0.17793990000063786,60,60,0.09092073887586594,0.8453482985496521,116.07981872558594,90.8685073852539,3.6672747135162354,81.8302001953125,65.22138214111328
30,7109,LBFGS,-0.33780598640441895,-0.7305171489715576,0.39271116256713867,88.95555877685547,89.0905532836914,0.1349945068359375,73.16909790039062,72.68828582763672,-0.48081207275390625,0.0,0.0,0.0,0.0,0.0,0.0,True,1.1593718999993143,60,472,0.10092192143201828,0.9342154860496521,116.09862518310547,90.79438781738281,3.662081241607666,81.79269409179688,65.24751281738281
31,7576,Adam,-1.9137438535690308,-2.0272724628448486,0.11352860927581787,89.91301727294922,90.08343505859375,0.17041778564453125,71.69664764404297,71.66088104248047,-0.0357666015625,0.0,0.0,0.0,0.0,0.0,0.0,True,0.24314360000062152,60,60,0.09196052700281143,1.1484431028366089,113.35667419433594,85.58749389648438,3.794064998626709,80.83523559570312,65.63758087158203
31,7576,SGD,-1.9137438535690308,-1.9516456127166748,0.03790175914764404,89.91301727294922,89.94943237304688,0.03641510009765625,71.69664764404297,71.6717758178711,-0.024871826171875,0.0,0.0,0.0,0.0,0.0,0.0,True,0.21017609999944398,60,60,0.023281825706362724,0.2831115424633026,112.64163208007812,86.02605438232422,3.761040449142456,81.06781768798828,65.46967315673828
31,7576,RMSprop,-1.9137438535690308,-2.0291600227355957,0.11541616916656494,89.91301727294922,90.08728790283203,0.1742706298828125,71.69664764404297,71.66060638427734,-0.036041259765625,0.0,0.0,0.0,0.0,0.0,0.0,True,0.14906540000083623,60,60,0.09410374611616135,1.1735845804214478,113.3747329711914,85.57206726074219,3.7951481342315674,80.82901000976562,65.64302825927734
31,7576,LBFGS,-1.9137438535690308,-2.039515972137451,0.1257721185684204,89.91301727294922,90.10576629638672,0.1927490234375,71.69664764404297,71.65543365478516,-0.0412139892578125,0.0,0.0,0.0,1.1175870895385742e-08,0.0,1.1175870895385742e-08,True,0.9322056000000885,60,428,0.10801370441913605,1.3455278873443604,113.51239013671875,85.48637390136719,3.801853656768799,80.77523803710938,65.66975402832031
32,7897,Adam,-0.11738640069961548,-0.2874225378036499,0.17003613710403442,85.86427307128906,86.21524810791016,0.35097503662109375,70.7724380493164,70.81269073486328,0.040252685546875,0.0,0.0,0.0,0.0,0.0,0.0,True,0.15567940000073577,60,60,0.09196170419454575,0.9592645764350891,114.4989242553711,86.5810775756836,3.4660844802856445,79.02466583251953,64.95360565185547
32,7897,SGD,-0.11738640069961548,-0.18849095702171326,0.07110455632209778,85.86427307128906,85.98560333251953,0.12133026123046875,70.7724380493164,70.77252960205078,9.1552734375e-05,0.0,0.0,0.0,0.0,0.0,0.0,True,0.17712439999922935,60,60,0.030829817056655884,0.2335851937532425,113.94572448730469,86.05189514160156,3.4288995265960693,78.86064147949219,64.81494140625
32,7897,RMSprop,-0.11738640069961548,-0.29088881611824036,0.17350241541862488,85.86427307128906,86.22310638427734,0.35883331298828125,70.7724380493164,70.81365966796875,0.04122161865234375,0.0,0.0,0.0,0.0,0.0,0.0,True,0.13817659999949683,60,60,0.09403159469366074,0.9803358316421509,114.51050567626953,86.59611511230469,3.4670841693878174,79.03205108642578,64.95899963378906
32,7897,LBFGS,-0.11738640069961548,-0.30769628286361694,0.19030988216400146,85.86427307128906,86.2630615234375,0.3987884521484375,70.7724380493164,70.81937408447266,0.04693603515625,0.0,0.0,0.0,0.0,0.0,0.0,True,0.19178280000051018,60,84,0.10483931750059128,1.0952513217926025,114.57046508789062,86.68463897705078,3.4726064205169678,79.06719207763672,64.9846420288086
33,7460,Adam,-0.6735623478889465,-0.9308992028236389,0.2573368549346924,88.78257751464844,88.96747589111328,0.18489837646484375,72.52364349365234,72.28727722167969,-0.23636627197265625,0.0,0.0,0.0,0.0,0.0,0.0,True,0.167415500000061,60,60,0.09739650785923004,1.1790051460266113,113.53353881835938,86.58377075195312,3.7884035110473633,80.94371795654297,66.87529754638672
33,7460,SGD,-0.6735623478889465,-0.809712290763855,0.13614994287490845,88.78257751464844,88.84127044677734,0.05869293212890625,72.52364349365234,72.37151336669922,-0.152130126953125,0.0,0.0,0.0,0.0,0.0,0.0,True,0.30405919999975595,60,60,0.040948040783405304,0.4990030825138092,112.9055404663086,86.88199615478516,3.825146198272705,81.06107330322266,66.69712829589844
33,7460,RMSprop,-0.6735623478889465,-0.9357877373695374,0.2622253894805908,88.78257751464844,88.97103881835938,0.1884613037109375,72.52364349365234,72.28226470947266,-0.2413787841796875,0.0,0.0,0.0,0.0,0.0,0.0,True,0.3926212000005762,60,60,0.0996023565530777,1.2061301469802856,113.5538330078125,86.568359375,3.7875051498413086,80.93623352050781,66.8807373046875
33,7460,LBFGS,-0.6735623478889465,-0.9607193470001221,0.28715699911117554,88.78257751464844,88.98638916015625,0.2038116455078125,72.52364349365234,72.25347137451172,-0.270172119140625,0.0,0.0,0.0,0.0,0.0,0.0,True,0.3647485000001325,60,83,0.11180320382118225,1.3458369970321655,113.65874481201172,86.49003601074219,3.7809247970581055,80.89584350585938,66.90742492675781
34,7571,Adam,-1.601025104522705,-1.6953250169754028,0.09429991245269775,88.98492431640625,89.22191619873047,0.23699188232421875,71.33927917480469,71.39265441894531,0.053375244140625,0.0,0.0,0.0,0.0,0.0,0.0,True,0.23040770000079647,60,60,0.08688253164291382,1.1233994960784912,112.8531265258789,85.74635314941406,3.80260968208313,81.14083099365234,65.59004974365234
34,7571,SGD,-1.601025104522705,-1.6293442249298096,0.028319120407104492,88.98492431640625,89.03572845458984,0.05080413818359375,71.33927917480469,71.34144592285156,0.002166748046875,0.0,0.0,0.0,0.0,0.0,0.0,True,0.17888069999935396,60,60,0.020192835479974747,0.26995083689689636,112.15750885009766,86.21875,3.7614762783050537,81.19417572021484,65.42156982421875
34,7571,RMSprop,-1.601025104522705,-1.69711172580719,0.09608662128448486,88.98492431640625,89.228271484375,0.24334716796875,71.33927917480469,71.39494323730469,0.0556640625,0.0,0.0,0.0,0.0,0.0,0.0,True,0.1567220000015368,60,60,0.0886315330862999,1.1492137908935547,112.87299346923828,85.7303237915039,3.803185224533081,81.14472961425781,65.59547424316406
34,7571,LBFGS,-1.601025104522705,-1.7061346769332886,0.1051095724105835,88.98492431640625,89.2631607055664,0.27823638916015625,71.33927917480469,71.40760040283203,0.06832122802734375,0.0,0.0,0.0,0.0,0.0,0.0,True,0.9542209999999614,60,473,0.10030930489301682,1.2952321767807007,112.99225616455078,85.64937591552734,3.810635805130005,81.15054321289062,65.6223373413086
35,7127,Adam,1.3244543075561523,0.9445066452026367,0.3799476623535156,87.64606475830078,87.96764373779297,0.3215789794921875,74.45854187011719,74.16197204589844,-0.29656982421875,0.0,0.0,0.0,0.0,0.0,0.0,True,0.13613570000052277,60,60,0.09838271886110306,1.1805697679519653,113.00968170166016,91.13582611083984,3.7116949558258057,82.34819793701172,66.0675277709961
35,7127,SGD,1.3244543075561523,1.055829644203186,0.2686246633529663,87.64606475830078,87.71424865722656,0.06818389892578125,74.45854187011719,74.11849212646484,-0.34004974365234375,0.0,0.0,0.0,0.0,0.0,0.0,True,0.1517297000009421,60,60,0.04934518784284592,0.525443971157074,112.27597045898438,91.39930725097656,3.7443044185638428,82.38923645019531,65.84874725341797
35,7127,RMSprop,1.3244543075561523,0.9364152550697327,0.3880390524864197,87.64606475830078,87.97442626953125,0.32836151123046875,74.45854187011719,74.15506744384766,-0.30347442626953125,0.0,0.0,0.0,0.0,0.0,0.0,True,0.14379949999965902,60,60,0.10061512142419815,1.2074298858642578,113.0298843383789,91.12071228027344,3.7106969356536865,82.3408203125,66.0729751586914
35,7127,LBFGS,1.3244543075561523,0.8982634544372559,0.4261908531188965,87.64606475830078,88.01028442382812,0.36421966552734375,74.45854187011719,74.12530517578125,-0.3332366943359375,0.0,0.0,0.0,1.1175870895385742e-08,0.0,1.1175870895385742e-08,True,0.233503200000996,60,83,0.11180300265550613,1.345831274986267,113.14079284667969,91.05066680908203,3.705902338027954,82.30587768554688,66.10231018066406
36,7725,Adam,-2.255739450454712,-2.3378539085388184,0.08211445808410645,89.95716094970703,90.10177612304688,0.14461517333984375,71.23310852050781,71.22470092773438,-0.0084075927734375,0.0,0.0,0.0,0.0,0.0,0.0,True,0.18263710000064748,60,60,0.08149491995573044,0.9649763703346252,117.43599700927734,89.18396759033203,3.402322292327881,79.72633361816406,66.41468048095703
36,7725,SGD,-2.255739450454712,-2.2851030826568604,0.029363632202148438,89.95716094970703,90.01297760009766,0.055816650390625,71.23310852050781,71.23809814453125,0.0049896240234375,0.0,0.0,0.0,0.0,0.0,0.0,True,0.14636980000068434,60,60,0.020075179636478424,0.15834780037403107,118.17277526855469,88.98517608642578,3.373873710632324,80.00983428955078,66.2763900756836
36,7725,RMSprop,-2.255739450454712,-2.3394100666046143,0.08367061614990234,89.95716094970703,90.10259246826172,0.1454315185546875,71.23310852050781,71.22281646728516,-0.01029205322265625,0.0,0.0,0.0,0.0,0.0,0.0,True,0.2003668999986985,60,60,0.08217056095600128,0.9869030117988586,117.41809844970703,89.19534301757812,3.399536609649658,79.71928405761719,66.42012786865234
36,7725,LBFGS,-2.255739450454712,-2.3471243381500244,0.0913848876953125,89.95716094970703,90.1129150390625,0.15575408935546875,71.23310852050781,71.21670532226562,-0.0164031982421875,0.0,0.0,0.0,0.0,0.0,0.0,True,0.9942105000009178,60,491,0.09180904179811478,1.1332762241363525,117.28314971923828,89.21649169921875,3.398444890975952,79.67052459716797,66.44583892822266
37,7633,Adam,-2.044311046600342,-2.1855852603912354,0.14127421379089355,89.06453704833984,89.37614440917969,0.31160736083984375,70.7581558227539,70.80443572998047,0.0462799072265625,0.0,0.0,0.0,0.0,0.0,0.0,True,0.13382799999999406,60,60,0.09588079899549484,1.136642336845398,114.8474349975586,86.9177474975586,3.5229036808013916,78.77778625488281,64.88300323486328
37,7633,SGD,-2.044311046600342,-2.0951342582702637,0.050823211669921875,89.06453704833984,89.16755676269531,0.10301971435546875,70.7581558227539,70.7724838256836,0.0143280029296875,0.0,0.0,0.0,0.0,0.0,0.0,True,0.19935799999984738,60,60,0.026566550135612488,0.23999345302581787,115.55477905273438,86.41252136230469,3.4867630004882812,78.54473114013672,64.75142669677734
37,7633,RMSprop,-2.044311046600342,-2.1879935264587402,0.14368247985839844,89.06453704833984,89.38236999511719,0.31783294677734375,70.7581558227539,70.80548858642578,0.047332763671875,0.0,0.0,0.0,0.0,0.0,0.0,True,0.18865530000039143,60,60,0.09796182811260223,1.15957772731781,114.83081817626953,86.93065643310547,3.5238828659057617,78.78514862060547,64.88843536376953
37,7633,LBFGS,-2.044311046600342,-2.2009425163269043,0.1566314697265625,89.06453704833984,89.41793060302734,0.3533935546875,70.7581558227539,70.81136322021484,0.0532073974609375,0.0,0.0,0.0,0.0,0.0,0.0,True,0.20923380000022007,60,83,0.1118028461933136,1.345831274986267,114.68716430664062,87.0389633178711,3.529994487762451,78.82816314697266,64.9146957397461
38,7599,Adam,-1.7352051734924316,-1.8129700422286987,0.07776486873626709,88.88134765625,89.13260650634766,0.25125885009765625,71.05101776123047,71.14157104492188,0.09055328369140625,0.0,0.0,0.0,0.0,0.0,0.0,True,0.14945330000045942,60,60,0.08568542450666428,0.9076610207557678,113.79471588134766,85.1890640258789,3.6467528343200684,79.62220764160156,65.10748291015625
38,7599,SGD,-1.7352051734924316,-1.757474422454834,0.022269248962402344,88.88134765625,88.93895721435547,0.05760955810546875,71.05101776123047,71.0682373046875,0.01721954345703125,0.0,0.0,0.0,0.0,0.0,0.0,True,0.19019859999934852,60,60,0.017821766436100006,0.10962499678134918,113.06752014160156,85.4111099243164,3.6099374294281006,79.35269927978516,64.95172119140625
38,7599,RMSprop,-1.7352051734924316,-1.814327597618103,0.07912242412567139,88.88134765625,89.13738250732422,0.25603485107421875,71.05101776123047,71.14319610595703,0.0921783447265625,0.0,0.0,0.0,0.0,0.0,0.0,True,0.17780690000108734,60,60,0.08720922470092773,0.913893461227417,113.79615020751953,85.18319702148438,3.6477601528167725,79.62812042236328,65.11294555664062
38,7599,LBFGS,-1.7352051734924316,-1.821358561515808,0.08615338802337646,88.88134765625,89.16935729980469,0.2880096435546875,71.05101776123047,71.15619659423828,0.1051788330078125,0.0,0.0,0.0,0.0,0.0,0.0,True,1.1365151000009064,60,473,0.09883449226617813,1.038475751876831,113.89801025390625,85.14161682128906,3.653061628341675,79.68212890625,65.13993072509766
39,7695,Adam,-1.122234582901001,-1.2358685731887817,0.11363399028778076,87.78595733642578,88.09934997558594,0.31339263916015625,70.98748016357422,71.08067321777344,0.09319305419921875,0.0,0.0,0.0,0.0,0.0,0.0,True,0.13891309999962687,60,60,0.08369792252779007,0.692059338092804,115.91960906982422,88.18965911865234,3.4775853157043457,79.60379791259766,64.99053192138672
39,7695,SGD,-1.122234582901001,-1.1635619401931763,0.04132735729217529,87.78595733642578,87.8805160522461,0.0945587158203125,70.98748016357422,71.00861358642578,0.0211334228515625,0.0,0.0,0.0,0.0,0.0,0.0,True,0.1705366000005597,60,60,0.024054724723100662,0.15800125896930695,116.01996612548828,87.7138442993164,3.442108154296875,79.38082885742188,64.84927368164062
39,7695,RMSprop,-1.122234582901001,-1.2379282712936401,0.11569368839263916,87.78595733642578,88.10345458984375,0.31749725341796875,70.98748016357422,71.08100128173828,0.0935211181640625,0.0,0.0,0.0,0.0,0.0,0.0,True,0.1487028999999893,60,60,0.08436751365661621,0.6700371503829956,115.92473602294922,88.15550994873047,3.4786345958709717,79.61143493652344,64.99595642089844
39,7695,LBFGS,-1.122234582901001,-1.2483289241790771,0.12609434127807617,87.78595733642578,88.13390350341797,0.3479461669921875,70.98748016357422,71.08948516845703,0.1020050048828125,0.0,0.0,0.0,0.0,0.0,0.0,True,0.19885919999978796,60,87,0.09206486493349075,0.6679498553276062,115.93512725830078,88.11019897460938,3.484375476837158,79.65460205078125,65.02239990234375
40,6949,Adam,-1.6186996698379517,-1.7793022394180298,0.16060256958007812,88.32122802734375,88.6450424194336,0.32381439208984375,70.72924041748047,70.75787353515625,0.02863311767578125,0.0,0.0,0.0,0.0,0.0,0.0,True,0.16833050000059302,60,60,0.09593597054481506,1.1438393592834473,117.54469299316406,86.31649017333984,3.626692771911621,79.05282592773438,64.30314636230469
40,6949,SGD,-1.6186996698379517,-1.6780493259429932,0.059349656105041504,88.32122802734375,88.42308807373047,0.10186004638671875,70.72924041748047,70.72978973388672,0.00054931640625,0.0,0.0,0.0,0.0,0.0,0.0,True,0.12811929999952554,60,60,0.028621923178434372,0.2630103528499603,118.22006225585938,85.8017349243164,3.5951056480407715,78.80997467041016,64.1761703491211
40,6949,RMSprop,-1.6186996698379517,-1.7822004556655884,0.16350078582763672,88.32122802734375,88.65086364746094,0.3296356201171875,70.72924041748047,70.7579116821289,0.0286712646484375,0.0,0.0,0.0,0.0,0.0,0.0,True,0.20287280000047758,60,60,0.09785760194063187,1.1648905277252197,117.5243911743164,86.32086181640625,3.6277103424072266,79.059814453125,64.30854034423828
40,6949,LBFGS,-1.6186996698379517,-1.7970070838928223,0.1783074140548706,88.32122802734375,88.69329833984375,0.3720703125,70.72924041748047,70.76704406738281,0.03780364990234375,0.0,0.0,0.0,0.0,0.0,0.0,True,0.1998119999989285,60,83,0.11179771274328232,1.3457329273223877,117.41525268554688,86.46452331542969,3.632965564727783,79.10810089111328,64.33419036865234
41,7905,Adam,-0.39271289110183716,-0.5618679523468018,0.1691550612449646,86.33472442626953,86.67973327636719,0.34500885009765625,70.7820053100586,70.8176498413086,0.03564453125,0.0,0.0,0.0,0.0,0.0,0.0,True,0.13788620000013907,60,60,0.09358041733503342,1.0322251319885254,114.31947326660156,87.5359878540039,3.4389286041259766,78.85457611083984,64.7208480834961
41,7905,SGD,-0.39271289110183716,-0.4673483073711395,0.07463541626930237,86.33472442626953,86.45822143554688,0.12349700927734375,70.7820053100586,70.77871704101562,-0.00328826904296875,0.0,0.0,0.0,0.0,0.0,0.0,True,0.16072760000133712,60,60,0.031397491693496704,0.22955620288848877,113.6516342163086,86.9947509765625,3.4009292125701904,78.69295501708984,64.58993530273438
41,7905,RMSprop,-0.39271289110183716,-0.5652623772621155,0.17254948616027832,86.33472442626953,86.68724060058594,0.35251617431640625,70.7820053100586,70.81841278076172,0.036407470703125,0.0,0.0,0.0,0.0,0.0,0.0,True,0.1797549999992043,60,60,0.09560731053352356,1.052706241607666,114.33106994628906,87.55038452148438,3.4398910999298096,78.86196899414062,64.72624969482422
41,7905,LBFGS,-0.39271289110183716,-0.5818333029747009,0.18912041187286377,86.33472442626953,86.726806640625,0.39208221435546875,70.7820053100586,70.82379150390625,0.04178619384765625,0.0,0.0,0.0,0.0,0.0,0.0,True,0.9712120000003779,60,473,0.1070055440068245,1.1771374940872192,114.40110778808594,87.64532470703125,3.4459280967712402,78.89738464355469,64.75189971923828
42,7586,Adam,-1.2006375789642334,-1.3043625354766846,0.10372495651245117,88.18490600585938,88.46577453613281,0.2808685302734375,71.22339630126953,71.30084991455078,0.07745361328125,0.0,0.0,0.0,0.0,0.0,0.0,True,0.23495480000019597,60,60,0.08871523290872574,1.13825523853302,112.99256134033203,85.33424377441406,3.7296504974365234,80.62907409667969,65.59588623046875
42,7586,SGD,-1.2006375789642334,-1.2304705381393433,0.029832959175109863,88.18490600585938,88.2476577758789,0.06275177001953125,71.22339630126953,71.23380279541016,0.010406494140625,0.0,0.0,0.0,0.0,0.0,0.0,True,0.21025439999903028,60,60,0.020735211670398712,0.2915569245815277,112.33971405029297,85.83612060546875,3.6888279914855957,80.51639556884766,65.42977905273438
42,7586,RMSprop,-1.2006375789642334,-1.306396484375,0.1057589054107666,88.18490600585938,88.47164154052734,0.28673553466796875,71.22339630126953,71.30223083496094,0.07883453369140625,0.0,0.0,0.0,0.0,0.0,0.0,True,0.20868280000104278,60,60,0.09072289615869522,1.1645244359970093,113.01294708251953,85.31864929199219,3.730619192123413,80.63058471679688,65.60132598876953
42,7586,LBFGS,-1.2006375789642334,-1.3165475130081177,0.11590993404388428,88.18490600585938,88.5031967163086,0.31829071044921875,71.22339630126953,71.310546875,0.08715057373046875,0.0,0.0,0.0,1.1175870895385742e-08,0.0,1.1175870895385742e-08,True,2.2510108000005857,60,455,0.10152513533830643,1.3003441095352173,113.11958312988281,85.23967742919922,3.736640691757202,80.6402587890625,65.62837982177734
43,7452,Adam,-0.9536598324775696,-1.183719515800476,0.2300596833229065,89.0909194946289,89.24948120117188,0.15856170654296875,72.38353729248047,72.1646728515625,-0.21886444091796875,0.0,0.0,0.0,0.0,0.0,0.0,True,0.1890825999998924,60,60,0.09578808397054672,1.1760356426239014,114.00081634521484,85.50050354003906,3.7743594646453857,80.80990600585938,66.61225891113281
43,7452,SGD,-0.9536598324775696,-1.0702804327011108,0.11662060022354126,89.0909194946289,89.1484375,0.05751800537109375,72.38353729248047,72.25947570800781,-0.12406158447265625,0.0,0.0,0.0,0.0,0.0,0.0,True,0.17202440000073693,60,60,0.03857696056365967,0.4778806269168854,113.38155364990234,85.82244110107422,3.8103954792022705,80.94245910644531,66.43896484375
43,7452,RMSprop,-0.9536598324775696,-1.187995195388794,0.23433536291122437,89.0909194946289,89.25398254394531,0.16306304931640625,72.38353729248047,72.16162872314453,-0.2219085693359375,0.0,0.0,0.0,0.0,0.0,0.0,True,0.17169149999972433,60,60,0.09739349037408829,1.203181266784668,114.0211181640625,85.48500061035156,3.7749733924865723,80.80238342285156,66.61770629882812
43,7452,LBFGS,-0.9536598324775696,-1.2098780870437622,0.2562182545661926,89.0909194946289,89.26995849609375,0.17903900146484375,72.38353729248047,72.13853454589844,-0.24500274658203125,0.0,0.0,0.0,0.0,0.0,0.0,True,1.263793900001474,60,481,0.10824128985404968,1.3455462455749512,114.12826538085938,85.4051742553711,3.772042751312256,80.76127624511719,66.64468383789062
44,7444,Adam,-1.524716854095459,-1.6564409732818604,0.13172411918640137,89.29731750488281,89.47145080566406,0.17413330078125,71.72628784179688,71.66517639160156,-0.0611114501953125,0.0,0.0,0.0,0.0,0.0,0.0,True,0.13668200000029174,60,60,0.09701407700777054,1.1623811721801758,114.5436782836914,85.13885498046875,3.8058295249938965,80.47827911376953,66.2890625
44,7444,SGD,-1.524716854095459,-1.5693128108978271,0.044595956802368164,89.29731750488281,89.33281707763672,0.03549957275390625,71.72628784179688,71.69056701660156,-0.0357208251953125,0.0,0.0,0.0,0.0,0.0,0.0,True,0.20216489999984333,60,60,0.025212226435542107,0.3190959393978119,113.85990905761719,85.5691146850586,3.763129472732544,80.69927978515625,66.11869812011719
44,7444,RMSprop,-1.524716854095459,-1.6587388515472412,0.13402199745178223,89.29731750488281,89.4749755859375,0.1776580810546875,71.72628784179688,71.66394805908203,-0.06233978271484375,0.0,0.0,0.0,0.0,0.0,0.0,True,0.2319671000004746,60,60,0.09921751916408539,1.1890759468078613,114.56353759765625,85.12338256835938,3.806812047958374,80.47132873535156,66.29450988769531
44,7444,LBFGS,-1.524716854095459,-1.6710823774337769,0.14636552333831787,89.29731750488281,89.49118041992188,0.1938629150390625,71.72628784179688,71.65419006347656,-0.0720977783203125,0.0,0.0,0.0,0.0,0.0,0.0,True,0.20757860000048822,60,83,0.11180280894041061,1.3458369970321655,114.6832046508789,85.0384750366211,3.8119168281555176,80.42251586914062,66.32139587402344
45,7572,Adam,-1.297654151916504,-1.402543544769287,0.1048893928527832,88.61312866210938,88.79944610595703,0.18631744384765625,71.45773315429688,71.45182037353516,-0.00591278076171875,0.0,0.0,0.0,0.0,0.0,0.0,True,0.15530589999980293,60,60,0.08364755660295486,1.1409611701965332,112.90792846679688,85.81082916259766,3.790065050125122,81.04114532470703,65.57430267333984
45,7572,SGD,-1.297654151916504,-1.3322306871414185,0.03457653522491455,88.61312866210938,88.66120910644531,0.0480804443359375,71.45773315429688,71.4481201171875,-0.009613037109375,0.0,0.0,0.0,0.0,0.0,0.0,True,0.14960419999988517,60,60,0.02223539538681507,0.31029850244522095,112.22770690917969,86.24633026123047,3.764876127243042,81.19693756103516,65.40231323242188
45,7572,RMSprop,-1.297654151916504,-1.4045804738998413,0.1069263219833374,88.61312866210938,88.80577850341797,0.19264984130859375,71.45773315429688,71.4542465209961,-0.00348663330078125,0.0,0.0,0.0,0.0,0.0,0.0,True,0.13287210000089544,60,60,0.08394220471382141,1.1652508974075317,112.92811584472656,85.79360961914062,3.7872843742370605,81.0556411743164,65.5796890258789
45,7572,LBFGS,-1.297654151916504,-1.4144282341003418,0.11677408218383789,88.61312866210938,88.8377914428711,0.22466278076171875,71.45773315429688,71.46443939208984,0.00670623779296875,0.0,0.0,0.0,0.0,0.0,0.0,True,0.9077820999991673,60,464,0.09277225285768509,1.303706407546997,113.04024505615234,85.71142578125,3.7901370525360107,81.06781768798828,65.60643768310547
46,7632,Adam,-1.926438331604004,-2.0650534629821777,0.13861513137817383,88.92184448242188,89.23484802246094,0.3130035400390625,70.80573272705078,70.85726928710938,0.05153656005859375,0.0,0.0,0.0,0.0,0.0,0.0,True,0.16945850000047358,60,60,0.09561365842819214,1.127065658569336,114.70621490478516,86.91993713378906,3.5243782997131348,78.80256652832031,64.89356994628906
46,7632,SGD,-1.926438331604004,-1.9759889841079712,0.049550652503967285,88.92184448242188,89.02454376220703,0.10269927978515625,70.80573272705078,70.82169342041016,0.015960693359375,0.0,0.0,0.0,0.0,0.0,0.0,True,0.16407970000000205,60,60,0.026280008256435394,0.22833938896656036,115.41911315917969,86.41075134277344,3.4882876873016357,78.57585144042969,64.75904846191406
46,7632,RMSprop,-1.926438331604004,-2.0674033164978027,0.14096498489379883,88.92184448242188,89.24113464355469,0.3192901611328125,70.80573272705078,70.85847473144531,0.05274200439453125,0.0,0.0,0.0,0.0,0.0,0.0,True,0.15122730000075535,60,60,0.09762556850910187,1.1477023363113403,114.69235229492188,86.93234252929688,3.5253570079803467,78.80999755859375,64.89900970458984
46,7632,LBFGS,-1.926438331604004,-2.080000877380371,0.1535625457763672,88.92184448242188,89.27667236328125,0.354827880859375,70.80573272705078,70.86471557617188,0.05898284912109375,0.0,0.0,0.0,0.0,0.0,0.0,True,0.21048440000049595,60,83,0.11180271208286285,1.3458255529403687,114.53457641601562,87.04364013671875,3.5314910411834717,78.8519058227539,64.92530059814453
47,6913,Adam,-1.3688697814941406,-1.490002155303955,0.12113237380981445,87.88154602050781,88.03955841064453,0.15801239013671875,70.70929718017578,70.65148162841797,-0.0578155517578125,0.0,0.0,0.0,0.0,0.0,0.0,True,0.14108069999929285,60,60,0.09234932065010071,1.0356025695800781,112.54650115966797,84.59184265136719,3.9842944145202637,79.16061401367188,63.459144592285156
47,6913,SGD,-1.3688697814941406,-1.4096401929855347,0.04077041149139404,87.88154602050781,87.94310760498047,0.06156158447265625,70.70929718017578,70.7022705078125,-0.00702667236328125,0.0,0.0,0.0,0.0,0.0,0.0,True,0.1345645000001241,60,60,0.023978840559720993,0.1321081668138504,113.27664947509766,85.10394287109375,3.954120397567749,78.90843963623047,63.3119010925293
47,6913,RMSprop,-1.3688697814941406,-1.4922935962677002,0.12342381477355957,87.88154602050781,88.043701171875,0.1621551513671875,70.70929718017578,70.65113067626953,-0.05816650390625,0.0,0.0,0.0,0.0,0.0,0.0,True,0.12775470000087807,60,60,0.09387173503637314,1.0402694940567017,112.54933166503906,84.58561706542969,3.985295295715332,79.16791534423828,63.46461486816406
47,6913,LBFGS,-1.3688697814941406,-1.5036816596984863,0.1348118782043457,87.88154602050781,88.06192016601562,0.1803741455078125,70.70929718017578,70.64575958251953,-0.06353759765625,0.0,0.0,0.0,0.0,0.0,0.0,True,1.4395177000005788,60,473,0.10445506870746613,1.1582181453704834,112.45333099365234,84.53645324707031,3.990182876586914,79.20933532714844,63.49153137207031
48,7625,Adam,-1.6272501945495605,-1.7578270435333252,0.13057684898376465,88.52287292480469,88.83333587646484,0.31046295166015625,70.89412689208984,70.95866394042969,0.06453704833984375,0.0,0.0,0.0,0.0,0.0,0.0,True,0.19445269999960146,60,60,0.08687186986207962,0.7763387560844421,114.2254409790039,86.3938980102539,3.546215772628784,78.72004699707031,64.98037719726562
48,7625,SGD,-1.6272501945495605,-1.6741429567337036,0.046892762184143066,88.52287292480469,88.62434387207031,0.101470947265625,70.89412689208984,70.91299438476562,0.01886749267578125,0.0,0.0,0.0,0.0,0.0,0.0,True,0.16411109999899054,60,60,0.025601672008633614,0.1961534321308136,114.34056854248047,85.87984466552734,3.510558843612671,78.49541473388672,64.84258270263672
48,7625,RMSprop,-1.6272501945495605,-1.7602800130844116,0.13302981853485107,88.52287292480469,88.83985137939453,0.31697845458984375,70.89412689208984,70.9599609375,0.06583404541015625,0.0,0.0,0.0,0.0,0.0,0.0,True,0.15792599999986123,60,60,0.08900322020053864,0.7985998392105103,114.20375061035156,86.40933990478516,3.547244071960449,78.72770690917969,64.98582458496094
48,7625,LBFGS,-1.6272501945495605,-1.7726751565933228,0.1454249620437622,88.52287292480469,88.87779235839844,0.35491943359375,70.89412689208984,70.97045135498047,0.076324462890625,0.0,0.0,0.0,0.0,0.0,0.0,True,0.9474877000011475,60,473,0.1001606360077858,0.900388240814209,114.26592254638672,86.51343536376953,3.5529325008392334,78.76844024658203,65.01224517822266
49,7100,Adam,-0.9403742551803589,-1.226906418800354,0.2865321636199951,89.06256866455078,89.20990753173828,0.1473388671875,72.37810516357422,72.0676040649414,-0.3105010986328125,0.0,0.0,0.0,0.0,0.0,0.0,True,0.13346540000020468,60,60,0.09285705536603928,1.0508003234863281,117.49620819091797,91.04287719726562,3.66485333442688,81.82079315185547,65.53831481933594
49,7100,SGD,-0.9403742551803589,-1.121091604232788,0.1807173490524292,89.06256866455078,89.12155151367188,0.05898284912109375,72.37810516357422,72.15974426269531,-0.21836090087890625,0.0,0.0,0.0,0.0,0.0,0.0,True,0.14198410000062722,60,60,0.045685578137636185,0.4872325360774994,116.8467788696289,91.29996490478516,3.702584743499756,81.91865539550781,65.4090805053711
49,7100,RMSprop,-0.9403742551803589,-1.232442855834961,0.29206860065460205,89.06256866455078,89.21009826660156,0.14752960205078125,72.37810516357422,72.05912780761719,-0.31897735595703125,0.0,0.0,0.0,0.0,0.0,0.0,True,0.17383759999938775,60,60,0.09402920305728912,1.0515247583389282,117.47666931152344,91.02745819091797,3.664637327194214,81.81329345703125,65.54370880126953
49,7100,LBFGS,-0.9403742551803589,-1.2600380182266235,0.31966376304626465,89.06256866455078,89.21359252929688,0.15102386474609375,72.37810516357422,72.01653289794922,-0.361572265625,0.0,0.0,0.0,1.1175870895385742e-08,0.0,1.1175870895385742e-08,True,0.8905219000007492,60,427,0.10579982399940491,1.1321731805801392,117.49231719970703,90.94988250732422,3.6552085876464844,81.77384948730469,65.5698013305664
50,7587,Adam,-1.3425781726837158,-1.4480106830596924,0.10543251037597656,88.30094146728516,88.63004302978516,0.3291015625,71.11700439453125,71.23101806640625,0.114013671875,0.0,0.0,0.0,0.0,0.0,0.0,True,0.14561400000093272,60,60,0.09669109433889389,1.173647165298462,112.89100646972656,85.265380859375,3.7187466621398926,80.68770599365234,65.58419799804688
50,7587,SGD,-1.3425781726837158,-1.3701213598251343,0.027543187141418457,88.30094146728516,88.37071228027344,0.06977081298828125,71.11700439453125,71.13701629638672,0.02001190185546875,0.0,0.0,0.0,0.0,0.0,0.0,True,0.19088919999921927,60,60,0.01995992101728916,0.2614844739437103,112.22820281982422,85.81641387939453,3.6786587238311768,80.41841125488281,65.41999816894531
50,7587,RMSprop,-1.3425781726837158,-1.4499644041061401,0.10738623142242432,88.30094146728516,88.63712310791016,0.336181640625,71.11700439453125,71.23344421386719,0.1164398193359375,0.0,0.0,0.0,0.0,0.0,0.0,True,0.19334970000090834,60,60,0.0988474190235138,1.2002646923065186,112.9112777709961,85.2500991821289,3.7197508811950684,80.69357299804688,65.58966827392578
50,7587,LBFGS,-1.3425781726837158,-1.459970474243164,0.11739230155944824,88.30094146728516,88.68197631835938,0.38103485107421875,71.11700439453125,71.25218200683594,0.1351776123046875,0.0,0.0,0.0,0.0,0.0,0.0,True,0.18468440000106057,60,82,0.1118023470044136,1.3458348512649536,113.01815795898438,85.1720199584961,3.7256252765655518,80.75054168701172,65.61695098876953
51,7793,Adam,-1.3681775331497192,-1.5636767148971558,0.19549918174743652,87.91513061523438,88.33344268798828,0.41831207275390625,70.7398681640625,70.79988098144531,0.0600128173828125,0.0,0.0,0.0,0.0,0.0,0.0,True,0.1441082000001188,60,60,0.09710570424795151,1.1683660745620728,120.52304077148438,90.42396545410156,3.452458143234253,79.35423278808594,64.91388702392578
51,7793,SGD,-1.3681775331497192,-1.4498178958892822,0.08164036273956299,87.91513061523438,88.06865692138672,0.15352630615234375,70.7398681640625,70.7524642944336,0.01259613037109375,0.0,0.0,0.0,0.0,0.0,0.0,True,0.14734739999948943,60,60,0.033105481415987015,0.3213554620742798,121.18936157226562,89.93049621582031,3.416199207305908,79.15868377685547,64.79926300048828
51,7793,RMSprop,-1.3681775331497192,-1.567394733428955,0.19921720027923584,87.91513061523438,88.34231567382812,0.42718505859375,70.7398681640625,70.80127716064453,0.06140899658203125,0.0,0.0,0.0,0.0,0.0,0.0,True,0.13598860000092827,60,60,0.09928963333368301,1.194737195968628,120.50277709960938,90.43809509277344,3.4534056186676025,79.3616943359375,64.91928100585938
51,7793,LBFGS,-1.3681775331497192,-1.5862306356430054,0.21805310249328613,87.91513061523438,88.3912353515625,0.476104736328125,70.7398681640625,70.81084442138672,0.07097625732421875,0.0,0.0,0.0,0.0,0.0,0.0,True,0.23053110000000743,60,83,0.11180301755666733,1.3458369970321655,120.39723205566406,90.53684997558594,3.4597082138061523,79.40084075927734,64.9448013305664
52,7634,Adam,-1.9333206415176392,-2.086521863937378,0.15320122241973877,88.87230682373047,89.20494842529297,0.3326416015625,70.75202941894531,70.79912567138672,0.04709625244140625,0.0,0.0,0.0,0.0,0.0,0.0,True,0.1846149000011792,60,60,0.09630792587995529,1.1445201635360718,115.03016662597656,86.979248046875,3.521747350692749,78.78191375732422,64.87547302246094
52,7634,SGD,-1.9333206415176392,-1.989595890045166,0.056275248527526855,88.87230682373047,88.98523712158203,0.1129302978515625,70.75202941894531,70.76689910888672,0.01486968994140625,0.0,0.0,0.0,0.0,0.0,0.0,True,0.16301540000131354,60,60,0.02793825790286064,0.2562578320503235,115.736572265625,86.48052978515625,3.485786199569702,78.56036376953125,64.74468994140625
52,7634,RMSprop,-1.9333206415176392,-2.089221954345703,0.15590131282806396,88.87230682373047,89.21173095703125,0.33942413330078125,70.75202941894531,70.80020141601562,0.0481719970703125,0.0,0.0,0.0,0.0,0.0,0.0,True,0.207006900000124,60,60,0.09844227880239487,1.1687474250793457,115.01258850097656,86.99313354492188,3.522726535797119,78.78936004638672,64.88090515136719
52,7634,LBFGS,-1.9333206415176392,-2.1035208702087402,0.17020022869110107,88.87230682373047,89.2492904663086,0.376983642578125,70.75202941894531,70.80606842041016,0.05403900146484375,0.0,0.0,0.0,0.0,0.0,0.0,True,0.30442430000039167,60,83,0.11180293560028076,1.345831274986267,114.87527465820312,87.09459686279297,3.5287911891937256,78.83038330078125,64.90711975097656
53,7433,Adam,-1.8504114151000977,-1.9711658954620361,0.12075448036193848,88.78208923339844,89.08202362060547,0.29993438720703125,70.79442596435547,70.86316680908203,0.0687408447265625,0.0,0.0,0.0,0.0,0.0,0.0,True,0.2514648999986093,60,60,0.08942315727472305,0.8864167928695679,113.94866943359375,85.75950622558594,3.786611795425415,79.8458251953125,65.91474151611328
53,7433,SGD,-1.8504114151000977,-1.8917278051376343,0.04131639003753662,88.78208923339844,88.87103271484375,0.0889434814453125,70.79442596435547,70.81063079833984,0.016204833984375,0.0,0.0,0.0,0.0,0.0,0.0,True,0.1600801999993564,60,60,0.02409479394555092,0.1697787642478943,113.48602294921875,85.22698974609375,3.750852108001709,79.61644744873047,65.77259826660156
53,7433,RMSprop,-1.8504114151000977,-1.9733833074569702,0.12297189235687256,88.78208923339844,89.08847045898438,0.3063812255859375,70.79442596435547,70.86479949951172,0.07037353515625,0.0,0.0,0.0,0.0,0.0,0.0,True,0.14074690000052215,60,60,0.09136494994163513,0.9032770395278931,113.95689392089844,85.77103424072266,3.787628650665283,79.85334777832031,65.92018127441406
53,7433,LBFGS,-1.8504114151000977,-1.984755039215088,0.13434362411499023,88.78208923339844,89.12556457519531,0.343475341796875,70.79442596435547,70.87545776367188,0.08103179931640625,0.0,0.0,0.0,0.0,0.0,0.0,True,0.19092260000070382,60,83,0.10358782112598419,1.045864462852478,114.02608489990234,85.88768768310547,3.793137311935425,79.89401245117188,65.94662475585938
54,7453,Adam,-1.0374046564102173,-1.259575366973877,0.22217071056365967,89.1151351928711,89.2791519165039,0.1640167236328125,72.28182220458984,72.07970428466797,-0.202117919921875,0.0,0.0,0.0,0.0,0.0,0.0,True,0.1307993999998871,60,60,0.09483663737773895,1.1754875183105469,113.95221710205078,85.56675720214844,3.7811079025268555,80.79940795898438,66.67019653320312
54,7453,SGD,-1.0374046564102173,-1.1476662158966064,0.11026155948638916,89.1151351928711,89.17620849609375,0.06107330322265625,72.28182220458984,72.17037200927734,-0.1114501953125,0.0,0.0,0.0,0.0,0.0,0.0,True,0.14552420000109123,60,60,0.03776102140545845,0.4734737277030945,113.33984375,85.89563751220703,3.8153460025787354,80.93888854980469,66.49760437011719
54,7453,RMSprop,-1.0374046564102173,-1.2637397050857544,0.2263350486755371,89.1151351928711,89.28569030761719,0.17055511474609375,72.28182220458984,72.0788803100586,-0.20294189453125,0.0,0.0,0.0,0.0,0.0,0.0,True,0.14341520000016317,60,60,0.09575880318880081,1.2026396989822388,113.97252655029297,85.55117797851562,3.7836785316467285,80.7918472290039,66.67565155029297
54,7453,LBFGS,-1.0374046564102173,-1.2850017547607422,0.2475970983505249,89.1151351928711,89.31019592285156,0.19506072998046875,72.28182220458984,72.06525421142578,-0.2165679931640625,0.0,0.0,0.0,0.0,0.0,0.0,True,0.17965890000050422,60,85,0.10418214648962021,1.3452261686325073,114.07972717285156,85.47086334228516,3.7887039184570312,80.75037384033203,66.70260620117188
55,7566,Adam,-1.5655288696289062,-1.705295205116272,0.13976633548736572,89.02589416503906,89.24282836914062,0.2169342041015625,71.42747497558594,71.39398956298828,-0.03348541259765625,0.0,0.0,0.0,0.0,0.0,0.0,True,0.14166499999919324,60,60,0.09222438931465149,1.1682556867599487,111.97285461425781,85.52661895751953,3.798882484436035,81.23809814453125,65.77549743652344
55,7566,SGD,-1.5655288696289062,-1.6167511940002441,0.05122232437133789,89.02589416503906,89.09185791015625,0.0659637451171875,71.42747497558594,71.40863800048828,-0.01883697509765625,0.0,0.0,0.0,0.0,0.0,0.0,True,0.15099209999971208,60,60,0.026921775192022324,0.38121557235717773,111.35865020751953,85.93710327148438,3.766062021255493,81.46553039550781,65.60626983642578
55,7566,RMSprop,-1.5655288696289062,-1.7077645063400269,0.1422356367111206,89.02589416503906,89.24772644042969,0.221832275390625,71.42747497558594,71.39378356933594,-0.03369140625,0.0,0.0,0.0,0.0,0.0,0.0,True,0.1267020000013872,60,60,0.09435968846082687,1.1951920986175537,111.9931869506836,85.5108413696289,3.7998318672180176,81.23223876953125,65.78094482421875
55,7566,LBFGS,-1.5655288696289062,-1.720758080482483,0.15522921085357666,89.02589416503906,89.2693099975586,0.24341583251953125,71.42747497558594,71.3874282836914,-0.04004669189453125,0.0,0.0,0.0,0.0,0.0,0.0,True,0.9358914000004006,60,474,0.10836797207593918,1.345556378364563,112.10140991210938,85.42658996582031,3.808016777038574,81.17413330078125,65.8077621459961
56,7693,Adam,-1.0294451713562012,-1.1445159912109375,0.11507081985473633,87.6700668334961,88.00141906738281,0.33135223388671875,71.02179718017578,71.1285171508789,0.106719970703125,0.0,0.0,0.0,0.0,0.0,0.0,True,0.1468657000004896,60,60,0.08417240530252457,0.7002033591270447,116.34695434570312,87.97744750976562,3.4790425300598145,79.52568817138672,64.92156219482422
56,7693,SGD,-1.0294451713562012,-1.070709228515625,0.04126405715942383,87.6700668334961,87.76749420166016,0.0974273681640625,71.02179718017578,71.0455551147461,0.0237579345703125,0.0,0.0,0.0,0.0,0.0,0.0,True,0.15344890000051237,60,60,0.024088434875011444,0.15870754420757294,116.26201629638672,87.48480224609375,3.44382905960083,79.30815887451172,64.77629852294922
56,7693,RMSprop,-1.0294451713562012,-1.146572232246399,0.11712706089019775,87.6700668334961,88.0059585571289,0.3358917236328125,71.02179718017578,71.12915802001953,0.10736083984375,0.0,0.0,0.0,0.0,0.0,0.0,True,0.15705119999984163,60,60,0.08502130955457687,0.6844658255577087,116.34569549560547,87.95114135742188,3.4800729751586914,79.53323364257812,64.92698669433594
56,7693,LBFGS,-1.0294451713562012,-1.1570789813995361,0.12763381004333496,87.6700668334961,88.0385513305664,0.3684844970703125,71.02179718017578,71.13925170898438,0.11745452880859375,0.0,0.0,0.0,0.0,0.0,0.0,True,0.9945583999997325,60,473,0.09295739978551865,0.6949131488800049,116.35612487792969,87.92174530029297,3.4857540130615234,79.57551574707031,64.95353698730469
57,7459,Adam,-0.6496099233627319,-0.915742814540863,0.2661328911781311,88.87225341796875,89.05548095703125,0.1832275390625,72.63774871826172,72.3869400024414,-0.2508087158203125,0.0,0.0,0.0,0.0,0.0,0.0,True,0.2252595999998448,60,60,0.09753088653087616,1.1787025928497314,113.56256103515625,86.4769287109375,3.7860755920410156,80.93296813964844,66.84060668945312
57,7459,SGD,-0.6496099233627319,-0.7934836745262146,0.14387375116348267,88.87225341796875,88.92697143554688,0.054718017578125,72.63774871826172,72.47062683105469,-0.16712188720703125,0.0,0.0,0.0,0.0,0.0,0.0,True,0.14721520000057353,60,60,0.04176078736782074,0.4995480179786682,112.91878509521484,86.76786041259766,3.8224194049835205,81.04407501220703,66.66342163085938
57,7459,RMSprop,-0.6496099233627319,-0.9208298325538635,0.2712199091911316,88.87225341796875,89.0589828491211,0.18672943115234375,72.63774871826172,72.3815689086914,-0.2561798095703125,0.0,0.0,0.0,0.0,0.0,0.0,True,0.15076809999845864,60,60,0.0997537299990654,1.2058147192001343,113.58284759521484,86.46153259277344,3.785137176513672,80.92548370361328,66.8460464477539
57,7459,LBFGS,-0.6496099233627319,-0.9466827511787415,0.2970728278160095,88.87225341796875,89.07463836669922,0.20238494873046875,72.63774871826172,72.35175323486328,-0.2859954833984375,0.0,0.0,0.0,0.0,0.0,0.0,True,1.4617433000003075,60,472,0.11180303990840912,1.3458369970321655,113.68865966796875,86.38365173339844,3.7788736820220947,80.88545989990234,66.87276458740234
58,7617,Adam,-1.4599900245666504,-1.5608587265014648,0.10086870193481445,88.39029693603516,88.68762969970703,0.297332763671875,71.02316284179688,71.12031555175781,0.0971527099609375,0.0,0.0,0.0,0.0,0.0,0.0,True,0.20453919999999925,60,60,0.08565075695514679,0.8857804536819458,114.63826751708984,86.2775650024414,3.590895175933838,78.97496032714844,64.7619857788086
58,7617,SGD,-1.4599900245666504,-1.4927444458007812,0.03275442123413086,88.39029693603516,88.46897888183594,0.07868194580078125,71.02316284179688,71.0431900024414,0.02002716064453125,0.0,0.0,0.0,0.0,0.0,0.0,True,0.16778720000002068,60,60,0.02154845930635929,0.13413164019584656,113.92355346679688,86.07948303222656,3.554877281188965,78.73980712890625,64.61206817626953
58,7617,RMSprop,-1.4599900245666504,-1.5627914667129517,0.10280144214630127,88.39029693603516,88.69226837158203,0.301971435546875,71.02316284179688,71.1211929321289,0.09803009033203125,0.0,0.0,0.0,0.0,0.0,0.0,True,0.1987645999997767,60,60,0.08658220618963242,0.8643959164619446,114.61076354980469,86.26750946044922,3.5919981002807617,78.98294830322266,64.76737976074219
58,7617,LBFGS,-1.4599900245666504,-1.572278618812561,0.11228859424591064,88.39029693603516,88.72239685058594,0.33209991455078125,71.02316284179688,71.13033294677734,0.10717010498046875,0.0,0.0,0.0,0.0,0.0,0.0,True,0.20311149999906775,60,85,0.0950465053319931,0.900708794593811,114.63668823242188,86.22354888916016,3.5974624156951904,79.02465057373047,64.79415130615234
59,7653,Adam,-1.6958986520767212,-1.7995843887329102,0.10368573665618896,88.76886749267578,89.058349609375,0.28948211669921875,71.00977325439453,71.09402465820312,0.08425140380859375,0.0,0.0,0.0,0.0,0.0,0.0,True,0.1771759999992355,60,60,0.09040725231170654,1.0084723234176636,115.55018615722656,86.97673034667969,3.5074305534362793,79.45548248291016,65.04041290283203
59,7653,SGD,-1.6958986520767212,-1.7308852672576904,0.03498661518096924,88.76886749267578,88.85248565673828,0.0836181640625,71.00977325439453,71.0307846069336,0.0210113525390625,0.0,0.0,0.0,0.0,0.0,0.0,True,0.15419329999895126,60,60,0.022241828963160515,0.16278748214244843,116.2486572265625,86.5400619506836,3.4711616039276123,79.22364807128906,64.8932876586914
59,7653,RMSprop,-1.6958986520767212,-1.8014112710952759,0.10551261901855469,88.76886749267578,89.06087493896484,0.2920074462890625,71.00977325439453,71.0935287475586,0.0837554931640625,0.0,0.0,0.0,0.0,0.0,0.0,True,0.1479871000010462,60,60,0.09045356512069702,0.9805665612220764,115.5518798828125,86.91278839111328,3.508512258529663,79.46330261230469,65.04580688476562
59,7653,LBFGS,-1.6958986520767212,-1.810482144355774,0.11458349227905273,88.76886749267578,89.08724975585938,0.31838226318359375,71.00977325439453,71.09951782226562,0.08974456787109375,0.0,0.0,0.0,0.0,0.0,0.0,True,0.8938235999994504,60,473,0.09974506497383118,1.053868293762207,115.44947814941406,86.83125305175781,3.5148446559906006,79.50836181640625,65.0722885131836
60,7431,Adam,-1.7189738750457764,-1.8516682386398315,0.13269436359405518,88.60350036621094,88.93083190917969,0.32733154296875,70.83033752441406,70.9035873413086,0.07324981689453125,0.0,0.0,0.0,0.0,0.0,0.0,True,0.1857426000005944,60,60,0.09464646875858307,1.0747957229614258,113.938720703125,85.57269287109375,3.807826042175293,79.60942840576172,65.92826080322266
60,7431,SGD,-1.7189738750457764,-1.7649950981140137,0.046021223068237305,88.60350036621094,88.70172882080078,0.09822845458984375,70.83033752441406,70.84766387939453,0.01732635498046875,0.0,0.0,0.0,0.0,0.0,0.0,True,0.13184840000030817,60,60,0.025387689471244812,0.18382121622562408,113.20935821533203,85.03521728515625,3.771937370300293,79.39409637451172,65.78597259521484
60,7431,RMSprop,-1.7189738750457764,-1.854145884513855,0.1351720094680786,88.60350036621094,88.93785095214844,0.3343505859375,70.83033752441406,70.9052734375,0.0749359130859375,0.0,0.0,0.0,0.0,0.0,0.0,True,0.155498299998726,60,60,0.09661813080310822,1.0931953191757202,113.94889068603516,85.58555603027344,3.808830499649048,79.61686706542969,65.93370056152344
60,7431,LBFGS,-1.7189738750457764,-1.8667577505111694,0.14778387546539307,88.60350036621094,88.97676849365234,0.37326812744140625,70.83033752441406,70.9155502319336,0.08521270751953125,0.0,0.0,0.0,0.0,0.0,0.0,True,0.983064000000013,60,455,0.1086290180683136,1.2359545230865479,114.03544616699219,85.69160461425781,3.814286231994629,79.65536499023438,65.96013641357422
61,7130,Adam,0.48516225814819336,0.05590585991740227,0.4292563982307911,88.9964599609375,89.3590087890625,0.362548828125,74.41403198242188,74.08123016357422,-0.33280181884765625,0.0,0.0,0.0,0.0,0.0,0.0,True,0.1742011000005732,60,60,0.09797049313783646,1.157630205154419,112.89405059814453,90.95085906982422,3.7139930725097656,82.46463012695312,66.23724365234375
61,7130,SGD,0.48516225814819336,0.17422987520694733,0.31093238294124603,88.9964599609375,89.11563873291016,0.11917877197265625,74.41403198242188,74.05599212646484,-0.35803985595703125,0.0,0.0,0.0,0.0,0.0,0.0,True,0.15985809999983758,60,60,0.05238911882042885,0.5617167949676514,112.15930938720703,91.1659164428711,3.746703624725342,82.5003890991211,66.05460357666016
61,7130,RMSprop,0.48516225814819336,0.04686300456523895,0.4382992535829544,88.9964599609375,89.3660659790039,0.36960601806640625,74.41403198242188,74.07321166992188,-0.3408203125,0.0,0.0,0.0,0.0,0.0,0.0,True,0.14696189999995113,60,60,0.1001281663775444,1.1820704936981201,112.91093444824219,90.93570709228516,3.7129974365234375,82.45724487304688,66.24263000488281
61,7130,LBFGS,0.48516225814819336,0.003984544426202774,0.4811777137219906,88.9964599609375,89.41242218017578,0.41596221923828125,74.41403198242188,74.04554748535156,-0.3684844970703125,0.0,0.0,0.0,1.1175870895385742e-08,0.0,1.1175870895385742e-08,True,0.18732149999959802,60,84,0.11180318892002106,1.345831274986267,113.05648040771484,90.86473083496094,3.7082247734069824,82.42205810546875,66.26842498779297
62,7619,Adam,-1.8650859594345093,-1.9429738521575928,0.0778878927230835,89.11418151855469,89.35029602050781,0.236114501953125,71.06512451171875,71.14480590820312,0.079681396484375,0.0,0.0,0.0,0.0,0.0,0.0,True,0.14919319999899017,60,60,0.07818716019392014,0.5587971210479736,114.09007263183594,85.83666229248047,3.5851097106933594,78.973388671875,64.81320190429688
62,7619,SGD,-1.8650859594345093,-1.8893332481384277,0.024247288703918457,89.11418151855469,89.17506408691406,0.060882568359375,71.06512451171875,71.0822525024414,0.01712799072265625,0.0,0.0,0.0,0.0,0.0,0.0,True,0.19924299999911455,60,60,0.01851731725037098,0.10350002348423004,113.78836822509766,86.06330871582031,3.547415256500244,78.70978546142578,64.6622314453125
62,7619,RMSprop,-1.8650859594345093,-1.9444235563278198,0.07933759689331055,89.11418151855469,89.35516357421875,0.2409820556640625,71.06512451171875,71.1463623046875,0.08123779296875,0.0,0.0,0.0,0.0,0.0,0.0,True,0.15834189999986847,60,60,0.07985866814851761,0.5646639466285706,114.08436584472656,85.82999420166016,3.5861237049102783,78.98036193847656,64.81864929199219
62,7619,LBFGS,-1.8650859594345093,-1.9518439769744873,0.08675801753997803,89.11418151855469,89.38330841064453,0.26912689208984375,71.06512451171875,71.15641784667969,0.0912933349609375,0.0,0.0,0.0,0.0,0.0,0.0,True,1.3834642000001622,60,482,0.08991863578557968,0.6274857521057129,114.09119415283203,85.78489685058594,3.591647148132324,79.02824401855469,64.84553527832031
63,7804,Adam,-1.6895205974578857,-1.8523072004318237,0.162786602973938,88.5121078491211,88.86568450927734,0.35357666015625,70.79318237304688,70.8459701538086,0.05278778076171875,0.0,0.0,0.0,0.0,0.0,0.0,True,0.17116969999915455,60,60,0.09304869920015335,1.0968546867370605,120.94859313964844,91.32183837890625,3.48547101020813,79.27725982666016,64.36954498291016
63,7804,SGD,-1.6895205974578857,-1.7579548358917236,0.06843423843383789,88.5121078491211,88.63180541992188,0.11969757080078125,70.79318237304688,70.79582214355469,0.0026397705078125,0.0,0.0,0.0,0.0,0.0,0.0,True,0.15475230000083684,60,60,0.030138984322547913,0.29720357060432434,121.59026336669922,90.88386535644531,3.448960304260254,79.04734802246094,64.2582015991211
63,7804,RMSprop,-1.6895205974578857,-1.8554986715316772,0.1659780740737915,88.5121078491211,88.86640167236328,0.3542938232421875,70.79318237304688,70.84163665771484,0.04845428466796875,0.0,0.0,0.0,0.0,0.0,0.0,True,0.16882970000006026,60,60,0.09371127188205719,1.0916340351104736,120.9280776977539,91.26390075683594,3.4865264892578125,79.28515625,64.37489318847656
63,7804,LBFGS,-1.6895205974578857,-1.8709837198257446,0.1814631223678589,88.5121078491211,88.8941650390625,0.38205718994140625,70.79318237304688,70.83922576904297,0.04604339599609375,0.0,0.0,0.0,0.0,0.0,0.0,True,1.0868965999998181,60,455,0.10315018147230148,1.1731384992599487,120.8255844116211,91.19749450683594,3.4929845333099365,79.3293228149414,64.40036010742188
64,7911,Adam,-0.6259424686431885,-0.7934021949768066,0.16745972633361816,86.76326751708984,87.10850524902344,0.34523773193359375,70.81652069091797,70.85374450683594,0.03722381591796875,0.0,0.0,0.0,0.0,0.0,0.0,True,0.15438449999965087,60,60,0.0963035374879837,1.1309314966201782,114.33807373046875,87.22949981689453,3.4104762077331543,78.54988098144531,64.9594955444336
64,7911,SGD,-0.6259424686431885,-0.6983769536018372,0.07243448495864868,86.76326751708984,86.88532257080078,0.1220550537109375,70.81652069091797,70.81524658203125,-0.00127410888671875,0.0,0.0,0.0,0.0,0.0,0.0,True,0.1617091000007349,60,60,0.03101610206067562,0.2272079885005951,113.54354858398438,86.68753814697266,3.372314929962158,78.38064575195312,64.8317642211914
64,7911,RMSprop,-0.6259424686431885,-0.7967390418052673,0.17079657316207886,86.76326751708984,87.1161117553711,0.35284423828125,70.81652069091797,70.85462188720703,0.0381011962890625,0.0,0.0,0.0,0.0,0.0,0.0,True,0.15185920000112674,60,60,0.09842538833618164,1.1549072265625,114.35474395751953,87.24411010742188,3.411431074142456,78.55728149414062,64.96490478515625
64,7911,LBFGS,-0.6259424686431885,-0.8131003379821777,0.18715786933898926,86.76326751708984,87.15874481201172,0.395477294921875,70.81652069091797,70.86197662353516,0.0454559326171875,0.0,0.0,0.0,0.0,0.0,0.0,True,0.19436549999954877,60,84,0.11169426888227463,1.3421653509140015,114.51448822021484,87.33743286132812,3.417569160461426,78.59294128417969,64.99069213867188
65,7659,Adam,-0.9760112762451172,-1.1461715698242188,0.17016029357910156,87.36029815673828,87.69659423828125,0.33629608154296875,70.82769012451172,70.85404205322266,0.0263519287109375,0.0,0.0,0.0,0.0,0.0,0.0,True,0.1399719000000914,60,60,0.09396691620349884,1.0500153303146362,114.93148040771484,87.70993041992188,3.5273826122283936,78.87196350097656,65.05342102050781
65,7659,SGD,-0.9760112762451172,-1.0474138259887695,0.07140254974365234,87.36029815673828,87.49072265625,0.13042449951171875,70.82769012451172,70.8353042602539,0.0076141357421875,0.0,0.0,0.0,0.0,0.0,0.0,True,0.17902890000004845,60,60,0.031058629974722862,0.2394208461046219,115.5819091796875,87.19985961914062,3.4919543266296387,78.69036102294922,64.92684173583984
65,7659,RMSprop,-0.9760112762451172,-1.1494005918502808,0.17338931560516357,87.36029815673828,87.70489501953125,0.34459686279296875,70.82769012451172,70.85619354248047,0.02850341796875,0.0,0.0,0.0,0.0,0.0,0.0,True,0.2279132000003301,60,60,0.09489887207746506,1.0290216207504272,114.98202514648438,87.7242660522461,3.5283985137939453,78.87947845458984,65.058837890625
65,7659,LBFGS,-0.9760112762451172,-1.165512204170227,0.18950092792510986,87.36029815673828,87.74522399902344,0.38492584228515625,70.82769012451172,70.86375427246094,0.03606414794921875,0.0,0.0,0.0,1.1175870895385742e-08,0.0,1.1175870895385742e-08,True,0.6978820999993331,60,361,0.10451652109622955,1.0826634168624878,115.0383071899414,87.8258285522461,3.53409743309021,78.91704559326172,65.08477783203125
66,7664,Adam,-2.083336114883423,-2.2578940391540527,0.17455792427062988,89.01534271240234,89.37500762939453,0.3596649169921875,70.65753173828125,70.69681549072266,0.03928375244140625,0.0,0.0,0.0,0.0,0.0,0.0,True,0.15346129999852565,60,60,0.09683141112327576,1.1591664552688599,115.24535369873047,87.51897430419922,3.5085227489471436,78.56360626220703,65.02640533447266
66,7664,SGD,-2.083336114883423,-2.1526129245758057,0.06927680969238281,89.01534271240234,89.15049743652344,0.13515472412109375,70.65753173828125,70.6724853515625,0.01495361328125,0.0,0.0,0.0,0.0,0.0,0.0,True,0.18305640000107815,60,60,0.030685510486364365,0.3100408613681793,115.9288101196289,87.06060028076172,3.471897602081299,78.33367919921875,64.90779113769531
66,7664,RMSprop,-2.083336114883423,-2.2611005306243896,0.1777644157409668,89.01534271240234,89.3824462890625,0.36710357666015625,70.65753173828125,70.69769287109375,0.0401611328125,0.0,0.0,0.0,0.0,0.0,0.0,True,0.1495864000007714,60,60,0.09902685880661011,1.185220718383789,115.22625732421875,87.53410339355469,3.5094871520996094,78.57102966308594,65.03182983398438
66,7664,LBFGS,-2.083336114883423,-2.2777488231658936,0.1944127082824707,89.01534271240234,89.42221069335938,0.40686798095703125,70.65753173828125,70.70230102539062,0.044769287109375,0.0,0.0,0.0,0.0,0.0,0.0,True,0.20027699999991455,60,83,0.11180303245782852,1.345831274986267,115.10139465332031,87.6228256225586,3.5156726837158203,78.61224365234375,65.05795288085938
67,7697,Adam,-1.1622824668884277,-1.2398000955581665,0.07751762866973877,88.12051391601562,88.34029388427734,0.21977996826171875,71.22307586669922,71.2869873046875,0.06391143798828125,0.0,0.0,0.0,0.0,0.0,0.0,True,0.17308969999976398,60,60,0.08363275229930878,0.6965734362602234,115.75415802001953,87.29740905761719,3.4764506816864014,79.80522918701172,65.1257553100586
67,7697,SGD,-1.1622824668884277,-1.1865500211715698,0.02426755428314209,88.12051391601562,88.1810531616211,0.06053924560546875,71.22307586669922,71.2398681640625,0.01679229736328125,0.0,0.0,0.0,0.0,0.0,0.0,True,0.18037809999987076,60,60,0.01849726215004921,0.09967559576034546,115.80830383300781,87.85435485839844,3.439178228378296,79.53851318359375,64.97618865966797
67,7697,RMSprop,-1.1622824668884277,-1.2411993741989136,0.07891690731048584,88.12051391601562,88.3450698852539,0.22455596923828125,71.22307586669922,71.28849029541016,0.0654144287109375,0.0,0.0,0.0,0.0,0.0,0.0,True,0.18988439999884577,60,60,0.08534447103738785,0.7091695070266724,115.75252532958984,87.28752136230469,3.4774513244628906,79.81063842773438,65.1312255859375
67,7697,LBFGS,-1.1622824668884277,-1.248413324356079,0.08613085746765137,88.12051391601562,88.37496948242188,0.25445556640625,71.22307586669922,71.29943084716797,0.07635498046875,0.0,0.0,0.0,0.0,0.0,0.0,True,1.1943470999995043,60,455,0.09705080837011337,0.8143869042396545,115.75273895263672,87.20137786865234,3.4827780723571777,79.86641693115234,65.15821075439453
68,7107,Adam,-0.40780413150787354,-0.7235245108604431,0.3157203793525696,88.67594146728516,88.84890747070312,0.17296600341796875,72.82019805908203,72.48768615722656,-0.33251190185546875,0.0,0.0,0.0,0.0,0.0,0.0,True,0.147379699999874,60,60,0.09710582345724106,1.152491569519043,116.8116455078125,90.53842163085938,3.6638805866241455,81.80001068115234,65.28446960449219
68,7107,SGD,-0.40780413150787354,-0.6074233651161194,0.19961923360824585,88.67594146728516,88.72403717041016,0.048095703125,72.82019805908203,72.56429290771484,-0.2559051513671875,0.0,0.0,0.0,0.0,0.0,0.0,True,0.142412900000636,60,60,0.04681076481938362,0.5039039850234985,116.05533599853516,90.79044342041016,3.701371192932129,81.87969207763672,65.13690948486328
68,7107,RMSprop,-0.40780413150787354,-0.729748547077179,0.3219444155693054,88.67594146728516,88.85181427001953,0.175872802734375,72.82019805908203,72.48016357421875,-0.34003448486328125,0.0,0.0,0.0,0.0,0.0,0.0,True,0.1377940000002127,60,60,0.09926153719425201,1.1770075559616089,116.82847595214844,90.52310943603516,3.662909984588623,81.79254913330078,65.28987121582031
68,7107,LBFGS,-0.40780413150787354,-0.7606419324874878,0.35283780097961426,88.67594146728516,88.8714599609375,0.19551849365234375,72.82019805908203,72.44624328613281,-0.37395477294921875,0.0,0.0,0.0,1.1175870895385742e-08,0.0,1.1175870895385742e-08,True,0.18049009999958798,60,85,0.11180303990840912,1.345831274986267,116.97613525390625,90.44779205322266,3.6570584774017334,81.75418853759766,65.31584930419922
69,6956,Adam,-1.0985876321792603,-1.2826133966445923,0.18402576446533203,87.69004821777344,88.04115295410156,0.351104736328125,70.93781280517578,70.95604705810547,0.0182342529296875,0.0,0.0,0.0,0.0,0.0,0.0,True,0.15261450000070909,60,60,0.09594497829675674,1.1374034881591797,118.72774505615234,87.77833557128906,3.556159019470215,78.59125518798828,64.7361068725586
69,6956,SGD,-1.0985876321792603,-1.1731207370758057,0.07453310489654541,87.69004821777344,87.81256866455078,0.12252044677734375,70.93781280517578,70.93379974365234,-0.0040130615234375,0.0,0.0,0.0,0.0,0.0,0.0,True,0.238399699999718,60,60,0.03169499337673187,0.27614736557006836,119.40491485595703,87.27165985107422,3.52372407913208,78.37641906738281,64.62097930908203
69,6956,RMSprop,-1.0985876321792603,-1.2860934734344482,0.187505841255188,87.69004821777344,88.04680633544922,0.35675811767578125,70.93781280517578,70.9551773071289,0.017364501953125,0.0,0.0,0.0,0.0,0.0,0.0,True,0.3754621000007319,60,60,0.09764895588159561,1.1536266803741455,118.70741271972656,87.77281188964844,3.5571799278259277,78.59879302978516,64.7414779663086
69,6956,LBFGS,-1.0985876321792603,-1.3033453226089478,0.2047576904296875,87.69004821777344,88.0833969116211,0.39334869384765625,70.93781280517578,70.95699310302734,0.0191802978515625,0.0,0.0,0.0,0.0,0.0,0.0,True,0.22938869999961753,60,84,0.10871168226003647,1.2852355241775513,118.59954071044922,87.83172607421875,3.562420606613159,78.6394271850586,64.766845703125
70,7727,Adam,-1.6564915180206299,-1.7344595193862915,0.07796800136566162,89.17333221435547,89.26033020019531,0.08699798583984375,71.4236068725586,71.3685073852539,-0.0550994873046875,0.0,0.0,0.0,0.0,0.0,0.0,True,0.20936150000125053,60,60,0.08768109977245331,0.913740336894989,117.39020538330078,88.29692840576172,3.403683662414551,79.77458190917969,66.4190902709961
70,7727,SGD,-1.6564915180206299,-1.6830503940582275,0.026558876037597656,89.17333221435547,89.21482849121094,0.04149627685546875,71.4236068725586,71.42020416259766,-0.0034027099609375,0.0,0.0,0.0,0.0,0.0,0.0,True,0.16091699999924458,60,60,0.019208386540412903,0.12269467860460281,118.00328063964844,88.75670623779297,3.3631668090820312,80.03654479980469,66.27531433105469
70,7727,RMSprop,-1.6564915180206299,-1.7358707189559937,0.07937920093536377,89.17333221435547,89.26560974121094,0.09227752685546875,71.4236068725586,71.37106323242188,-0.05254364013671875,0.0,0.0,0.0,0.0,0.0,0.0,True,0.1631987000000663,60,60,0.08767994493246078,0.8767772316932678,117.41856384277344,88.33515930175781,3.4045214653015137,79.76689910888672,66.42452239990234
70,7727,LBFGS,-1.6564915180206299,-1.7428176403045654,0.08632612228393555,89.17333221435547,89.27970886230469,0.10637664794921875,71.4236068725586,71.3697280883789,-0.0538787841796875,0.0,0.0,0.0,0.0,0.0,0.0,True,0.9629501000017626,60,482,0.09629335254430771,0.8889884352684021,117.41753387451172,88.37047576904297,3.4104743003845215,79.71041107177734,66.45037078857422
71,7645,Adam,-1.8858921527862549,-1.986264705657959,0.1003725528717041,89.07135772705078,89.36370849609375,0.29235076904296875,70.99687194824219,71.0882797241211,0.09140777587890625,0.0,0.0,0.0,0.0,0.0,0.0,True,0.1535729999995965,60,60,0.09098154306411743,1.0079706907272339,116.00089263916016,87.16381072998047,3.524320125579834,79.54598999023438,65.06794738769531
71,7645,SGD,-1.8858921527862549,-1.9196324348449707,0.03374028205871582,89.07135772705078,89.1545181274414,0.083160400390625,70.99687194824219,71.01935577392578,0.02248382568359375,0.0,0.0,0.0,0.0,0.0,0.0,True,0.16527900000073714,60,60,0.02182014100253582,0.16200101375579834,116.65835571289062,86.67283630371094,3.4875295162200928,79.3067398071289,64.92236328125
71,7645,RMSprop,-1.8858921527862549,-1.9878681898117065,0.10197603702545166,89.07135772705078,89.36886596679688,0.29750823974609375,70.99687194824219,71.09026336669922,0.09339141845703125,0.0,0.0,0.0,0.0,0.0,0.0,True,0.15886330000103044,60,60,0.0914280116558075,0.9819183945655823,116.02935028076172,87.14726257324219,3.5253210067749023,79.55337524414062,65.07337951660156
71,7645,LBFGS,-1.8858921527862549,-1.9962780475616455,0.11038589477539062,89.07135772705078,89.40066528320312,0.32930755615234375,70.99687194824219,71.10222625732422,0.10535430908203125,0.0,0.0,0.0,0.0,0.0,0.0,True,0.874211500000456,60,482,0.1000770702958107,1.0052322149276733,116.02438354492188,87.14041900634766,3.531851053237915,79.6005859375,65.09978485107422
72,6906,Adam,-1.2708057165145874,-1.3959180116653442,0.12511229515075684,87.690185546875,87.86669921875,0.176513671875,70.68495178222656,70.64036560058594,-0.044586181640625,0.0,0.0,0.0,0.0,0.0,0.0,True,0.1426246999999421,60,60,0.08501624315977097,0.7402757406234741,111.73199462890625,85.1644058227539,4.00634765625,79.0204086303711,63.805179595947266
72,6906,SGD,-1.2708057165145874,-1.315176010131836,0.044370293617248535,87.690185546875,87.75872039794922,0.06853485107421875,70.68495178222656,70.67865753173828,-0.00629425048828125,0.0,0.0,0.0,0.0,0.0,0.0,True,0.17521209999904386,60,60,0.024933770298957825,0.13091330230236053,112.04281616210938,85.66127014160156,3.9758121967315674,78.77690124511719,63.66331481933594
72,6906,RMSprop,-1.2708057165145874,-1.3984038829803467,0.12759816646575928,87.690185546875,87.87096405029297,0.18077850341796875,70.68495178222656,70.63980865478516,-0.04514312744140625,0.0,0.0,0.0,0.0,0.0,0.0,True,0.268471800000043,60,60,0.08671227842569351,0.7516064047813416,111.7187271118164,85.16425323486328,4.007349491119385,79.02782440185547,63.8106575012207
72,6906,LBFGS,-1.2708057165145874,-1.4105486869812012,0.13974297046661377,87.690185546875,87.8935546875,0.203369140625,70.68495178222656,70.63833618164062,-0.0466156005859375,0.0,0.0,0.0,0.0,0.0,0.0,True,1.159576100000777,60,491,0.09530861675739288,0.7937575578689575,111.73863220214844,85.13014221191406,4.012215614318848,79.06763458251953,63.8374137878418
73,7646,Adam,-1.5292363166809082,-1.6209651231765747,0.0917288064956665,88.57699584960938,88.84825897216797,0.27126312255859375,71.08573913574219,71.17672729492188,0.0909881591796875,0.0,0.0,0.0,0.0,0.0,0.0,True,0.1497773999999481,60,60,0.07603906095027924,0.443695604801178,116.68289184570312,86.6583251953125,3.5239248275756836,79.57974243164062,65.08078002929688
73,7646,SGD,-1.5292363166809082,-1.5602531433105469,0.031016826629638672,88.57699584960938,88.65383911132812,0.07684326171875,71.08573913574219,71.10675811767578,0.02101898193359375,0.0,0.0,0.0,0.0,0.0,0.0,True,0.1548055999992357,60,60,0.020940497517585754,0.1280580461025238,116.62277221679688,86.51386260986328,3.487090826034546,79.34297180175781,64.93196868896484
73,7646,RMSprop,-1.5292363166809082,-1.6227461099624634,0.09350979328155518,88.57699584960938,88.85382843017578,0.27683258056640625,71.08573913574219,71.17841339111328,0.09267425537109375,0.0,0.0,0.0,0.0,0.0,0.0,True,0.166522100000293,60,60,0.0777771919965744,0.4476698935031891,116.6881103515625,86.64407348632812,3.52508544921875,79.58809661865234,65.0861587524414
73,7646,LBFGS,-1.5292363166809082,-1.6314964294433594,0.10226011276245117,88.57699584960938,88.88285064697266,0.30585479736328125,71.08573913574219,71.18770599365234,0.10196685791015625,0.0,0.0,0.0,0.0,0.0,0.0,True,1.3837803000005806,60,482,0.08698703348636627,0.47996100783348083,116.69641876220703,86.5870590209961,3.5309362411499023,79.63258361816406,65.11286163330078
74,7628,Adam,-1.9046741724014282,-2.019580364227295,0.1149061918258667,89.01848602294922,89.29698181152344,0.27849578857421875,70.9227523803711,70.9803466796875,0.05759429931640625,0.0,0.0,0.0,0.0,0.0,0.0,True,0.18821980000029725,60,60,0.0916488841176033,0.997875988483429,113.970947265625,86.45207977294922,3.5348904132843018,78.64585876464844,64.99658966064453
74,7628,SGD,-1.9046741724014282,-1.9445362091064453,0.03986203670501709,89.01848602294922,89.1064682006836,0.087982177734375,70.9227523803711,70.94029998779297,0.017547607421875,0.0,0.0,0.0,0.0,0.0,0.0,True,0.1616371000000072,60,60,0.02364286780357361,0.18095405399799347,114.57011413574219,85.93640899658203,3.498631477355957,78.40878295898438,64.85657501220703
74,7628,RMSprop,-1.9046741724014282,-2.0215554237365723,0.11688125133514404,89.01848602294922,89.30382537841797,0.28533935546875,70.9227523803711,70.98320770263672,0.060455322265625,0.0,0.0,0.0,0.0,0.0,0.0,True,0.17983559999993304,60,60,0.09223481267690659,0.9646756649017334,114.03730010986328,86.4614486694336,3.5358998775482178,78.65337371826172,65.00203704833984
74,7628,LBFGS,-1.9046741724014282,-2.031747817993164,0.12707364559173584,89.01848602294922,89.3396224975586,0.321136474609375,70.9227523803711,70.99491119384766,0.0721588134765625,0.0,0.0,0.0,1.1175870895385742e-08,0.0,1.1175870895385742e-08,True,0.23079490000054648,60,86,0.10334717482328415,1.036153793334961,114.11528778076172,86.59497833251953,3.5420029163360596,78.69706726074219,65.02850341796875
75,7564,Adam,-1.7708261013031006,-1.9070372581481934,0.13621115684509277,89.29029083251953,89.50176239013672,0.2114715576171875,71.35857391357422,71.32522583007812,-0.03334808349609375,0.0,0.0,0.0,0.0,0.0,0.0,True,0.16118509999978414,60,60,0.09297215193510056,1.1650676727294922,111.59878540039062,85.65054321289062,3.799839496612549,81.58216094970703,65.90190124511719
75,7564,SGD,-1.7708261013031006,-1.8203016519546509,0.04947555065155029,89.29029083251953,89.34746551513672,0.0571746826171875,71.35857391357422,71.33460998535156,-0.02396392822265625,0.0,0.0,0.0,0.0,0.0,0.0,True,0.3390316000004532,60,60,0.02647600695490837,0.3550148010253906,110.94876861572266,86.06157684326172,3.7651257514953613,81.80648040771484,65.73482513427734
75,7564,RMSprop,-1.7708261013031006,-1.9094219207763672,0.1385958194732666,89.29029083251953,89.5067138671875,0.21642303466796875,71.35857391357422,71.32512664794922,-0.033447265625,0.0,0.0,0.0,0.0,0.0,0.0,True,0.25202399999943736,60,60,0.09528495371341705,1.1921120882034302,111.6190185546875,85.63477325439453,3.801152467727661,81.57562255859375,65.9073486328125
75,7564,LBFGS,-1.7708261013031006,-1.922107219696045,0.15128111839294434,89.29029083251953,89.52998352050781,0.23969268798828125,71.35857391357422,71.32057189941406,-0.03800201416015625,0.0,0.0,0.0,0.0,0.0,0.0,True,0.20140320000064094,60,83,0.1094997227191925,1.345647931098938,111.73157501220703,85.5489273071289,3.809885025024414,81.52140808105469,65.93421173095703
76,7683,Adam,-1.0741829872131348,-1.2907359600067139,0.2165529727935791,87.31626892089844,87.72344970703125,0.4071807861328125,70.64472198486328,70.66383361816406,0.01911163330078125,0.0,0.0,0.0,0.0,0.0,0.0,True,0.1611904000001232,60,60,0.09756091237068176,1.1626296043395996,115.32994842529297,87.49510955810547,3.523305892944336,78.8344497680664,64.56383514404297
76,7683,SGD,-1.0741829872131348,-1.1668944358825684,0.0927114486694336,87.31626892089844,87.48115539550781,0.164886474609375,70.64472198486328,70.6507339477539,0.006011962890625,0.0,0.0,0.0,0.0,0.0,0.0,True,0.16235740000047372,60,60,0.03525439277291298,0.3228367567062378,116.03829193115234,87.03964233398438,3.4893076419830322,78.65542602539062,64.44691467285156
76,7683,RMSprop,-1.0741829872131348,-1.2949649095535278,0.22078192234039307,87.31626892089844,87.73210906982422,0.41584014892578125,70.64472198486328,70.66426849365234,0.0195465087890625,0.0,0.0,0.0,0.0,0.0,0.0,True,0.13278729999910865,60,60,0.0997743159532547,1.188671350479126,115.31095123291016,87.51033782958984,3.5243113040924072,78.8418960571289,64.5692367553711
76,7683,LBFGS,-1.0741829872131348,-1.3160803318023682,0.2418973445892334,87.31626892089844,87.77608489990234,0.45981597900390625,70.64472198486328,70.66633605957031,0.02161407470703125,0.0,0.0,0.0,0.0,0.0,0.0,True,0.17670459999862942,60,83,0.11180311441421509,1.345831274986267,115.18634033203125,87.59554290771484,3.529697895050049,78.8790512084961,64.59490966796875
77,7084,Adam,-1.1159656047821045,-1.3940057754516602,0.27804017066955566,89.61349487304688,89.76419067382812,0.15069580078125,72.60499572753906,72.310302734375,-0.2946929931640625,0.0,0.0,0.0,0.0,0.0,0.0,True,0.18973240000013902,60,60,0.09177153557538986,1.054175615310669,118.6039047241211,90.86469268798828,3.680267810821533,81.68294525146484,66.09378814697266
77,7084,SGD,-1.1159656047821045,-1.2905957698822021,0.17463016510009766,89.61349487304688,89.67754364013672,0.06404876708984375,72.60499572753906,72.40026092529297,-0.20473480224609375,0.0,0.0,0.0,0.0,0.0,0.0,True,0.2589545000009821,60,60,0.04464498162269592,0.4699592888355255,117.95545959472656,91.14535522460938,3.716003894805908,81.77346801757812,65.95262908935547
77,7084,RMSprop,-1.1159656047821045,-1.3995068073272705,0.283541202545166,89.61349487304688,89.76556396484375,0.152069091796875,72.60499572753906,72.30322265625,-0.3017730712890625,0.0,0.0,0.0,0.0,0.0,0.0,True,0.253069599999435,60,60,0.09213846176862717,1.0467127561569214,118.57180786132812,90.84923553466797,3.681525468826294,81.67542266845703,66.09916687011719
77,7084,LBFGS,-1.1159656047821045,-1.4264769554138184,0.31051135063171387,89.61349487304688,89.77738952636719,0.1638946533203125,72.60499572753906,72.27068328857422,-0.33431243896484375,0.0,0.0,0.0,0.0,0.0,0.0,True,1.1244502999998076,60,490,0.09960038214921951,1.1167333126068115,118.5713882446289,90.77222442626953,3.68141508102417,81.63729858398438,66.12519073486328
78,7139,Adam,1.3022708892822266,0.8495709896087646,0.4526998996734619,87.9214859008789,88.32058715820312,0.39910125732421875,74.6683349609375,74.33283996582031,-0.3354949951171875,0.0,0.0,0.0,0.0,0.0,0.0,True,0.18079089999991993,60,60,0.09898177534341812,1.1893055438995361,111.88470458984375,90.30693054199219,3.713711738586426,82.75907897949219,66.31189727783203
78,7139,SGD,1.3022708892822266,0.9805014133453369,0.32176947593688965,87.9214859008789,88.08250427246094,0.16101837158203125,74.6683349609375,74.33103942871094,-0.3372955322265625,0.0,0.0,0.0,0.0,0.0,0.0,True,0.17736040000090725,60,60,0.05313718318939209,0.6042869091033936,111.26535034179688,90.53459167480469,3.747385263442993,82.79203796386719,66.11793518066406
78,7139,RMSprop,1.3022708892822266,0.8398317694664001,0.4624391198158264,87.9214859008789,88.32906341552734,0.4075775146484375,74.6683349609375,74.32500457763672,-0.34333038330078125,0.0,0.0,0.0,0.0,0.0,0.0,True,0.16017060000012862,60,60,0.10120566934347153,1.216131329536438,111.90491485595703,90.29185485839844,3.7127163410186768,82.75172424316406,66.31727600097656
78,7139,LBFGS,1.3022708892822266,0.7942274212837219,0.5080434679985046,87.9214859008789,88.36984252929688,0.44835662841796875,74.6683349609375,74.28890228271484,-0.37943267822265625,0.0,0.0,0.0,1.1175870895385742e-08,0.0,1.1175870895385742e-08,True,0.21420319999924686,60,84,0.11180329322814941,1.3458369970321655,112.00556945800781,90.22219848632812,3.7079734802246094,82.71712493896484,66.34286499023438
79,6911,Adam,-1.1696730852127075,-1.3095011711120605,0.13982808589935303,87.48644256591797,87.68901062011719,0.20256805419921875,70.65421295166016,70.61078643798828,-0.043426513671875,0.0,0.0,0.0,0.0,0.0,0.0,True,0.16204210000068997,60,60,0.08555741608142853,0.8823125958442688,112.15239715576172,85.14507293701172,3.984668254852295,79.07902526855469,63.508995056152344
79,6911,SGD,-1.1696730852127075,-1.2222397327423096,0.05256664752960205,87.48644256591797,87.56704711914062,0.08060455322265625,70.65421295166016,70.64625549316406,-0.00795745849609375,0.0,0.0,0.0,0.0,0.0,0.0,True,0.1280506000002788,60,60,0.027075640857219696,0.15406738221645355,112.86760711669922,85.23661804199219,3.955533504486084,78.85237884521484,63.36836624145508
79,6911,RMSprop,-1.1696730852127075,-1.3122389316558838,0.14256584644317627,87.48644256591797,87.69293212890625,0.20648956298828125,70.65421295166016,70.60961151123047,-0.0446014404296875,0.0,0.0,0.0,0.0,0.0,0.0,True,0.1489769999989221,60,60,0.08711327612400055,0.8851908445358276,112.1561279296875,85.12574768066406,3.9856748580932617,79.08655548095703,63.51442337036133
79,6911,LBFGS,-1.1696730852127075,-1.3256535530090332,0.15598046779632568,87.48644256591797,87.71308135986328,0.2266387939453125,70.65421295166016,70.60359191894531,-0.05062103271484375,0.0,0.0,0.0,0.0,0.0,0.0,True,0.9892048999990948,60,456,0.09699161350727081,0.986441969871521,112.0716323852539,85.08560180664062,3.9905788898468018,79.12626647949219,63.54082107543945
80,6947,Adam,-1.9376829862594604,-2.077152729034424,0.13946974277496338,88.76008605957031,89.05811309814453,0.29802703857421875,70.64685821533203,70.684326171875,0.03746795654296875,0.0,0.0,0.0,0.0,0.0,0.0,True,0.2820477999994182,60,60,0.09482579678297043,1.1359022855758667,117.13036346435547,85.92694854736328,3.6542325019836426,79.150146484375,64.15968322753906
80,6947,SGD,-1.9376829862594604,-1.9867911338806152,0.049108147621154785,88.76008605957031,88.8472900390625,0.0872039794921875,70.64685821533203,70.6498794555664,0.003021240234375,0.0,0.0,0.0,0.0,0.0,0.0,True,0.18787150000025576,60,60,0.026150116696953773,0.2511253356933594,117.8062744140625,85.41227722167969,3.621685743331909,78.89746856689453,64.02600860595703
80,6947,RMSprop,-1.9376829862594604,-2.079578399658203,0.14189541339874268,88.76008605957031,89.06295013427734,0.30286407470703125,70.64685821533203,70.68431091308594,0.03745269775390625,0.0,0.0,0.0,0.0,0.0,0.0,True,0.2049458000001323,60,60,0.0965057909488678,1.1552356481552124,117.10999298095703,85.92967224121094,3.6552541255950928,79.15363311767578,64.16508483886719
80,6947,LBFGS,-1.9376829862594604,-2.0919344425201416,0.15425145626068115,88.76008605957031,89.09990692138672,0.33982086181640625,70.64685821533203,70.69239044189453,0.0455322265625,0.0,0.0,0.0,0.0,0.0,0.0,True,0.2189766999999847,60,84,0.11023743450641632,1.3152929544448853,117.00082397460938,86.02737426757812,3.660613775253296,79.21978759765625,64.19084930419922
81,7457,Adam,-0.40730369091033936,-0.672218918800354,0.26491522789001465,88.51136016845703,88.68573760986328,0.17437744140625,72.67609405517578,72.4193115234375,-0.25678253173828125,0.0,0.0,0.0,0.0,0.0,0.0,True,0.20525610000004235,60,60,0.09743935614824295,1.1804907321929932,113.61648559570312,86.14303588867188,3.7842791080474854,80.84554290771484,66.77252197265625
81,7457,SGD,-0.40730369091033936,-0.5515376329421997,0.14423394203186035,88.51136016845703,88.56658935546875,0.05522918701171875,72.67609405517578,72.50890350341797,-0.1671905517578125,0.0,0.0,0.0,0.0,0.0,0.0,True,0.18443139999908453,60,60,0.04173022881150246,0.5086237788200378,112.99413299560547,86.43803405761719,3.821287155151367,80.95474243164062,66.58909606933594
81,7457,RMSprop,-0.40730369091033936,-0.6773094534873962,0.2700057625770569,88.51136016845703,88.68911743164062,0.17775726318359375,72.67609405517578,72.41384887695312,-0.26224517822265625,0.0,0.0,0.0,0.0,0.0,0.0,True,0.6319155000001047,60,60,0.09963443130254745,1.2075998783111572,113.63677978515625,86.12765502929688,3.7834043502807617,80.83805084228516,66.77796173095703
81,7457,LBFGS,-0.40730369091033936,-0.7030619978904724,0.29575830698013306,88.51136016845703,88.7031478881836,0.1917877197265625,72.67609405517578,72.38270568847656,-0.29338836669921875,0.0,0.0,0.0,0.0,0.0,0.0,True,1.349044699998558,60,473,0.11180295050144196,1.3458369970321655,113.74071502685547,86.05032348632812,3.7766990661621094,80.79840087890625,66.80476379394531
82,7696,Adam,-1.2346389293670654,-1.3167223930358887,0.08208346366882324,88.17172241210938,88.41819763183594,0.2464752197265625,71.16184997558594,71.24491882324219,0.08306884765625,0.0,0.0,0.0,0.0,0.0,0.0,True,0.20176709999941522,60,60,0.076879121363163,0.4720245599746704,115.9592514038086,87.46388244628906,3.4778225421905518,79.69280242919922,65.06019592285156
82,7696,SGD,-1.2346389293670654,-1.2614071369171143,0.026768207550048828,88.17172241210938,88.24008178710938,0.068359375,71.16184997558594,71.18177795410156,0.019927978515625,0.0,0.0,0.0,0.0,0.0,0.0,True,0.13969600000018545,60,60,0.019431525841355324,0.10705725103616714,115.9202880859375,87.7271499633789,3.4408156871795654,79.43563842773438,64.91181945800781
82,7696,RMSprop,-1.2346389293670654,-1.3182352781295776,0.08359634876251221,88.17172241210938,88.42326354980469,0.2515411376953125,71.16184997558594,71.24652862548828,0.08467864990234375,0.0,0.0,0.0,0.0,0.0,0.0,True,0.14751350000005914,60,60,0.07867881655693054,0.4857479929924011,115.95962524414062,87.4518814086914,3.4788129329681396,79.69937896728516,65.06566619873047
82,7696,LBFGS,-1.2346389293670654,-1.3260724544525146,0.09143352508544922,88.17172241210938,88.45338439941406,0.2816619873046875,71.16184997558594,71.2575454711914,0.09569549560546875,0.0,0.0,0.0,0.0,0.0,0.0,True,0.19859290000022156,60,85,0.0892738401889801,0.5688000321388245,115.9621353149414,87.38684844970703,3.4842615127563477,79.74906158447266,65.09255981445312
83,7432,Adam,-1.9798437356948853,-2.1019556522369385,0.12211191654205322,89.04476928710938,89.35103607177734,0.30626678466796875,70.83545684814453,70.90780639648438,0.07234954833984375,0.0,0.0,0.0,0.0,0.0,0.0,True,0.1565245000001596,60,60,0.08934693783521652,0.878701388835907,113.79027557373047,85.71147155761719,3.7944488525390625,79.72950744628906,65.93779754638672
83,7432,SGD,-1.9798437356948853,-2.021282434463501,0.04143869876861572,89.04476928710938,89.13660430908203,0.09183502197265625,70.83545684814453,70.8540267944336,0.0185699462890625,0.0,0.0,0.0,0.0,0.0,0.0,True,0.1366690999984712,60,60,0.02414960041642189,0.1778055876493454,113.35481262207031,85.1817398071289,3.758127450942993,79.50243377685547,65.79426574707031
83,7432,RMSprop,-1.9798437356948853,-2.1042282581329346,0.12438452243804932,89.04476928710938,89.35774230957031,0.3129730224609375,70.83545684814453,70.90956115722656,0.07410430908203125,0.0,0.0,0.0,0.0,0.0,0.0,True,0.2174998999998934,60,60,0.09133781492710114,0.896683394908905,113.79795837402344,85.72488403320312,3.795459747314453,79.73703002929688,65.94324493408203
83,7432,LBFGS,-1.9798437356948853,-2.115847110748291,0.13600337505340576,89.04476928710938,89.39460754394531,0.3498382568359375,70.83545684814453,70.91984558105469,0.08438873291015625,0.0,0.0,0.0,0.0,0.0,0.0,True,0.20301909999943746,60,83,0.10314511507749557,1.0279666185379028,113.8600845336914,85.83118438720703,3.801072835922241,79.77678680419922,65.9697036743164
84,7134,Adam,0.3300708532333374,-0.12737174332141876,0.45744259655475616,89.12100982666016,89.50169372558594,0.38068389892578125,74.29580688476562,73.9373779296875,-0.358428955078125,0.0,0.0,0.0,0.0,0.0,0.0,True,0.177805499999522,60,60,0.09840177744626999,1.172371745109558,112.69692993164062,90.55607604980469,3.70105242729187,82.63031005859375,66.35567474365234
84,7134,SGD,0.3300708532333374,-0.0003632879815995693,0.33043414121493697,89.12100982666016,89.26255798339844,0.14154815673828125,74.29580688476562,73.92842102050781,-0.3673858642578125,0.0,0.0,0.0,0.0,0.0,0.0,True,0.22752249999939522,60,60,0.053986065089702606,0.5836469531059265,111.98593139648438,90.75939178466797,3.7330305576324463,82.66419219970703,66.18663024902344
84,7134,RMSprop,0.3300708532333374,-0.13700008392333984,0.46707093715667725,89.12100982666016,89.50960540771484,0.3885955810546875,74.29580688476562,73.9292221069336,-0.36658477783203125,0.0,0.0,0.0,0.0,0.0,0.0,True,0.16632600000048114,60,60,0.10061797499656677,1.1988457441329956,112.71659088134766,90.5409164428711,3.7000579833984375,82.6229248046875,66.3610610961914
84,7134,LBFGS,0.3300708532333374,-0.1827593743801117,0.5128302276134491,89.12100982666016,89.55265045166016,0.431640625,74.29580688476562,73.8946304321289,-0.40117645263671875,0.0,0.0,0.0,1.1175870895385742e-08,0.0,1.1175870895385742e-08,True,0.3175671999997576,60,84,0.11180327832698822,1.3458369970321655,112.8390121459961,90.46965026855469,3.695284605026245,82.58757019042969,66.38670349121094
85,7711,Adam,-1.6924368143081665,-1.7955996990203857,0.10316288471221924,88.75508880615234,89.0020751953125,0.24698638916015625,71.00273132324219,71.05232238769531,0.049591064453125,0.0,0.0,0.0,0.0,0.0,0.0,True,0.21961390000069514,60,60,0.0857509970664978,1.0738601684570312,116.13970947265625,89.00637817382812,3.4576358795166016,79.4016342163086,65.98955535888672
85,7711,SGD,-1.6924368143081665,-1.731250286102295,0.03881347179412842,88.75508880615234,88.84270477294922,0.087615966796875,71.00273132324219,71.02154541015625,0.0188140869140625,0.0,0.0,0.0,0.0,0.0,0.0,True,0.1952287999993132,60,60,0.022986087948083878,0.18421389162540436,116.86868286132812,88.48192596435547,3.4209980964660645,79.49801635742188,65.85978698730469
85,7711,RMSprop,-1.6924368143081665,-1.7975013256072998,0.1050645112991333,88.75508880615234,89.00814056396484,0.2530517578125,71.00273132324219,71.05418395996094,0.05145263671875,0.0,0.0,0.0,0.0,0.0,0.0,True,0.19774690000122064,60,60,0.08754554390907288,1.0950713157653809,116.1255874633789,89.02230072021484,3.458652973175049,79.40621948242188,65.99504089355469
85,7711,LBFGS,-1.6924368143081665,-1.8069862127304077,0.11454939842224121,88.75508880615234,89.03308868408203,0.2779998779296875,71.00273132324219,71.05650329589844,0.05377197265625,0.0,0.0,0.0,0.0,0.0,0.0,True,1.311597800000527,60,473,0.10133521258831024,1.2995072603225708,115.95953369140625,89.13583374023438,3.46458101272583,79.36582946777344,66.02080535888672
86,7604,Adam,-1.26693594455719,-1.3740410804748535,0.10710513591766357,88.02011108398438,88.34667205810547,0.32656097412109375,70.9809799194336,71.0931167602539,0.1121368408203125,0.0,0.0,0.0,0.0,0.0,0.0,True,0.2255194000008487,60,60,0.08980323374271393,1.0113178491592407,113.46873474121094,85.93603515625,3.6382782459259033,79.60599517822266,65.21813201904297
86,7604,SGD,-1.26693594455719,-1.300037145614624,0.03310120105743408,88.02011108398438,88.10188293457031,0.0817718505859375,70.9809799194336,71.00321197509766,0.0222320556640625,0.0,0.0,0.0,0.0,0.0,0.0,True,0.27310509999915666,60,60,0.02173062600195408,0.1472950577735901,112.68476867675781,85.61952209472656,3.603167772293091,79.37171936035156,65.06473541259766
86,7604,RMSprop,-1.26693594455719,-1.3760892152786255,0.10915327072143555,88.02011108398438,88.35111999511719,0.3310089111328125,70.9809799194336,71.09358978271484,0.11260986328125,0.0,0.0,0.0,0.0,0.0,0.0,True,0.4098917999999685,60,60,0.09086821228265762,1.0099413394927979,113.48251342773438,85.8846664428711,3.639374017715454,79.61408233642578,65.2235336303711
86,7604,LBFGS,-1.26693594455719,-1.3861747980117798,0.11923885345458984,88.02011108398438,88.38805389404297,0.36794281005859375,70.9809799194336,71.10673522949219,0.12575531005859375,0.0,0.0,0.0,1.1175870895385742e-08,0.0,1.1175870895385742e-08,True,1.8475945999998657,60,446,0.10155292600393295,1.1400781869888306,113.6204833984375,85.8453369140625,3.6447110176086426,79.65634155273438,65.25040435791016
87,7624,Adam,-1.815294623374939,-1.9449489116668701,0.12965428829193115,88.77051544189453,89.06686401367188,0.29634857177734375,70.83583068847656,70.8880844116211,0.05225372314453125,0.0,0.0,0.0,0.0,0.0,0.0,True,0.31049780000103055,60,60,0.09006872028112411,0.9189100861549377,113.71647644042969,86.43582916259766,3.549053907394409,78.79373168945312,64.96214294433594
87,7624,SGD,-1.815294623374939,-1.8622710704803467,0.046976447105407715,88.77051544189453,88.86998748779297,0.0994720458984375,70.83583068847656,70.8528060913086,0.01697540283203125,0.0,0.0,0.0,0.0,0.0,0.0,True,0.6106384999984584,60,60,0.025594519451260567,0.2006898820400238,114.17678833007812,85.92503356933594,3.5130014419555664,78.56743621826172,64.82598876953125
87,7624,RMSprop,-1.815294623374939,-1.9473787546157837,0.13208413124084473,88.77051544189453,89.0748519897461,0.3043365478515625,70.83583068847656,70.89120483398438,0.0553741455078125,0.0,0.0,0.0,0.0,0.0,0.0,True,0.27131890000055137,60,60,0.09085330367088318,0.886410117149353,113.80675506591797,86.45082092285156,3.5500802993774414,78.80140686035156,64.96759796142578
87,7624,LBFGS,-1.815294623374939,-1.959487795829773,0.14419317245483398,88.77051544189453,89.11137390136719,0.34085845947265625,70.83583068847656,70.90099334716797,0.06516265869140625,0.0,0.0,0.0,0.0,0.0,0.0,True,0.28953309999997145,60,83,0.10153685510158539,0.9608564972877502,113.88261413574219,86.55923461914062,3.5559585094451904,78.84265899658203,64.99400329589844
88,7567,Adam,-1.73036789894104,-1.8592537641525269,0.12888586521148682,89.48286437988281,89.67022705078125,0.1873626708984375,71.58748626708984,71.54527282714844,-0.04221343994140625,0.0,0.0,0.0,0.0,0.0,0.0,True,0.19554100000095787,60,60,0.088469959795475,1.1619772911071777,112.17452239990234,85.54191589355469,3.7836618423461914,81.1107177734375,65.74064636230469
88,7567,SGD,-1.73036789894104,-1.7763551473617554,0.04598724842071533,89.48286437988281,89.53397369384766,0.05110931396484375,71.58748626708984,71.56341552734375,-0.02407073974609375,0.0,0.0,0.0,0.0,0.0,0.0,True,0.1586618000001181,60,60,0.025551065802574158,0.3398553729057312,111.50623321533203,85.95405578613281,3.762373685836792,81.33627319335938,65.57095336914062
88,7567,RMSprop,-1.73036789894104,-1.861556053161621,0.13118815422058105,89.48286437988281,89.6728744506836,0.19001007080078125,71.58748626708984,71.54345703125,-0.04402923583984375,0.0,0.0,0.0,0.0,0.0,0.0,True,0.17589330000009795,60,60,0.0903346985578537,1.1894207000732422,112.19459533691406,85.52539825439453,3.7832226753234863,81.10368347167969,65.74608612060547
88,7567,LBFGS,-1.73036789894104,-1.8735060691833496,0.14313817024230957,89.48286437988281,89.6932601928711,0.21039581298828125,71.58748626708984,71.53800201416016,-0.0494842529296875,0.0,0.0,0.0,0.0,0.0,0.0,True,0.24830259999907867,60,85,0.10381658375263214,1.3451979160308838,112.31005096435547,85.44034576416016,3.7910728454589844,81.04713439941406,65.77285766601562
89,7639,Adam,-1.6120755672454834,-1.732108473777771,0.1200329065322876,88.61554718017578,88.92852783203125,0.31298065185546875,70.99797821044922,71.07819366455078,0.0802154541015625,0.0,0.0,0.0,0.0,0.0,0.0,True,0.19818359999953827,60,60,0.09212503582239151,1.024195671081543,115.49651336669922,87.16556549072266,3.5287890434265137,79.1480484008789,65.01771545410156
89,7639,SGD,-1.6120755672454834,-1.6550768613815308,0.04300129413604736,88.61554718017578,88.71455383300781,0.09900665283203125,70.99797821044922,71.02051544189453,0.0225372314453125,0.0,0.0,0.0,0.0,0.0,0.0,True,0.1526722000016889,60,60,0.024562841281294823,0.18347978591918945,116.15340423583984,86.65296173095703,3.492389678955078,78.93781280517578,64.87145233154297
89,7639,RMSprop,-1.6120755672454834,-1.7341384887695312,0.12206292152404785,88.61554718017578,88.93524169921875,0.31969451904296875,70.99797821044922,71.08078002929688,0.08280181884765625,0.0,0.0,0.0,0.0,0.0,0.0,True,0.16814239999985148,60,60,0.09290388226509094,1.0045934915542603,115.52899169921875,87.16434478759766,3.5297698974609375,79.15560913085938,65.02313995361328
89,7639,LBFGS,-1.6120755672454834,-1.7445610761642456,0.1324855089187622,88.61554718017578,88.97357940673828,0.3580322265625,70.99797821044922,71.09471893310547,0.09674072265625,0.0,0.0,0.0,0.0,0.0,0.0,True,0.24957790000007662,60,86,0.10325857996940613,1.069298267364502,115.5483627319336,87.25560760498047,3.536308526992798,79.1960678100586,65.04951477050781
90,7449,Adam,-1.1276441812515259,-1.3106697797775269,0.18302559852600098,88.92552185058594,89.12657928466797,0.20105743408203125,71.98239135742188,71.8715591430664,-0.11083221435546875,0.0,0.0,0.0,0.0,0.0,0.0,True,0.24749590000101307,60,60,0.0915801152586937,1.174235224723816,114.1129150390625,85.40412902832031,3.8330421447753906,80.81425476074219,66.45728302001953
90,7449,SGD,-1.1276441812515259,-1.2068380117416382,0.0791938304901123,88.92552185058594,88.97527313232422,0.04975128173828125,71.98239135742188,71.90740203857422,-0.07498931884765625,0.0,0.0,0.0,0.0,0.0,0.0,True,0.17577179999898362,60,60,0.0328112356364727,0.42623278498649597,113.49107360839844,85.77218627929688,3.805201530456543,80.9879379272461,66.28236389160156
90,7449,RMSprop,-1.1276441812515259,-1.314128041267395,0.18648386001586914,88.92552185058594,89.13057708740234,0.20505523681640625,71.98239135742188,71.8691177368164,-0.11327362060546875,0.0,0.0,0.0,0.0,0.0,0.0,True,0.18369110000094224,60,60,0.09369198977947235,1.2014633417129517,114.13321685791016,85.3885498046875,3.833646774291992,80.8067398071289,66.46273040771484
90,7449,LBFGS,-1.1276441812515259,-1.3318498134613037,0.20420563220977783,88.92552185058594,89.15335845947266,0.22783660888671875,71.98239135742188,71.85779571533203,-0.12459564208984375,0.0,0.0,0.0,0.0,0.0,0.0,True,1.5535829000000376,60,426,0.1056864932179451,1.3453433513641357,114.24117279052734,85.30799865722656,3.8395473957061768,80.76409912109375,66.48970031738281
91,7133,Adam,0.54731285572052,0.09664765000343323,0.4506652057170868,88.8761215209961,89.24864959716797,0.372528076171875,74.39942932128906,74.04373931884766,-0.35569000244140625,0.0,0.0,0.0,0.0,0.0,0.0,True,0.21767759999966074,60,60,0.09847984462976456,1.17447030544281,112.80367279052734,90.67959594726562,3.709012746810913,82.6038589477539,66.34571075439453
91,7133,SGD,0.54731285572052,0.2224266231060028,0.3248862326145172,88.8761215209961,89.00662231445312,0.13050079345703125,74.39942932128906,74.03060150146484,-0.36882781982421875,0.0,0.0,0.0,0.0,0.0,0.0,True,0.19346080000104848,60,60,0.05345398560166359,0.5789282917976379,112.09288787841797,90.88880157470703,3.7409167289733887,82.6377944946289,66.16777801513672
91,7133,RMSprop,0.54731285572052,0.08712047338485718,0.46019238233566284,88.8761215209961,89.25642395019531,0.38030242919921875,74.39942932128906,74.03560638427734,-0.36382293701171875,0.0,0.0,0.0,0.0,0.0,0.0,True,0.24654440000085742,60,60,0.10069885104894638,1.2010539770126343,112.82349395751953,90.6644515991211,3.7080183029174805,82.59647369384766,66.3510971069336
91,7133,LBFGS,0.54731285572052,0.04198339581489563,0.5053294599056244,88.8761215209961,89.29820251464844,0.42208099365234375,74.39942932128906,74.00084686279297,-0.39858245849609375,0.0,0.0,0.0,1.1175870895385742e-08,0.0,1.1175870895385742e-08,True,0.25890070000059495,60,84,0.11180327832698822,1.3458369970321655,112.94324493408203,90.59353637695312,3.703261375427246,82.561279296875,66.37679290771484
92,7656,Adam,-1.07051420211792,-1.2306278944015503,0.16011369228363037,87.52964782714844,87.87958526611328,0.34993743896484375,70.83789825439453,70.8925552368164,0.054656982421875,0.0,0.0,0.0,0.0,0.0,0.0,True,0.19771990000117512,60,60,0.09007515758275986,0.9020200967788696,115.73323059082031,87.42986297607422,3.510505437850952,79.22676849365234,65.04344177246094
92,7656,SGD,-1.07051420211792,-1.135361671447754,0.06484746932983398,87.52964782714844,87.65788269042969,0.12823486328125,70.83789825439453,70.85340881347656,0.01551055908203125,0.0,0.0,0.0,0.0,0.0,0.0,True,0.14658029999918654,60,60,0.02976764179766178,0.2309902012348175,116.16043853759766,86.92129516601562,3.4749603271484375,79.04293060302734,64.9087905883789
92,7656,RMSprop,-1.07051420211792,-1.2337435483932495,0.1632293462753296,87.52964782714844,87.88874816894531,0.359100341796875,70.83789825439453,70.89559173583984,0.0576934814453125,0.0,0.0,0.0,0.0,0.0,0.0,True,0.16745199999968463,60,60,0.09116045385599136,0.8812606334686279,115.80703735351562,87.44503021240234,3.511538505554199,79.23434448242188,65.04886627197266
92,7656,LBFGS,-1.07051420211792,-1.2491029500961304,0.17858874797821045,87.52964782714844,87.93118286132812,0.4015350341796875,70.83789825439453,70.9059829711914,0.068084716796875,0.0,0.0,0.0,0.0,0.0,0.0,True,1.0765965999999025,60,473,0.10142236948013306,0.9559420347213745,115.86744689941406,87.5439224243164,3.517240285873413,79.27215576171875,65.07499694824219
93,7066,Adam,-0.618556022644043,-0.7790281176567078,0.1604720950126648,87.79277801513672,87.89183807373047,0.09906005859375,71.73339080810547,71.56769561767578,-0.1656951904296875,0.0,0.0,0.0,0.0,0.0,0.0,True,0.17478459999983897,60,60,0.08761242032051086,0.815588653087616,117.49748992919922,90.5651626586914,3.5638654232025146,80.04851531982422,66.17344665527344
93,7066,SGD,-0.618556022644043,-0.6935965418815613,0.07504051923751831,87.79277801513672,87.83100891113281,0.03823089599609375,71.73339080810547,71.65443420410156,-0.07895660400390625,0.0,0.0,0.0,0.0,0.0,0.0,True,0.27335759999914444,60,60,0.031650520861148834,0.3333309292793274,117.2583999633789,90.93437194824219,3.5220541954040527,80.26954650878906,66.05137634277344
93,7066,RMSprop,-0.618556022644043,-0.7820236682891846,0.1634676456451416,87.79277801513672,87.89350891113281,0.10073089599609375,71.73339080810547,71.56401824951172,-0.16937255859375,0.0,0.0,0.0,0.0,0.0,0.0,True,0.184875999999349,60,60,0.08951521664857864,0.8316429853439331,117.49481964111328,90.54961395263672,3.5648512840270996,80.04206085205078,66.17887878417969
93,7066,LBFGS,-0.618556022644043,-0.7973429560661316,0.17878693342208862,87.79277801513672,87.89908599853516,0.1063079833984375,71.73339080810547,71.5416488647461,-0.191741943359375,0.0,0.0,0.0,1.1175870895385742e-08,0.0,1.1175870895385742e-08,True,1.5114808999987872,60,437,0.10077179968357086,0.9276139736175537,117.49658966064453,90.46807098388672,3.570380210876465,79.98975372314453,66.20480346679688
94,7810,Adam,-1.6450759172439575,-1.8166096210479736,0.1715337038040161,88.47827911376953,88.83303833007812,0.35475921630859375,70.82869720458984,70.86849975585938,0.03980255126953125,0.0,0.0,0.0,0.0,0.0,0.0,True,0.46273889999974926,60,60,0.0959218293428421,1.1445448398590088,120.77400207519531,89.7205810546875,3.4803926944732666,78.63488006591797,64.27999114990234
94,7810,SGD,-1.6450759172439575,-1.7149006128311157,0.0698246955871582,88.47827911376953,88.59929656982422,0.1210174560546875,70.82869720458984,70.83041381835938,0.00171661376953125,0.0,0.0,0.0,0.0,0.0,0.0,True,0.4342636000001221,60,60,0.030537961050868034,0.2869967520236969,121.43595886230469,89.20792388916016,3.4450736045837402,78.40802764892578,64.16769409179688
94,7810,RMSprop,-1.6450759172439575,-1.8197764158248901,0.17470049858093262,88.47827911376953,88.83935546875,0.36107635498046875,70.82869720458984,70.86860656738281,0.03990936279296875,0.0,0.0,0.0,0.0,0.0,0.0,True,0.279508599998735,60,60,0.09779215604066849,1.1642701625823975,120.7536392211914,89.72201538085938,3.4814047813415527,78.64230346679688,64.2853775024414
94,7810,LBFGS,-1.6450759172439575,-1.8357210159301758,0.19064509868621826,88.47827911376953,88.88270568847656,0.40442657470703125,70.82869720458984,70.87734985351562,0.04865264892578125,0.0,0.0,0.0,0.0,0.0,0.0,True,0.2794791999986046,60,86,0.11080110818147659,1.3263121843338013,120.64804077148438,89.83995819091797,3.4871416091918945,78.68556213378906,64.31088256835938
95,7136,Adam,0.7058258056640625,0.25083065032958984,0.45499515533447266,88.81257629394531,89.19430541992188,0.3817291259765625,74.57635498046875,74.22235107421875,-0.35400390625,0.0,0.0,0.0,0.0,0.0,0.0,True,0.1946327999994537,60,60,0.09862801432609558,1.1786466836929321,112.49010467529297,90.4196548461914,3.697521686553955,82.69850158691406,66.35948944091797
95,7136,SGD,0.7058258056640625,0.3777843713760376,0.3280414342880249,88.81257629394531,88.95195770263672,0.13938140869140625,74.57635498046875,74.210693359375,-0.36566162109375,0.0,0.0,0.0,0.0,0.0,0.0,True,0.17058540000107314,60,60,0.05352150648832321,0.5851081609725952,111.79731750488281,90.63037109375,3.7299129962921143,82.73136138916016,66.17914581298828
95,7136,RMSprop,0.7058258056640625,0.24116501212120056,0.46466079354286194,88.81257629394531,89.20233917236328,0.38976287841796875,74.57635498046875,74.21424102783203,-0.36211395263671875,0.0,0.0,0.0,0.0,0.0,0.0,True,0.18710550000105286,60,60,0.10085176676511765,1.2054290771484375,112.51020812988281,90.40452575683594,3.6965279579162598,82.69112396240234,66.36487579345703
95,7136,LBFGS,0.7058258056640625,0.19552037119865417,0.5103054344654083,88.81257629394531,89.24404907226562,0.4314727783203125,74.57635498046875,74.17874145507812,-0.397613525390625,0.0,0.0,0.0,0.0,0.0,0.0,True,1.1896424000005936,60,481,0.11180255562067032,1.3458255529403687,112.6243667602539,90.33394622802734,3.6917920112609863,82.65612030029297,66.39055633544922
96,6945,Adam,-1.822037935256958,-1.9678298234939575,0.1457918882369995,88.54766082763672,88.86001586914062,0.31235504150390625,70.62980651855469,70.67018127441406,0.040374755859375,0.0,0.0,0.0,0.0,0.0,0.0,True,0.2324949000012566,60,60,0.09578913450241089,1.1466100215911865,116.74746704101562,85.5892105102539,3.683683156967163,79.21617889404297,64.04316711425781
96,6945,SGD,-1.822037935256958,-1.8721096515655518,0.05007171630859375,88.54766082763672,88.63859558105469,0.09093475341796875,70.62980651855469,70.63465118408203,0.00484466552734375,0.0,0.0,0.0,0.0,0.0,0.0,True,0.1854619999994611,60,60,0.026515286415815353,0.25119680166244507,117.42987060546875,85.07060241699219,3.6521267890930176,78.96551513671875,63.90536117553711
96,6945,RMSprop,-1.822037935256958,-1.9703940153121948,0.14835608005523682,88.54766082763672,88.86583709716797,0.31817626953125,70.62980651855469,70.67069244384766,0.04088592529296875,0.0,0.0,0.0,0.0,0.0,0.0,True,0.17776369999955932,60,60,0.09774722903966904,1.1693391799926758,116.7271728515625,85.59735107421875,3.6847002506256104,79.2220687866211,64.04857635498047
96,6945,LBFGS,-1.822037935256958,-1.9837156534194946,0.16167771816253662,88.54766082763672,88.9068832397461,0.359222412109375,70.62980651855469,70.68073272705078,0.05092620849609375,0.0,0.0,0.0,0.0,0.0,0.0,True,0.23314269999900716,60,83,0.11180251091718674,1.3458282947540283,116.61775207519531,85.72894287109375,3.689995765686035,79.27720642089844,64.07439422607422
97,7605,Adam,-1.6541531085968018,-1.756609320640564,0.10245621204376221,88.5694351196289,88.87186431884766,0.30242919921875,70.89558410644531,70.99353790283203,0.09795379638671875,0.0,0.0,0.0,0.0,0.0,0.0,True,0.3198753000015131,60,60,0.08911968022584915,0.9008281826972961,113.26994323730469,86.26517486572266,3.633333444595337,79.61067199707031,65.16734313964844
97,7605,SGD,-1.6541531085968018,-1.6868845224380493,0.03273141384124756,88.5694351196289,88.64863586425781,0.07920074462890625,70.89558410644531,70.91610717773438,0.0205230712890625,0.0,0.0,0.0,0.0,0.0,0.0,True,0.16230709999945248,60,60,0.021551014855504036,0.14281249046325684,112.75382995605469,85.74021911621094,3.5980472564697266,79.36394500732422,65.0189437866211
97,7605,RMSprop,-1.6541531085968018,-1.7583523988723755,0.10419929027557373,88.5694351196289,88.87767028808594,0.30823516845703125,70.89558410644531,70.99545288085938,0.0998687744140625,0.0,0.0,0.0,0.0,0.0,0.0,True,0.2009978999994928,60,60,0.09067750722169876,0.9084980487823486,113.27568054199219,86.26553344726562,3.6343510150909424,79.61785125732422,65.17278289794922
97,7605,LBFGS,-1.6541531085968018,-1.7674262523651123,0.11327314376831055,88.5694351196289,88.91490173339844,0.34546661376953125,70.89558410644531,71.00981903076172,0.11423492431640625,0.0,0.0,0.0,1.1175870895385742e-08,0.0,1.1175870895385742e-08,True,1.0570296000005328,60,446,0.1024855300784111,1.0307681560516357,113.32913208007812,86.3647689819336,3.639887571334839,79.66384887695312,65.19940185546875
98,7442,Adam,-1.8225677013397217,-1.9162436723709106,0.09367597103118896,89.52851104736328,89.67926025390625,0.15074920654296875,71.4922103881836,71.46751403808594,-0.02469635009765625,0.0,0.0,0.0,0.0,0.0,0.0,True,0.1863499999999476,60,60,0.09445773810148239,1.1374964714050293,114.66120147705078,85.01268768310547,3.7910773754119873,80.3258285522461,66.18824005126953
98,7442,SGD,-1.8225677013397217,-1.8490110635757446,0.02644336223602295,89.52851104736328,89.5643081665039,0.035797119140625,71.4922103881836,71.48397064208984,-0.00823974609375,0.0,0.0,0.0,0.0,0.0,0.0,True,0.20018499999969208,60,60,0.01956961490213871,0.23601193726062775,113.95269012451172,85.50137329101562,3.7494301795959473,80.56108856201172,66.0209732055664
98,7442,RMSprop,-1.8225677013397217,-1.9177463054656982,0.09517860412597656,89.52851104736328,89.68487548828125,0.15636444091796875,71.4922103881836,71.46964263916016,-0.0225677490234375,0.0,0.0,0.0,0.0,0.0,0.0,True,0.30257610000080604,60,60,0.09593699872493744,1.160460352897644,114.68000793457031,84.99683380126953,3.792025566101074,80.3320083618164,66.19366455078125
98,7442,LBFGS,-1.8225677013397217,-1.9257912635803223,0.10322356224060059,89.52851104736328,89.70696258544922,0.1784515380859375,71.4922103881836,71.47237396240234,-0.01983642578125,0.0,0.0,0.0,0.0,0.0,0.0,True,1.774832900000547,60,473,0.10690367221832275,1.323800802230835,114.81504821777344,84.90371704101562,3.7970988750457764,80.32453918457031,66.22041320800781
99,7715,Adam,-2.0448527336120605,-2.1642701625823975,0.11941742897033691,89.248291015625,89.53337097167969,0.2850799560546875,70.91907501220703,70.9781265258789,0.059051513671875,0.0,0.0,0.0,0.0,0.0,0.0,True,0.32633829999940644,60,60,0.08623909205198288,1.1071383953094482,116.88410186767578,88.85020446777344,3.4537487030029297,79.384521484375,66.19120788574219
99,7715,SGD,-2.0448527336120605,-2.0909199714660645,0.046067237854003906,89.248291015625,89.35077667236328,0.10248565673828125,70.91907501220703,70.9400863647461,0.0210113525390625,0.0,0.0,0.0,0.0,0.0,0.0,True,0.20281100000102015,60,60,0.025011057034134865,0.24272264540195465,117.595703125,88.35220336914062,3.416400194168091,79.4407958984375,66.06553649902344
99,7715,RMSprop,-2.0448527336120605,-2.1665737628936768,0.12172102928161621,89.248291015625,89.54061126708984,0.29232025146484375,70.91907501220703,70.98036193847656,0.06128692626953125,0.0,0.0,0.0,0.0,0.0,0.0,True,0.2042129000001296,60,60,0.08820401877164841,1.1337525844573975,116.86392974853516,88.8672866821289,3.4547119140625,79.39468383789062,66.19672393798828
99,7715,LBFGS,-2.0448527336120605,-2.1779298782348633,0.13307714462280273,89.248291015625,89.57042694091797,0.32213592529296875,70.91907501220703,70.98489379882812,0.06581878662109375,0.0,0.0,0.0,0.0,0.0,0.0,True,1.4681663999999728,60,426,0.10042794048786163,1.2956589460372925,116.73655700683594,88.96179962158203,3.4612843990325928,79.35975646972656,66.2225112915039
