scenario_id,test_index,optimizer,predicted_objective,true_objective,predicted_quality,predicted_energy,true_quality,true_energy,predicted_gain,true_gain,model_exploitation,heldout_start_generalization_error,optimized_generalization_error,true_regret,max_true_violation,true_feasible,quality_shortfall_true,energy_excess_true,solve_seconds,evaluations,command_distance,predicted_optimum_u1_feed_rate,predicted_optimum_u2_water_rate,predicted_optimum_u3_reagent_rate,predicted_optimum_u4_speed,predicted_optimum_u5_temperature_setpoint,optimization_error
0,7467,Adam,-1.770364761352539,-1.3672373369709372,89.9997,71.962975,90.39387738643258,72.54375021038136,0.1992431879043579,-0.3251277427070649,0.5243709306114228,0.2807891284635713,0.3157480663465144,0.5771965844298934,0.16222707805714265,False,0.0,0.16222707805714265,0.16658389999975043,60,0.0962044810365963,114.83358764648438,87.39400482177734,3.7398324012756348,80.81674194335938,66.9175033569336,0.022446870803833008
0,7467,LBFGS,-1.792811632156372,-1.2844486457887208,90.01565,71.93692,90.3762702640062,72.5612563632407,0.22169005870819092,-0.40791643388928134,0.6296064925974723,0.2807891284635713,0.32052445502280985,0.6599852756121098,0.17973323091648297,False,0.0,0.17973323091648297,0.178074800000104,83,0.11180218358864016,114.97045135498047,87.29627990722656,3.730717182159424,80.76683807373047,66.94945526123047,0.0
0,7467,PSO,-1.7928115129470825,-1.2844461633520663,90.01564,71.93692,90.37626787462163,72.56125652969202,0.22168993949890137,-0.4079189163259358,0.6296088558248372,0.2807891284635713,0.3205260812577463,0.6599877580487643,0.17973339736779792,False,0.0,0.17973339736779792,0.03828510000130336,1220,0.11180342553099698,114.97045270248964,87.29627786278138,3.7307150391995947,80.76683665603923,66.9494565636578,1.1920928955078125e-07
0,7467,DE,-1.7924610376358032,-1.2875083906236258,90.01714,71.93928,90.37888375718602,72.56097223375824,0.22133946418762207,-0.40485668905437633,0.6261961532419984,0.2807891284635713,0.31996025545913004,0.6569255307772048,0.1794491014340167,False,0.0,0.1794491014340167,0.10592109999925015,1220,0.11061931820675121,114.96922768729668,87.29792986816705,3.733072961292448,80.7672515812216,66.94888686686551,0.00035059452056884766
0,7467,PSO+LBFGS,-1.7928115129470825,-1.2844461633520663,90.01564,71.93692,90.37626787462163,72.56125652969202,0.22168993949890137,-0.4079189163259358,0.6296088558248372,0.2807891284635713,0.3205260812577463,0.6599877580487643,0.17973339736779792,False,0.0,0.17973339736779792,0.06893910000144388,840,0.11180342553099698,114.97045270248964,87.29627786278138,3.7307150391995947,80.76683665603923,66.9494565636578,1.1920928955078125e-07
1,7795,Adam,-1.808519959449768,-2.3004013203931133,88.74036,70.79859,89.2657516635094,70.53839050310447,0.17813706398010254,0.4127262294519638,-0.23458916547186126,0.12864701406119067,0.24593994212392856,0.056224829667207654,0.0,True,0.0,0.0,0.2412002000000939,60,0.09638229519177403,120.73114013671875,90.7731704711914,3.458937883377075,79.40998077392578,64.74604034423828,0.020186543464660645
1,7795,LBFGS,-1.8287062644958496,-2.3566239330273544,88.79804,70.81266,89.35328965074581,70.52578439599726,0.19832336902618408,0.4689488420862049,-0.2706254730600208,0.12864701406119067,0.26396101569360697,2.217032966544963e-06,0.0,True,0.0,0.0,0.3673574999993434,83,0.11180260661453277,120.60667419433594,90.89686584472656,3.467095136642456,79.4572982788086,64.7770004272461,2.384185791015625e-07
1,7795,PSO,-1.8287065029144287,-2.356626150060321,88.79805,70.81266,89.35329394404093,70.52578453398887,0.19832360744476318,0.46895105911917145,-0.27062745167440827,0.12864701406119067,0.2639599694383042,0.0,1.1920928952302567e-08,True,0.0,0.0,0.03297740000016347,1220,0.11180340887099527,120.60667305654715,90.89687488047866,3.46709585976555,79.45729983351248,64.77700158028779,0.0
1,7795,DE,-1.8286241292953491,-2.3563300243756653,88.79766,70.81249,89.35269207545139,70.5257403965681,0.1982412338256836,0.4686549334345158,-0.2704136996088322,0.12864701406119067,0.2638541302208497,0.0002961256846556459,0.0,True,0.0,0.0,0.08165220000046247,1220,0.11170056340627041,120.60684244549913,90.89474244802837,3.467062702784833,79.45709785702664,64.77688366254917,8.237361907958984e-05
1,7795,PSO+LBFGS,-1.8287065029144287,-2.356626150060321,88.79805,70.81266,89.35329394404093,70.52578453398887,0.19832360744476318,0.46895105911917145,-0.27062745167440827,0.12864701406119067,0.2639599694383042,0.0,1.1920928952302567e-08,True,0.0,0.0,0.11522309999963909,840,0.11180340887099527,120.60667305654715,90.89687488047866,3.46709585976555,79.45729983351248,64.77700158028779,0.0
2,7643,Adam,-1.8859442472457886,-2.448894478641887,89.114624,71.01577,89.892052917289,70.87297023108837,0.11599910259246826,0.2925086222353168,-0.17650951964284856,0.20514624632562128,0.28147375618331555,0.06161907848202963,0.0,True,0.0,0.0,0.39301139999952284,60,0.09265740932081533,115.7159194946289,87.33267211914062,3.5335352420806885,79.46538543701172,64.99287414550781,0.011745214462280273
2,7643,LBFGS,-1.8976894617080688,-2.4696807118370816,89.1568,71.030594,89.93893053470204,70.87864773311148,0.12774431705474854,0.3132948554305113,-0.18555053837576274,0.20514624632562128,0.2859954312744218,0.04083284528683517,0.0,True,0.0,0.0,1.0985883000012109,465,0.1042020462699599,115.71665954589844,87.40689086914062,3.5409862995147705,79.5152816772461,65.02465057373047,0.0
2,7643,PSO,-1.8976889848709106,-2.469566746770198,89.15673,71.03055,89.93871933219134,70.87864512652197,0.12774384021759033,0.31318089036362773,-0.1854370501460374,0.20514624632562128,0.28593804215276863,0.04094681035371872,1.1920928952302567e-08,True,0.0,0.0,0.03274699999928998,1220,0.10416742608474125,115.71667553566674,87.40563739986693,3.5409865416249886,79.51528327903907,65.02465181352864,4.76837158203125e-07
2,7643,DE,-1.8976731300354004,-2.467563365777451,89.15656,71.03059,89.93688199810873,70.88013155908497,0.12772798538208008,0.31117750937088084,-0.18344952398880077,0.20514624632562128,0.2849450168147506,0.042950191346465605,0.0,True,0.0,0.0,0.06701040000007197,1220,0.10381194175825051,115.72777587297463,87.40042646874547,3.540969307627909,79.51526736750289,65.0245992524413,1.633167266845703e-05
2,7643,PSO+LBFGS,-1.8975882530212402,-2.4745986844357337,89.1618,71.034096,89.95214877676494,70.88200991983054,0.12764310836791992,0.3182128280291634,-0.19056971966124348,0.20514624632562128,0.28850547799126436,0.03591487268818305,1.1920928952302567e-08,True,0.0,0.0,0.08346939999864844,840,0.1064534004098193,115.73859589106893,87.49707235395954,3.5409865416249886,79.51528327903907,65.02465181352864,0.00010120868682861328
3,7465,Adam,-1.5635044574737549,1.6381270588403853,89.88476,72.16543,90.27474935094686,73.17496330383419,0.23927247524261475,-1.0377809483918186,1.2770534236344333,0.4076440948001682,0.4604312251251232,3.1042857826551224,0.5445235455334085,False,0.0,0.5445235455334085,0.19653530000141473,60,0.09690851139901253,114.46812438964844,87.39507293701172,3.760023832321167,80.92191314697266,66.90856170654297,0.02749335765838623
3,7465,LBFGS,-1.5909976959228516,1.859838077520333,89.90459,72.13565,90.26318550567649,73.19414957478729,0.2667657136917114,-1.2594919670717661,1.5262576807634776,0.4076440948001682,0.46769369106353287,3.3259968013350703,0.563709816486508,False,0.0,0.563709816486508,0.1868558000005578,83,0.11180292423036921,114.60832977294922,87.2998275756836,3.752284049987793,80.87395477294922,66.94058990478516,1.1920928955078125e-07
3,7465,PSO,-1.5909978151321411,1.859838777450442,89.90459,72.13565,90.26318496022746,73.19414959352814,0.266765832901001,-1.2594926670018751,1.526258499902876,0.4076440948001682,0.4676935340598269,3.325997501265179,0.5637098352273568,False,0.0,0.5637098352273568,0.03788810000150988,1220,0.11180342553099698,114.60833140530758,87.2998256248527,3.7522835605909677,80.8739532737236,66.940591096351,0.0
3,7465,DE,-1.5909514427185059,1.8590788671434473,89.904655,72.13581,90.26333382701745,73.19409146438728,0.2667194604873657,-1.2587327566948805,1.5254522171822462,0.4076440948001682,0.46764323936333213,3.325237590958184,0.5636517060865032,False,0.0,0.5636517060865032,0.0867681999989145,1220,0.111725515769491,114.60803683465153,87.29991955480432,3.7524204689675966,80.87400904803606,66.94054217714599,4.6372413635253906e-05
3,7465,PSO+LBFGS,-1.5909978151321411,1.859838777450442,89.90459,72.13565,90.26318496022746,73.19414959352814,0.266765832901001,-1.2594926670018751,1.526258499902876,0.4076440948001682,0.4676935340598269,3.325997501265179,0.5637098352273568,False,0.0,0.5637098352273568,0.08245590000115044,840,0.11180342553099698,114.60833140530758,87.2998256248527,3.7522835605909677,80.8739532737236,66.940591096351,0.0
4,7447,Adam,-1.084157943725586,0.7254869405613311,88.780945,71.89962,88.7144514288792,72.63300676729844,0.1804102063179016,-0.6100020353626538,0.7904122416805555,0.22078557549224756,0.26953913912253186,1.6259067375631329,0.3702580490367211,False,0.0,0.3702580490367211,0.16061460000128136,60,0.09300049674328774,114.17547607421875,85.3489761352539,3.8272581100463867,80.72454833984375,66.38928985595703,0.02091693878173828
4,7447,LBFGS,-1.1050748825073242,0.8297867430279674,88.80776,71.886024,88.71031666216942,72.64572146021992,0.2013271450996399,-0.7143018378292901,0.91562898292893,0.22078557549224756,0.2877656472680237,1.7302065400297693,0.3829727419581985,False,0.0,0.3829727419581985,0.20466699999997218,95,0.10754929772172983,114.30284118652344,85.25355529785156,3.8348841667175293,80.67440795898438,66.42171478271484,0.0
4,7447,PSO,-1.1050747632980347,0.8298014269722078,88.80774,71.88601,88.71028795181998,72.64572137375805,0.20132702589035034,-0.7143165217735306,0.9156435476638809,0.22078557549224756,0.2877725554106889,1.7302212239740096,0.3829726554963315,False,0.0,0.3829726554963315,0.0644802000006166,1220,0.10754272978073198,114.30284264423153,85.25355335156257,3.8348655066369624,80.67440630714736,66.42171602601138,1.1920928955078125e-07
4,7447,DE,-1.1050397157669067,0.8266526998983875,88.81138,71.8888,88.71478600330126,72.64562254910943,0.2012919783592224,-0.7111677946997103,0.9124597730589327,0.22078557549224756,0.286531235275666,1.7270724969001892,0.3828738308477142,False,0.0,0.3828738308477142,0.12531880000096862,1220,0.10865102682293669,114.30245282015574,85.2535774751029,3.837827373252164,80.67441463550742,66.42163442280138,3.516674041748047e-05
4,7447,PSO+LBFGS,-1.1050748825073242,0.829786348891951,88.80776,71.886024,88.7103163625114,72.64572137375805,0.2013271450996399,-0.7143014436932738,0.9156285887929136,0.22078557549224756,0.2877657075979605,1.7302061458937528,0.3829726554963315,False,0.0,0.3829726554963315,0.1404655999995157,840,0.10754958471041173,114.30284264423153,85.25355335156257,3.834884122425687,80.67440630714736,66.42171602601138,0.0
5,7658,Adam,-1.2404050827026367,-1.606946737883195,87.90254,70.89809,88.42429285140281,70.81879645044556,0.15791070461273193,0.31396275962362274,-0.1560520550108908,0.13849386903223557,0.1832718404440095,0.0973375149928517,0.0,True,0.0,0.0,0.15637129999959143,60,0.09087271143188734,115.29888916015625,87.65251922607422,3.5228958129882812,78.98697662353516,65.05597686767578,0.01807093620300293
5,7658,LBFGS,-1.2584760189056396,-1.6130427935527025,87.952805,70.91101,88.46949347671605,70.84486110526151,0.17598164081573486,0.3200588152931303,-0.14407717447739543,0.13849386903223557,0.1772830319988826,0.09124145932334415,0.0,True,0.0,0.0,0.20544669999981124,85,0.10193765500841863,115.45481872558594,87.77430725097656,3.5298166275024414,79.03227996826172,65.08747100830078,0.0
5,7658,PSO,-1.2584760189056396,-1.6129553771537257,87.95282,70.911026,88.46944340674679,70.84494764417889,0.17598164081573486,0.3199713988941535,-0.14398975807841863,0.13849386903223557,0.17723920205493332,0.09132887572232096,1.1920928952302567e-08,True,0.0,0.0,0.03287799999998242,1220,0.10193265127055925,115.45537729591523,87.77430917643778,3.5298168575329214,79.03228156424848,65.08747206406179,0.0
5,7658,DE,-1.2584391832351685,-1.6155920044573329,87.95229,70.91057,88.47073391058647,70.84216013426183,0.17594480514526367,0.32260802619776063,-0.14666322105249696,0.13849386903223557,0.17857641421368983,0.08869224841871381,0.0,True,0.0,0.0,0.0957245999998122,1220,0.1020439054520833,115.43739178145316,87.77347779331905,3.5297419056719725,79.03227612197755,65.08745076506018,3.6835670471191406e-05
5,7658,PSO+LBFGS,-1.2584760189056396,-1.6128238389319023,87.952835,70.91104,88.46936637881737,70.84507659701379,0.17598164081573486,0.31983986067233006,-0.1438582198565952,0.13849386903223557,0.17717286081866457,0.09146041394414439,1.1920928952302567e-08,True,0.0,0.0,0.11661880000065139,840,0.10192464157273352,115.45621032835666,87.77430917643778,3.5298168575329214,79.03228156424848,65.08747206406179,0.0
6,7072,Adam,-1.6459531784057617,-2.0156421001250555,89.3866,71.61022,89.72697198656233,71.36669650266941,0.18979740142822266,0.032052861674378486,0.15774453975384417,0.26371611883538226,0.1848436147978273,0.22340192840786566,0.0,True,0.0,0.0,0.1502691000005143,60,0.08497160435839818,116.82841491699219,90.57202911376953,3.652433395385742,80.75881958007812,66.21565246582031,0.02181410789489746
6,7072,LBFGS,-1.6677672863006592,-2.028198989961006,89.400925,71.586624,89.73907767999768,71.35473588417547,0.21161150932312012,0.044609751510328755,0.16700175781279136,0.26371611883538226,0.18021704556164472,0.2108450385719154,0.0,True,0.0,0.0,0.9965336999994179,491,0.09499056192935974,116.82157897949219,90.47529602050781,3.6552278995513916,80.71053314208984,66.24710845947266,0.0
6,7072,PSO,-1.6672016382217407,-1.992995807525399,89.41871,71.60048,89.73395716759968,71.39932148995983,0.21104586124420166,0.009406569074722038,0.20163929216947962,0.26371611883538226,0.16289650453168986,0.2460482210075221,1.1920928952302567e-08,True,0.0,0.0,0.059227200001259916,1220,0.10120704068824408,117.10604276327604,90.47529373015004,3.6554365910502575,80.71053171063431,66.24710956231684,0.000565648078918457
6,7072,DE,-1.6677626371383667,-2.02730617204628,89.400734,71.58647,89.73801123541664,71.3551180664499,0.21160686016082764,0.043716933595603136,0.1678899265652245,0.26371611883538226,0.17977271854139348,0.211737856486641,0.0,True,0.0,0.0,0.11470860000008543,1220,0.0949609936847704,116.82398920930879,90.47531915333806,3.6547726120146633,80.71055147805767,66.24710750013296,4.649162292480469e-06
6,7072,PSO+LBFGS,-1.6672016382217407,-1.9931492423309964,89.4188,71.600555,89.73422132598168,71.39932148995983,0.21104586124420166,0.009560003880319412,0.20148585736388225,0.26371611883538226,0.16297417448615892,0.24589478620192473,1.1920928952302567e-08,True,0.0,0.0,0.10422800000014831,840,0.10122510271189579,117.10604276327604,90.47529373015004,3.655553383696679,80.71053171063431,66.24710956231684,0.000565648078918457
7,7131,Adam,-0.18813535571098328,-0.25753810690377754,89.538376,73.88059,90.2549270600449,74.40922692015778,0.43543121218681335,0.13269080841585532,0.302740403770958,0.3121131480364931,0.39456469504371894,0.30642649405588096,0.0,True,0.0,0.0,0.15176839999912772,60,0.09796269498835151,112.90799713134766,90.82490539550781,3.7135002613067627,82.52291870117188,66.29633331298828,0.052565932273864746
7,7131,LBFGS,-0.24070124328136444,-0.2613167261181756,89.59103,73.84328,90.2876911193579,74.4260904331028,0.4879970997571945,0.13646942763025335,0.35152767212694114,0.3121131480364931,0.4070487667089192,0.3026478748414829,0.0,True,0.0,0.0,1.1829583999988245,472,0.1118025239357047,113.06884765625,90.73827362060547,3.707697629928589,82.48009490966797,66.32746124267578,4.470348358154297e-08
7,7131,PSO,-0.24070128798484802,-0.2613143843881178,89.59103,73.843285,90.2876946414046,74.42609653307375,0.4879971444606781,0.1364670859001956,0.3515300585604825,0.3121131480364931,0.40704930112652493,0.3026502165715407,1.1920928952302567e-08,True,0.0,0.0,0.04312190000018745,1220,0.11180342553099698,113.06887181907655,90.73827113791049,3.707697386593054,82.48009350026587,66.32746243289648,0.0
7,7131,DE,-0.24034735560417175,-0.26463720417151,89.58574,73.83948,90.28412590459325,74.41840637215132,0.48764321208000183,0.13978990568358776,0.3478533063964141,0.3121131480364931,0.40624235338922354,0.2993273967881485,0.0,True,0.0,0.0,0.08873590000075637,1220,0.11111961531840175,113.04344809265962,90.7384091893482,3.70779945786563,82.48009371763517,66.32655951983567,0.00035393238067626953
7,7131,PSO+LBFGS,-0.24070128798484802,-0.2613143843881178,89.59103,73.843285,90.2876946414046,74.42609653307375,0.4879971444606781,0.1364670859001956,0.3515300585604825,0.3121131480364931,0.40704930112652493,0.3026502165715407,1.1920928952302567e-08,True,0.0,0.0,0.10938220000025467,840,0.11180342553099698,113.06887181907655,90.73827113791049,3.707697386593054,82.48009350026587,66.32746243289648,0.0
8,7073,Adam,-1.9266880750656128,-2.540098475768892,89.843704,71.60044,90.33868473521518,71.13494698582856,0.181404709815979,0.01649679682789218,0.16490791298808682,0.38915776018924086,0.3067048603571687,0.21030607740950025,0.0,True,0.0,0.0,0.14031030000114697,60,0.08395449812585866,116.87010955810547,90.64227294921875,3.6477694511413574,80.89517974853516,66.25212097167969,0.02078557014465332
8,7073,LBFGS,-1.9474736452102661,-2.552397627583256,89.85695,71.57771,90.3490673402347,71.1221615445419,0.20219027996063232,0.02879594864225643,0.1733943313183759,0.38915776018924086,0.30246345242783523,0.198006925595136,0.0,True,0.0,0.0,0.8414052000007359,442,0.0932542488310408,116.84329223632812,90.54389953613281,3.6493186950683594,80.84685516357422,66.28349304199219,0.0
8,7073,PSO,-1.9474735260009766,-2.5521370902867786,89.85698,71.57772,90.3488690585862,71.12235738436054,0.20219016075134277,0.02853541134577897,0.1736547494055638,0.38915776018924086,0.30233085751839117,0.19826746289161346,1.1920928952302567e-08,True,0.0,0.0,0.031999099999666214,1220,0.09328553818385517,116.8447533924656,90.54389716629794,3.649233309727488,80.84685347962659,66.28349431982224,1.1920928955078125e-07
8,7073,DE,-1.94746994972229,-2.554868505566366,89.85773,71.57846,90.35234794289522,71.12147861685546,0.20218658447265625,0.031266826625366395,0.17091975784728985,0.38915776018924086,0.3036999509687286,0.19553604761202603,0.0,True,0.0,0.0,0.06554829999913636,1220,0.09309899721035574,116.83819574928103,90.54389940251016,3.650822233774806,80.84685855596292,66.2834929907679,3.6954879760742188e-06
8,7073,PSO+LBFGS,-1.947473406791687,-2.552616160474354,89.85717,71.5779,90.34956253260184,71.12227407685502,0.20219004154205322,0.029014481533354175,0.17317556000869905,0.38915776018924086,0.30257212544024703,0.19778839270403825,1.1920928952302567e-08,True,0.0,0.0,0.0725789000007353,840,0.09325865310275426,116.84413266307112,90.54389716629794,3.649552864399756,80.84685347962659,66.28349431982224,2.384185791015625e-07
9,7613,Adam,-1.3993405103683472,-1.4314184543225272,88.40356,71.107796,88.95947180491285,71.37601359150757,0.10638761520385742,-0.07022155267681773,0.17660916788067516,0.2682881971763631,0.2578104152168751,0.40780060759765235,0.11301310322632219,False,0.0,0.11301310322632219,0.1565454999999929,60,0.0851048157199892,114.8464584350586,86.29019165039062,3.598900318145752,79.14478302001953,64.7252197265625,0.012170672416687012
9,7613,LBFGS,-1.4115111827850342,-1.4394123164317716,88.43843,71.11686,88.98672740033842,71.37808183761021,0.11855828762054443,-0.06222769056757338,0.1807859781881178,0.2682881971763631,0.25314738724887514,0.399806745488408,0.11508134932896041,False,0.0,0.11508134932896041,0.783711800000674,356,0.09443207007109265,114.83977508544922,86.23690795898438,3.605355978012085,79.1935043334961,64.75740814208984,0.0
9,7613,PSO,-1.4115110635757446,-1.439905187004497,88.438286,71.116745,88.98650861378022,71.37786364362168,0.11855816841125488,-0.06173481999484798,0.18029298840610286,0.2682881971763631,0.25308995867124673,0.3993138749156826,0.11486315534043001,False,0.0,0.11486315534043001,0.05560500000137836,1220,0.094394681746347,114.83844478623796,86.23505186001101,3.605356224713887,79.19350590641807,64.7574093909077,1.1920928955078125e-07
9,7613,DE,-1.4114822149276733,-1.4608334164222547,88.43702,71.11596,88.99044922043397,71.3711782974496,0.1185293197631836,-0.04080659057709024,0.15933591034027383,0.2682881971763631,0.2526416655427443,0.37838564549792486,0.10817780916835318,False,0.0,0.10817780916835318,0.09064589999979944,1220,0.09367828659172345,114.79808386162941,86.2431558449582,3.6053404084341363,79.19337718646013,64.7574007750878,2.8967857360839844e-05
9,7613,PSO+LBFGS,-1.4115111827850342,-1.4388134180650414,88.43862,71.117004,88.98704284960336,71.37835666220306,0.11855828762054443,-0.0628265889343036,0.18138487655484803,0.2682881971763631,0.25322894625582654,0.4004056438551382,0.11535617392181052,False,0.0,0.11535617392181052,0.08915230000093288,840,0.09448175058470451,114.84144988368939,86.2394687343065,3.605356224713887,79.19350590641807,64.7574093909077,0.0
10,7075,Adam,-2.194567918777466,-3.095951056102977,90.35531,71.6584,91.00381009503522,70.90498089169192,0.1828298568725586,0.04910101716985338,0.13372883970270522,0.5175568627555545,0.45069138855095825,0.15975278183314812,0.0,True,0.0,0.0,0.13519979999909992,60,0.08056728406565421,116.85641479492188,90.68362426757812,3.6536455154418945,81.0600814819336,66.28939056396484,0.02130293846130371
10,7075,LBFGS,-2.2158708572387695,-3.10871083419552,90.37169,71.63767,91.01766806014933,70.89458102964241,0.2041327953338623,0.06186079526239663,0.14227200007146568,0.5175568627555545,0.44642011420845895,0.14699300374060487,0.0,True,0.0,0.0,0.9400475999991613,464,0.09019547467255051,116.83036041259766,90.5852279663086,3.655155658721924,81.01284790039062,66.32076263427734,0.0
10,7075,PSO,-2.2158706188201904,-3.108151778313297,90.37163,71.63759,91.01708419107626,70.89486029811583,0.2041325569152832,0.06130173938017336,0.14283081753510984,0.5175568627555545,0.44613988666312465,0.14755205962282814,1.1920928952302567e-08,True,0.0,0.0,0.027329700000336743,1220,0.09027272981374831,116.83295211280105,90.58522604208201,3.654861361867862,81.01284634325748,66.32076391500595,2.384185791015625e-07
10,7075,DE,-2.215851068496704,-3.1104403450758675,90.37304,71.63896,91.02100230310695,70.89504533185361,0.20411300659179688,0.06359030614274408,0.1405227004490528,0.5175568627555545,0.447295175402743,0.14526349286025741,0.0,True,0.0,0.0,0.07893689999946218,1220,0.08998868645537098,116.83467990597794,90.5854335233554,3.6568036499105787,81.01284760984619,66.32074719150755,1.9788742065429688e-05
10,7075,PSO+LBFGS,-2.2007434368133545,-3.1917866512002564,90.27806,71.57326,90.9911636560614,70.74498167056088,0.18900537490844727,0.14493661226713295,0.04406876264131432,0.5175568627555545,0.4955202306091471,0.06391718673586855,1.1920928952302567e-08,True,0.0,0.0,0.1994219999996858,840,0.10046918596045633,115.40617253269193,90.58522604208201,3.6597934047897045,81.01284634325748,66.32076391500595,0.015127420425415039
11,7569,Adam,-1.8099894523620605,-1.9721952657530488,89.388695,71.36818,89.66109277301567,71.36961598967103,0.10539138317108154,-0.08347977847358945,0.188871161644671,0.17553757175384185,0.0820824488629903,0.37022343751005793,0.0,True,0.0,0.0,0.16022960000009334,60,0.09385969603919388,112.5770034790039,85.5609130859375,3.8021204471588135,80.98576354980469,65.65065002441406,0.011479854583740234
11,7569,LBFGS,-1.8214693069458008,-1.93512402045673,89.43194,71.384735,89.65356641128703,71.41282149095295,0.11687123775482178,-0.12055102376990834,0.23742226152473012,0.17553757175384185,0.07594572106314522,0.4072946828063768,0.0,True,0.0,0.0,0.20671999999831314,84,0.10451848835995593,112.71365356445312,85.45906066894531,3.8078880310058594,81.01370239257812,65.682861328125,0.0
11,7569,PSO,-1.8214691877365112,-1.935206666844997,89.43184,71.38465,89.65353754644516,71.41266776063381,0.11687111854553223,-0.12046837738164129,0.23733949592717352,0.17553757175384185,0.07594302362676204,0.40721203641810977,1.1920928952302567e-08,True,0.0,0.0,0.059198599999945145,1220,0.10453318256469413,112.71365466007,85.45905874571724,3.807890910875358,81.01336800134038,65.68286237626035,1.1920928955078125e-07
11,7569,DE,-1.8214333057403564,-1.9343054876835444,89.43243,71.38534,89.65362425298885,71.41419304596755,0.11683523654937744,-0.12136955654309389,0.23820479309247133,0.17553757175384185,0.07607847484465043,0.40811321557956237,0.0,True,0.0,0.0,0.12786269999924116,1220,0.10425287382624858,112.7135650989914,85.45926773974958,3.8076313687858825,81.01678208642726,65.68270212241616,3.600120544433594e-05
11,7569,PSO+LBFGS,-1.8214690685272217,-1.9350024605442981,89.432076,71.38487,89.65361565878727,71.41305210831062,0.11687099933624268,-0.12067258368234013,0.2375435830185828,0.17553757175384185,0.0759510897102394,0.4074162427188086,1.1920928952302567e-08,True,0.0,0.0,0.1589605000008305,840,0.10450046490361693,112.71365466007,85.45905874571724,3.807890910875358,81.01420166207927,65.68286237626035,2.384185791015625e-07
12,7401,Adam,-2.1133625507354736,-3.1361378472171517,89.253586,70.80469,89.86006471078011,69.83596175771017,0.10890722274780273,0.14883781315487088,-0.039930590407068145,0.4914219490610274,0.511387146407448,0.06384563656713382,0.0,True,0.0,0.0,0.12922230000003765,60,0.09102307091857206,111.6358642578125,85.3474349975586,3.6551597118377686,79.64450073242188,65.2784423828125,0.012458086013793945
12,7401,LBFGS,-2.1258206367492676,-3.141189506926175,89.291435,70.81462,89.87653328185378,69.8379643946345,0.12136530876159668,0.1538894728638942,-0.032524164102297526,0.4914219490610274,0.5076821836426022,0.0587939768581105,0.0,True,0.0,0.0,1.0797911000008753,456,0.10283704870508864,111.76455688476562,85.31364440917969,3.661860704421997,79.69383239746094,65.3104019165039,0.0
12,7401,PSO,-2.1258203983306885,-3.140920794003382,89.29138,70.8146,89.8761116744437,69.83800258579257,0.12136507034301758,0.15362075994110125,-0.03225568959808367,0.4914219490610274,0.5075511039018504,0.059062689780903455,1.1920928952302567e-08,True,0.0,0.0,0.04695900000115216,1220,0.10280497714137579,111.76455799758992,85.31151922912669,3.6618607271361725,79.69383408832437,65.31040311205288,2.384185791015625e-07
12,7401,DE,-2.1257729530334473,-3.143777640942567,89.29176,70.814865,89.88054010547242,69.83756654242,0.12131762504577637,0.15647760688028622,-0.03515998183450986,0.4914219490610274,0.5090026248134053,0.05620584284171848,0.0,True,0.0,0.0,0.1189314999992348,1220,0.10310489880782935,111.76359231933083,85.33430918971693,3.6618164254926646,79.69377494464631,65.31032057644578,4.76837158203125e-05
12,7401,PSO+LBFGS,-2.1258206367492676,-3.1411791826235858,89.29143,70.81462,89.87651723173073,69.8379658882766,0.12136530876159668,0.1538791485613049,-0.03251383979970823,0.4914219490610274,0.5076791529286223,0.05880430116069979,1.1920928952302567e-08,True,0.0,0.0,0.136470499999632,840,0.10283603061197216,111.76455799758992,85.31356085214735,3.6618607271361725,79.69383408832437,65.31040311205288,0.0
13,7654,Adam,-1.8032222986221313,-2.097414076026243,88.982925,71.02166,89.5487936451071,71.0874757041895,0.11302614212036133,0.30084562143682647,-0.18781947931646514,0.2115071303111158,0.1919004786152464,0.06579907444733779,0.0,True,0.0,0.0,0.1596609999996872,60,0.09201984743967245,115.58598327636719,87.1897964477539,3.5047900676727295,79.41577911376953,65.0478286743164,0.011488199234008789
13,7654,LBFGS,-1.8147103786468506,-2.1140437269423082,89.017715,71.03126,89.58195265563471,71.088086963447,0.12451422214508057,0.3174752723528915,-0.19296105020781096,0.2115071303111158,0.18835319459044625,0.04916942353127274,0.0,True,0.0,0.0,0.967977800000881,484,0.10164275156752166,115.55279541015625,87.16019439697266,3.5121195316314697,79.46712493896484,65.07962799072266,1.1920928955078125e-07
13,7654,PSO,-1.8144335746765137,-2.141872998823287,89.013176,71.025894,89.59387896178916,71.05593127984606,0.12423741817474365,0.34530454423387025,-0.2210671260591266,0.2115071303111158,0.18416608767279835,0.021340151650294015,1.1920928952302567e-08,True,0.0,0.0,0.04038600000058068,1220,0.10562626826989308,115.34155147964611,87.1352732296622,3.5121204839617803,79.46712660043977,65.07962912601079,0.00027692317962646484
13,7654,DE,-1.8146822452545166,-2.1113017614583662,89.017105,71.03098,89.57892112547249,71.08967099460793,0.12448608875274658,0.3147333068689495,-0.19024721811620293,0.2115071303111158,0.18826060015408907,0.05191138901521475,0.0,True,0.0,0.0,0.06979029999820341,1220,0.10113654618403649,115.56353717711237,87.14783400476333,3.512111818531599,79.46699912899854,65.07955502584309,2.8252601623535156e-05
13,7654,PSO+LBFGS,-1.8147104978561401,-2.11377272321236,89.01776,71.03131,89.58184641420534,71.08840549452788,0.12451434135437012,0.3172042686229435,-0.19268992726857337,0.2115071303111158,0.1883978998957515,0.049440427261220776,1.1920928952302567e-08,True,0.0,0.0,0.08335960000113118,840,0.10161075448823309,115.55487737335666,87.16051979213553,3.5121204839617803,79.46712660043977,65.07962912601079,0.0
14,7436,Adam,-1.7072700262069702,-2.2509913293936106,88.922516,71.11039,89.24755678869067,70.5977135788489,0.09456026554107666,0.03213553469660724,0.06242473084446942,0.30307246986883385,0.27186088094308725,0.21167755228313379,0.0,True,0.0,0.0,0.13207920000058948,60,0.08976922858805342,114.36161804199219,85.57798767089844,3.7852280139923096,80.23661804199219,65.99073028564453,0.010506272315979004
14,7436,LBFGS,-1.7177761793136597,-2.2267212445180116,88.959915,71.122765,89.24744003315571,70.62816091372605,0.10506641864776611,0.00786544982100823,0.09720096882675788,0.30307246986883385,0.25447211501476363,0.2359476371587328,0.0,True,0.0,0.0,0.9537402000005386,473,0.10178427339212966,114.51624298095703,85.48501586914062,3.7916812896728516,80.29241943359375,66.02294158935547,1.1920928955078125e-07
14,7436,PSO,-1.7177762985229492,-2.2266437218666,88.959885,71.12274,89.24731537383705,70.62816731340655,0.10506653785705566,0.007787927169596642,0.09727861068745902,0.30307246986883385,0.25443394735013247,0.23602515981014438,1.1920928952302567e-08,True,0.0,0.0,0.029405200000837795,1220,0.10177931900027454,114.51629003190942,85.48448667206254,3.7916815362973466,80.29242110645464,66.02294283721812,0.0
14,7436,DE,-1.717743158340454,-2.2252145914900523,88.95897,71.122086,89.24458165773385,70.62796248182912,0.10503339767456055,0.00635879679304896,0.09867460088151159,0.30307246986883385,0.25373572427084146,0.23745429018669206,0.0,True,0.0,0.0,0.06765339999947173,1220,0.10154810259544715,114.51388570734278,85.47257043566549,3.791628672075174,80.29239697876856,66.02291291806546,3.314018249511719e-05
14,7436,PSO+LBFGS,-1.7177762985229492,-2.2268651392390417,88.959984,71.12282,89.2476900668736,70.62816296839026,0.10506653785705566,0.008009344542038388,0.09705719331501728,0.30307246986883385,0.25454392020887345,0.23580374243770263,1.1920928952302567e-08,True,0.0,0.0,0.075912000000244,840,0.10179905449294079,114.51629003190942,85.48610355611129,3.7916815362973466,80.29242110645464,66.02294283721812,0.0
15,7602,Adam,-1.5249550342559814,-1.8478942026189067,88.642006,71.13246,89.0988807479612,71.06013400519619,0.09719467163085938,0.004043944290275325,0.09315072734058405,0.20804510856350067,0.16146922923792614,0.2596662788327473,0.0,True,0.0,0.0,0.17012720000093395,60,0.0869055959074077,113.63472747802734,85.27783966064453,3.6349027156829834,79.55245971679688,65.20803833007812,0.011129379272460938
15,7602,LBFGS,-1.5360840559005737,-1.8373764984109615,88.684006,71.14756,89.11933939394905,71.08807642737834,0.10832369327545166,-0.006473759917669852,0.11479745319312151,0.20804510856350067,0.15064519375385943,0.27018398304069247,0.0,True,0.0,0.0,1.2357911999988573,482,0.10019939105271426,113.7838363647461,85.24724578857422,3.641143321990967,79.6025619506836,65.24052429199219,3.5762786865234375e-07
15,7602,PSO,-1.5360842943191528,-1.8371547042074388,88.68393,71.14749,89.11899084678274,71.0880917080147,0.10832393169403076,-0.006695554121192604,0.11501948581522337,0.20804510856350067,0.1505350713592103,0.2704057772442152,1.1920928952302567e-08,True,0.0,0.0,0.029468700000506942,1220,0.10020802301827472,113.78385308667293,85.24535749744494,3.641143582991049,79.60256351875614,65.24052544263213,1.1920928955078125e-07
15,7602,DE,-1.5360254049301147,-1.8327207345467242,88.68201,71.14583,89.11162338221247,71.08806674158919,0.10826504230499268,-0.011129523781907125,0.1193945660868998,0.20804510856350067,0.14834652567771558,0.27483974690492974,0.0,True,0.0,0.0,0.05322889999843028,1220,0.10033255565677256,113.78191532560079,85.20563469820189,3.6411377857991805,79.60226348215929,65.2404684372986,5.900859832763672e-05
15,7602,PSO+LBFGS,-1.5360844135284424,-1.8374355386812264,88.68403,71.14758,89.11943611561928,71.0880754303937,0.10832405090332031,-0.006414719647404921,0.11473877055072523,0.20804510856350067,0.1506754394239733,0.27012494277042753,1.1920928952302567e-08,True,0.0,0.0,0.0825660999998945,840,0.10019800151177954,113.78385308667293,85.24776672263661,3.641143582991049,79.60256351875614,65.24052544263213,0.0
16,7719,Adam,-2.240105628967285,-2.1004987413401577,89.93809,71.22389,90.13846305248796,71.52301496683538,0.07809233665466309,0.4643714783279649,-0.3862791416733018,0.17319028106638162,0.1618320441296908,0.11456200790756288,0.07774824320256357,False,0.0,0.07774824320256357,0.3451989000004687,60,0.08303828891789748,117.37272644042969,88.99856567382812,3.437570095062256,79.52462768554688,66.23053741455078,0.00844264030456543
16,7719,LBFGS,-2.2485477924346924,-2.1458091140886206,89.954605,71.22342,90.15917116425106,71.50529838300865,0.08653450012207031,0.5096818510764278,-0.4231473509543575,0.17319028106638162,0.15721808013249966,0.06925163515909993,0.060031659375837876,False,0.0,0.060031659375837876,1.7476675000016257,500,0.0896201880819647,117.22068786621094,88.94889068603516,3.4387145042419434,79.5235595703125,66.26167297363281,4.76837158203125e-07
16,7719,PSO,-2.2485482692718506,-2.146022618040695,89.95468,71.22348,90.15951407343296,71.50529504825151,0.08653497695922852,0.5098953550285021,-0.4233603780692736,0.17319028106638162,0.15727603192394995,0.06903813120702562,0.060028324618699,False,0.0,0.060028324618699,0.03131759999996575,1220,0.08962024993605779,117.22061725135063,88.94682819522261,3.438855620095445,79.52399823590936,66.26167423557354,0.0
16,7719,DE,-2.248544454574585,-2.1454638018041976,89.95448,71.22334,90.15859800920289,71.50531124057082,0.08653116226196289,0.5093365387920048,-0.4228053765300419,0.17319028106638162,0.15711330766449805,0.06959694744352296,0.06004451693800661,False,0.0,0.06004451693800661,0.07618319999892265,1220,0.0895312434310501,117.22062677258221,88.94949763129638,3.438498089324612,79.52381446102254,66.26165681438515,3.814697265625e-06
16,7719,PSO+LBFGS,-2.2485480308532715,-2.145672584425975,89.95435,71.223175,90.15862490452828,71.50518439611821,0.08653473854064941,0.5095453214137822,-0.42301058287313276,0.17319028106638162,0.15717416964187875,0.06938816482174559,0.05991767248539759,False,0.0,0.05991767248539759,0.07223769999836804,840,0.08966196995649298,117.22061725135063,88.95013588647006,3.4385893395953335,79.52199456973707,66.26167423557354,2.384185791015625e-07
17,7078,Adam,-2.3695812225341797,-3.4326265573046832,90.49264,71.52181,91.29752115371828,70.66853601527261,0.17383193969726562,0.09366733505289071,0.08016460464437491,0.5716071657020715,0.5315214635907721,0.11336678369524744,0.0,True,0.0,0.0,0.25435749999996915,60,0.08171350275252694,116.65999603271484,90.79574584960938,3.6682519912719727,81.31686401367188,66.2532730102539,0.020154953002929688
17,7078,LBFGS,-2.3897361755371094,-3.448561824180599,90.51013,71.50371,91.31334886021857,70.65516059701,0.1939868927001953,0.10960260192880655,0.08438429077138876,0.5716071657020715,0.529412636178066,0.0974315168193316,0.0,True,0.0,0.0,1.2805692999991152,456,0.09124976762392206,116.62814331054688,90.6965103149414,3.6729514598846436,81.2687759399414,66.28487396240234,0.0
17,7078,PSO,-2.3897361755371094,-3.4487538473569543,90.51,71.503586,91.31335653790323,70.65487096087674,0.1939868927001953,0.1097946251051618,0.08419226759503351,0.5716071657020715,0.5295108200321714,0.09723949364297635,1.1920928952302567e-08,True,0.0,0.0,0.051454200000080164,1220,0.09128620982646174,116.62527384114198,90.69650836316805,3.6729508360951764,81.26877421945937,66.2848751051497,0.0
17,7078,DE,-2.3897018432617188,-3.4432895798205467,90.508095,71.501755,91.3063492612056,70.65653534673571,0.1939525604248047,0.1043303575687542,0.08962220285605049,0.5716071657020715,0.526793461230931,0.10270376117938396,0.0,True,0.0,0.0,0.0876377999993565,1220,0.09186301125867,116.64172872511435,90.69671315470319,3.6691824153077035,81.26878733805327,66.28486953514775,3.4332275390625e-05
17,7078,PSO+LBFGS,-2.388321876525879,-3.4075846923827977,90.48798,71.48208,91.2508833930864,70.65617158963096,0.19257259368896484,0.06862547013100517,0.12394712355795967,0.5716071657020715,0.509630019728296,0.13840864861713298,1.1920928952302567e-08,True,0.0,0.0,0.0799907999989955,840,0.10249879218356041,116.63817172299584,90.69650836316805,3.6402342202444515,81.26877421945937,66.2848751051497,0.0014142990112304688
18,7691,Adam,-1.33574640750885,-1.4260547535317838,88.19422,71.01447,88.47836108789015,71.13186563844879,0.1263338327407837,0.330517022635741,-0.20418318989495732,0.1416258395706258,0.1250672876658502,0.07792528547767152,0.0,True,0.0,0.0,0.23585339999954158,60,0.0915480022401426,115.95284271240234,87.96935272216797,3.474067211151123,79.37474822998047,64.7837142944336,0.013497233390808105
18,7691,LBFGS,-1.349243402481079,-1.437390037105855,88.24577,71.034874,88.53051132544181,71.1559680916192,0.1398308277130127,0.3418523062098122,-0.20202147849679952,0.1416258395706258,0.1265063949725099,0.06659000190360032,0.0,True,0.0,0.0,0.22167429999899468,83,0.10335150116649124,116.0805892944336,88.11436462402344,3.480680465698242,79.42595672607422,64.81546783447266,2.384185791015625e-07
18,7691,PSO,-1.3492436408996582,-1.4375634317305146,88.24575,71.03485,88.53060023614019,71.15578441848322,0.1398310661315918,0.3420257008344718,-0.20219463470288002,0.1416258395706258,0.126485156781941,0.06641660727894072,1.1920928952302567e-08,True,0.0,0.0,0.04307719999997062,1220,0.10336766736033981,116.0794096744522,88.1143970834321,3.4806806980219562,79.42595840932245,64.8154689632106,0.0
18,7691,DE,-1.349207878112793,-1.4380910094362807,88.24549,71.03467,88.53071306328384,71.1551098978958,0.13979530334472656,0.34255327854023787,-0.2027579751955113,0.1416258395706258,0.1264293903251703,0.06588902957317466,0.0,True,0.0,0.0,0.06646960000034596,1220,0.10336772741738891,116.07521357896215,88.11348193603719,3.4806770586123035,79.42574975163329,64.8153727411672,3.5762786865234375e-05
18,7691,PSO+LBFGS,-1.3492436408996582,-1.4375636886445373,88.24575,71.03485,88.53060036190007,71.1557841418371,0.1398310661315918,0.34202595774849454,-0.20219489161690274,0.1416258395706258,0.12648510029008303,0.066416350364918,1.1920928952302567e-08,True,0.0,0.0,0.08131700000012643,840,0.10336768966056625,116.07940790082826,88.1143970834321,3.4806806980219562,79.42595840932245,64.8154689632106,0.0
19,7789,Adam,-1.9001978635787964,-2.3344010467152048,88.75491,70.67627,89.0586308057259,70.3057140958659,0.2058495283126831,0.433578516225235,-0.22772898791255192,0.10323667477968909,0.21710027406150179,0.05619244921210376,0.0,True,0.0,0.0,0.13915970000016387,60,0.09751321203225792,120.32241821289062,89.73439025878906,3.4087131023406982,79.41101837158203,65.2021484375,0.024029254913330078
19,7789,LBFGS,-1.9242271184921265,-2.390592362840947,88.81624,70.68835,89.14800981418288,70.29523052136926,0.22987878322601318,0.48976983235097715,-0.25989104912496397,0.10323667477968909,0.23318250885981934,1.1330863616265674e-06,0.0,True,0.0,0.0,0.21026569999958156,83,0.11180305065522766,120.1987075805664,89.8338623046875,3.4158058166503906,79.45895385742188,65.2332534790039,0.0
19,7789,PSO,-1.924226999282837,-2.3905934959273085,88.81624,70.68835,89.14801188336432,70.29523049390663,0.22987866401672363,0.4897709654373388,-0.25989230142061515,0.10323667477968909,0.23318313800492457,0.0,1.1920928952302567e-08,True,0.0,0.0,0.033837699998912285,1220,0.11180342219899625,120.19870660160268,89.83386436390128,3.415806061590274,79.45895536770695,65.23325455343002,1.1920928955078125e-07
19,7789,DE,-1.924178123474121,-2.3904854173024677,88.8161,70.68831,89.14779646703408,70.2952160654156,0.2298297882080078,0.4896628868124979,-0.2598330986044901,0.10323667477968909,0.23315167491393876,0.00010807862484085717,0.0,True,0.0,0.0,0.08749649999845133,1220,0.11176928907590879,120.19871045264767,89.83351779842656,3.415772122691749,79.4589191813655,65.23317538767303,4.8995018005371094e-05
19,7789,PSO+LBFGS,-1.924226999282837,-2.3905934959273085,88.81624,70.68835,89.14801188336432,70.29523049390663,0.22987866401672363,0.4897709654373388,-0.25989230142061515,0.10323667477968909,0.23318313800492457,0.0,1.1920928952302567e-08,True,0.0,0.0,0.11513600000034785,840,0.11180342219899625,120.19870660160268,89.83386436390128,3.415806061590274,79.45895536770695,65.23325455343002,1.1920928955078125e-07
20,7090,Adam,-1.1147161722183228,-1.3394323834669417,89.1843,72.20881,89.21270604376194,71.903699507291,0.26143407821655273,-0.04946048168264805,0.3108945598992008,0.26780443889348216,0.1123573755970523,0.3361481528028938,0.0,True,0.0,0.0,0.1718308999988949,60,0.0954487972199331,118.20820617675781,90.23221588134766,3.689500093460083,81.81387329101562,65.95726013183594,0.030120491981506348
20,7090,LBFGS,-1.14483642578125,-1.324264427709151,89.20138,72.173676,89.19759922696613,71.9067763776533,0.29155433177948,-0.06462843744043867,0.35618276921991865,0.26780443889348216,0.0919759595179317,0.3513161085606844,0.0,True,0.0,0.0,1.2644766999983403,490,0.10834152917131515,118.36070251464844,90.1388168334961,3.6869056224823,81.7667465209961,65.98878479003906,2.384185791015625e-07
20,7090,PSO,-1.14483642578125,-1.3241502923396484,89.20131,72.17361,89.19743046060738,71.90678307604695,0.29155433177948,-0.06474257280994133,0.3562969045894213,0.26780443889348216,0.09198029258959481,0.35143024393018707,1.1920928952302567e-08,True,0.0,0.0,0.05288180000025022,1220,0.10837103145558141,118.36075000691471,90.13881511501631,3.6868325545064784,81.76674486060801,65.98878597458133,2.384185791015625e-07
20,7090,DE,-1.1447601318359375,-1.3206875755330594,89.19901,72.17132,89.19199114115489,71.90670320017607,0.2914780378341675,-0.06820528961653038,0.35968332745069787,0.26780443889348216,0.09216984606710477,0.3548929607367761,0.0,True,0.0,0.0,0.08368610000070476,1220,0.10927911129996078,118.36040627482659,90.1391699470625,3.684453131102733,81.76674555477669,65.98863029923218,7.653236389160156e-05
20,7090,PSO+LBFGS,-1.144836664199829,-1.32436890086603,89.20145,72.17375,89.19776813337522,71.90678307604695,0.2915545701980591,-0.06452396428355978,0.35607853448161886,0.26780443889348216,0.0919696214560721,0.3512116354038055,1.1920928952302567e-08,True,0.0,0.0,0.09926660000019183,840,0.10831385989348447,118.36075000691471,90.13881511501631,3.686981027564348,81.76674486060801,65.98878597458133,0.0
21,7726,Adam,-2.294049024581909,-2.2175219724547226,90.07896,71.26791,90.08659228156769,71.38704765992672,0.08527064323425293,0.18063671598825692,-0.095366072754004,0.08594726829195065,0.04283919771150128,0.06088252675640593,0.0,True,0.0,0.0,0.24354979999952775,60,0.08477233626462877,117.39682006835938,88.73578643798828,3.402611494064331,79.7441177368164,66.40914916992188,0.009510278701782227
21,7726,LBFGS,-2.3035593032836914,-2.231315122355378,90.091194,71.26048,90.09407697730153,71.36914562370295,0.09478092193603516,0.19442986588891253,-0.09964894395287738,0.08594726829195065,0.03784894013672109,0.04708937685575032,0.0,True,0.0,0.0,1.336907600001723,457,0.0949176442890473,117.24014282226562,88.75053405761719,3.401392698287964,79.68999481201172,66.44049072265625,0.0
21,7726,PSO,-2.3035590648651123,-2.2311902752735477,90.091156,71.26046,90.09386000126857,71.36915024025596,0.09478068351745605,0.19430501880708206,-0.09952433528962601,0.08594726829195065,0.037804735856206535,0.04721422393758079,1.1920928952302567e-08,True,0.0,0.0,0.03438119999918854,1220,0.0948850907612267,117.24012646752499,88.75107049472886,3.401319081505455,79.68999303700002,66.44049206227055,2.384185791015625e-07
21,7726,DE,-2.3035545349121094,-2.2318849953895312,90.09148,71.260704,90.0950923528511,71.36916941787884,0.09477615356445312,0.19499973892306555,-0.10022358535861242,0.08594726829195065,0.038001318949251676,0.04651950382159731,0.0,True,0.0,0.0,0.06602700000075856,1220,0.09500908184166597,117.24020003795783,88.75201552800188,3.401675942468944,79.69000918022138,66.44047648403422,4.76837158203125e-06
21,7726,PSO+LBFGS,-2.3035590648651123,-2.231155227116655,90.09115,71.26046,90.09379938289341,71.36915158964915,0.09478068351745605,0.19426997065018936,-0.0994892871327333,0.08594726829195065,0.03778932295416384,0.04724927209447349,1.1920928952302567e-08,True,0.0,0.0,0.10706939999909082,840,0.0948764841525166,117.24012646752499,88.75117892198844,3.401299254011787,79.68999303700002,66.44049206227055,2.384185791015625e-07
22,7704,Adam,-1.3866618871688843,-1.2677163030602967,88.42618,71.14953,88.26707797983974,71.18424305340191,0.08443892002105713,0.18908428589017956,-0.10464536586912243,0.11148827939031174,0.05947218067113877,0.12544481331970814,0.0,True,0.0,0.0,0.2668284000010317,60,0.07615744266889411,115.5072250366211,88.49610137939453,3.4527573585510254,79.95304870605469,65.44971466064453,0.009084820747375488
22,7704,LBFGS,-1.3957467079162598,-1.2889769304582621,88.443535,71.1496,88.30095268837125,71.1809633034051,0.09352374076843262,0.21034491328814497,-0.11682117251971236,0.11148827939031174,0.05338477193844926,0.10418418592174272,0.0,True,0.0,0.0,0.19966940000085742,88,0.08158318561775502,115.51957702636719,88.50884246826172,3.4594411849975586,79.8963623046875,65.48165893554688,0.0
22,7704,PSO,-1.3957467079162598,-1.2889209535555521,88.44362,71.149666,88.30099976461365,71.18108097770367,0.09352374076843262,0.210288936385435,-0.11676519561700238,0.11148827939031174,0.05341249041346259,0.1042401628244527,1.1920928952302567e-08,True,0.0,0.0,0.0410727999988012,1220,0.08159943221516917,115.52004988082659,88.50913001919216,3.4594411929711555,79.89664837388756,65.48166015557081,0.0
22,7704,DE,-1.3957396745681763,-1.291975242976683,88.441505,71.147865,88.30051191041132,71.17621212716375,0.09351670742034912,0.21334322580656595,-0.11982651838621683,0.11148827939031174,0.05188123779215969,0.10118587340332175,0.0,True,0.0,0.0,0.077782100001059,1220,0.08148135019868603,115.49733602971166,88.51258391367882,3.459439372647997,79.88762338509329,65.48165735367796,7.033348083496094e-06
22,7704,PSO+LBFGS,-1.395119547843933,-1.2882485141022082,88.45295,71.15649,88.30450111476678,71.18283438500193,0.09289658069610596,0.20961649693209106,-0.1167199162359851,0.11148827939031174,0.053433874357715634,0.10491260227779664,1.1920928952302567e-08,True,0.0,0.0,0.07591219999994792,840,0.08786617588850294,115.5696389160675,88.74378393048141,3.4594411929711555,79.85126492827798,65.48166015557081,0.0006271600723266602
23,7058,Adam,-1.2490448951721191,0.41677683399514587,88.26214,71.20415,87.45013505375918,70.79430578004958,0.1085132360458374,2.7718204746048825,-2.663307238559045,0.43308939971746196,0.38272277067846644,0.8335807417136382,0.45075148188534797,False,0.45075148188534797,0.0,0.1700687000011385,60,0.08548795136513057,118.30240631103516,90.80323791503906,3.3989899158477783,79.92678833007812,66.21307373046875,0.012408614158630371
23,7058,LBFGS,-1.2614535093307495,0.08664521862299557,88.27632,71.19263,87.49769863506828,70.77369418585818,0.12092185020446777,3.1019520899770328,-2.981030239772565,0.43308939971746196,0.3758184066661626,0.5034491263414879,0.4031879005762562,False,0.4031879005762562,0.0,0.9325848999997106,464,0.09974588826766227,118.11895751953125,90.69633483886719,3.40562105178833,79.93882751464844,66.24436950683594,0.0
23,7058,PSO,-1.2614526748657227,0.07888775170384354,88.27587,71.19209,87.49872432744773,70.77176784166164,0.12092101573944092,3.109709556896185,-2.988788541156744,0.43308939971746196,0.3758502318027488,0.49569165942233584,0.40216220819679904,False,0.40216220819679904,0.0,0.04569629999969038,1220,0.10007952957565946,118.10526148858389,90.69633243354838,3.405621289663401,79.93796316964237,66.24437056405168,8.344650268554688e-07
23,7058,DE,-1.2614328861236572,0.08626555273482439,88.27653,71.19285,87.49777663768702,70.77387921648831,0.12090122699737549,3.1023317558652037,-2.9814305288678282,0.43308939971746196,0.37586907356596067,0.5030694604533167,0.4031098979575063,False,0.4031098979575063,0.0,0.05912519999947108,1220,0.09971752325563384,118.11915884131531,90.69636279045443,3.405564369086349,79.94048060546474,66.24433155223628,2.0623207092285156e-05
23,7058,PSO+LBFGS,-1.2614526748657227,0.0791425719986174,88.27584,71.19206,87.4986820046982,70.7717465012473,0.12092101573944092,3.109454736601411,-2.98853372086197,0.43308939971746196,0.3758506442766029,0.4959464797171097,0.4022045309463351,False,0.4022045309463351,0.0,0.10209869999926013,840,0.10007836782416535,118.10526148858389,90.69633243354838,3.405621289663401,79.93774638103689,66.24437056405168,8.344650268554688e-07
24,7894,Adam,-0.5964093804359436,-0.8271702424025262,86.74888,70.82799,86.74104620566055,70.4821109048416,0.17233535647392273,0.13964397378896176,0.03269138268496097,0.13172660302560718,0.12007167828597233,0.24865208853420295,0.0,True,0.0,0.0,0.24073060000046098,60,0.09300835515146977,114.60430908203125,86.28534698486328,3.4565141201019287,79.01185607910156,65.10179901123047,0.020442724227905273
24,7894,LBFGS,-0.6168520450592041,-0.8455763574278296,86.79739,70.83488,86.79205866266588,70.49418691037316,0.19277802109718323,0.15805008881426508,0.03472793228291815,0.13172660302560718,0.11755831437219828,0.23024597350889964,0.0,True,0.0,0.0,0.2669246999994357,85,0.10611981267343558,114.68183135986328,86.38957214355469,3.4632530212402344,79.0546875,65.13301086425781,5.960464477539063e-08
24,7894,PSO,-0.6168521046638489,-0.8457222622404831,86.79736,70.834854,86.79215480124196,70.49406409912692,0.192778080701828,0.1581959936269186,0.034582087074909396,0.13172660302560718,0.11755438676980601,0.2301000686962461,1.1920928952302567e-08,True,0.0,0.0,0.03094529999907536,1220,0.10610464195058668,114.6808953236216,86.38957397663967,3.463253255661982,79.05468902193115,65.13301218285096,0.0
24,7894,DE,-0.6168172359466553,-0.8509964454577376,86.79601,70.833984,86.79547798602873,70.48951041875691,0.1927432119846344,0.1634701768441731,0.029273035140461312,0.13172660302560718,0.11740836563001028,0.22482588547899163,0.0,True,0.0,0.0,0.07149480000043695,1220,0.10551140226256285,114.6461816386391,86.38926199919506,3.4632215608431647,79.05462297535915,65.133006331063,3.4868717193603516e-05
24,7894,PSO+LBFGS,-0.6168520450592041,-0.8455595763768607,86.7974,70.834885,86.79204885861925,70.4942018946393,0.19277802109718323,0.15803330776329627,0.034744713333886956,0.13172660302560718,0.11756103297576509,0.23026275455986844,1.1920928952302567e-08,True,0.0,0.0,0.09000030000061088,840,0.1061220737640835,114.6819446070278,86.38957397663967,3.463253255661982,79.05468902193115,65.13301218285096,5.960464477539063e-08
25,7652,Adam,-1.9791969060897827,-2.306284451261433,89.34642,71.08272,90.03018880649111,71.20396946936224,0.10446572303771973,0.32266733518145707,-0.21820161214373734,0.27142363999312896,0.24608463355357466,0.05822645386586034,0.0,True,0.0,0.0,0.14548899999863352,60,0.09283358031615467,115.50794982910156,86.87749481201172,3.5098493099212646,79.47366333007812,65.05906677246094,0.010308384895324707
25,7652,LBFGS,-1.9895051717758179,-2.3436637747323914,89.38034,71.09168,90.07375823533008,71.18165647686108,0.11477398872375488,0.3600466586524156,-0.2452726699286607,0.27142363999312896,0.23832902230716174,0.020847130394901825,0.0,True,0.0,0.0,0.19515770000180055,84,0.10595997925189259,115.31632995605469,86.84312438964844,3.5173275470733643,79.52777862548828,65.09091186523438,1.1920928955078125e-07
25,7652,PSO,-1.9895052909851074,-2.3437262497879057,89.38034,71.091675,90.07379649777197,71.18159345917283,0.11477410793304443,0.36010913370792985,-0.24533502577488542,0.27142363999312896,0.238321630907663,0.02078465533938756,1.1920928952302567e-08,True,0.0,0.0,0.037486200000785175,1220,0.10597074234127742,115.31592224641636,86.8431636217257,3.5173280256444173,79.5277802766559,65.09091306364826,0.0
25,7652,DE,-1.9894968271255493,-2.3423074492656917,89.38124,71.09254,90.07472524955188,71.18455431234749,0.11476564407348633,0.35869033318571586,-0.24392468911222953,0.27142363999312896,0.23904450520373305,0.02220345586160155,0.0,True,0.0,0.0,0.059121199999935925,1220,0.10583407484685006,115.33486021454583,86.8568751459272,3.517324692038171,79.5276939064725,65.09091146566479,8.463859558105469e-06
25,7652,PSO+LBFGS,-1.9895049333572388,-2.345065709304073,89.38023,71.09148,90.07448134345236,71.18012853090632,0.11477375030517578,0.3614485932240974,-0.2466748429189216,0.27142363999312896,0.23812766330570476,0.01944519582322002,1.1920928952302567e-08,True,0.0,0.0,0.07621280000057595,840,0.10618984572539401,115.30649370022729,86.84313793063788,3.5173280256444173,79.5277802766559,65.09091306364826,3.5762786865234375e-07
26,7806,Adam,-1.8471565246582031,-2.596807987722459,88.86343,70.85077,89.14749974374014,69.99953062264248,0.16443610191345215,0.41853386411926197,-0.2540977622058098,0.2477759648419906,0.3748256072006441,0.05979591297260134,0.0,True,0.0,0.0,0.16511869999885675,60,0.09496194763724561,121.05291748046875,90.87600708007812,3.485499382019043,79.09165954589844,64.302978515625,0.018268704414367676
26,7806,LBFGS,-1.8654252290725708,-2.6457170429307495,88.902115,70.85267,89.20787420072213,69.97550197807648,0.18270480632781982,0.46744291932755244,-0.2847381129997326,0.2477759648419906,0.39014652226828594,0.010886857764310864,0.0,True,0.0,0.0,0.9978174999996554,464,0.10688037099592519,120.92859649658203,90.86967468261719,3.4925732612609863,79.1445083618164,64.33382415771484,0.0
26,7806,PSO,-1.8654249906539917,-2.6458371762525332,88.902306,70.85281,89.20816916959802,69.97556420777569,0.18270456790924072,0.4675630526493362,-0.28485848474009545,0.2477759648419906,0.39020590256775656,0.010766724442527131,1.1920928952302567e-08,True,0.0,0.0,0.0488881000001129,1220,0.10692480771298576,120.92859492668867,90.87158168151159,3.4925735032959437,79.14450986734482,64.33382543745483,2.384185791015625e-07
26,7806,DE,-1.8653823137283325,-2.643525119121451,88.898705,70.85009,89.20267571308035,69.97450684100733,0.18266189098358154,0.4652509955182538,-0.28258910453467223,0.2477759648419906,0.38907189732933056,0.013078781573609533,0.0,True,0.0,0.0,0.07236050000028627,1220,0.10611200545170515,120.92870118068521,90.83692606695227,3.4925634172754063,79.14413602411929,64.3338171090972,4.291534423828125e-05
26,7806,PSO+LBFGS,-1.8654249906539917,-2.6458885395768896,88.90239,70.85288,89.20829596755867,69.97559136653824,0.18270456790924072,0.4676144159736926,-0.28490984806445185,0.2477759648419906,0.39023287239997845,0.01071536111817073,1.1920928952302567e-08,True,0.0,0.0,0.06924760000038077,840,0.10694390759644828,120.92859492668867,90.87240625753985,3.4925735032959437,79.14450986734482,64.33382543745483,2.384185791015625e-07
27,7086,Adam,-1.4367815256118774,-1.920494390617463,89.84905,72.32222,90.27029205198326,71.98235788667688,0.2887357473373413,0.03744411549067039,0.2512916318466709,0.3675004300448824,0.2418554814919902,0.2673823293811779,0.0,True,0.0,0.0,0.15114319999884174,60,0.09173031893389932,118.43987274169922,90.68658447265625,3.677344560623169,81.77704620361328,66.03269958496094,0.03379237651824951
27,7086,LBFGS,-1.4705737829208374,-1.9317151922886047,89.852844,72.27066,90.26263870225098,71.9538796063121,0.32252800464630127,0.048664917161812093,0.2738630874844892,0.3675004300448824,0.23057111923719692,0.2561615277100362,0.0,True,0.0,0.0,0.9630085999997391,434,0.1039472112017166,118.38761901855469,90.59422302246094,3.667948007583618,81.73139953613281,66.0641860961914,1.1920928955078125e-07
27,7086,PSO,-1.470573902130127,-1.931549887367977,89.85288,72.27068,90.26255090168809,71.95403216619256,0.3225281238555908,0.04849961224118449,0.27402851161440633,0.3675004300448824,0.23048925702788303,0.2563268326306638,1.1920928952302567e-08,True,0.0,0.0,0.04588089999924705,1220,0.10397796969342285,118.38861302505941,90.59422124149614,3.6679127217564655,81.73139809038366,66.06418743023733,0.0
27,7086,DE,-1.4705432653427124,-1.9358375157914243,89.85319,72.271454,90.26622928294475,71.9514252760789,0.32249748706817627,0.052787240664631696,0.2697102464035446,0.3675004300448824,0.2326492402156256,0.2520392042072166,0.0,True,0.0,0.0,0.06461060000037833,1220,0.10286939922425349,118.37167135169173,90.59424046885327,3.669753403328752,81.73141764474599,66.0641393351051,3.063678741455078e-05
27,7086,PSO+LBFGS,-1.4705737829208374,-1.9321606557165711,89.85256,72.270424,90.26267625892622,71.95327504789657,0.32252800464630127,0.04911038058977857,0.2734176240565227,0.3675004300448824,0.2307921963638998,0.2557160642820697,1.1920928952302567e-08,True,0.0,0.0,0.06718030000047293,840,0.10391136041683532,118.38369768655205,90.59422124149614,3.6679127217564655,81.73139809038366,66.06418743023733,1.1920928955078125e-07
28,7745,Adam,-2.551144599914551,-2.552973084946492,90.67253,71.41465,90.44641425214712,71.21297167577461,0.06562304496765137,-0.09361339682818315,0.15923644179583452,0.16247627413519714,0.1363754833522705,0.3138851375563707,0.0,True,0.0,0.0,0.19181329999992158,60,0.0783752172475148,116.24879455566406,88.36306762695312,3.376068592071533,79.1766357421875,66.89179992675781,0.007237434387207031
28,7745,LBFGS,-2.558382034301758,-2.5290560549727115,90.684364,71.41139,90.43514768942885,71.23514625674333,0.0728604793548584,-0.1175304268019639,0.1903909061568223,0.16247627413519714,0.13463835923233597,0.33780216753015146,0.0,True,0.0,0.0,1.2019424000009167,482,0.086076608193122,116.24290466308594,88.39702606201172,3.3738129138946533,79.1186294555664,66.92286682128906,0.0
28,7745,PSO,-2.55759859085083,-2.4927210125725496,90.69434,71.417755,90.41125102653032,71.26392370611406,0.07207703590393066,-0.15386546920212574,0.2259425051060564,0.16247627413519714,0.1371562635925068,0.3741372099303133,1.1920928952302567e-08,True,0.0,0.0,0.028474200000346173,1220,0.09513869218979353,116.59341545456027,88.47094106840544,3.371260681327578,79.11861269285873,66.92286790084245,0.0007834434509277344
28,7745,DE,-2.5583810806274414,-2.528899791003342,90.68422,71.411285,90.43469595657982,71.23500632672362,0.07285952568054199,-0.11768669077133342,0.19054621645187542,0.16247627413519714,0.1347415221911355,0.337958431499521,0.0,True,0.0,0.0,0.05838210000001709,1220,0.08599787917651523,116.24141884282571,88.39677912614101,3.3736695410157047,79.1187397761703,66.92286292235188,9.5367431640625e-07
28,7745,PSO+LBFGS,-2.5583817958831787,-2.529062288425674,90.68459,71.41154,90.4354925611437,71.23539380009987,0.0728602409362793,-0.11752419334900122,0.1903844342852805,0.16247627413519714,0.13456869922652054,0.3377959340771888,1.1920928952302567e-08,True,0.0,0.0,0.09538269999939075,840,0.08620520370266974,116.2458211490581,88.3988003270295,3.373940505974019,79.11861269285873,66.92286790084245,2.384185791015625e-07
29,7912,Adam,-0.8208252787590027,-1.4344158828966642,87.155846,70.85502,87.60460202961853,70.34857933934154,0.1674688458442688,0.17087099696353114,-0.003402151119262342,0.30509416807821177,0.3067954881181476,0.200770142005686,0.0,True,0.0,0.0,0.2625404999998864,60,0.09656102983829289,114.32015991210938,87.1103744506836,3.408414125442505,78.51756286621094,64.98126220703125,0.019726216793060303
29,7912,LBFGS,-0.8405511975288391,-1.4485806501142364,87.20588,70.86308,87.64638356178385,70.35755341187006,0.18719476461410522,0.18503576418110335,0.0021590004330018786,0.30509416807821177,0.30401402425458973,0.1866053747881138,0.0,True,0.0,0.0,0.3068634999999631,83,0.11180020846060436,114.49089050292969,87.21739959716797,3.4154791831970215,78.5606460571289,65.01248931884766,2.980232238769531e-07
29,7912,PSO,-0.840551495552063,-1.44856734763413,87.20589,70.86309,87.64637599437093,70.35756474729402,0.1871950626373291,0.185022461700997,0.002172600936332092,0.30509416807821177,0.30400821082269214,0.18661867726822012,1.1920928952302567e-08,True,0.0,0.0,0.04842289999942295,1220,0.11180342219899625,114.49101386502957,87.21740168648375,3.415479666063277,78.56064776259609,65.0124904548552,0.0
29,7912,DE,-0.840527355670929,-1.4514431094344635,87.20479,70.86243,87.64823408801311,70.35524368717127,0.18717092275619507,0.18789822350133045,-0.0007273007451353841,0.30509416807821177,0.30545795559539246,0.18374291546788668,0.0,True,0.0,0.0,0.1080961000006937,1220,0.11124373705790783,114.46631306345515,87.21716318360885,3.4154615629358065,78.56064078610896,65.01247929342442,2.4139881134033203e-05
29,7912,PSO+LBFGS,-0.840551495552063,-1.44856734763413,87.20589,70.86309,87.64637599437093,70.35756474729402,0.1871950626373291,0.185022461700997,0.002172600936332092,0.30509416807821177,0.30400821082269214,0.18661867726822012,1.1920928952302567e-08,True,0.0,0.0,0.15990640000018175,840,0.11180342219899625,114.49101386502957,87.21740168648375,3.415479666063277,78.56064776259609,65.0124904548552,0.0
30,7109,Adam,-0.6886295080184937,-0.6705197404390792,89.07844,72.74425,89.50848586705469,73.14930429388808,0.3508235216140747,0.12166924644605226,0.22915427516802245,0.20731212417887523,0.26668424077677244,0.27337618313472045,0.0,True,0.0,0.0,0.18575280000004568,60,0.08889597175040147,116.07363891601562,90.88377380371094,3.668271064758301,81.837646484375,65.21595764160156,0.041887640953063965
30,7109,LBFGS,-0.7305171489715576,-0.6824693540468297,89.09055,72.688286,89.50760655106774,73.12589202893021,0.39271116256713867,0.13361886005380275,0.2590923025133359,0.20731212417887523,0.27387058811708526,0.26142656952696997,0.0,True,0.0,0.0,1.1593718999993143,472,0.10092173469154214,116.09862518310547,90.79438781738281,3.662081241607666,81.79269409179688,65.24751281738281,0.0
30,7109,PSO,-0.7305171489715576,-0.6827766373030796,89.09031,72.68808,89.50756427520754,73.12540888584947,0.39271116256713867,0.1339261433100526,0.2587850192570861,0.20731212417887523,0.27383672122391456,0.2611192862707201,1.1920928952302567e-08,True,0.0,0.0,0.045380699999441276,1220,0.10090913976993485,116.09667235375709,90.79438539416651,3.6620809946043664,81.79269238347297,65.24751417696234,0.0
30,7109,DE,-0.7304252982139587,-0.6821323197775278,89.090836,72.688675,89.5077229075307,73.12649810321142,0.3926193118095398,0.13328182578450076,0.25933748602503903,0.20731212417887523,0.273894737048179,0.26176360379627195,0.0,True,0.0,0.0,0.10182789999998931,1220,0.10090065867493067,116.10076755965616,90.7945478480434,3.6621245304494328,81.79280310272566,65.24749581938279,9.185075759887695e-05
30,7109,PSO+LBFGS,-0.7305171489715576,-0.6826059700133164,89.09045,72.688194,89.50758776219809,73.12567712169273,0.39271116256713867,0.13375547602028937,0.2589556865468493,0.20731212417887523,0.27385496820423283,0.26128995356048335,1.1920928952302567e-08,True,0.0,0.0,0.12622519999968063,840,0.10091638155356986,116.09775900117059,90.79438539416651,3.6620809946043664,81.79269238347297,65.24751417696234,0.0
31,7576,Adam,-2.0272724628448486,-2.3929960258118284,90.083435,71.66088,90.62235661548937,71.59790401277107,0.11352860927581787,-0.06652103465897063,0.1800496439347885,0.27288466278116635,0.18286268965708982,0.312182162470362,0.0,True,0.0,0.0,0.24314360000062152,60,0.09196053282068169,113.35667419433594,85.58749389648438,3.794064998626709,80.83523559570312,65.63758087158203,0.01224374771118164
31,7576,LBFGS,-2.039515972137451,-2.3752043866152555,90.10577,71.65543,90.61114272042263,71.6070608071564,0.1257721185684204,-0.08431267385554353,0.21008479242396394,0.27288466278116635,0.16784385419592424,0.3299738016669349,0.0,True,0.0,0.0,0.9322056000000885,428,0.10801343879991908,113.51239013671875,85.48637390136719,3.801853656768799,80.77523803710938,65.66975402832031,2.384185791015625e-07
31,7576,PSO,-2.039515733718872,-2.3752769216287786,90.105965,71.65559,90.61129270999885,71.60706072371444,0.1257718801498413,-0.08424013884202042,0.21001201899186173,0.27288466278116635,0.16788132869856628,0.3299012666534118,1.1920928952302567e-08,True,0.0,0.0,0.02893659999972442,1220,0.10807443106648632,113.512391735155,85.48637204705949,3.802013853747653,80.77523644391295,65.66975523445626,4.76837158203125e-07
31,7576,DE,-2.0394790172576904,-2.375772801818352,90.10716,71.656555,90.61223084404439,71.60701588648386,0.12573516368865967,-0.08374425865244683,0.2094794223411065,0.27288466278116635,0.16814860017018976,0.3294053864638382,0.0,True,0.0,0.0,0.07044440000026952,1220,0.10842179353629958,113.51181920369316,85.48637946571057,3.8030287082627603,80.77545654288164,65.66958096261924,3.719329833984375e-05
31,7576,PSO+LBFGS,-2.0395162105560303,-2.375149293741749,90.10562,71.65533,90.61102915896333,71.60706072371444,0.1257723569869995,-0.08436776672904989,0.2101401237160494,0.27288466278116635,0.16781693189360242,0.33002889454044126,1.1920928952302567e-08,True,0.0,0.0,0.08379640000021027,840,0.1079680950303523,113.512391735155,85.48637204705949,3.8017328446018817,80.77523644391295,65.66975523445626,0.0
32,7897,Adam,-0.2874225378036499,-0.546027371749182,86.21525,70.81269,86.14364449373568,70.3697903356936,0.17003613710403442,0.1600645765335853,0.009971560570449123,0.18083473252528073,0.17219739981123172,0.23787517440887462,0.0,True,0.0,0.0,0.15567940000073577,60,0.091962139455939,114.4989242553711,86.5810775756836,3.4660844802856445,79.02466583251953,64.95360565185547,0.020273834466934204
32,7897,LBFGS,-0.30769628286361694,-0.5663009031491795,86.26306,70.819374,86.19587790553413,70.38036007695345,0.19030988216400146,0.18033810793358274,0.009971774230418728,0.18083473252528073,0.1695506386516094,0.2176016430088772,0.0,True,0.0,0.0,0.19178280000051018,84,0.10483914828973033,114.57046508789062,86.68463897705078,3.4726064205169678,79.06719207763672,64.9846420288086,8.940696716308594e-08
32,7897,PSO,-0.3076963722705841,-0.5661805312745255,86.26309,70.8194,86.19580155599152,70.38046420192337,0.19030997157096863,0.18021773605892877,0.01009223551203986,0.18083473252528073,0.16955499891716055,0.21772201488353116,1.1920928952302567e-08,True,0.0,0.0,0.04707560000133526,1220,0.10485135354245154,114.57125744573773,86.68464076471787,3.4726066563825952,79.0671937484658,64.98464322007976,0.0
32,7897,DE,-0.30754944682121277,-0.5693201127552742,86.26196,70.81879,86.19766742078829,70.3776631245626,0.1901630461215973,0.18335731753967743,0.0068057285819198565,0.18083473252528073,0.1694035336365481,0.2145824334027825,0.0,True,0.0,0.0,0.07660329999998794,1220,0.10448195396815364,114.55005975104451,86.68435591832434,3.472605259022744,79.06684645492496,64.98435226061558,0.0001469254493713379
32,7897,PSO+LBFGS,-0.3076963722705841,-0.5665131433288927,86.263,70.81933,86.19601560700839,70.38017858827475,0.19030997157096863,0.18055034811329596,0.009759623457672673,0.18083473252528073,0.16953730177413456,0.21738940282916397,1.1920928952302567e-08,True,0.0,0.0,0.09322479999900679,840,0.1048189315731769,114.56908267680133,86.68464076471787,3.4726066563825952,79.0671937484658,64.98464322007976,0.0
33,7460,Adam,-0.9308992028236389,6.021596200924066,88.967476,72.28728,89.09067282870093,73.58765035228883,0.2573368549346924,-1.8148168094758939,2.0721536644105862,0.42292761160637804,0.4795084015674092,6.484715588699686,0.814006858636489,False,0.0,0.814006858636489,0.167415500000061,60,0.0973967294236961,113.53353881835938,86.58377075195312,3.7884035110473633,80.94371795654297,66.87529754638672,0.02982020378112793
33,7460,LBFGS,-0.9607193470001221,6.3139195026455335,88.98639,72.25347,89.07578484881601,73.6051554602619,0.28715699911117554,-2.1071401111973618,2.3942971103085373,0.42292761160637804,0.4868482978522829,6.777038890421154,0.8315119666095541,False,0.0,0.8315119666095541,0.3647485000001325,83,0.11180302046248869,113.65874481201172,86.49003601074219,3.7809247970581055,80.89584350585938,66.90742492675781,5.960464477539063e-08
33,7460,PSO,-0.9607194066047668,6.313919628910458,88.98639,72.25347,89.07578440484114,73.6051554431074,0.2871570587158203,-2.1071402374622865,2.394297296178107,0.42292761160637804,0.48684815902625506,6.7770390166860786,0.8315119494550629,False,0.0,0.8315119494550629,0.029780500000924803,1220,0.11180342553099698,113.65874626229947,86.49003389145855,3.780924526106446,80.89584201060825,66.90742612901249,0.0
33,7460,DE,-0.9606490135192871,6.310680649583278,88.98632,72.25355,89.07585823867181,73.60495824743954,0.2870866656303406,-2.1039012581351066,2.390987923765447,0.42292761160637804,0.4867977553542921,6.773800037358899,0.831314753787197,False,0.0,0.831314753787197,0.060507600001074024,1220,0.11173658621582228,113.65805720725608,86.4900891402763,3.7810009045686677,80.8959093675173,66.90728472842208,7.039308547973633e-05
33,7460,PSO+LBFGS,-0.9607194066047668,6.313919628910458,88.98639,72.25347,89.07578440484114,73.6051554431074,0.2871570587158203,-2.1071402374622865,2.394297296178107,0.42292761160637804,0.48684815902625506,6.7770390166860786,0.8315119494550629,False,0.0,0.8315119494550629,0.10655129999940982,840,0.11180342553099698,113.65874626229947,86.49003389145855,3.780924526106446,80.89584201060825,66.90742612901249,0.0
34,7571,Adam,-1.6953250169754028,-1.654558597659409,89.22192,71.392654,89.4078583137059,71.61021359988094,0.09429991245269775,-0.15629407641218473,0.2505939888648825,0.16907415189943722,0.129746989734294,0.48013162769348416,0.02093442507624843,False,0.0,0.02093442507624843,0.23040770000079647,60,0.0868825614236565,112.8531265258789,85.74635314941406,3.80260968208313,81.14083099365234,65.59004974365234,0.010809659957885742
34,7571,LBFGS,-1.7061346769332886,-1.5913838113815963,89.26316,71.4076,89.40023716719074,71.64871227379192,0.1051095724105835,-0.21946886268999743,0.32457843510058093,0.16907415189943722,0.12312648613715355,0.5433064139712969,0.059433098987227595,False,0.0,0.059433098987227595,0.9542209999999614,473,0.10030927983283681,112.99225616455078,85.64937591552734,3.810635805130005,81.15054321289062,65.6223373413086,0.0
34,7571,PSO,-1.706134557723999,-1.5916219183656939,89.26312,71.40756,89.40025230670285,71.64858037328865,0.10510945320129395,-0.2192307557058999,0.32434020890719384,0.16907415189943722,0.12311053667874616,0.5430683069871993,0.05930119848396487,False,0.0,0.05930119848396487,0.030861100000038277,1220,0.10033105800472676,112.99225778893924,85.64937403011947,3.8106735001247216,81.15029095690475,65.6223387051532,1.1920928955078125e-07
34,7571,DE,-1.7061177492141724,-1.59203409193765,89.26216,71.406845,89.39962896624954,71.6481788614323,0.10509264469146729,-0.21881858213394367,0.32391122682541096,0.16907415189943722,0.12331920718091603,0.5426561334152431,0.058899686627611914,False,0.0,0.058899686627611914,0.08656619999965187,1220,0.10005793813362464,112.99211204730607,85.64951365127277,3.810135757623819,81.14960385892289,65.62227967180746,1.6927719116210938e-05
34,7571,PSO+LBFGS,-1.706134557723999,-1.591620454538972,89.26312,71.40756,89.4002524736204,71.6485812550852,0.10510945320129395,-0.21923221953262173,0.3243416727339157,0.16907415189943722,0.12311088681275757,0.5430697708139212,0.05930208028051709,False,0.0,0.05930208028051709,0.06749620000118739,840,0.1003310396147514,112.99225778893924,85.64937403011947,3.8106735001247216,81.15029263573824,65.6223387051532,1.1920928955078125e-07
35,7127,Adam,0.9445066452026367,4.433398126072431,87.96764,74.16197,87.81237445279508,75.24418833027275,0.3799476623535156,-0.18675333224757207,0.5667009946010877,0.27424646016673265,0.41486151878313127,3.0748388455138933,0.5356464601555615,False,0.0,0.5356464601555615,0.13613570000052277,60,0.09838271940138713,113.00968170166016,91.13582611083984,3.7116949558258057,82.34819793701172,66.0675277709961,0.046243369579315186
35,7127,LBFGS,0.8982634544372559,4.565185054002731,88.010284,74.125305,87.83815378679797,75.25750869150035,0.4261908531188965,-0.31854026017787174,0.7447311132967682,0.27424646016673265,0.43692621593541237,3.206625773444193,0.5489668213831607,False,0.0,0.5489668213831607,0.233503200000996,83,0.11180287529027458,113.14079284667969,91.05066680908203,3.705902338027954,82.30587768554688,66.10231018066406,1.7881393432617188e-07
35,7127,PSO,0.8982632756233215,4.565206104204128,88.01029,74.125305,87.83815500965723,75.25751068101438,0.4261910319328308,-0.3185613103792688,0.7447523423120996,0.27424646016673265,0.4369288121020129,3.20664682364559,0.5489688108971933,False,0.0,0.5489688108971933,0.050710899999103276,1220,0.11180342553099698,113.1408020770748,91.05066471464534,3.7059020995121728,82.30587618478239,66.10231122914183,0.0
35,7127,DE,0.898483395576477,4.556070811319891,88.0095,74.12507,87.83759519204396,75.25664600207807,0.4259709119796753,-0.3094260174950323,0.7353969294747076,0.27424646016673265,0.43664501969461755,3.1975115307613535,0.5481041319608835,False,0.0,0.5481041319608835,0.07763429999977234,1220,0.11155578202067978,113.13996925351074,91.05104070580454,3.7059691289508723,82.30596692588614,66.1000952004178,0.00022011995315551758
35,7127,PSO+LBFGS,0.8982632756233215,4.565206104204128,88.01029,74.125305,87.83815500965723,75.25751068101438,0.4261910319328308,-0.3185613103792688,0.7447523423120996,0.27424646016673265,0.4369288121020129,3.20664682364559,0.5489688108971933,False,0.0,0.5489688108971933,0.07888200000161305,840,0.11180342553099698,113.1408020770748,91.05066471464534,3.7059020995121728,82.30587618478239,66.10231122914183,0.0
36,7725,Adam,-2.3378539085388184,-2.2905845823777486,90.101776,71.2247,90.16473078941951,71.34954488960126,0.08211445808410645,0.18364294593084285,-0.1015284878467364,0.07566835755899623,0.06135026533166449,0.0760606723226882,0.0,True,0.0,0.0,0.18263710000064748,60,0.0814950702804712,117.43599700927734,89.18396759033203,3.402322292327881,79.72633361816406,66.41468048095703,0.009270429611206055
36,7725,LBFGS,-2.3471243381500244,-2.299874123000123,90.112915,71.216705,90.16445399381831,71.33147165780072,0.0913848876953125,0.19293248655321715,-0.10154759885790465,0.07566835755899623,0.05450072187100494,0.0667711317003139,0.0,True,0.0,0.0,0.9942105000009178,491,0.09180916190265868,117.28314971923828,89.21649169921875,3.398444890975952,79.67052459716797,66.44583892822266,0.0
36,7725,PSO,-2.3471243381500244,-2.299657886049244,90.11279,71.21661,90.16406191126245,71.33145777032554,0.0913848876953125,0.19271624960233824,-0.10133136190702574,0.07566835755899623,0.054446277867506325,0.06698736865119281,1.1920928952302567e-08,True,0.0,0.0,0.03176489999896148,1220,0.09177212129648439,117.28312595616717,89.2156981732062,3.398340555142873,79.67051528081902,66.44584010632843,0.0
36,7725,DE,-2.347106695175171,-2.3024268816115803,90.11296,71.21671,90.16850296528305,71.33122709982507,0.09136724472045898,0.19548524516467447,-0.10411800044421549,0.07566835755899623,0.05561399272670225,0.06421837308885658,0.0,True,0.0,0.0,0.06626409999989846,1220,0.09201159736792275,117.28373054560548,89.19083299899603,3.4001466081186558,79.67053737405232,66.44582234239775,1.7642974853515625e-05
36,7725,PSO+LBFGS,-2.3471240997314453,-2.2993749938300057,90.11274,71.216576,90.16360144498911,71.33147759318096,0.0913846492767334,0.19243335738309986,-0.10104870810636646,0.07566835755899623,0.054344079043852786,0.0672702608704312,1.1920928952302567e-08,True,0.0,0.0,0.08139080000000831,840,0.0917430009744689,117.28312595616717,89.21726099279792,3.398173727321276,79.67051528081902,66.44584010632843,2.384185791015625e-07
37,7633,Adam,-2.1855852603912354,-2.8962973111027814,89.376144,70.804436,90.09999280708801,70.397421881247,0.14127421379089355,0.3414558725433494,-0.20018165875245586,0.2552653792077797,0.3553545931691471,0.049197970962192805,0.0,True,0.0,0.0,0.13382799999999406,60,0.09588095254250334,114.8474349975586,86.9177474975586,3.5229036808013916,78.77778625488281,64.88300323486328,0.015357255935668945
37,7633,LBFGS,-2.2009425163269043,-2.945493548238865,89.41793,70.81136,90.16358972723144,70.37383301403803,0.1566314697265625,0.39065210967943287,-0.23402063995287037,0.2552653792077797,0.3722745384983481,1.7338261093513552e-06,0.0,True,0.0,0.0,0.20923380000022007,83,0.11180285162852081,114.68716430664062,87.0389633178711,3.529994487762451,78.82816314697266,64.9146957397461,0.0
37,7633,PSO,-2.2009425163269043,-2.9454952820649742,89.41793,70.81136,90.16359172141146,70.37383194972688,0.1566314697265625,0.3906538435055422,-0.23402237377897972,0.2552653792077797,0.3722754980884687,0.0,1.1920928952302567e-08,True,0.0,0.0,0.033760399999664514,1220,0.11180340553899454,114.68715559979955,87.03896529761914,3.5299947303633417,78.82816481981172,64.91469686610162,0.0
37,7633,DE,-2.2008562088012695,-2.9448110240571697,89.417595,70.811295,90.16265207972046,70.37410756732349,0.15654516220092773,0.38996958549773764,-0.2334244232968099,0.2552653792077797,0.37197740998223994,0.0006842580078045835,0.0,True,0.0,0.0,0.0707496999984869,1220,0.11160484666034239,114.68961899028476,87.03470500424933,3.5299942124335235,78.82787864756949,64.91467258610388,8.630752563476562e-05
37,7633,PSO+LBFGS,-2.2009425163269043,-2.9454952820649742,89.41793,70.81136,90.16359172141146,70.37383194972688,0.1566314697265625,0.3906538435055422,-0.23402237377897972,0.2552653792077797,0.3722754980884687,0.0,1.1920928952302567e-08,True,0.0,0.0,0.06634330000088084,840,0.11180340553899454,114.68715559979955,87.03896529761914,3.5299947303633417,78.82816481981172,64.91469686610162,0.0
38,7599,Adam,-1.8129700422286987,-2.2695046377147756,89.13261,71.14157,89.6991835390716,70.96953730260492,0.07776486873626709,0.0062403349769257765,0.07152453375934131,0.26402995703117754,0.22826603424881908,0.24012276709385016,0.0,True,0.0,0.0,0.14945330000045942,60,0.08568540473071339,113.79471588134766,85.1890640258789,3.6467528343200684,79.62220764160156,65.10748291015625,0.008388519287109375
38,7599,LBFGS,-1.821358561515808,-2.264492995594538,89.16936,71.1562,89.71867563245468,70.98865480017463,0.08615338802337646,0.0012286928566882516,0.08492469516668821,0.26402995703117754,0.22156748578937482,0.2451344092140877,0.0,True,0.0,0.0,1.1365151000009064,473,0.09883418820694677,113.89801025390625,85.14161682128906,3.653061628341675,79.68212890625,65.13993072509766,0.0
38,7599,PSO,-1.821358561515808,-2.2647531016552236,89.16947,71.15631,89.71911868228617,70.98867266741281,0.08615338802337646,0.001488798917373746,0.08466458910600272,0.26402995703117754,0.22169878717746588,0.2448743031534022,1.1920928952302567e-08,True,0.0,0.0,0.02490840000064054,1220,0.09881112578124521,113.89828342587724,85.1441800762494,3.653061881633448,79.68213824824488,65.13993191016107,0.0
38,7599,DE,-1.8213419914245605,-2.265565325056269,89.16846,71.15555,89.7182142148283,70.98679606485156,0.0861368179321289,0.0023010223184192213,0.08383579561370968,0.26402995703117754,0.22211086484867198,0.24406207975235672,0.0,True,0.0,0.0,0.09017490000042017,1220,0.09854490991890112,113.88228856254742,85.13543141789373,3.6530542014915635,79.68203953688898,65.13986027674142,1.6570091247558594e-05
38,7599,PSO+LBFGS,-1.821358561515808,-2.2646634029734325,89.16926,71.15613,89.718668981376,70.98841461593173,0.08615338802337646,0.001399100235582651,0.08475428778779381,0.26402995703117754,0.22165358225099616,0.2449640018351933,1.1920928952302567e-08,True,0.0,0.0,0.1032231999997748,840,0.0987963618125166,113.89597279149466,85.14106560415927,3.653061881633448,79.68213824824488,65.13993191016107,0.0
39,7695,Adam,-1.2358685731887817,-0.5520103689845315,88.09935,71.08067,88.25428878259046,71.47210924656534,0.11363399028778076,0.0749632098924724,0.03867078039530836,0.17890525204681101,0.1796425655209538,0.665028708879241,0.23462908299111973,False,0.0,0.23462908299111973,0.13891309999962687,60,0.0836974318003481,115.91960906982422,88.18965911865234,3.4775853157043457,79.60379791259766,64.99053192138672,0.01246035099029541
39,7695,LBFGS,-1.2483289241790771,-0.5015601417370436,88.1339,71.089485,88.28622325391473,71.48518195871587,0.12609434127807617,0.02451298264498447,0.1015813586330917,0.17890525204681101,0.18030828931381143,0.715478936126729,0.24770179514165136,False,0.0,0.24770179514165136,0.19885919999978796,87,0.09206461542459438,115.93512725830078,88.11019897460938,3.484375476837158,79.65460205078125,65.02239990234375,0.0
39,7695,PSO,-1.2483289241790771,-0.5051172248201817,88.13382,71.0894,88.28652334146989,71.48453969106949,0.12609434127807617,0.02807006572812265,0.09802427554995352,0.17890525204681101,0.1802332721101806,0.7119218530435908,0.24705952749526716,False,0.0,0.24705952749526716,0.030590500000471366,1220,0.0920830127725022,115.93169161763488,88.11056625978003,3.4843754793052995,79.65460364731462,65.02240102380756,0.0
39,7695,DE,-1.2483032941818237,-0.5547813307952126,88.13153,71.08744,88.28876795199328,71.47520210821261,0.12606871128082275,0.07773417170315355,0.0483345395776692,0.17890525204681101,0.17908036325995225,0.6622577470685599,0.2377219446383947,False,0.0,0.2377219446383947,0.0615631000000576,1220,0.09205319488066933,115.88219012448404,88.10122437776815,3.484370915452866,79.6545526781028,65.0223764779871,2.562999725341797e-05
39,7695,PSO+LBFGS,-1.2483289241790771,-0.4982470464774258,88.13393,71.089516,88.2858315543885,71.4857670668674,0.12609434127807617,0.02119988738536671,0.10489445389270946,0.17890525204681101,0.180372869957872,0.7187920313863467,0.24828690329317737,False,0.0,0.24828690329317737,0.13210149999940768,840,0.09202981122074694,115.93827720362468,88.10900731787451,3.4843754793052995,79.65460364731462,65.02240102380756,0.0
40,6949,Adam,-1.7793022394180298,-2.1549282776473424,88.64504,70.75787,88.77387349307548,70.31945645876242,0.16060256958007812,0.4128246570625522,-0.2522220874824741,0.09749799841396649,0.18781319425183823,0.06193169982494595,0.0,True,0.0,0.0,0.16833050000059302,60,0.09593578378285766,117.54469299316406,86.31649017333984,3.626692771911621,79.05282592773438,64.30314636230469,0.01770484447479248
40,6949,LBFGS,-1.7970070838928223,-2.2168352094507506,88.6933,70.767044,88.85870614509709,70.29588311793503,0.1783074140548706,0.47473158886596045,-0.29642417481108985,0.09749799841396649,0.2099142902357006,2.4768021537724394e-05,4.157524366443788e-09,True,0.0,0.0,0.1998119999989285,83,0.1117977732274127,117.41525268554688,86.46452331542969,3.632965564727783,79.10810089111328,64.33419036865234,0.0
40,6949,PSO,-1.7970070838928223,-2.2168599774722884,88.69332,70.76706,88.85875267785235,70.29588490221175,0.1783074140548706,0.4747563568874982,-0.29644894283262757,0.09749799841396649,0.20992595897641655,0.0,1.1920928952302567e-08,True,0.0,0.0,0.03860440000062226,1220,0.11180341886699591,117.41525093751261,86.46470823019763,3.6329655724858867,79.108102468771,64.3341915938629,0.0
40,6949,DE,-1.7966828346252441,-2.213691105197812,88.69089,70.76578,88.85349384045578,70.29629698988043,0.17798316478729248,0.4715874846130219,-0.29360431982572943,0.09749799841396649,0.2085032217615219,0.0031688722744762643,0.0,True,0.0,0.0,0.08952700000008917,1220,0.11102118620640698,117.41619272790476,86.44717527238457,3.6328308740374364,79.10557582092319,64.33371229331598,0.000324249267578125
40,6949,PSO+LBFGS,-1.7970070838928223,-2.2168599774722884,88.69332,70.76706,88.85875267785235,70.29588490221175,0.1783074140548706,0.4747563568874982,-0.29644894283262757,0.09749799841396649,0.20992595897641655,0.0,1.1920928952302567e-08,True,0.0,0.0,0.12041739999949641,840,0.11180341886699591,117.41525093751261,86.46470823019763,3.6329655724858867,79.108102468771,64.3341915938629,0.0
41,7905,Adam,-0.5618679523468018,-1.2379029300840547,86.67973,70.81765,87.04258770424613,70.14388075980152,0.1691550612449646,0.16566763495248105,0.003487426292483553,0.3397615057044594,0.33801844408012494,0.2137015693175428,0.0,True,0.0,0.0,0.13788620000013907,60,0.09358019339419349,114.31947326660156,87.5359878540039,3.4389286041259766,78.85457611083984,64.7208480834961,0.01996535062789917
41,7905,LBFGS,-0.5818333029747009,-1.260381280208398,86.72681,70.82379,87.09271752387639,70.14902597502157,0.18912041187286377,0.18814598507682434,0.0009744267960394293,0.3397615057044594,0.3392731269293897,0.1912232191931995,0.0,True,0.0,0.0,0.9712120000003779,473,0.1070053871830093,114.40110778808594,87.64532470703125,3.4459280967712402,78.89738464355469,64.75189971923828,0.0
41,7905,PSO,-0.5818332433700562,-1.2604290376636642,86.72679,70.823784,87.09274916245108,70.14898632973372,0.189120352268219,0.18819374253209054,0.0009266097361284586,0.3397615057044594,0.33929807166148046,0.19117546173793332,1.1920928952302567e-08,True,0.0,0.0,0.08115619999989576,1220,0.10699958894309361,114.40075148037707,87.64532678597357,3.4459285759979252,78.89738633265733,64.75190092165121,5.960464477539063e-08
41,7905,DE,-0.5817644596099854,-1.2538625084474353,86.72876,70.82524,87.08835311532927,70.15438872684649,0.1890515685081482,0.18162721331586162,0.007424355192286569,0.3397615057044594,0.3360488685235242,0.19774199095416223,0.0,True,0.0,0.0,0.10456710000107705,1220,0.10780658169423014,114.44929381072309,87.6451990544297,3.445799351929598,78.89725585631902,64.75187491812406,6.884336471557617e-05
41,7905,PSO+LBFGS,-0.5818333029747009,-1.2605387766162213,86.72675,70.82375,87.09281864156661,70.14889309992616,0.18912041187286377,0.1883034814846476,0.0008169303882161749,0.3397615057044594,0.3393516550025905,0.19106572278537626,1.1920928952302567e-08,True,0.0,0.0,0.11364700000012817,840,0.10698474239352192,114.39991072799614,87.64532678597357,3.4459285759979252,78.89738633265733,64.75190092165121,0.0
42,7586,Adam,-1.3043625354766846,-1.2243175407018985,88.465775,71.30085,88.53570456997018,71.47947566004545,0.10372495651245117,-0.1628110516326835,0.2665360081451347,0.10411443455035242,0.08174528492695088,0.4281979059703529,0.006079358775920696,False,0.0,0.006079358775920696,0.23495480000019597,60,0.08871533122901784,112.99256134033203,85.33424377441406,3.7296504974365234,80.62907409667969,65.59588623046875,0.012184977531433105
42,7586,LBFGS,-1.3165475130081177,-1.183263785476575,88.5032,71.31055,88.53333403298012,71.51227883568073,0.11590993404388428,-0.2038648068580069,0.3197747409018912,0.10411443455035242,0.07769050100340952,0.4692516611956763,0.03888253441120071,False,0.0,0.03888253441120071,2.2510108000005857,455,0.10152489415682878,113.11958312988281,85.23967742919922,3.736640691757202,80.6402587890625,65.62837982177734,0.0
42,7586,PSO,-1.3165473937988281,-1.1832349754077565,88.50322,71.31056,88.53334105435843,71.51230201317702,0.11590981483459473,-0.2038936169268255,0.31980343176142023,0.10411443455035242,0.07768844357820825,0.4692804712644949,0.03890571190748915,False,0.0,0.03890571190748915,0.04692780000004859,1220,0.10152658038071631,113.11958437925023,85.23967564942632,3.736640936948561,80.6403175278465,65.62838101142734,1.1920928955078125e-07
42,7586,DE,-1.3165186643600464,-1.1870776033724035,88.50083,71.30861,88.53232306513071,71.50910920792738,0.11588108539581299,-0.20005098896217843,0.3159320743579914,0.10411443455035242,0.07767686516428357,0.46543784329984783,0.03571290665784943,False,0.0,0.03571290665784943,0.08915999999953783,1220,0.10129667546641943,113.11916370542248,85.23969247856411,3.736576756597085,80.63226111548745,65.62832398757389,2.8848648071289062e-05
42,7586,PSO+LBFGS,-1.3165473937988281,-1.1832795099894602,88.50319,71.31054,88.53333042039067,71.5122661793696,0.11590981483459473,-0.20384908234512178,0.3197588971797165,0.10411443455035242,0.07768999318268996,0.4692359366827912,0.0388698781000727,False,0.0,0.0388698781000727,0.13971940000010363,840,0.10152442222040173,113.11958437925023,85.23967564942632,3.736640936948561,80.64022493223011,65.62838101142734,1.1920928955078125e-07
43,7452,Adam,-1.183719515800476,2.4090125841393313,89.24948,72.16467,89.39542808485173,73.20012898899122,0.2300596833229065,-1.091209145808537,1.3212688291314434,0.35141639408878156,0.39615341944789073,3.357002370257031,0.5665916965107556,False,0.0,0.5665916965107556,0.1890825999998924,60,0.09578851168307621,114.00081634521484,85.50050354003906,3.7743594646453857,80.80990600585938,66.61225891113281,0.026158690452575684
43,7452,LBFGS,-1.2098780870437622,2.5933018733519164,89.26996,72.138535,89.38287259444316,73.21539326764973,0.2562182545661926,-1.275498435021122,1.5317166895873147,0.35141639408878156,0.4003510004101281,3.541291659469616,0.5818559751692618,False,0.0,0.5818559751692618,1.263793900001474,481,0.10824119139615926,114.12826538085938,85.4051742553711,3.772042751312256,80.76127624511719,66.64468383789062,1.1920928955078125e-07
43,7452,PSO,-1.2098782062530518,2.593237857957498,89.27004,72.13861,89.38296277893927,73.21539310472745,0.2562183737754822,-1.2754344196267038,1.531652793402186,0.35141639408878156,0.40032685233900805,3.5412276440751977,0.5818558122469852,False,0.0,0.5818558122469852,0.055560099999638624,1220,0.1082126465323156,114.1282666646648,85.40517232360878,3.77211814382492,80.76127448513216,66.64468512460235,0.0
43,7452,DE,-1.2097814083099365,2.5926459367879753,89.26849,72.13721,89.38133716047078,73.21524510720232,0.25612157583236694,-1.274842498457181,1.5309640742895478,0.35141639408878156,0.4007312712136125,3.540635722905675,0.5817078147218524,False,0.0,0.5817078147218524,0.16026620000047842,1220,0.10868187605454498,114.12781359540115,85.40548641942789,3.770778069887661,80.76137528748338,66.6444000542403,9.679794311523438e-05
43,7452,PSO+LBFGS,-1.2098780870437622,2.5932081484441163,89.27007,72.13865,89.38300583380502,73.21539310472745,0.2562182545661926,-1.275404710113322,1.5316229646795145,0.35141639408878156,0.4003176236936512,3.541197934561816,0.5818558122469852,False,0.0,0.5818558122469852,0.13164080000024114,840,0.10819890699152729,114.1282666646648,85.40517232360878,3.772154087313731,80.76127448513216,66.64468512460235,1.1920928955078125e-07
44,7444,Adam,-1.6564409732818604,-1.4116598824862796,89.47145,71.66518,89.57565000557103,72.04747210090339,0.13172411918640137,-0.144774056402589,0.27649817558899037,0.17251873165808712,0.16133306583403656,0.3924030093902988,0.07118425910651638,False,0.0,0.07118425910651638,0.13668200000029174,60,0.09701423206719952,114.5436782836914,85.13885498046875,3.8058295249938965,80.47827911376953,66.2890625,0.014641642570495605
44,7444,LBFGS,-1.6710823774337769,-1.3681088046502292,89.49118,71.65419,89.55952564903127,72.06121230781672,0.14636552333831787,-0.1883251342386394,0.33469065757695726,0.17251873165808712,0.15900959075574966,0.4359540872263492,0.08492446601984227,False,0.0,0.08492446601984227,0.20757860000048822,83,0.1118027011464559,114.6832046508789,85.0384750366211,3.8119168281555176,80.42251586914062,66.32139587402344,2.384185791015625e-07
44,7444,PSO,-1.671082615852356,-1.368109102266764,89.49118,71.65419,89.55952658538375,72.06121232288768,0.14636576175689697,-0.18832483662210464,0.3346905983790016,0.17251873165808712,0.1590098763582288,0.43595378960981446,0.08492448109080897,False,0.0,0.08492448109080897,0.026915200000075856,1220,0.11180341886699591,114.68320574865038,85.03847323853415,3.811917790933421,80.42251425099857,66.32139723176988,0.0
44,7444,DE,-1.6709953546524048,-1.3680920719525786,89.49102,71.65423,89.55942622843075,72.06120947862338,0.1462785005569458,-0.18834186693628996,0.33462036749323576,0.17251873165808712,0.1590138546465907,0.4359708199239998,0.08492163682650755,False,0.0,0.08492163682650755,0.06507539999984147,1220,0.11169450790696074,114.68289225205282,85.03863701365387,3.811831663047043,80.42296990683539,66.32102059303355,8.726119995117188e-05
44,7444,PSO+LBFGS,-1.671082615852356,-1.368109102266764,89.49118,71.65419,89.55952658538375,72.06121232288768,0.14636576175689697,-0.18832483662210464,0.3346905983790016,0.17251873165808712,0.1590098763582288,0.43595378960981446,0.08492448109080897,False,0.0,0.08492448109080897,0.07705189999978757,840,0.11180341886699591,114.68320574865038,85.03847323853415,3.811917790933421,80.42251425099857,66.32139723176988,0.0
45,7572,Adam,-1.402543544769287,-0.6639134431819822,88.799446,71.45182,88.91959445664715,71.93561075857134,0.1048893928527832,-0.5277133896169528,0.632602782469736,0.22812318851799424,0.20065604516948796,0.9616062640159218,0.22787760427446813,False,0.0,0.22787760427446813,0.15530589999980293,60,0.08364759763158362,112.90792846679688,85.81082916259766,3.790065050125122,81.04114532470703,65.57430267333984,0.011884689331054688
45,7572,LBFGS,-1.4144282341003418,-0.3830219399766355,88.83779,71.46444,88.90517592335138,71.98584240671929,0.11677408218383789,-0.8086048928222995,0.9253789750061374,0.22812318851799424,0.19765344201644777,1.2424977672212685,0.2781092524224107,False,0.0,0.2781092524224107,0.9077820999991673,464,0.09277220678970291,113.04024505615234,85.71142578125,3.7901370525360107,81.06781768798828,65.60643768310547,0.0
45,7572,PSO,-1.4144281148910522,-0.3830942787967776,88.83788,71.464516,88.90526883905554,71.98583869501516,0.11677396297454834,-0.8085325540021574,0.9253065169767057,0.22812318851799424,0.19762661886000982,1.2424254284011265,0.2781055407182862,False,0.0,0.2781055407182862,0.055784899999707704,1220,0.09279250361877965,113.04024650007523,85.71142386004647,3.7902115482915857,81.06780981574353,65.60643903627397,1.1920928955078125e-07
45,7572,DE,-1.4144160747528076,-0.38784294539430886,88.837585,71.46424,88.90536176787303,71.98503023985232,0.11676192283630371,-0.8037838874046261,0.9205458102409299,0.22812318851799424,0.19756189310818117,1.237676761803595,0.2772970855554462,False,0.0,0.2772970855554462,0.10173359999862441,1220,0.09286407925309648,113.03973501833181,85.71144450084093,3.790381257653316,81.06653750882775,65.60642998488436,1.2159347534179688e-05
45,7572,PSO+LBFGS,-1.4144281148910522,-0.383245641429131,88.83769,71.464355,88.90509378893837,71.98579613142884,0.11677396297454834,-0.808381191369804,0.9251551543443524,0.22812318851799424,0.1976713626655384,1.242274065768773,0.2780629771319667,False,0.0,0.2780629771319667,0.11361609999948996,840,0.09275989672678417,113.04024650007523,85.71142386004647,3.790079231750978,81.06773243564187,65.60643903627397,1.1920928955078125e-07
46,7632,Adam,-2.0650534629821777,-2.7135451546471248,89.23485,70.85727,90.0306178431162,70.60494027810026,0.13861513137817383,0.3401216583022624,-0.20150652692408855,0.22349188792856892,0.3242478905995271,0.051131053382243774,0.0,True,0.0,0.0,0.16945850000047358,60,0.09561345557000189,114.70621490478516,86.91993713378906,3.5243782997131348,78.80256652832031,64.89356994628906,0.014947652816772461
46,7632,LBFGS,-2.080000877380371,-2.7646736077444194,89.27667,70.864716,90.09535762552427,70.57940985164662,0.1535625457763672,0.391250111399557,-0.23768756562318982,0.22349188792856892,0.3423361685453091,2.600284949139109e-06,0.0,True,0.0,0.0,0.21048440000049595,83,0.11180269023474593,114.53457641601562,87.04364013671875,3.5314910411834717,78.8519058227539,64.92530059814453,2.384185791015625e-07
46,7632,PSO,-2.08000111579895,-2.7646762080293685,89.27667,70.864716,90.09536005402269,70.57940782252373,0.1535627841949463,0.39125271168450615,-0.23768992748955986,0.22349188792856892,0.34233758662182295,0.0,1.1920928952302567e-08,True,0.0,0.0,0.03827329999876383,1220,0.11180339887499227,114.53456004379586,87.0436420173794,3.5314912744786398,78.85190739283917,64.92530169727024,0.0
46,7632,DE,-2.0799059867858887,-2.7634038427350514,89.2764,70.86476,90.09417542853623,70.58038281029464,0.15346765518188477,0.38998034639018897,-0.2365126912083042,0.22349188792856892,0.3417487427287496,0.0012723652943171793,0.0,True,0.0,0.0,0.10876319999988482,1220,0.11149470129127537,114.54301752454636,87.04094302588005,3.5314263109809763,78.85179750633759,64.92522000612186,9.512901306152344e-05
46,7632,PSO+LBFGS,-2.08000111579895,-2.7646762080293685,89.27667,70.864716,90.09536005402269,70.57940782252373,0.1535627841949463,0.39125271168450615,-0.23768992748955986,0.22349188792856892,0.34233758662182295,0.0,1.1920928952302567e-08,True,0.0,0.0,0.12543920000098296,840,0.11180339887499227,114.53456004379586,87.0436420173794,3.5314912744786398,78.85190739283917,64.92530169727024,0.0
47,6913,Adam,-1.490002155303955,-2.0105613235243367,88.03956,70.65148,88.71915683607443,70.48485415975307,0.12113237380981445,0.15434782916978196,-0.033215455359967505,0.24367177413907412,0.2602800671713582,0.1951508791292964,0.0,True,0.0,0.0,0.14108069999929285,60,0.09234966444609852,112.54650115966797,84.59184265136719,3.9842944145202637,79.16061401367188,63.459144592285156,0.0136796236038208
47,6913,LBFGS,-1.5036816596984863,-2.0290007356120245,88.06192,70.64576,88.72935008709264,70.46143509925173,0.1348118782043457,0.1727872412574698,-0.0379753630531241,0.24367177413907412,0.2626586517936036,0.17671146704160856,0.0,True,0.0,0.0,1.4395177000005788,473,0.10445495191908105,112.45333099365234,84.53645324707031,3.990182876586914,79.20933532714844,63.49153137207031,1.1920928955078125e-07
47,6913,PSO,-1.5036817789077759,-2.029099809430932,88.06194,70.64578,88.72949153406384,70.46141732730551,0.13481199741363525,0.1728863150763773,-0.03807431766274205,0.24367177413907412,0.2627080040454897,0.17661239322270106,1.1920928952302567e-08,True,0.0,0.0,0.04533179999998538,1220,0.1044479041306869,112.45303373353892,84.53701253660266,3.990182909494706,79.20933693835104,63.49153252181031,0.0
47,6913,DE,-1.5036777257919312,-2.0269886032918594,88.06147,70.645325,88.72649503329384,70.46182564625857,0.13480794429779053,0.17077510893730463,-0.035967164639514104,0.24367177413907412,0.2616573399566395,0.17872359936177373,0.0,True,0.0,0.0,0.0671450999998342,1220,0.10456645454576668,112.46079148173514,84.5254081599246,3.9901825713652936,79.20930356893237,63.49153249868691,4.0531158447265625e-06
47,6913,PSO+LBFGS,-1.503600835800171,-2.0319467002787444,88.05909,70.642044,88.73170637572515,70.45784010979888,0.13473105430603027,0.17573320592418962,-0.041002151618159344,0.24367177413907412,0.26417126856450257,0.17376550237488875,1.1920928952302567e-08,True,0.0,0.0,0.08683259999997972,840,0.107393300342038,112.33067932501422,84.52652440581615,3.990182909494706,79.20933693835104,63.49153252181031,8.094310760498047e-05
48,7625,Adam,-1.7578270435333252,-2.405524156444152,88.833336,70.958664,89.64878798036939,70.72483268403961,0.13057684898376465,0.25690579653075796,-0.1263289475469933,0.2606829162297477,0.32384741929546723,0.11131911639293257,0.0,True,0.0,0.0,0.19445269999960146,60,0.08687183833030501,114.2254409790039,86.3938980102539,3.546215772628784,78.72004699707031,64.98037719726562,0.014848113059997559
48,7625,LBFGS,-1.7726751565933228,-2.4334595983273752,88.87779,70.97045,89.70001390440221,70.72335060841208,0.1454249620437622,0.2848412384139811,-0.13941627637021892,0.2606829162297477,0.3303916407154861,0.0833836745097094,0.0,True,0.0,0.0,0.9474877000011475,473,0.10016057667920171,114.26592254638672,86.51343536376953,3.5529325008392334,78.76844024658203,65.01224517822266,0.0
48,7625,PSO,-1.7726750373840332,-2.433622623068349,88.87776,70.97042,89.70010147390505,70.7231861257192,0.14542484283447266,0.285004263154955,-0.13957942032048232,0.2606829162297477,0.33047260976790194,0.08322064976873556,1.1920928952302567e-08,True,0.0,0.0,0.03214499999921827,1220,0.10016535484916259,114.26438257915612,86.51343754441336,3.5529327459755677,78.76844192612589,65.01224635058315,1.1920928955078125e-07
48,7625,DE,-1.772606372833252,-2.4350085546305578,88.87722,70.97006,89.7005811120207,70.72159003859059,0.1453561782836914,0.28639019471716365,-0.14103401643347224,0.2606829162297477,0.33119974320796786,0.08183471820652688,0.0,True,0.0,0.0,0.08197620000100869,1220,0.1001244149622404,114.24902132160149,86.51235765722404,3.55287758958085,78.76816832332949,65.01217626387759,6.878376007080078e-05
48,7625,PSO+LBFGS,-1.7726751565933228,-2.4330846682922127,88.87786,70.97052,89.69981598842085,70.72373127977856,0.1454249620437622,0.2844663083788186,-0.13904134633505638,0.2606829162297477,0.3302055924694529,0.08375860454487194,1.1920928952302567e-08,True,0.0,0.0,0.10062290000132634,840,0.10015110306267894,114.26949164763272,86.51343754441336,3.5529327459755677,78.76844192612589,65.01224635058315,0.0
49,7100,Adam,-1.226906418800354,-1.8398936345955288,89.20991,72.067604,89.53409999952824,71.45243363766355,0.2865321636199951,0.02096864604046722,0.2655635175795279,0.4392767754435932,0.3064925860185606,0.27133013992042065,0.0,True,0.0,0.0,0.13346540000020468,60,0.09285713622849544,117.49620819091797,91.04287719726562,3.66485333442688,81.82079315185547,65.53831481933594,0.03313171863555908
49,7100,LBFGS,-1.2600380182266235,-1.8428683842763856,89.21359,72.01653,89.51898765960132,71.4291185361206,0.31966376304626465,0.02394339572132398,0.29572036732494067,0.4392767754435932,0.2914147809440801,0.2683553902395639,0.0,True,0.0,0.0,0.8905219000007492,427,0.105799637964563,117.49231719970703,90.94988250732422,3.6552085876464844,81.77384948730469,65.5698013305664,1.1920928955078125e-07
49,7100,PSO,-1.260038137435913,-1.8429669324840725,89.21352,72.01647,89.51899783364108,71.42898798914096,0.3196638822555542,0.024041943929010934,0.29562193832654327,0.4392767754435932,0.2914643410061166,0.26825684203187694,1.1920928952302567e-08,True,0.0,0.0,0.02053370000066934,1220,0.10578830124776868,117.49144208176808,90.94988074293633,3.6552030863242635,81.77384795689977,65.56980243539147,0.0
49,7100,DE,-1.2600125074386597,-1.8451179693380706,89.21372,72.016945,89.52115530511175,71.42797835824666,0.3196382522583008,0.026192980783009023,0.29344527147529176,0.4392767754435932,0.29255353079314556,0.26610580517787885,0.0,True,0.0,0.0,0.07134300000143412,1220,0.10518539549815567,117.48450342921427,90.94998533000685,3.6562365525814386,81.77388321798495,65.56980120308836,2.562999725341797e-05
49,7100,PSO+LBFGS,-1.260037899017334,-1.842957087925335,89.21352,72.01647,89.51899589966483,71.4290001447843,0.3196636438369751,0.024032099370273396,0.2956315444667017,0.4392767754435932,0.2914596243072142,0.2682666865906145,1.1920928952302567e-08,True,0.0,0.0,0.12028219999956491,840,0.10578962873091047,117.49152400960577,90.94988074293633,3.6552030863242635,81.77384795689977,65.56980243539147,2.384185791015625e-07
50,7587,Adam,-1.4480106830596924,-1.5454036350146891,88.63004,71.23102,88.79644061441029,71.23438842397283,0.10543251037597656,-0.1906582385519402,0.29609074892791676,0.19674201491509707,0.05098950085928929,0.43726568282313405,0.0,True,0.0,0.0,0.14561400000093272,60,0.09669122639883787,112.89100646972656,85.265380859375,3.7187466621398926,80.68770599365234,65.58419799804688,0.01195991039276123
50,7587,LBFGS,-1.459970474243164,-1.507803707498688,88.68198,71.25218,88.79876124822826,71.28469099702554,0.11739230155944824,-0.22825816606794125,0.3456504676273895,0.19674201491509707,0.046046522138114485,0.4748656103391351,0.0,True,0.0,0.0,0.18468440000106057,82,0.11180235477612203,113.01815795898438,85.1720199584961,3.7256252765655518,80.75054168701172,65.61695098876953,1.1920928955078125e-07
50,7587,PSO,-1.4599705934524536,-1.5078018996363334,88.68198,71.25218,88.798763265253,71.2846949064471,0.11739242076873779,-0.22825997393029596,0.34565239469903375,0.19674201491509707,0.046048456957559256,0.4748674182014898,1.1920928952302567e-08,True,0.0,0.0,0.032368700000006356,1220,0.11180341886699591,113.01815925890287,85.17201817681632,3.7256260148762976,80.7505507220867,65.61695228803273,0.0
50,7587,DE,-1.4598102569580078,-1.5076006925580931,88.68044,71.25129,88.79741099543168,71.28401948131172,0.11723208427429199,-0.22846118100853618,0.3456932652828282,0.19674201491509707,0.046176677551150916,0.47506862527973004,0.0,True,0.0,0.0,0.07781509999949776,1220,0.11132279627644982,113.01760375157599,85.17223596347458,3.72484437491812,80.7492101617205,65.61655204232008,0.00016033649444580078
50,7587,PSO+LBFGS,-1.4599705934524536,-1.5078018996363334,88.68198,71.25218,88.798763265253,71.2846949064471,0.11739242076873779,-0.22825997393029596,0.34565239469903375,0.19674201491509707,0.046048456957559256,0.4748674182014898,1.1920928952302567e-08,True,0.0,0.0,0.08835949999956938,840,0.11180341886699591,113.01815925890287,85.17201817681632,3.7256260148762976,80.7505507220867,65.61695228803273,0.0
51,7793,Adam,-1.5636767148971558,-1.9644899120347303,88.33344,70.79988,88.531625009074,70.38549443219621,0.19549918174743652,0.4334338165955325,-0.23793463484809596,0.08491775763284909,0.2004072631876866,0.05768973945850275,0.0,True,0.0,0.0,0.1441082000001188,60,0.09710526880320484,120.52304077148438,90.42396545410156,3.452458143234253,79.35423278808594,64.91388702392578,0.02255392074584961
51,7793,LBFGS,-1.5862306356430054,-2.0221783943754916,88.391235,70.810844,88.62080416865157,70.37246753181783,0.21805310249328613,0.4911222989362938,-0.27306919644300764,0.08491775763284909,0.21797425997467418,1.2571177414599788e-06,0.0,True,0.0,0.0,0.23053110000000743,83,0.1118030179412306,120.39723205566406,90.53684997558594,3.4597082138061523,79.40084075927734,64.9448013305664,0.0
51,7793,PSO,-1.5862305164337158,-2.022179651493233,88.391235,70.810844,88.62080623629011,70.37246731851339,0.21805298328399658,0.49112355605403524,-0.27307057277003866,0.08491775763284909,0.21797495191235483,0.0,1.1920928952302567e-08,True,0.0,0.0,0.03817200000048615,1220,0.11180339554299272,120.39723012902095,90.53685177753914,3.4597084563918656,79.40084229718741,64.94480230724048,1.1920928955078125e-07
51,7793,DE,-1.5859383344650269,-2.020612479904487,88.390076,70.81045,88.61814225180171,70.37261658944979,0.21776080131530762,0.48955638446528926,-0.27179558314998165,0.08491775763284909,0.21733851140829452,0.0015671715887459747,0.0,True,0.0,0.0,0.06091229999947245,1220,0.11137994595748898,120.39894057200378,90.5346597761778,3.4590578782268184,79.40051922887878,64.94465779364138,0.0002923011779785156
51,7793,PSO+LBFGS,-1.5862305164337158,-2.022179651493233,88.391235,70.810844,88.62080623629011,70.37246731851339,0.21805298328399658,0.49112355605403524,-0.27307057277003866,0.08491775763284909,0.21797495191235483,0.0,1.1920928952302567e-08,True,0.0,0.0,0.06603309999991325,840,0.11180339554299272,120.39723012902095,90.53685177753914,3.4597084563918656,79.40084229718741,64.94480230724048,1.1920928955078125e-07
52,7634,Adam,-2.086521863937378,-2.7773560940330024,89.20495,70.799126,89.94850428741042,70.43864984184474,0.15320122241973877,0.3557974757695628,-0.202596253349824,0.24411891733641558,0.3454176360341387,0.05031874562415606,0.0,True,0.0,0.0,0.1846149000011792,60,0.09630788869177485,115.03016662597656,86.979248046875,3.521747350692749,78.78191375732422,64.87547302246094,0.016999006271362305
52,7634,LBFGS,-2.1035208702087402,-2.827673027020664,89.24929,70.80607,90.01442617646423,70.41564110717965,0.17020022869110107,0.40611440875722415,-0.23591418006612308,0.24411891733641558,0.3620761593058228,1.8126364946802198e-06,0.0,True,0.0,0.0,0.30442430000039167,83,0.11180286729304297,114.87527465820312,87.09459686279297,3.5287911891937256,78.83038330078125,64.90711975097656,0.0
52,7634,PSO,-2.103520631790161,-2.8276748396571585,89.24929,70.80607,90.01442826417754,70.41564001312099,0.17019999027252197,0.40611622139371883,-0.23591623112119686,0.24411891733641558,0.362077157037803,0.0,1.1920928952302567e-08,True,0.0,0.0,0.03873520000161079,1220,0.11180341220299443,114.87526621060579,87.09459870996648,3.5287914195487247,78.83038500665862,64.90712092717513,2.384185791015625e-07
52,7634,DE,-2.103128671646118,-2.826518560440258,89.24835,70.805984,90.013015163452,70.41626113256578,0.169808030128479,0.4049599421768182,-0.23515191204833918,0.24411891733641558,0.36169499648177816,0.0011562792169006464,0.0,True,0.0,0.0,0.055711999999402906,1220,0.11147601612357073,114.88156957182292,87.0919743421314,3.5287845112075567,78.83024890373387,64.90591525092272,0.0003921985626220703
52,7634,PSO+LBFGS,-2.103520631790161,-2.8276748396571585,89.24929,70.80607,90.01442826417754,70.41564001312099,0.17019999027252197,0.40611622139371883,-0.23591623112119686,0.24411891733641558,0.362077157037803,0.0,1.1920928952302567e-08,True,0.0,0.0,0.06861319999916304,840,0.11180341220299443,114.87526621060579,87.09459870996648,3.5287914195487247,78.83038500665862,64.90712092717513,2.384185791015625e-07
53,7433,Adam,-1.9711658954620361,-2.7575831144058145,89.08202,70.86317,89.35060100090324,69.94428195506362,0.12075448036193848,0.14607845445400303,-0.02532397409206455,0.3805459567296141,0.39320865304240354,0.12036019812811016,0.0,True,0.0,0.0,0.2514648999986093,60,0.08942311333219327,113.94866943359375,85.75950622558594,3.786611795425415,79.8458251953125,65.91474151611328,0.013589143753051758
53,7433,LBFGS,-1.984755039215088,-2.7781561903669494,89.125565,70.87546,89.40252596680868,69.95369037793134,0.13434362411499023,0.16665153041513792,-0.03230790630014768,0.3805459567296141,0.39670110336258957,0.09978712216697527,0.0,True,0.0,0.0,0.19092260000070382,83,0.10358775741134157,114.02608489990234,85.88768768310547,3.793137311935425,79.89401245117188,65.94662475585938,0.0
53,7433,PSO,-1.9847549200057983,-2.7779753943801215,89.12562,70.875496,89.4023800136748,69.9538146429539,0.13434350490570068,0.16647073442831006,-0.03212722952260938,0.3805459567296141,0.39661207598635795,0.09996791815380313,1.1920928952302567e-08,True,0.0,0.0,0.027696400000422727,1220,0.10361664297805735,114.02826054249105,85.8876971349863,3.793137576930121,79.89401416368219,65.9466259099263,1.1920928955078125e-07
53,7433,DE,-1.9847357273101807,-2.778948539002281,89.125244,70.87527,89.40310197665214,69.95310438725546,0.134324312210083,0.1674438790504693,-0.033119566840386305,0.3805459567296141,0.3971041548885937,0.09899477353164388,0.0,True,0.0,0.0,0.05170259999977134,1220,0.10342848012950402,114.01580258761452,85.88732447982872,3.7931251593333184,79.89386907535814,65.94661908767463,1.9311904907226562e-05
53,7433,PSO+LBFGS,-1.9847546815872192,-2.778387172971396,89.125496,70.87541,89.4027168195663,69.95353448847683,0.13434326648712158,0.16688251301958434,-0.03253924653246276,0.3805459567296141,0.3968163176058694,0.09955613956252884,1.1920928952302567e-08,True,0.0,0.0,0.05890639999961422,840,0.10355302155756416,114.02334840806256,85.8876971349863,3.793137576930121,79.89401416368219,65.9466259099263,3.5762786865234375e-07
54,7453,Adam,-1.259575366973877,1.0898822381481499,89.27915,72.079704,89.45059010196654,72.9775107640792,0.22217071056365967,-0.852593006219717,1.0747637167833766,0.31838985961473043,0.35693739116662954,2.203640957553592,0.44568855948935493,False,0.0,0.44568855948935493,0.1307993999998871,60,0.09483629895868328,113.95221710205078,85.56675720214844,3.7811079025268555,80.79940795898438,66.67019653320312,0.025426506996154785
54,7453,LBFGS,-1.2850017547607422,1.229439370587708,89.310196,72.065254,89.44919764392392,72.99245610812243,0.2475970983505249,-0.9921501386592751,1.2397472370098002,0.31838985961473043,0.35722672910890435,2.3431980899931504,0.4606339035325817,False,0.0,0.4606339035325817,0.17965890000050422,85,0.10418200005901629,114.07972717285156,85.47086334228516,3.7887039184570312,80.75037384033203,66.70260620117188,1.1920928955078125e-07
54,7453,PSO,-1.2850017547607422,1.2293355759688065,89.31034,72.0654,89.4493520106026,72.99245604109237,0.2475970983505249,-0.9920463440403736,1.2396434423908986,0.31838985961473043,0.35718018506686244,2.343094295374249,0.46063383650252376,False,0.0,0.46063383650252376,0.030429299999013892,1220,0.10414294459799273,114.07972826291007,85.47086152662666,3.7888444329851882,80.75037229449845,66.70260748902183,1.1920928955078125e-07
54,7453,DE,-1.2849624156951904,1.2286630693660932,89.3108,72.06592,89.44991889096895,72.99242447565751,0.24755775928497314,-0.9913738374376603,1.2389315967226335,0.31838985961473043,0.35702554286514415,2.3424217887715355,0.46060227106767115,False,0.0,0.46060227106767115,0.054751500001657405,1220,0.103992724517712,114.07961044209412,85.47123491156997,3.7893239929160707,80.75038037057425,66.70258316972348,3.9458274841308594e-05
54,7453,PSO+LBFGS,-1.2850018739700317,1.2294781309764975,89.31014,72.0652,89.44913893684517,72.99245604109237,0.24759721755981445,-0.9921888990480646,1.239786116607879,0.31838985961473043,0.3572432959986142,2.34323685038194,0.46063383650252376,False,0.0,0.46063383650252376,0.06989960000100837,840,0.10419727021241978,114.07972826291007,85.47086152662666,3.788650619292912,80.75037229449845,66.70260748902183,0.0
55,7566,Adam,-1.705295205116272,-1.98200824238018,89.24283,71.39399,89.54024320882628,71.24923730055376,0.13976633548736572,-0.0416408151884724,0.18140715067583812,0.22905946155066303,0.13835606991720448,0.295019113658165,0.0,True,0.0,0.0,0.14166499999919324,60,0.09222429847831469,111.97285461425781,85.52661895751953,3.798882484436035,81.23809814453125,65.77549743652344,0.015462875366210938
55,7566,LBFGS,-1.720758080482483,-1.974563000220431,89.26931,71.38743,89.53327547455717,71.2468876736196,0.15522921085357666,-0.049086057348221246,0.2043152682017979,0.22905946155066303,0.12690321283126554,0.30246435581791387,0.0,True,0.0,0.0,0.9358914000004006,474,0.10836819136109607,112.10140991210938,85.42658996582031,3.808016777038574,81.17413330078125,65.8077621459961,0.0
55,7566,PSO,-1.720758080482483,-1.9745386966963738,89.26925,71.38738,89.5332247393458,71.24688746510334,0.15522921085357666,-0.04911036087227849,0.20433957172585515,0.22905946155066303,0.12689078818305405,0.3024886593419711,1.1920928952302567e-08,True,0.0,0.0,0.028810300000259303,1220,0.10834728705729417,112.10141152927713,85.42658810859416,3.807961729648815,81.17413163346464,65.80776347033088,0.0
55,7566,DE,-1.7205663919448853,-1.9729945208412338,89.27038,71.38892,89.5335891639245,71.24974458049516,0.155037522315979,-0.05065453672741849,0.2056920590433975,0.22905946155066303,0.12621380644292557,0.3040328351971111,0.0,True,0.0,0.0,0.05891840000003867,1220,0.1077837642821664,112.10086698180294,85.42726385585746,3.807626937692972,81.18055372176218,65.80771348347642,0.00019168853759765625
55,7566,PSO+LBFGS,-1.720758080482483,-1.9745801202639108,89.269356,71.38746,89.53331116419346,71.24688746510334,0.15522921085357666,-0.04906893730474149,0.20429814815831815,0.22905946155066303,0.12691064967602214,0.3024472357744341,1.1920928952302567e-08,True,0.0,0.0,0.06452730000091833,840,0.10838354842099683,112.10141152927713,85.42658810859416,3.808055784715942,81.17413163346464,65.80776347033088,0.0
56,7693,Adam,-1.1445159912109375,1.5061278225330248,88.00142,71.12852,88.0608534613206,71.76484945583063,0.11507081985473633,-0.45599645740976924,0.5710672772645056,0.22981408392202674,0.2343904226619905,2.0009781024261644,0.493052275654847,False,0.0,0.493052275654847,0.1468657000004896,60,0.0841723499985307,116.34695434570312,87.97744750976562,3.4790425300598145,79.52568817138672,64.92156219482422,0.012562990188598633
56,7693,LBFGS,-1.1570789813995361,1.6103464419339444,88.03855,71.13925,88.09666399279644,71.77726005255731,0.12763381004333496,-0.5602150768106888,0.6878488868540238,0.22981408392202674,0.23456498534057318,2.1051967218270837,0.5054628723815284,False,0.0,0.5054628723815284,0.9945583999997325,473,0.09295738170553311,116.35612487792969,87.92174530029297,3.4857540130615234,79.57551574707031,64.95353698730469,0.0
56,7693,PSO,-1.1570789813995361,1.6078876315164017,88.038445,71.13917,88.0966366749804,71.77701436394872,0.12763381004333496,-0.5577562663931461,0.6853900764364811,0.22981408392202674,0.2345337368658706,2.102737911409541,0.5052171837729418,False,0.0,0.5052171837729418,0.05117489999975078,1220,0.0929337664062797,116.35492958795608,87.9208415730489,3.4857542506105688,79.57551738543134,64.95353814453756,0.0
56,7693,DE,-1.1570653915405273,1.6254067902663483,88.03702,71.138145,88.09245063276933,71.77852129545417,0.12762022018432617,-0.5752754251430927,0.7028956453274189,0.22981408392202674,0.2345680935120724,2.1202570701594876,0.5067241152783879,False,0.0,0.5067241152783879,0.09975990000020829,1220,0.09240159562657813,116.36338256084944,87.8972415185759,3.485745401630033,79.57548224480712,64.95353349891737,1.3589859008789062e-05
56,7693,PSO+LBFGS,-1.1570788621902466,1.6170239153414545,88.038666,71.13935,88.09638950957334,71.77790751892418,0.1276336908340454,-0.566892550218199,0.6945262410522444,0.22981408392202674,0.23463510670992027,2.111874195234594,0.5061103387483996,False,0.0,0.5061103387483996,0.1449458000006416,840,0.0929649890593874,116.3593576552682,87.92173618711523,3.4857542506105688,79.57551738543134,64.95353814453756,1.1920928955078125e-07
57,7459,Adam,-0.915742814540863,8.798663289783379,89.05548,72.38694,89.17201031488003,73.86110079298619,0.2661328911781311,-2.226172590656308,2.492305481834439,0.4734160262603804,0.5366630867295242,8.75184012475649,0.9733520747244739,False,0.0,0.9733520747244739,0.2252595999998448,60,0.0975309664165305,113.56256103515625,86.4769287109375,3.7860755920410156,80.93296813964844,66.84060668945312,0.030939996242523193
57,7459,LBFGS,-0.9466827511787415,9.160571026028059,89.07464,72.35175,89.1577865655815,73.87956693318861,0.2970728278160095,-2.5880803269009878,2.8851531547169973,0.4734160262603804,0.5449259430870455,9.113747861001169,0.9918182149268944,False,0.0,0.9918182149268944,1.4617433000003075,472,0.11180291680301906,113.68865966796875,86.38365173339844,3.7788736820220947,80.88545989990234,66.87276458740234,5.960464477539063e-08
57,7459,PSO,-0.9466828107833862,9.160571073402316,89.07464,72.35175,89.15778591469598,73.8795669064181,0.2970728874206543,-2.588080374275245,2.8851532616958995,0.4734160262603804,0.5449257390105012,9.113747908375426,0.9918181881563868,False,0.0,0.9918181881563868,0.030467900000076042,1220,0.11180342553099698,113.68866119389872,86.38364979737412,3.778873203408466,80.88545831994634,66.87276590208421,0.0
57,7459,DE,-0.9465092420578003,9.161944875674186,89.07469,72.35211,89.15789475399056,73.87964430583986,0.29689931869506836,-2.5894541765471146,2.886353495242183,0.4734160262603804,0.54484663785209,9.115121710647296,0.9918955875781421,False,0.0,0.9918955875781421,0.05178440000054252,1220,0.11169299188319573,113.68855943885231,86.38371651134474,3.778986507842333,80.88586640027674,66.87239179344212,0.0001735687255859375
57,7459,PSO+LBFGS,-0.9466828107833862,9.160571073402316,89.07464,72.35175,89.15778591469598,73.8795669064181,0.2970728874206543,-2.588080374275245,2.8851532616958995,0.4734160262603804,0.5449257390105012,9.113747908375426,0.9918181881563868,False,0.0,0.9918181881563868,0.07617519999985234,840,0.11180342553099698,113.68866119389872,86.38364979737412,3.778873203408466,80.88545831994634,66.87276590208421,0.0
58,7617,Adam,-1.5608587265014648,-1.8763616169989552,88.68763,71.120316,89.39225611906586,71.27676713460096,0.10086870193481445,0.06617971648576071,0.034688985449053744,0.282858153841234,0.26431334013284413,0.2550709395850088,0.0036042928040842526,False,0.0,0.0036042928040842526,0.20453919999999925,60,0.08565111603240985,114.63826751708984,86.2775650024414,3.590895175933838,78.97496032714844,64.7619857788086,0.011419892311096191
58,7617,LBFGS,-1.572278618812561,-1.8900579853472677,88.7224,71.13033,89.41973345943238,71.27700414854327,0.11228859424591064,0.07987608483407316,0.03241250941183749,0.282858153841234,0.2588008322496823,0.24137457123669637,0.0038413067463949346,False,0.0,0.0038413067463949346,0.20311149999906775,85,0.09504630657291367,114.63668823242188,86.22354888916016,3.5974624156951904,79.02465057373047,64.79415130615234,0.0
58,7617,PSO,-1.572278618812561,-1.8900065673072366,88.722374,71.13032,89.41965641519218,71.2770122656701,0.11228859424591064,0.0798246667940421,0.032463927451868546,0.282858153841234,0.2587925669028984,0.24142598927672743,0.0038494238732198482,False,0.0,0.0038494238732198482,0.028972199999770964,1220,0.09504335987044822,114.6367348689583,86.22302379293971,3.597462661827535,79.02465223906711,64.7941525657161,0.0
58,7617,DE,-1.572265625,-1.8884269031447491,88.7228,71.13063,89.4191679132368,71.27861518685127,0.11227560043334961,0.07824500263155465,0.03403059780179496,0.282858153841234,0.2589573809902063,0.24300565343921487,0.005452345054393959,False,0.0,0.005452345054393959,0.06789459999890823,1220,0.09524997959278743,114.64740866576825,86.22426854858107,3.5974466891809476,79.02463992646497,64.79411316752295,1.2993812561035156e-05
58,7617,PSO+LBFGS,-1.5718883275985718,-1.8391047691408668,88.73313,71.13788,89.40851244733507,71.31540733115679,0.11189830303192139,0.02892286862767235,0.08297543440424904,0.282858153841234,0.26272731142999634,0.2923277874430972,0.042244489359916315,False,0.0,0.042244489359916315,0.1095683999992616,840,0.10091654232373484,114.89100800570532,86.25184100903493,3.597462661827535,79.02465223906711,64.7941525657161,0.0003902912139892578
59,7653,Adam,-1.7995843887329102,-1.519669365909513,89.05835,71.094025,89.62413257509756,71.45958185031105,0.10368573665618896,0.7287514595767255,-0.6250657229205365,0.31940063774940297,0.29389750215630295,0.27541417543583124,0.19980859591652234,False,0.0,0.19980859591652234,0.1771759999992355,60,0.09040755736269336,115.55018615722656,86.97673034667969,3.5074305534362793,79.45548248291016,65.04041290283203,0.01089787483215332
59,7653,LBFGS,-1.810482144355774,-1.567228125945547,89.08725,71.09952,89.6420872452957,71.45039879418954,0.11458349227905273,0.7763102196127594,-0.6617267273337066,0.31940063774940297,0.2856235945560094,0.22785541539979737,0.19062553979500763,False,0.0,0.19062553979500763,0.8938235999994504,473,0.099744785920678,115.44947814941406,86.83125305175781,3.5148446559906006,79.50836181640625,65.0722885131836,1.1920928955078125e-07
59,7653,PSO,-1.810482144355774,-1.5663552672069918,89.08727,71.09955,89.64201912092068,71.45059767141115,0.11458349227905273,0.7754373608742042,-0.6608538685951515,0.31940063774940297,0.2856536372200339,0.2287282741383525,0.19082441701661423,False,0.0,0.19082441701661423,0.03137810000043828,1220,0.09972272185909754,115.45059024868911,86.83136056470246,3.5148448941279753,79.50836346851247,65.07228987471399,1.1920928955078125e-07
59,7653,DE,-1.8104747533798218,-1.5661827268270854,89.086685,71.099106,89.64023679245442,71.45039551000752,0.11457610130310059,0.7752648204942978,-0.6606887191911972,0.31940063774940297,0.28537753556622897,0.22890081451825894,0.19062225561299329,False,0.0,0.19062225561299329,0.06826530000034836,1220,0.0995784681805397,115.44964010061351,86.82137645357335,3.5148282227248733,79.5083050044562,65.07228753883264,7.510185241699219e-06
59,7653,PSO+LBFGS,-1.8104822635650635,-1.5687668123649774,89.08722,71.09947,89.64222614122191,71.45005029896618,0.11458361148834229,0.7778489060321898,-0.6632652945438475,0.31940063774940297,0.2855713042571261,0.22631672898036692,0.19027704457164418,False,0.0,0.19027704457164418,0.07282380000106059,840,0.09978597198751935,115.44752299379203,86.83115129423048,3.5148448941279753,79.50836346851247,65.07228987471399,0.0
60,7431,Adam,-1.8516682386398315,-2.661141373988116,88.93083,70.90359,89.28927434345479,70.02991224452329,0.13269436359405518,0.1261703116443771,0.006524051949678089,0.4079964126520037,0.4047386322384548,0.1441546048786213,0.0,True,0.0,0.0,0.1857426000005944,60,0.09464643726358844,113.938720703125,85.57269287109375,3.807826042175293,79.60942840576172,65.92826080322266,0.015089631080627441
60,7431,LBFGS,-1.8667577505111694,-2.6787024207785453,88.97677,70.91555,89.33689966308262,70.03973318426463,0.14778387546539307,0.14373135843480656,0.004052517030586511,0.4079964126520037,0.40597352494154854,0.12659355808819184,1.1841521360689278e-08,True,0.0,0.0,0.983064000000013,455,0.10862896705932663,114.03544616699219,85.69160461425781,3.814286231994629,79.65536499023438,65.96013641357422,1.1920928955078125e-07
60,7431,PSO,-1.8667576313018799,-2.6786422825537746,88.97679,70.91556,89.33685083346197,70.03977238519704,0.14778375625610352,0.14367122021003587,0.00411253604606765,0.4079964126520037,0.40594129679842905,0.12665369631296253,1.1920928952302567e-08,True,0.0,0.0,0.03378799999882176,1220,0.10864214568244765,114.03611144306589,85.69160648225329,3.8142862320739823,79.65536660191538,65.96013774243238,2.384185791015625e-07
60,7431,DE,-1.8667181730270386,-2.681154899781753,88.97584,70.91506,89.33878626165148,70.03806617120637,0.1477442979812622,0.14618383743801422,0.0015604605432479879,0.4079964126520037,0.4072186410415003,0.12414107908498417,0.0,True,0.0,0.0,0.06461729999864474,1220,0.10803670784787359,114.00694343962797,85.69099318913254,3.8142382043569865,79.6552914130325,65.96011409945467,3.9696693420410156e-05
60,7431,PSO+LBFGS,-1.866757869720459,-2.678734302346319,88.97676,70.91554,89.33692667954544,70.03971312399322,0.14778399467468262,0.14376324000258034,0.004020754672102278,0.4079964126520037,0.4059881337603874,0.12656167652041805,1.1920928952302567e-08,True,0.0,0.0,0.06400519999988319,840,0.10862252337911533,114.03510003279284,85.69160648225329,3.8142862320739823,79.65536660191538,65.96013774243238,0.0
61,7130,Adam,0.05590585991740227,0.18200033458941606,89.35901,74.08123,89.98107253203273,74.73846725498042,0.4292563982307911,0.11900971017780437,0.3102466880529867,0.3260497482047535,0.41003441415007447,0.3841582692098486,0.07443527255854576,False,0.0,0.07443527255854576,0.1742011000005732,60,0.09797080950782569,112.89405059814453,90.95085906982422,3.7139930725097656,82.46463012695312,66.23724365234375,0.05192161910235882
61,7130,LBFGS,0.003984544426202774,0.2098118203027048,89.41242,74.04555,90.0152916533684,74.75806622081873,0.4811777137219906,0.09119822446451564,0.38997948925747494,0.3260497482047535,0.42310114836583335,0.4119697549231373,0.09403423839685843,False,0.0,0.09403423839685843,0.18732149999959802,84,0.11180295845354352,113.05648040771484,90.86473083496094,3.7082247734069824,82.42205810546875,66.26842498779297,3.03611159324646e-07
61,7130,PSO,0.003984240815043449,0.20981467023247485,89.41242,74.04555,90.01529342884223,74.75806776897973,0.4811780173331499,0.09119537453474558,0.38998264279840433,0.3260497482047535,0.42310220713255425,0.4119726048529074,0.09403578655785338,False,0.0,0.09403578655785338,0.02749969999968016,1220,0.11180342553099698,113.05648937778028,90.86472898391003,3.708224765761088,82.42205639396707,66.26842628227405,0.0
61,7130,DE,0.004145234823226929,0.20854374464590963,89.41189,74.045364,90.01492393576372,74.75746431669138,0.48101702332496643,0.0924663001213108,0.38855072320365563,0.3260497482047535,0.4230084275115771,0.41070167926634216,0.09343233426950803,False,0.0,0.09343233426950803,0.0591244999995979,1220,0.11170989046289889,113.05464742374906,90.86476059152233,3.708228990489552,82.4221905789448,66.2679212124278,0.0001609940081834793
61,7130,PSO+LBFGS,0.003984240815043449,0.20981467023247485,89.41242,74.04555,90.01529342884223,74.75806776897973,0.4811780173331499,0.09119537453474558,0.38998264279840433,0.3260497482047535,0.42310220713255425,0.4119726048529074,0.09403578655785338,False,0.0,0.09403578655785338,0.06695589999981166,840,0.11180342553099698,113.05648937778028,90.86472898391003,3.708224765761088,82.42205639396707,66.26842628227405,0.0
62,7619,Adam,-1.9429738521575928,-2.369243042001137,89.350296,71.144806,90.14173103370683,71.21511031684624,0.0778878927230835,0.07843805942959703,-0.0005501667065135329,0.29878279098489713,0.26099398001855545,0.20515446782609326,0.0,True,0.0,0.0,0.14919319999899017,60,0.07818769975042496,114.09007263183594,85.83666229248047,3.5851097106933594,78.973388671875,64.81320190429688,0.008870124816894531
62,7619,LBFGS,-1.9518439769744873,-2.381091801995299,89.38331,71.15642,90.16584680067785,71.21451782074634,0.08675801753997803,0.09028681942375938,-0.0035288018837813517,0.29878279098489713,0.2541750994092035,0.1933057078319309,0.0,True,0.0,0.0,1.3834642000001622,482,0.08991878449765207,114.09119415283203,85.78489685058594,3.591647148132324,79.02824401855469,64.84553527832031,0.0
62,7619,PSO,-1.9518437385559082,-2.3811417273438553,89.38331,71.15642,90.16588174679526,71.21447689018144,0.08675777912139893,0.09033674477231557,-0.0035789656509166434,0.29878279098489713,0.2541716356038107,0.19325578248337472,1.1920928952302567e-08,True,0.0,0.0,0.03872820000106003,1220,0.08991453736014875,114.09090700304344,85.78505425172646,3.5916474041061974,79.02824552336915,64.8455363537496,2.384185791015625e-07
62,7619,DE,-1.9518353939056396,-2.3814133762809826,89.38294,71.15611,90.16547125169541,71.21372148135062,0.08674943447113037,0.09060839370944285,-0.003858959238312476,0.29878279098489713,0.2540051256030871,0.19298413354624744,0.0,True,0.0,0.0,0.06648940000013681,1220,0.08990142662840386,114.08527030578823,85.78062081702477,3.5916407342934846,79.02799266711993,64.8455354665912,8.58306884765625e-06
62,7619,PSO+LBFGS,-1.9518437385559082,-2.3809815094709474,89.383286,71.156395,90.16570135097943,71.2145458002359,0.08675777912139893,0.0901765268994077,-0.0034187477780087683,0.29878279098489713,0.2541557013872594,0.1934160003562826,1.1920928952302567e-08,True,0.0,0.0,0.06918240000049991,840,0.08993409123737331,114.0913575556739,85.78387639008825,3.5916474041061974,79.02824552336915,64.8455363537496,2.384185791015625e-07
63,7804,Adam,-1.8523072004318237,-2.5335518128788643,88.865685,70.84597,89.25512541357635,70.18794817012683,0.162786602973938,0.4058625053152869,-0.2430759023413489,0.21908458267926648,0.3406222751131889,0.06428697976206665,0.0,True,0.0,0.0,0.17116969999915455,60,0.0930489676062075,120.94859313964844,91.32183837890625,3.48547101020813,79.27725982666016,64.36954498291016,0.0186765193939209
63,7804,LBFGS,-1.8709837198257446,-2.571311829912102,88.894165,70.839226,89.29393210573116,70.16225876770004,0.1814631223678589,0.4436225223485244,-0.2621593999806655,0.21908458267926648,0.35016363985173016,0.02652696272882915,0.0,True,0.0,0.0,1.0868965999998181,455,0.10315005490941652,120.8255844116211,91.19749450683594,3.4929845333099365,79.3293228149414,64.40036010742188,0.0
63,7804,PSO,-1.870983600616455,-2.571397630432554,88.89427,70.83931,89.29412353157971,70.16229319053937,0.18146300315856934,0.44370832286897643,-0.2622453197104071,0.21908458267926648,0.3502058334453534,0.02644116220837711,1.1920928952302567e-08,True,0.0,0.0,0.0272915000005014,1220,0.10316769346399235,120.82558314477365,91.19857116008791,3.4929847625534194,79.32932441244793,64.40036126457267,1.1920928955078125e-07
63,7804,DE,-1.870935082435608,-2.5695231155929825,88.89193,70.837494,89.29005076035358,70.16163629725558,0.18141448497772217,0.4418338080294051,-0.2604193230516829,0.21908458267926648,0.3492930153303918,0.028315677047948462,0.0,True,0.0,0.0,0.06272059999901103,1220,0.10278364118500297,120.82583455197285,91.17652922919154,3.4929591065901078,79.32907920899252,64.40031129992906,4.863739013671875e-05
63,7804,PSO+LBFGS,-1.8709837198257446,-2.5713253994338134,88.89418,70.83924,89.29396162922367,70.16226349752576,0.1814631223678589,0.443636091870236,-0.2621729695023771,0.21908458267926648,0.35017149639641093,0.02651339320711754,1.1920928952302567e-08,True,0.0,0.0,0.06544129999929282,840,0.10315295822756398,120.82558314477365,91.19765369958363,3.4929847625534194,79.32932441244793,64.40036126457267,0.0
64,7911,Adam,-0.7934021949768066,-1.4123892091413084,87.108505,70.853745,87.53907772232944,70.32337872722641,0.16745972633361816,0.1681905136543984,-0.0007307873207802462,0.309126382350282,0.3094925539868154,0.2036530309777107,0.0,True,0.0,0.0,0.15438449999965087,60,0.0963037008014783,114.33807373046875,87.22949981689453,3.4104762077331543,78.54988098144531,64.9594955444336,0.019698143005371094
64,7911,LBFGS,-0.8131003379821777,-1.4253842282301998,87.158745,70.86198,87.58046514938056,70.33366908625094,0.18715786933898926,0.18118553274328986,0.005972336595699401,0.309126382350282,0.30614044502358767,0.19065801188881926,0.0,True,0.0,0.0,0.19436549999954877,84,0.1116941118635202,114.51448822021484,87.33743286132812,3.417569160461426,78.59294128417969,64.99069213867188,0.0
64,7911,PSO,-0.813100278377533,-1.4247898667481078,87.15895,70.862114,87.58007339669072,70.33414490759783,0.18715780973434448,0.18059117126119784,0.0065666384731466465,0.309126382350282,0.3058461853478398,0.19125237337091128,1.1920928952302567e-08,True,0.0,0.0,0.048211600000286126,1220,0.11180340553899454,114.51940274505296,87.33743491093173,3.4175693926147233,78.59294293524363,64.99069326545896,5.960464477539063e-08
64,7911,DE,-0.812940239906311,-1.4295816020830128,87.1566,70.86083,87.58260224520598,70.32988700998392,0.18699777126312256,0.1853829065961028,0.0016148646670197664,0.309126382350282,0.3083205315686042,0.18646063803600632,0.0,True,0.0,0.0,0.09925830000065616,1220,0.11062820227231038,114.47465194490007,87.33723259635394,3.4172067716689374,78.59256934225284,64.99060770932523,0.00016009807586669922
64,7911,PSO+LBFGS,-0.813100278377533,-1.4247898667481078,87.15895,70.862114,87.58007339669072,70.33414490759783,0.18715780973434448,0.18059117126119784,0.0065666384731466465,0.309126382350282,0.3058461853478398,0.19125237337091128,1.1920928952302567e-08,True,0.0,0.0,0.12287400000059279,840,0.11180340553899454,114.51940274505296,87.33743491093173,3.4175693926147233,78.59294293524363,64.99069326545896,5.960464477539063e-08
65,7659,Adam,-1.1461715698242188,-1.6070127195927941,87.696594,70.85404,88.16247235708595,70.58705878770982,0.17016029357910156,0.35377951719193756,-0.183619223612836,0.13861222344341184,0.23042076482056492,0.07144112550168202,0.0,True,0.0,0.0,0.1399719000000914,60,0.09396637325169863,114.93148040771484,87.70993041992188,3.5273826122283936,78.87196350097656,65.05342102050781,0.0193406343460083
65,7659,LBFGS,-1.165512204170227,-1.6242227799258806,87.745224,70.863754,88.21206723587247,70.60074784622195,0.18950092792510986,0.37098957752502404,-0.18148864959991418,0.13861222344341184,0.2293562624560322,0.05423106516859555,0.0,True,0.0,0.0,0.6978820999993331,361,0.10451628071445605,115.0383071899414,87.8258285522461,3.53409743309021,78.91704559326172,65.08477783203125,0.0
65,7659,PSO,-1.1655120849609375,-1.6244136417194452,87.7452,70.86372,88.21218271363044,70.6005602752692,0.1895008087158203,0.3711804393185887,-0.18167963060276837,0.13861222344341184,0.22945116431061569,0.054040203375030904,1.1920928952302567e-08,True,0.0,0.0,0.06078630000047269,1220,0.10453587403589039,115.03697145385368,87.82583057575744,3.534097435323247,78.91704715377728,65.08477917796426,1.1920928955078125e-07
65,7659,DE,-1.1654435396194458,-1.6152029110639425,87.74624,70.86514,88.20646601600852,70.60947095448728,0.1894322633743286,0.361969708663086,-0.17253744528875736,0.13861222344341184,0.22487808874903548,0.06325093403053361,0.0,True,0.0,0.0,0.1010788000003231,1220,0.10361762687742447,115.10034127129435,87.82520743652228,3.5340680395674307,78.91693240573012,65.08473782164067,6.866455078125e-05
65,7659,PSO+LBFGS,-1.1505206823349,-1.359697652823577,87.760284,70.89564,88.03843048373442,70.83313704531228,0.17450940608978271,0.10646445042272035,0.06804495566706237,0.13861222344341184,0.10458841050902304,0.31875619227089924,1.1920928952302567e-08,True,0.0,0.0,0.10918159999891941,840,0.11180341886699591,116.65709075169434,87.82583057575744,3.534097435323247,78.91704715377728,65.08477917796426,0.014991521835327148
66,7664,Adam,-2.2578940391540527,-3.2291333541076535,89.37501,70.696815,90.14248640226354,69.94548003747913,0.17455792427062988,0.3608834233314999,-0.18632549906087004,0.39245589304114886,0.48561982138450366,0.047892881425247946,0.0,True,0.0,0.0,0.15346129999852565,60,0.09683174978561747,115.24535369873047,87.51897430419922,3.5085227489471436,78.56360626220703,65.02640533447266,0.019855260848999023
66,7664,LBFGS,-2.2777488231658936,-3.2770244769616905,89.42221,70.7023,90.20713738923497,69.92513925650385,0.1944127082824707,0.408774546185537,-0.2143618379030663,0.39245589304114886,0.49963659966451357,1.7585712108747487e-06,0.0,True,0.0,0.0,0.20027699999991455,83,0.11180284460362563,115.10139465332031,87.6228256225586,3.5156726837158203,78.61224365234375,65.05795288085938,4.76837158203125e-07
66,7664,PSO,-2.2777493000030518,-3.2770262355329014,89.42221,70.7023,90.207139705312,69.92513842816709,0.1944131851196289,0.40877630475674787,-0.21436311963711896,0.39245589304114886,0.4996375753566086,0.0,1.1920928952302567e-08,True,0.0,0.0,0.026468399999430403,1220,0.11180341886699591,115.10138588736254,87.62282784880904,3.5156729223078287,78.6122453554035,65.05795414998192,0.0
66,7664,DE,-2.277662754058838,-3.2766946496874185,89.421974,70.70226,90.20670129887218,69.92528496860476,0.19432663917541504,0.408444718911265,-0.21411807973584995,0.39245589304114886,0.4995142383360487,0.0003315858454828735,0.0,True,0.0,0.0,0.0577605999988009,1220,0.11170853688598002,115.10160043025081,87.62168175797413,3.5156034589596907,78.6118319875829,65.05794703188971,8.654594421386719e-05
66,7664,PSO+LBFGS,-2.2777493000030518,-3.2770262355329014,89.42221,70.7023,90.207139705312,69.92513842816709,0.1944131851196289,0.40877630475674787,-0.21436311963711896,0.39245589304114886,0.4996375753566086,0.0,1.1920928952302567e-08,True,0.0,0.0,0.06850320000012289,840,0.11180341886699591,115.10138588736254,87.62282784880904,3.5156729223078287,78.6122453554035,65.05795414998192,0.0
67,7697,Adam,-1.2398000955581665,4.261159365824666,88.340294,71.28699,88.19355242775255,72.19248215594828,0.07751762866973877,-0.7939681544600576,0.8714857831297964,0.3560215488487671,0.3521566726893696,3.7394847542254204,0.7194062892490649,False,0.0,0.7194062892490649,0.17308969999976398,60,0.08363261833930845,115.75415802001953,87.29740905761719,3.4764506816864014,79.80522918701172,65.1257553100586,0.008613228797912598
67,7697,LBFGS,-1.248413324356079,4.5079344631967535,88.37497,71.29943,88.22555755581574,72.21096814202542,0.08613085746765137,-1.0407432518321453,1.1268741092997967,0.3560215488487671,0.3550132374870225,3.986259851597508,0.7378922753262032,False,0.0,0.7378922753262032,1.1943470999995043,455,0.09705082953854621,115.75273895263672,87.20137786865234,3.4827780723571777,79.86641693115234,65.15821075439453,0.0
67,7697,PSO,-1.2484132051467896,4.51078203803697,88.37503,71.29949,88.22556449670304,72.21116702929692,0.08613073825836182,-1.0435908266723617,1.1297215649307235,0.3560215488487671,0.3550763612979583,3.9891074264377244,0.7380911625976978,False,0.0,0.7380911625976978,0.03014450000046054,1220,0.09703583609166451,115.75363242822411,87.20184949689416,3.4827780636493344,79.86641861471435,65.1582119987711,1.1920928955078125e-07
67,7697,DE,-1.248397707939148,4.45535155832096,88.37323,71.297714,88.22423637920748,72.20723168297644,0.08611524105072021,-0.9881603469563522,1.0742755880070725,0.3560215488487671,0.3542004412398658,3.933676946721715,0.734155816277223,False,0.0,0.734155816277223,0.05708589999994729,1220,0.09755351808109886,115.73641744299258,87.18460255800133,3.482775885306286,79.86613558290524,65.15817337889551,1.5616416931152344e-05
67,7697,PSO+LBFGS,-1.2484130859375,4.516395702459254,88.37498,71.29943,88.22519317339494,72.21154126982888,0.08613061904907227,-1.0492044910946454,1.1353351101437177,0.3560215488487671,0.3553197437743559,3.994721090860008,0.7384654031296662,False,0.0,0.7384654031296662,0.06155699999908393,840,0.09708757055693851,115.75537057036344,87.20000707713021,3.4827780636493344,79.86641861471435,65.1582119987711,2.384185791015625e-07
68,7107,Adam,-0.7235245108604431,-0.7806214070825606,88.84891,72.487686,89.02839544949225,72.5617720923348,0.3157203793525696,0.006969231210598892,0.3087511481419707,0.18292433472922123,0.07897993406206581,0.3462164764380724,0.0,True,0.0,0.0,0.147379699999874,60,0.09710624699149564,116.8116455078125,90.53842163085938,3.6638805866241455,81.80001068115234,65.28446960449219,0.03711742162704468
68,7107,LBFGS,-0.7606419324874878,-0.765104334934775,88.87146,72.44624,89.01855231153488,72.56913731227748,0.35283780097961426,-0.008547840937186635,0.3613856419168009,0.18292433472922123,0.08588897009131152,0.36173354858585793,0.0,True,0.0,0.0,0.18049009999958798,85,0.11180287566685164,116.97613525390625,90.44779205322266,3.6570584774017334,81.75418853759766,65.31584930419922,0.0
68,7107,PSO,-0.7606418132781982,-0.7651032583444001,88.87146,72.44625,89.01855188042207,72.56913824392898,0.3528376817703247,-0.008548917527561595,0.3613865992978863,0.18292433472922123,0.08588656125486177,0.3617346251762329,1.1920928952302567e-08,True,0.0,0.0,0.0316132000007201,1220,0.11180342553099698,116.97614414895634,90.4477903701254,3.6570582351697567,81.7541869149536,65.31585047462568,1.1920928955078125e-07
68,7107,DE,-0.7602234482765198,-0.7701621810565873,88.86877,72.44493,89.01996073881033,72.56339221351759,0.35241931676864624,-0.0034899948153743754,0.3559093115840206,0.18292433472922123,0.08560875378149672,0.3566757024640457,0.0,True,0.0,0.0,0.061746499999571824,1220,0.11085068321199944,116.94795085701605,90.44808731675414,3.657684908984069,81.75442673905879,65.31549404279195,0.0004184842109680176
68,7107,PSO+LBFGS,-0.7606418132781982,-0.7651032583444001,88.87146,72.44625,89.01855188042207,72.56913824392898,0.3528376817703247,-0.008548917527561595,0.3613865992978863,0.18292433472922123,0.08588656125486177,0.3617346251762329,1.1920928952302567e-08,True,0.0,0.0,0.08027680000122928,840,0.11180342553099698,116.97614414895634,90.4477903701254,3.6570582351697567,81.7541869149536,65.31585047462568,1.1920928955078125e-07
69,6956,Adam,-1.2826133966445923,-1.268610525491859,88.04115,70.95605,87.69925116466673,70.67573165185512,0.18402576446533203,1.1254125182196204,-0.9413867537542884,0.18496232081470143,0.1978230331321167,0.06931040514442,0.0,True,0.0,0.0,0.15261450000070909,60,0.09594497139043051,118.72774505615234,87.77833557128906,3.556159019470215,78.59125518798828,64.7361068725586,0.02073192596435547
69,6956,LBFGS,-1.3033453226089478,-1.3242688291661022,88.0834,70.95699,87.76694480865167,70.64776206567456,0.2047576904296875,1.1810708218938637,-0.9763131314641762,0.18496232081470143,0.20004186972636787,0.013652101470176703,6.22843680797569e-09,True,0.0,0.0,0.22938869999961753,84,0.10871157799572907,118.59954071044922,87.83172607421875,3.562420606613159,78.6394271850586,64.766845703125,0.0
69,6956,PSO,-1.3033453226089478,-1.3242082422470478,88.08335,70.956955,87.76682468087063,70.64775134204386,0.2047576904296875,1.1810102349748095,-0.976252544545122,0.18496232081470143,0.20005480672536266,0.01371268838923112,1.1920928952302567e-08,True,0.0,0.0,0.02763029999914579,1220,0.10869901774484769,118.59953897225569,87.8312268059284,3.562420597410778,78.63942884263906,64.76684690706338,0.0
69,6956,DE,-1.3032678365707397,-1.3239877718855364,88.083275,70.957016,87.7666808310152,70.64796744064084,0.2046802043914795,1.1807897646132979,-0.9761095602218184,0.18496232081470143,0.20002226352360106,0.013933158750742525,0.0,True,0.0,0.0,0.05792680000013206,1220,0.10865956468800056,118.60071214909215,87.83197409574393,3.562405351885192,78.6390875893445,64.76680415098916,7.748603820800781e-05
69,6956,PSO+LBFGS,-1.3033453226089478,-1.3242082572758616,88.08335,70.956955,87.76682471042011,70.64775134447981,0.2047576904296875,1.1810102500036233,-0.9762525595739358,0.18496232081470143,0.20005479704505852,0.013712673360417371,1.1920928952302567e-08,True,0.0,0.0,0.08627929999966,840,0.1086990208670629,118.59953897225569,87.8312269277418,3.562420597410778,78.63942884263906,64.76684690706338,0.0
70,7727,Adam,-1.7344595193862915,-0.6560190529187337,89.26033,71.36851,88.75215536903842,71.83628018960577,0.07796800136566162,1.5143065190086353,-1.4363385176429737,0.36956382879930166,0.31143269140728813,0.3721957954635642,0.17117684531704924,False,0.17117684531704924,0.16267331704717947,0.20936150000125053,60,0.08768098273777589,117.39020538330078,88.29692840576172,3.403683662414551,79.77458190917969,66.4190902709961,0.008358120918273926
70,7727,LBFGS,-1.7428176403045654,-0.7138838106734231,89.27971,71.36973,88.78001891637041,71.84143586360577,0.08632612228393555,1.5721712767633247,-1.4858451544793891,0.36956382879930166,0.3102304899060257,0.3143310377088748,0.1678289910471733,False,0.14331329798505976,0.1678289910471733,0.9629501000017626,482,0.09629333766467466,117.41753387451172,88.37047576904297,3.4104743003845215,79.71041107177734,66.45037078857422,0.0
70,7727,PSO,-1.7428176403045654,-0.7129214582129524,89.27966,71.36968,88.7798753881788,71.84158854535214,0.08632612228393555,1.571208924302854,-1.4848828020189184,0.36956382879930166,0.31032731918083734,0.31529339016934554,0.1679816727935446,False,0.1434568261766742,0.1679816727935446,0.08132660000046599,1220,0.09629927968952937,117.41855117368311,88.36941478978456,3.410475490579472,79.71040179653755,66.45037199726539,0.0
70,7727,DE,-1.7428113222122192,-0.7060591318992955,89.27991,71.369995,88.77933783743595,71.84302969332309,0.08631980419158936,1.564346597989197,-1.4780267937976077,0.36956382879930166,0.3109455176998416,0.32215571648300245,0.16942282076449544,False,0.14399437691952244,0.16942282076449544,0.08825260000048729,1220,0.09610021102236091,117.42688697585197,88.3711685671078,3.4104583121776724,79.71074945081577,66.45037107409725,6.318092346191406e-06
70,7727,PSO+LBFGS,-1.7428176403045654,-0.7162060892551723,89.27968,71.36969,88.78024962723298,71.840981353894,0.08632612228393555,1.5744935553450738,-1.4881674330611383,0.36956382879930166,0.3100105253249979,0.31200875912712567,0.16737448133540056,False,0.14308258712249255,0.16737448133540056,0.1688840999995591,840,0.09633466627973335,117.41476555940217,88.37068728165785,3.410475490579472,79.71040179653755,66.45037199726539,0.0
71,7645,Adam,-1.986264705657959,-2.591015253706042,89.36371,71.08828,90.07387868873936,70.82488358559814,0.1003725528717041,0.27186495634323604,-0.17149240347153194,0.2166282508815353,0.3023744858776317,0.06229887095864717,0.0,True,0.0,0.0,0.1535729999995965,60,0.09098113436929227,116.00089263916016,87.16381072998047,3.524320125579834,79.54598999023438,65.06794738769531,0.010013341903686523
71,7645,LBFGS,-1.9962780475616455,-2.6019460556480887,89.400665,71.10223,90.10489468771694,70.83224790150759,0.11038589477539062,0.2827957582852827,-0.17240986350989207,0.2166282508815353,0.30283537693259055,0.051368069016600515,0.0,True,0.0,0.0,0.874211500000456,482,0.10007717558111599,116.02438354492188,87.14041900634766,3.531851053237915,79.6005859375,65.09978485107422,0.0
71,7645,PSO,-1.9948837757110596,-2.653314124664689,89.406006,71.10357,90.15781208854894,70.79795840690794,0.10899162292480469,0.3341638273018832,-0.22517220437707852,0.2166282508815353,0.32921453380682986,0.0,1.1920928952302567e-08,True,0.0,0.0,0.03224979999868083,1220,0.11180341886699591,115.72073238917528,87.35449415894914,3.531851770364085,79.60058756571198,65.09978594759741,0.0013942718505859375
71,7645,DE,-1.9962763786315918,-2.6026955407192323,89.40096,71.1024,90.10599210323302,70.83203335152456,0.11038422584533691,0.2835452433564263,-0.17316101751108937,0.2166282508815353,0.3032077204827016,0.05061858394545693,0.0,True,0.0,0.0,0.07341009999981907,1220,0.1002578522292225,116.02223872655851,87.14663704908938,3.531844992232223,79.60058220438492,65.09978274582683,1.6689300537109375e-06
71,7645,PSO+LBFGS,-1.996277928352356,-2.601633184267393,89.40063,71.10221,90.10456932516904,70.83244676459876,0.11038577556610107,0.282482886904587,-0.17209711133848593,0.2166282508815353,0.30267646468095255,0.051680940397296204,1.1920928952302567e-08,True,0.0,0.0,0.0932515999993484,840,0.10001834931895803,116.0261513878135,87.13919404301045,3.531851770364085,79.60058756571198,65.09978594759741,1.1920928955078125e-07
72,6906,Adam,-1.3959180116653442,-2.035042978587666,87.8667,70.640366,88.52927930411056,70.2845883502989,0.12511229515075684,0.12777134977724125,-0.002659054626484414,0.3182340915471371,0.31956309526033655,0.20078222147057012,0.0,True,0.0,0.0,0.1426246999999421,60,0.0850161590774903,111.73199462890625,85.1644058227539,4.00634765625,79.0204086303711,63.805179595947266,0.014630675315856934
72,6906,LBFGS,-1.4105486869812012,-2.0517101706671053,87.893555,70.638336,88.54105464353863,70.26630478630673,0.13974297046661377,0.1444385418566807,-0.004695571390066933,0.3182340915471371,0.32057843106096795,0.18411502939113067,1.3532289663831243e-08,True,0.0,0.0,1.159576100000777,491,0.0953089442056508,111.73863220214844,85.13014221191406,4.012215614318848,79.06763458251953,63.8374137878418,0.0
72,6906,PSO,-1.410548448562622,-2.0515552524885967,87.89352,70.6383,88.54083230534178,70.266326753018,0.13974273204803467,0.14428362367817216,-0.004540891630137489,0.3182340915471371,0.320502798044633,0.18426994756963921,1.1920928952302567e-08,True,0.0,0.0,0.036356199998408556,1220,0.09533263324544967,111.73873975817598,85.12916214178745,4.012215612708587,79.06763628421686,63.83741505432272,2.384185791015625e-07
72,6906,DE,-1.4105406999588013,-2.052526852311942,87.89465,70.63951,88.54304386569646,70.2670409611704,0.13973498344421387,0.14525522350151765,-0.005520240057303782,0.3182340915471371,0.32099453347749596,0.18329834774629372,0.0,True,0.0,0.0,0.06269169999904989,1220,0.09486187460598673,111.75891127553015,85.14123940284672,4.012213086713151,79.0675951184482,63.83741447581011,7.987022399902344e-06
72,6906,PSO+LBFGS,-1.4105485677719116,-2.0517262687431392,87.893524,70.63831,88.54105341956635,70.26627698103994,0.13974285125732422,0.14445463993271468,-0.00471178867539046,0.3182340915471371,0.32058887921909807,0.1840989313150967,1.1920928952302567e-08,True,0.0,0.0,0.07438960000035877,840,0.0953163892201118,111.73801065697843,85.130067550766,4.012215612708587,79.06763628421686,63.83741505432272,1.1920928955078125e-07
73,7646,Adam,-1.6209651231765747,-1.7261737016738379,88.84826,71.17673,89.15675794247245,71.29366412186187,0.0917288064956665,0.1302351698183224,-0.03850636332265589,0.1471341235448669,0.13220868101936414,0.20581430001590917,0.0,True,0.0,0.0,0.1497773999999481,60,0.07603920812469035,116.68289184570312,86.6583251953125,3.5239248275756836,79.57974243164062,65.08078002929688,0.010531306266784668
73,7646,LBFGS,-1.6314964294433594,-1.7322181216461046,88.88285,71.187706,89.18135340569407,71.3024460342048,0.10226011276245117,0.13627958979058907,-0.0340194770281379,0.1471341235448669,0.1284667222990743,0.1997698800436425,0.0,True,0.0,0.0,1.3837803000005806,482,0.08698707475252473,116.69641876220703,86.5870590209961,3.5309362411499023,79.63258361816406,65.11286163330078,0.0
73,7646,PSO,-1.6314963102340698,-1.7327311306606992,88.88301,71.18785,89.18204590473458,71.30229552941351,0.10225999355316162,0.13679259880518368,-0.034532605252022064,0.1471341235448669,0.12852559426134932,0.19925687102904788,1.1920928952302567e-08,True,0.0,0.0,0.028057699999408214,1220,0.08700355642876702,116.69512566323799,86.59028899699746,3.5309364810049715,79.63258528543702,65.11286277790668,1.1920928955078125e-07
73,7646,DE,-1.6314756870269775,-1.7366231058310806,88.883606,71.18838,89.18634122391668,71.30033340999398,0.10223937034606934,0.1406845739755651,-0.03844520362949577,0.1471341235448669,0.1287869276063627,0.19536489585866645,0.0,True,0.0,0.0,0.05054229999950621,1220,0.087068847918885,116.6801050061822,86.60658312161671,3.5309322757197865,79.6325552469297,65.11279874238863,2.0742416381835938e-05
73,7646,PSO+LBFGS,-1.6314964294433594,-1.7325327706414382,88.882675,71.18756,89.18135823052654,71.30199385794208,0.10226011276245117,0.1365942387859227,-0.03433412602347152,0.1471341235448669,0.12841616189858918,0.19945523104830887,1.1920928952302567e-08,True,0.0,0.0,0.07309470000109286,840,0.08697178667146624,116.6933103001948,86.5852629287029,3.5309364810049715,79.63258528543702,65.11286277790668,0.0
74,7628,Adam,-2.019580364227295,-2.5785628308462334,89.29698,70.98035,90.12923303230727,70.89161946700288,0.1149061918258667,0.30023629526994267,-0.18533010344407597,0.2572261879436437,0.2794905152182415,0.06684966744698295,0.0,True,0.0,0.0,0.18821980000029725,60,0.09164842962150842,113.970947265625,86.45207977294922,3.5348904132843018,78.64585876464844,64.99658966064453,0.01216745376586914
74,7628,LBFGS,-2.031747817993164,-2.594276540996338,89.33962,70.99491,90.17504350111484,70.90376121587974,0.12707364559173584,0.3159500054200475,-0.18887635982831164,0.2572261879436437,0.28126461782790224,0.05113595729687814,2.360898185282956e-09,True,0.0,0.0,0.23079490000054648,86,0.103347023122702,114.11528778076172,86.59497833251953,3.5420029163360596,78.69706726074219,65.02850341796875,0.0
74,7628,PSO,-2.031747817993164,-2.5941347622332116,89.339645,70.994934,90.17498136449969,70.90392170317305,0.12707364559173584,0.3158082266569209,-0.18873458106518504,0.2572261879436437,0.2811923152747958,0.05127773606000474,1.1920928952302567e-08,True,0.0,0.0,0.030788600000960287,1220,0.10333147778780934,114.11655131315364,86.5949804673553,3.5420029109985762,78.69706890338875,65.02850459799674,0.0
74,7628,DE,-2.031726121902466,-2.594688171854476,89.33931,70.9947,90.17476306981543,70.9029360674611,0.1270519495010376,0.31636163627818537,-0.18930968677714777,0.2572261879436437,0.2814824591044324,0.05072432643874025,0.0,True,0.0,0.0,0.06322050000017043,1220,0.10329084005067905,114.1085370656209,86.59077930355096,3.541997518271028,78.69697744284024,65.02849898492335,2.1696090698242188e-05
74,7628,PSO+LBFGS,-2.031747817993164,-2.5943610429723516,89.33961,70.994896,90.17508153631924,70.90366626225055,0.12707364559173584,0.31603450739606087,-0.18896086180432503,0.2572261879436437,0.28130770701134916,0.05105145532086475,1.1920928952302567e-08,True,0.0,0.0,0.07284019999860902,840,0.10335665495168489,114.11454215700493,86.5949804673553,3.5420029109985762,78.69706890338875,65.02850459799674,0.0
75,7564,Adam,-1.9070372581481934,-2.0356641602394796,89.50176,71.325226,89.67111823743909,71.28531824853775,0.13621115684509277,-0.024814631346031568,0.16102578819112434,0.14482581625220733,0.0643117384622016,0.32299190701249225,0.0,True,0.0,0.0,0.16118509999978414,60,0.09297212048741844,111.59878540039062,85.65054321289062,3.799839496612549,81.58216094970703,65.90190124511719,0.015069961547851562
75,7564,LBFGS,-1.922107219696045,-2.030383160336071,89.52998,71.32057,89.66497733811188,71.28031384405544,0.15128111839294434,-0.030095631249440036,0.18137674964238437,0.14482581625220733,0.05413830812956394,0.3282729069159007,0.0,True,0.0,0.0,0.20140320000064094,83,0.1094997722136366,111.73157501220703,85.5489273071289,3.809885025024414,81.52140808105469,65.93421173095703,0.0
75,7564,PSO,-1.922107219696045,-2.030417816167189,89.530075,71.32063,89.66505071748772,71.2803135042928,0.15128111839294434,-0.03006097541832231,0.18134209381126665,0.14482581625220733,0.05415375462500266,0.328238251084783,1.1920928952302567e-08,True,0.0,0.0,0.03257640000083484,1220,0.10953276173019427,111.73157656046465,85.54892550970601,3.8099651537796406,81.52140648510795,65.93421303033847,0.0
75,7564,DE,-1.92201566696167,-2.030659126556551,89.52973,71.32052,89.66501413488311,71.2799772060545,0.15118956565856934,-0.029819665028960163,0.1810092306875295,0.14482581625220733,0.05432114812263918,0.32799694069542085,0.0,True,0.0,0.0,0.08544799999981478,1220,0.10942666388306342,111.72832327501499,85.54896925872353,3.809943753004449,81.52171695759317,65.93417448119662,9.1552734375e-05
75,7564,PSO+LBFGS,-1.9221071004867554,-2.030392868478606,89.53001,71.32059,89.6649977190388,71.2803135042928,0.15128099918365479,-0.030085923106905277,0.18136692229056006,0.14482581625220733,0.054142866370288104,0.32826319877336596,1.1920928952302567e-08,True,0.0,0.0,0.0732413000005181,840,0.10950918423094043,111.73157656046465,85.54892550970601,3.8099073781885338,81.52140648510795,65.93421303033847,1.1920928955078125e-07
76,7683,Adam,-1.2907359600067139,-2.22982420201114,87.72345,70.66383,88.3863653604669,69.8677051302003,0.2165529727935791,0.41255354151716483,-0.19600056872358573,0.3715427411815405,0.4695453793313089,0.05386978937436471,0.0,True,0.0,0.0,0.1611904000001232,60,0.09756104257002388,115.32994842529297,87.49510955810547,3.523305892944336,78.8344497680664,64.56383514404297,0.0253446102142334
76,7683,LBFGS,-1.3160803318023682,-2.283691814010772,87.776085,70.666336,88.46063788980196,69.84735309087309,0.2418973445892334,0.4664211535167966,-0.22452380892756318,0.3715427411815405,0.48380552503276897,2.177374732958981e-06,0.0,True,0.0,0.0,0.17670459999862942,83,0.1118028387403354,115.18634033203125,87.59554290771484,3.529697895050049,78.8790512084961,64.59490966796875,2.384185791015625e-07
76,7683,PSO,-1.3160805702209473,-2.2836939913855048,87.776085,70.666336,88.46064068505093,69.8473520663097,0.2418975830078125,0.46642333089152954,-0.22452574788371704,0.3715427411815405,0.48380671104428474,0.0,1.1920928952302567e-08,True,0.0,0.0,0.02919859999929031,1220,0.11180341886699591,115.18633109092798,87.59554508447332,3.5296981316997744,78.87905289796436,64.59491091830796,0.0
76,7683,DE,-1.3157185316085815,-2.2827892704251154,87.77523,70.66623,88.45919039978051,69.84752066641647,0.24153554439544678,0.46551860993114014,-0.22398306553569336,0.3715427411815405,0.4835345071087713,0.0009047209603894046,0.0,True,0.0,0.0,0.05899250000038592,1220,0.11156236075784078,115.18781876403362,87.59294331444606,3.529515370582386,78.87878204482338,64.59450113819119,0.00036203861236572266
76,7683,PSO+LBFGS,-1.3160805702209473,-2.2836939913855048,87.776085,70.666336,88.46064068505093,69.8473520663097,0.2418975830078125,0.46642333089152954,-0.22452574788371704,0.3715427411815405,0.48380671104428474,0.0,1.1920928952302567e-08,True,0.0,0.0,0.06584420000035607,840,0.11180341886699591,115.18633109092798,87.59554508447332,3.5296981316997744,78.87905289796436,64.59491091830796,0.0
77,7084,Adam,-1.3940057754516602,-1.844572468438372,89.76419,72.3103,90.12021461576074,71.96174187891665,0.27804017066955566,0.026033275274574885,0.2520068953949808,0.3512871930797212,0.22528176245562287,0.28256979551449835,0.0,True,0.0,0.0,0.18973240000013902,60,0.091771348587567,118.6039047241211,90.86469268798828,3.680267810821533,81.68294525146484,66.09378814697266,0.0324711799621582
77,7084,LBFGS,-1.4264769554138184,-1.8655712406916043,89.77739,72.27068,90.13183471523081,71.93757886471155,0.31051135063171387,0.04703204752780721,0.26347930310390666,0.3512871930797212,0.21954798132124037,0.261571023261266,0.0,True,0.0,0.0,1.1244502999998076,490,0.09960034735480076,118.5713882446289,90.77222442626953,3.68141508102417,81.63729858398438,66.12519073486328,0.0
77,7084,PSO,-1.4264768362045288,-1.8658669986746261,89.77736,72.270676,90.13203195152576,71.93734007636407,0.3105112314224243,0.047327805510829046,0.26318342591159527,0.3512871930797212,0.21969488144197333,0.2612752652782442,1.1920928952302567e-08,True,0.0,0.0,0.028607300000658142,1220,0.0995457906965967,118.56983797436588,90.77222190829752,3.6814952315771263,81.63729697028793,66.12519189324621,1.1920928955078125e-07
77,7084,DE,-1.4264411926269531,-1.860926820922457,89.77737,72.27033,90.12807772369744,71.94071586533326,0.31047558784484863,0.042387627758659896,0.26808796008618874,0.3512871930797212,0.21724228701095596,0.26621544303041333,0.0,True,0.0,0.0,0.052068699998926604,1220,0.10054327991067168,118.59155061832224,90.77227241745572,3.6797639497731445,81.6373747403257,66.1251916193923,3.5762786865234375e-05
77,7084,PSO+LBFGS,-1.4264768362045288,-1.8658802669512757,89.77709,72.27043,90.13173326057138,71.93704641288416,0.3105112314224243,0.04734107378747865,0.26317015763494567,0.3512871930797212,0.21970225346681196,0.2612619970015946,1.1920928952302567e-08,True,0.0,0.0,0.07070430000021588,840,0.09957868196892102,118.56792621862554,90.77222190829752,3.6813177130204187,81.63729697028793,66.12519189324621,1.1920928955078125e-07
78,7139,Adam,0.8495709896087646,0.9395523812621103,88.32059,74.33284,88.8207310297476,74.90516606335693,0.4526998996734619,0.17106557718798698,0.28163432248547493,0.25841894172056235,0.3446137830928563,0.2873273928864153,0.0,True,0.0,0.0,0.18079089999991993,60,0.0989815548779924,111.88470458984375,90.30693054199219,3.713711738586426,82.75907897949219,66.31189727783203,0.055343568325042725
78,7139,LBFGS,0.7942274212837219,0.925833127410997,88.36984,74.2889,88.8551619167485,74.90932654828943,0.5080434679985046,0.18478483103910026,0.3232586369594044,0.25841894172056235,0.3565444022783411,0.273608139035302,0.0,True,0.0,0.0,0.21420319999924686,84,0.1118031497744886,112.00556945800781,90.22219848632812,3.7079734802246094,82.71712493896484,66.34286499023438,0.0
78,7139,PSO,0.7942274212837219,0.9258323122032368,88.36984,74.2889,88.85516270907887,74.90932590482004,0.5080434679985046,0.18478564624686045,0.3232578217516442,0.25841894172056235,0.35654442059426866,0.2736073238275418,1.1920928952302567e-08,True,0.0,0.0,0.025341000000480562,1220,0.11180342553099698,112.00557092956092,90.22219663921669,3.7079734654776075,82.71712350994858,66.34286615412657,0.0
78,7139,DE,0.7946630120277405,0.9254668398374767,88.36912,74.28901,88.85475931817959,74.90854423531557,0.5076078772544861,0.18515111861262057,0.3224567586418655,0.25841894172056235,0.35633828134615236,0.2732418514617817,0.0,True,0.0,0.0,0.05216440000003786,1220,0.11158122410650893,112.0036354315994,90.22265182516038,3.7081413657022484,82.71724929096384,66.34185868964275,0.0004355907440185547
78,7139,PSO+LBFGS,0.7942274212837219,0.9258323122032368,88.36984,74.2889,88.85516270907887,74.90932590482004,0.5080434679985046,0.18478564624686045,0.3232578217516442,0.25841894172056235,0.35654442059426866,0.2736073238275418,1.1920928952302567e-08,True,0.0,0.0,0.08286889999908453,840,0.11180342553099698,112.00557092956092,90.22219663921669,3.7079734654776075,82.71712350994858,66.34286615412657,0.0
79,6911,Adam,-1.3095011711120605,-1.9678892264030732,87.68901,70.61079,88.3449651243117,70.22088465509297,0.13982808589935303,0.2242561238198082,-0.08442803792045517,0.28698098119432097,0.3291934065028611,0.15022902016237705,0.0,True,0.0,0.0,0.16204210000068997,60,0.08555712959328761,112.15239715576172,85.14507293701172,3.984668254852295,79.07902526855469,63.508995056152344,0.016152381896972656
79,6911,LBFGS,-1.3256535530090332,-1.9851617784861337,87.71308,70.60359,88.35281510992942,70.19776809209705,0.15598046779632568,0.24152867590286875,-0.08554820810654307,0.28698098119432097,0.3297540454516066,0.1329564680793165,1.1166897670444875e-08,True,0.0,0.0,0.9892048999990948,456,0.09699143584856806,112.0716323852539,85.08560180664062,3.9905788898468018,79.12626647949219,63.54082107543945,0.0
79,6911,PSO,-1.3256534337997437,-1.9855752557013788,87.713165,70.60365,88.35342723811708,70.19768909221759,0.15598034858703613,0.24194215311811385,-0.08596180453107771,0.28698098119432097,0.32995992621537995,0.1325429908640714,1.1920928952302567e-08,True,0.0,0.0,0.033984900001087226,1220,0.09701638246728359,112.0699115504846,85.0878179956021,3.990578890600318,79.12626807553443,63.54082223700016,1.1920928955078125e-07
79,6911,DE,-1.32563316822052,-1.9888337967450516,87.71493,70.60545,88.35869597786585,70.19775948628372,0.1559600830078125,0.24520069416178658,-0.08924061115397408,0.28698098119432097,0.33159909633914403,0.12928444982039866,0.0,True,0.0,0.0,0.0927345999989484,1220,0.0964900186361116,112.08788499495053,85.11205297770776,3.990578189041649,79.12622238085585,63.54079044054771,2.0384788513183594e-05
79,6911,PSO+LBFGS,-1.320666790008545,-1.8820473171339964,87.67113,70.56724,88.19660780019348,70.20501000057986,0.1509937047958374,0.13841421455073144,0.012579490245105962,0.28698098119432097,0.28069218909469945,0.2360709294314538,1.1920928952302567e-08,True,0.0,0.0,0.07628910000130418,840,0.11180341220299443,111.92629846116915,84.45517539407683,3.990578890600318,79.12626807553443,63.54082223700016,0.004986763000488281
80,6947,Adam,-2.077152729034424,-2.530103209316691,89.05811,70.684326,89.39891046592516,70.31886034098657,0.13946974277496338,0.3836520717865337,-0.24418232901157033,0.10438253415865552,0.22647475479759918,0.061915155635448915,0.0,True,0.0,0.0,0.2820477999994182,60,0.0948261917931084,117.13036346435547,85.92694854736328,3.6542325019836426,79.150146484375,64.15968322753906,0.014781713485717773
80,6947,LBFGS,-2.0919344425201416,-2.584962082602357,89.09991,70.69239,89.4689074080193,70.2928684228606,0.15425145626068115,0.43851094507219956,-0.2842594888115184,0.10438253415865552,0.24651430968618324,0.007056282349783061,4.819449797993647e-07,True,0.0,0.0,0.2189766999999847,84,0.11023753514302305,117.00082397460938,86.02737426757812,3.660613775253296,79.21978759765625,64.19084930419922,0.0
80,6947,PSO,-2.0919344425201416,-2.5849269762230507,89.099884,70.692375,89.46883842678078,70.29286276868706,0.15425145626068115,0.4384758386928933,-0.28422438243221215,0.10438253415865552,0.24649723397185053,0.007091388729089321,1.1920928952302567e-08,True,0.0,0.0,0.03390239999862388,1220,0.11023034014764697,117.00082261730313,86.02708153668675,3.6606137857319254,79.21980454297773,64.19084676135662,0.0
80,6947,DE,-2.0918750762939453,-2.5884428635566126,89.10246,70.69438,89.47606316585902,70.29371497555599,0.15419209003448486,0.4419917260264552,-0.28779963599197034,0.10438253415865552,0.24828178257510145,0.003575501395527425,0.0,True,0.0,0.0,0.062193699999625096,1220,0.11093726340652418,117.00107603849673,86.05894350998697,3.6605806018836424,79.21715968432981,64.1907880410309,5.936622619628906e-05
80,6947,PSO+LBFGS,-2.091892957687378,-2.59201836495214,89.10495,70.69612,89.48224781452211,70.29347885096408,0.15420997142791748,0.4455672274219826,-0.29135725599406515,0.10438253415865552,0.25006175415595255,0.0,1.1920928952302567e-08,True,0.0,0.0,0.0742286000004242,840,0.11180341886699591,117.00082261730313,86.08250614499775,3.6606137857319254,79.21980454297773,64.19084676135662,4.1484832763671875e-05
81,7457,Adam,-0.672218918800354,10.180488528205714,88.68574,72.41931,88.67770238795708,73.95453827606283,0.26491522789001465,-2.351109841269043,2.6160250691590576,0.4530217047010546,0.5249499521210297,9.453015019320627,1.028444220887053,False,0.0,1.028444220887053,0.20525610000004235,60,0.09743894262094824,113.61648559570312,86.14303588867188,3.7842791080474854,80.84554290771484,66.77252197265625,0.03084319829940796
81,7457,LBFGS,-0.7030619978904724,10.5566272271723,88.70315,72.382706,88.66224162076017,73.97273609296062,0.29575830698013306,-2.727248540235628,3.023006847215761,0.4530217047010546,0.5534495134644851,9.829153718287213,1.046642037784835,False,0.0,1.046642037784835,1.349044699998558,473,0.11180283021406584,113.74071502685547,86.05032348632812,3.7766990661621094,80.79840087890625,66.80476379394531,1.1920928955078125e-07
81,7457,PSO,-0.703062117099762,10.556624731434741,88.70315,72.382706,88.66224049306776,73.97273592559243,0.2957584261894226,-2.72724604449807,3.023004470687493,0.4530217047010546,0.5534497942839005,9.829151222549655,1.04664187041665,False,0.0,1.04664187041665,0.028173299999252777,1220,0.11180341886699591,113.74071617537606,86.0503217353388,3.776698345088789,80.7983993481048,66.80476496564006,0.0
81,7457,DE,-0.7027873992919922,10.546281020034682,88.702774,72.38285,88.66231139347296,73.97222518601049,0.29548370838165283,-2.7169023330980107,3.0123860414796635,0.4530217047010546,0.5530933986130582,9.818807511149595,1.0461311308347092,False,0.0,1.0461311308347092,0.057903900000383146,1220,0.11166514124687278,113.73936247393222,86.0517609756822,3.7767415649157914,80.79849544410294,66.8042689216841,0.0002747178077697754
81,7457,PSO+LBFGS,-0.703062117099762,10.556624731434741,88.70315,72.382706,88.66224049306776,73.97273592559243,0.2957584261894226,-2.72724604449807,3.023004470687493,0.4530217047010546,0.5534497942839005,9.829151222549655,1.04664187041665,False,0.0,1.04664187041665,0.06400470000153291,840,0.11180341886699591,113.74071617537606,86.0503217353388,3.776698345088789,80.7983993481048,66.80476496564006,0.0
82,7696,Adam,-1.3167223930358887,1.8224506284403241,88.4182,71.24492,88.43477392334822,71.94859499158942,0.08208346366882324,-0.5946145560129448,0.676698019681768,0.24287010053641853,0.2444745503864196,2.3830609531858578,0.5367450160034792,False,0.0,0.5367450160034792,0.20176709999941522,60,0.07687875727054688,115.9592514038086,87.46388244628906,3.4778225421905518,79.69280242919922,65.06019592285156,0.009350180625915527
82,7696,LBFGS,-1.3260724544525146,1.965517750248979,88.453384,71.257545,88.46859926920621,71.96347230955564,0.09143352508544922,-0.7376816778215995,0.8291152029070488,0.24287010053641853,0.2448328109418661,2.5261280749945123,0.5516223339697035,False,0.0,0.5516223339697035,0.19859290000022156,85,0.08927372765901638,115.9621353149414,87.38684844970703,3.4842615127563477,79.74906158447266,65.09255981445312,1.1920928955078125e-07
82,7696,PSO,-1.3260725736618042,1.9645738043349525,88.453255,71.25742,88.46839561499651,71.96337385999459,0.09143364429473877,-0.7367377319075732,0.828171376202312,0.24287010053641853,0.24481869854999774,2.525184129080486,0.5515238844086525,False,0.0,0.5515238844086525,0.03159590000177559,1220,0.08930223347261583,115.96169485873679,87.38504278358526,3.484261741952537,79.74906316837041,65.09256117056293,0.0
82,7696,DE,-1.326053261756897,2.0088335176441103,88.453735,71.25786,88.46656206558913,71.96731820500753,0.09141433238983154,-0.780997445216731,0.8724117776065625,0.24287010053641853,0.24532002171229594,2.569443842389644,0.5554682294215922,False,0.0,0.5554682294215922,0.05603270000028715,1220,0.08933238624615629,115.9813115573532,87.38286043515716,3.4842195575184203,79.74897976935351,65.09254153571389,1.9311904907226562e-05
82,7696,PSO+LBFGS,-1.3260724544525146,1.9641601874133774,88.45344,71.2576,88.46879987253746,71.96335931026779,0.09143352508544922,-0.736324114985998,0.8277576400714473,0.24287010053641853,0.24482026308491855,2.524770512158911,0.5515093346818531,False,0.0,0.5515093346818531,0.06793049999942014,840,0.08925434277163796,115.96154355075129,87.3880593446617,3.484261741952537,79.74906316837041,65.09256117056293,1.1920928955078125e-07
83,7432,Adam,-2.1019556522369385,-3.0067038125198877,89.351036,70.90781,89.78535785957709,69.96095163050724,0.12211191654205322,0.14592093977644494,-0.023809023234391713,0.4404681323321422,0.45237542059799163,0.11101082866725154,0.0,True,0.0,0.0,0.1565245000001596,60,0.0893470142686566,113.79027557373047,85.71147155761719,3.7944488525390625,79.72950744628906,65.93779754638672,0.01389169692993164
83,7432,LBFGS,-2.115847110748291,-3.026246456276911,89.39461,70.919846,89.83396615660432,69.96912787628122,0.13600337505340576,0.16546358353346813,-0.029460208480062366,0.4404681323321422,0.45519896250875935,0.09146818491022835,0.0,True,0.0,0.0,0.20301909999943746,83,0.10314496627403226,113.8600845336914,85.83118438720703,3.801072835922241,79.77678680419922,65.9697036743164,2.384185791015625e-07
83,7432,PSO,-2.115847110748291,-3.0264850455789767,89.39454,70.9198,89.83416835685657,69.96897117244471,0.13600337505340576,0.1657021728355339,-0.02969879778212814,0.4404681323321422,0.455317852943718,0.09122959560816257,1.1920928952302567e-08,True,0.0,0.0,0.03823670000019774,1220,0.10310923579149311,113.8570904072981,85.83119387372926,3.8010730430517015,79.7767883423312,65.96970488859779,2.384185791015625e-07
83,7432,DE,-2.1157989501953125,-3.028219780529089,89.39366,70.9193,89.83517361663357,69.96750684171013,0.13595521450042725,0.16743690778564613,-0.03148169328521888,0.4404681323321422,0.45620879755493693,0.08949486065805035,0.0,True,0.0,0.0,0.056225000000267755,1220,0.10266147210459198,113.82876784480908,85.82775487358738,3.801070223551857,79.77676788834304,65.96968180231977,4.839897155761719e-05
83,7432,PSO+LBFGS,-2.11584734916687,-3.026578192735898,89.39451,70.919785,89.83424657611579,69.968909488863,0.13600361347198486,0.16579531999245534,-0.029791706520470473,0.4404681323321422,0.4553662252626556,0.09113644845124114,1.1920928952302567e-08,True,0.0,0.0,0.07496469999932742,840,0.10309499883403794,113.85591287843785,85.83119387372926,3.8010730430517015,79.7767883423312,65.96970488859779,0.0
84,7134,Adam,-0.12737174332141876,-0.20186497496655326,89.50169,73.93738,90.27262902522632,74.5064034255969,0.45744259655475616,0.1392289390692818,0.31821365748547437,0.33708454469582266,0.42460258195164036,0.29408557186538986,0.0,True,0.0,0.0,0.177805499999522,60,0.09840169309946294,112.69692993164062,90.55607604980469,3.70105242729187,82.63031005859375,66.35567474365234,0.05538763105869293
84,7134,LBFGS,-0.1827593743801117,-0.2090354843960727,89.55265,73.89463,90.30407203270777,74.51730688085551,0.5128302276134491,0.14639944849880127,0.36643077911464783,0.33708454469582266,0.43701859300559276,0.2869150624358704,0.0,True,0.0,0.0,0.3175671999997576,84,0.11180315288188492,112.8390121459961,90.46965026855469,3.695284605026245,82.58757019042969,66.38670349121094,0.0
84,7134,PSO,-0.1827593743801117,-0.20903616425304272,89.55265,73.89463,90.30407264744157,74.5173062815656,0.5128302276134491,0.14640012835577126,0.36643009925767783,0.33708454469582266,0.43701857316197745,0.2869143825789004,1.1920928952302567e-08,True,0.0,0.0,0.038657499999317224,1220,0.11180342553099698,112.83901352599355,90.46964848592916,3.6952845880801988,82.58756873973653,66.38670463719109,0.0
84,7134,DE,-0.1824294924736023,-0.2091835974616586,89.55229,73.89486,90.30389998275433,74.51700573840766,0.5125003457069397,0.14654756156438714,0.36595278414255256,0.33708454469582266,0.43689406256923813,0.2867669493702845,0.0,True,0.0,0.0,0.09048550000079558,1220,0.11166952006684051,112.83859993167981,90.47000267407687,3.69537793070609,82.58767361662143,66.38590232468125,0.0003298819065093994
84,7134,PSO+LBFGS,-0.1827593743801117,-0.20903616425304272,89.55265,73.89463,90.30407264744157,74.5173062815656,0.5128302276134491,0.14640012835577126,0.36643009925767783,0.33708454469582266,0.43701857316197745,0.2869143825789004,1.1920928952302567e-08,True,0.0,0.0,0.10514110000076471,840,0.11180342553099698,112.83901352599355,90.46964848592916,3.6952845880801988,82.58756873973653,66.38670463719109,0.0
85,7711,Adam,-1.7955996990203857,-1.894861337176711,89.002075,71.05232,88.94482705272914,70.85612826692255,0.10316288471221924,0.2542884047670697,-0.15112552005485047,0.0821694185467322,0.08392630606098771,0.07052269806184608,0.0,True,0.0,0.0,0.21961390000069514,60,0.08575057472464365,116.13970947265625,89.00637817382812,3.4576358795166016,79.4016342163086,65.98955535888672,0.011386632919311523
85,7711,LBFGS,-1.8069862127304077,-1.9315645877823449,89.03309,71.0565,88.99495613773989,70.83994520208846,0.11454939842224121,0.29099165537270366,-0.17644225695046245,0.0821694185467322,0.08513172442090439,0.033819447456212126,0.0,True,0.0,0.0,1.311597800000527,473,0.10133512227754507,115.95953369140625,89.13583374023438,3.46458101272583,79.36582946777344,66.02080535888672,1.1920928955078125e-07
85,7711,PSO,-1.8069863319396973,-1.9315993972803887,89.03311,71.05653,88.99500122145093,70.83993569757237,0.11454951763153076,0.29102646487074746,-0.1764769472392167,0.0821694185467322,0.08513869829272012,0.03378463795816833,1.1920928952302567e-08,True,0.0,0.0,0.04201389999980165,1220,0.1013309656225044,115.95950215135053,89.13584354369755,3.464581248704235,79.36608003638217,66.02080652175937,0.0
85,7711,DE,-1.8069603443145752,-1.9326363925571681,89.03408,71.05753,88.99639747558663,70.83975452240726,0.11452353000640869,0.29206346014752693,-0.17753993014111824,0.0821694185467322,0.08541254762757251,0.032747642681388855,0.0,True,0.0,0.0,0.10460899999998219,1220,0.10108140892145517,115.95982870629595,89.13571298835653,3.464528490700607,79.37604428373238,66.02077709228114,2.5987625122070312e-05
85,7711,PSO+LBFGS,-1.8069860935211182,-1.931646444102469,89.03315,71.05657,88.9950653655485,70.8399269098851,0.11454927921295166,0.2910735116928278,-0.17652423247987614,0.0821694185467322,0.0851468862639354,0.033737591136087985,1.1920928952302567e-08,True,0.0,0.0,0.14564959999916027,840,0.10132259854093154,115.95950215135053,89.13584354369755,3.464581248704235,79.36646440808933,66.02080652175937,2.384185791015625e-07
86,7604,Adam,-1.3740410804748535,-1.5630643917467804,88.34667,71.09312,88.77787211596696,71.19491666118374,0.10710513591766357,0.028070227518143476,0.0790349083995201,0.14856415465781977,0.16381013743037542,0.27659655403606864,0.0,True,0.0,0.0,0.2255194000008487,60,0.08980345702226152,113.46873474121094,85.93603515625,3.6382782459259033,79.60599517822266,65.21813201904297,0.01213371753692627
86,7604,LBFGS,-1.3861747980117798,-1.5413775617863898,88.388054,71.106735,88.79000339744111,71.23244003046163,0.11923885345458984,0.006383397557752968,0.11285545589683688,0.14856415465781977,0.163184975155431,0.29828338399645915,0.0014601110280381135,False,0.0,0.0014601110280381135,1.8475945999998657,446,0.10155282800657002,113.6204833984375,85.8453369140625,3.6447110176086426,79.65634155273438,65.25040435791016,0.0
86,7604,PSO,-1.3861747980117798,-1.541332360847294,88.38804,71.10671,88.78993004784934,71.2324435761681,0.11923885345458984,0.006338196618657088,0.11290065683593276,0.14856415465781977,0.16317657204278474,0.29832858493555503,0.0014636567345007734,False,0.0,0.0014636567345007734,0.02728699999897799,1220,0.10154868996263984,113.62048455469994,85.84495124358708,3.6447110165602226,79.65634309547386,65.25040570008969,0.0
86,7604,DE,-1.386143684387207,-1.541675789635569,88.3878,71.1066,88.78990768402824,71.23197347063747,0.11920773983001709,0.006681625406932179,0.11252611442308491,0.14856415465781977,0.16311966015424972,0.29798515614727994,0.0009935512038765637,False,0.0,0.0009935512038765637,0.06345969999892986,1220,0.10146204011925607,113.61775651875386,85.84456060059101,3.644699865107601,79.65633503236688,65.25030101629115,3.1113624572753906e-05
86,7604,PSO+LBFGS,-1.3861746788024902,-1.5409796335955275,88.38788,71.10659,88.78935128959051,71.23246671232903,0.11923873424530029,0.0059854693668905945,0.1132532648784097,0.14856415465781977,0.16310062701052574,0.2986813121873215,0.0014867928954345189,False,0.0,0.0014867928954345189,0.07103149999966263,840,0.10151453369989039,113.62048455469994,85.84193242347787,3.6447110165602226,79.65634309547386,65.25040570008969,1.1920928955078125e-07
87,7624,Adam,-1.9449489116668701,-2.748032109417101,89.066864,70.888084,89.93002319168187,70.46797000074534,0.12965428829193115,0.28631375499475986,-0.1566594667028287,0.323212461172139,0.4015424339017971,0.07054068612118458,0.0,True,0.0,0.0,0.31049780000103055,60,0.09006832855682231,113.71647644042969,86.43582916259766,3.549053907394409,78.79373168945312,64.96214294433594,0.014539003372192383
87,7624,LBFGS,-1.959487795829773,-2.765823488492982,89.111374,70.90099,89.97407896156247,70.47570059571052,0.14419317245483398,0.3041051340706411,-0.15991196161580712,0.323212461172139,0.4031689534719255,0.05274930704530334,0.0,True,0.0,0.0,0.28953309999997145,83,0.10153669290358598,113.88261413574219,86.55923461914062,3.5559585094451904,78.84265899658203,64.99400329589844,1.1920928955078125e-07
87,7624,PSO,-1.9594879150390625,-2.766100347569286,89.11133,70.90094,89.97423398652505,70.47541841498429,0.14419329166412354,0.3043819931469449,-0.16018870148282138,0.323212461172139,0.4033069688569483,0.052472447968999525,1.1920928952302567e-08,True,0.0,0.0,0.031810200000109035,1220,0.10156393088159008,113.87953578327543,86.55924442152718,3.5559587432857143,78.8426605155737,64.994004312573,0.0
87,7624,DE,-1.9594205617904663,-2.768517973265161,89.11057,70.9003,89.97520559296149,70.4726522125445,0.14412593841552734,0.3067996188428199,-0.16267368042729258,0.323212461172139,0.4045476422024942,0.05005482227312452,0.0,True,0.0,0.0,0.06040450000000419,1220,0.10172278729379257,113.84872417321053,86.5570147745559,3.555891893223498,78.84243069265507,64.99400214051049,6.73532485961914e-05
87,7624,PSO+LBFGS,-1.959487795829773,-2.7656839631431587,89.111404,70.901024,89.97400343636248,70.4758447257641,0.14419317245483398,0.30396560872081757,-0.1597724362659836,0.323212461172139,0.40309851954227643,0.05288883239512687,1.1920928952302567e-08,True,0.0,0.0,0.07190239999908954,840,0.10152377580892694,113.88419044632977,86.55924442152718,3.5559587432857143,78.8426605155737,64.994004312573,1.1920928955078125e-07
88,7567,Adam,-1.8592537641525269,-2.030465683781118,89.67023,71.54527,90.0695276368614,71.64516367376999,0.12888586521148682,-0.06187111510982657,0.19075698032131339,0.18478125954170171,0.15360526323651447,0.340347901720218,0.0,True,0.0,0.0,0.19554100000095787,60,0.08847015956176954,112.17452239990234,85.54191589355469,3.7836618423461914,81.1107177734375,65.74064636230469,0.014252424240112305
88,7567,LBFGS,-1.8735060691833496,-2.0195823572211262,89.69326,71.538,90.06046333860999,71.64656887604174,0.14313817024230957,-0.07275444166981826,0.21589261191212783,0.18478125954170171,0.14694391615104105,0.3512312282802097,0.0,True,0.0,0.0,0.24830259999907867,85,0.10381658079675984,112.31005096435547,85.44034576416016,3.7910728454589844,81.04713439941406,65.77285766601562,1.1920928955078125e-07
88,7567,PSO,-1.8735061883926392,-2.019634023500728,89.69339,71.5381,90.06056255798278,71.64656854684775,0.14313828945159912,-0.07270277539021652,0.21584106484181564,0.18478125954170171,0.1469009156067575,0.35117956200060796,1.1920928952302567e-08,True,0.0,0.0,0.030806299999312614,1220,0.10384575883959155,112.31005212453556,85.44034389059243,3.791180072087381,81.04713270595857,65.77285881666785,0.0
88,7567,DE,-1.8734898567199707,-2.019763123588414,89.69389,71.53854,90.06094410302293,71.64668804794452,0.14312195777893066,-0.07257367530253056,0.21569563308146122,0.18478125954170171,0.1467544331431827,0.351050461912922,0.0,True,0.0,0.0,0.05641749999995227,1220,0.1039173160875902,112.30975386434393,85.44035623009917,3.7915602025352753,81.04749065703992,65.77284861603901,1.633167266845703e-05
88,7567,PSO+LBFGS,-1.8728201389312744,-2.0289848754946997,89.71931,71.5586,90.07994436471476,71.64656854684775,0.14245223999023438,-0.06335192339624474,0.2058041633864791,0.18478125954170171,0.13796574318660826,0.34182871000663617,1.1920928952302567e-08,True,0.0,0.0,0.06992299999910756,840,0.11180340553899454,112.31005212453556,85.44034389059243,3.813166132090373,81.04713270595857,65.77285881666785,0.0006860494613647461
89,7639,Adam,-1.732108473777771,-1.5151266626541224,88.92853,71.07819,89.74323981459382,71.46610951110621,0.1200329065322876,0.7913510765907,-0.6713181700584124,0.40355868142899903,0.3760712934283533,0.321150370539663,0.21813130065699227,False,0.0,0.21813130065699227,0.19818359999953827,60,0.09212521204980458,115.49651336669922,87.16556549072266,3.5287890434265137,79.1480484008789,65.01771545410156,0.01245260238647461
89,7639,LBFGS,-1.7445610761642456,-1.4547772356812463,88.97358,71.09472,89.78894118402889,71.48339730591702,0.1324855089187622,0.7310016496178239,-0.5985161406990617,0.40355868142899903,0.376525471449656,0.38149979751253915,0.2354190954678046,False,0.0,0.2354190954678046,0.24957790000007662,86,0.10325834855674124,115.5483627319336,87.25560760498047,3.536308526992798,79.1960678100586,65.04951477050781,0.0
89,7639,PSO,-1.7445610761642456,-1.4546666731842666,88.97358,71.09472,89.78891621389631,71.4834165030092,0.1324855089187622,0.7308910871208442,-0.598405578202082,0.40355868142899903,0.3765245260444311,0.38161036000951887,0.2354382925599765,False,0.0,0.2354382925599765,0.028328200000032666,1220,0.10325429491091824,115.54846498358518,87.25551198388217,3.536308761668181,79.19606947804186,65.04951594576687,0.0
89,7639,DE,-1.7445387840270996,-1.4865053641537647,88.97129,71.09289,89.7860231371316,71.47670043889912,0.1324632167816162,0.7627297780903423,-0.630266561308726,0.40355868142899903,0.374680823717746,0.34977166904002077,0.22872222844989665,False,0.0,0.22872222844989665,0.06136569999944186,1220,0.10291509980363955,115.5132189805314,87.22291642049795,3.536299725727605,79.19606677637981,65.04949642350851,2.2292137145996094e-05
89,7639,PSO+LBFGS,-1.744560956954956,-1.4521401776371399,88.97366,71.0948,89.78882367916692,71.48390708844661,0.13248538970947266,0.7283645915737175,-0.5958792018642448,0.40355868142899903,0.3766100852548069,0.38413685555664556,0.23592887799739515,False,0.0,0.23592887799739515,0.10047490000033577,840,0.10323365204877177,115.55106381915868,87.25624273377946,3.536308761668181,79.19606947804186,65.04951594576687,1.1920928955078125e-07
90,7449,Adam,-1.3106697797775269,-0.9922749646479574,89.12658,71.87156,89.21278546315483,72.3172061957737,0.18302559852600098,-0.14052583678614972,0.3235514353121507,0.17621467564247423,0.17750629202665366,0.38345807796414766,0.08481483835181791,False,0.0,0.08481483835181791,0.24749590000101307,60,0.09157991715050758,114.1129150390625,85.40412902832031,3.8330421447753906,80.81425476074219,66.45728302001953,0.021180033683776855
90,7449,LBFGS,-1.3318498134613037,-0.9563529330928671,89.15336,71.857796,89.20614212526733,72.32894068475127,0.20420563220977783,-0.17644786834124004,0.3806535005510179,0.17621467564247423,0.17617368428664637,0.419380109519238,0.0965493273293987,False,0.0,0.0965493273293987,1.5535829000000376,426,0.10568629354411828,114.24117279052734,85.30799865722656,3.8395473957061768,80.76409912109375,66.48970031738281,0.0
90,7449,PSO,-1.3315212726593018,-0.9663020750116789,89.172005,71.872116,89.22567440889377,72.32894060238345,0.20387709140777588,-0.16649872642242824,0.3703758178302041,0.17621467564247423,0.1715648529667328,0.4094309676004262,0.09654924496157946,False,0.0,0.09654924496157946,0.027559799998925882,1220,0.11180341886699591,114.24117407791528,85.30799673220793,3.8553364520475952,80.76409752756808,66.48970148424542,0.0003285408020019531
90,7449,DE,-1.3317536115646362,-0.9551467458159045,89.15169,71.85668,89.20441985620434,72.32906922942297,0.20410943031311035,-0.17765405561820258,0.38176348593131293,0.17621467564247423,0.17658116496169743,0.4205862967962005,0.09667787200109501,False,0.0,0.09667787200109501,0.05804010000065318,1220,0.10517902426849171,114.24101829731464,85.30844550455042,3.8381061914353953,80.76451685038842,66.48964206560905,9.620189666748047e-05
90,7449,PSO+LBFGS,-1.3318496942520142,-0.9563700114038114,89.15339,71.85782,89.20617430313968,72.32894060238345,0.20420551300048828,-0.17643079003029571,0.380636303030784,0.17621467564247423,0.17616636315099993,0.41936303120829366,0.09654924496157946,False,0.0,0.09654924496157946,0.0771046000008937,840,0.10569486098674996,114.24117407791528,85.30799673220793,3.839572937886735,80.76409752756808,66.48970148424542,1.1920928955078125e-07
91,7133,Adam,0.09664765000343323,0.1710428973698003,89.24865,74.04374,89.90695233911774,74.69896003523255,0.4506652057170868,0.12258949072911549,0.3280757149879713,0.3322107706837561,0.42020304680582843,0.34295156823038747,0.04953071394348285,False,0.0,0.04953071394348285,0.21767759999966074,60,0.09847958229662773,112.80367279052734,90.67959594726562,3.709012746810913,82.6038589477539,66.34571075439453,0.0546642541885376
91,7133,LBFGS,0.04198339581489563,0.17658686666080484,89.2982,74.00085,89.93673934729738,74.71021394948157,0.5053294599056244,0.11704552143811095,0.3882839384675134,0.3322107706837561,0.43271214185009343,0.348495537521392,0.06078462819250774,False,0.0,0.06078462819250774,0.25890070000059495,84,0.11180311525292547,112.94324493408203,90.59353637695312,3.703261375427246,82.561279296875,66.37679290771484,0.0
91,7133,PSO,0.04198339581489563,0.17658515058959995,89.2982,74.00085,89.93674007687423,74.71021318141567,0.5053294599056244,0.11704723750931584,0.38828222239630855,0.3322107706837561,0.43271209896023277,0.34849382145018715,0.060783860126605305,False,0.0,0.060783860126605305,0.027593700000579702,1220,0.11180342553099698,112.94324650922863,90.59353393096126,3.7032613617975585,82.56127761126845,66.37679406823872,0.0
91,7133,DE,0.042545609176158905,0.17491687053006955,89.29701,74.000725,89.9359572360601,74.70906006681274,0.5047672465443611,0.11871551756884624,0.3860517289755149,0.3322107706837561,0.4324831788500545,0.3468255413906567,0.059630745523676865,False,0.0,0.059630745523676865,0.06035460000020976,1220,0.11160208974489812,112.93944599499937,90.5957768677097,3.7033541141600295,82.56132306878455,66.37670696010547,0.0005622133612632751
91,7133,PSO+LBFGS,0.04198339581489563,0.17658515058959995,89.2982,74.00085,89.93674007687423,74.71021318141567,0.5053294599056244,0.11704723750931584,0.38828222239630855,0.3322107706837561,0.43271209896023277,0.34849382145018715,0.060783860126605305,False,0.0,0.060783860126605305,0.07153660000039963,840,0.11180342553099698,112.94324650922863,90.59353393096126,3.7032613617975585,82.56127761126845,66.37679406823872,0.0
92,7656,Adam,-1.2306278944015503,-1.5900778488204146,87.879585,70.892555,88.33416077179677,70.76456917345405,0.16011369228363037,0.3027969360837506,-0.1426832438001202,0.10838400882582422,0.17972491297060122,0.10687181439653193,0.0,True,0.0,0.0,0.19771990000117512,60,0.09007558184132201,115.73323059082031,87.42986297607422,3.510505437850952,79.22676849365234,65.04344177246094,0.018475055694580078
92,7656,LBFGS,-1.2491029500961304,-1.5994984939038084,87.93118,70.90598,88.38161413221262,70.78764574873678,0.17858874797821045,0.3122175811671444,-0.13362883318893393,0.10838400882582422,0.17519939550827165,0.09745116931313813,0.0,True,0.0,0.0,1.0765965999999025,473,0.10142231160630896,115.86744689941406,87.5439224243164,3.517240285873413,79.27215576171875,65.07499694824219,0.0
92,7656,PSO,-1.2491029500961304,-1.5990914014992348,87.93124,70.90603,88.38134931787677,70.78802001480683,0.17858874797821045,0.3118104887625708,-0.13322174078436033,0.10838400882582422,0.17499226901111942,0.09785826171771173,1.1920928952302567e-08,True,0.0,0.0,0.02972840000074939,1220,0.10140098249623927,115.87007868657119,87.5439243259384,3.5172405262093775,79.27215736146809,65.07499823902162,0.0
92,7656,DE,-1.2490134239196777,-1.5974476294000717,87.93118,70.90617,88.38009408051772,70.78939111116941,0.1784992218017578,0.31016671666340767,-0.13166749486164986,0.10838400882582422,0.17421493630793589,0.09950203381687484,0.0,True,0.0,0.0,0.06958549999944807,1220,0.10126576460029879,115.87997355451455,87.54323552003252,3.5172365681490874,79.27207536896003,65.07472042413714,8.952617645263672e-05
92,7656,PSO+LBFGS,-1.2465064525604248,-1.6969496632169465,87.91623,70.89188,88.44311277651023,70.69385151162864,0.17599225044250488,0.4096687504802825,-0.23367650003777762,0.10838400882582422,0.22522284740287912,0.0,1.1920928952302567e-08,True,0.0,0.0,0.06726680000065244,840,0.11180341886699591,115.2015135938259,87.5439243259384,3.5172405262093775,79.27215736146809,65.07499823902162,0.0025964975357055664
93,7066,Adam,-0.7790281176567078,-0.0850659476597817,87.89184,71.567696,87.31808332963386,71.54984596761786,0.1604720950126648,0.5826760753444176,-0.42220398033175277,0.23604318908412789,0.177936593125274,0.49033244388058495,0.22469468550285399,False,0.22469468550285399,0.0,0.17478459999983897,60,0.08761207835159855,117.49748992919922,90.5651626586914,3.5638654232025146,80.04851531982422,66.17344665527344,0.018314838409423828
93,7066,LBFGS,-0.7973429560661316,-0.1375735132253194,87.899086,71.54165,87.33129719573806,71.53959040489042,0.17878693342208862,0.6351836409099552,-0.45639670748786654,0.23604318908412789,0.1707747427190977,0.43782487831504724,0.21148081939865904,False,0.21148081939865904,0.0,1.5114808999987872,437,0.10077147270962712,117.49658966064453,90.46807098388672,3.570380210876465,79.98975372314453,66.20480346679688,0.0
93,7066,PSO,-0.7973428964614868,-0.13757375098798086,87.89909,71.54165,87.33129748269052,71.5395913895125,0.17878687381744385,0.6351838786726167,-0.45639700485517287,0.23604318908412789,0.17077660692221736,0.4378246405523858,0.21148053244620257,False,0.21148053244620257,0.0,0.047480799999902956,1220,0.10077191573234552,117.49659589773309,90.46806876556184,3.5703804549677898,79.98975226856965,66.20480471190467,5.960464477539063e-08
93,7066,DE,-0.7972139120101929,-0.1408149325906859,87.8981,71.5411,87.33168879586994,71.53704688990808,0.1786578893661499,0.6384250602753216,-0.45976717090917174,0.23604318908412789,0.17104140398178547,0.43458345894968076,0.21108921926678192,False,0.21108921926678192,0.0,0.08032100000127684,1220,0.1004647719200953,117.48206776677587,90.46930978514514,3.570111889571924,79.99043320583506,66.20478993206667,0.0001290440559387207
93,7066,PSO+LBFGS,-0.7973428964614868,-0.13757321931341032,87.89909,71.54165,87.33129738852693,71.53959166380233,0.17878687381744385,0.6351833469980461,-0.4563964731806023,0.23604318908412789,0.1707765417680851,0.4378251722269563,0.2114806266097844,False,0.2114806266097844,0.0,0.07002769999962766,840,0.10077192477906224,117.49659737232635,90.46806876556184,3.5703804549677898,79.98975226856965,66.20480471190467,5.960464477539063e-08
94,7810,Adam,-1.8166096210479736,-2.347221108752138,88.83304,70.8685,88.92096100876223,70.16641201083984,0.1715337038040161,0.4441626002249899,-0.27262889642097377,0.19512710246799367,0.2653048279479265,0.061634698108888664,0.0,True,0.0,0.0,0.46273889999974926,60,0.09592218194737107,120.77400207519531,89.7205810546875,3.4803926944732666,78.63488006591797,64.27999114990234,0.01911163330078125
94,7810,LBFGS,-1.8357210159301758,-2.4067059944259586,88.882706,70.87735,89.00010919913454,70.14189156693666,0.19064509868621826,0.5036474858988103,-0.313002387212592,0.19512710246799367,0.28549373336353306,0.002149812435068288,0.0,True,0.0,0.0,0.2794791999986046,86,0.11080090935058123,120.64804077148438,89.83995819091797,3.4871416091918945,78.68556213378906,64.31088256835938,2.384185791015625e-07
94,7810,PSO,-1.8357212543487549,-2.406670919701664,88.88265,70.877304,89.00001992025592,70.1418723674399,0.19064533710479736,0.5036124111745155,-0.31296707406971813,0.19512710246799367,0.2854739420811607,0.002184887159363047,1.1920928952302567e-08,True,0.0,0.0,0.0303715000009106,1220,0.11078479160042683,120.64803907590522,89.83937316284224,3.4871418373796814,78.68556385716602,64.31088382789812,0.0
94,7810,DE,-1.8355416059494019,-2.4055595691315075,88.8815,70.87674,88.99802367342343,70.14192462467068,0.19046568870544434,0.5025010606043592,-0.31203537189891484,0.19512710246799367,0.28501111950982155,0.003296237729519369,0.0,True,0.0,0.0,0.05477289999907953,1220,0.1104170901717447,120.64954182739375,89.83155547870685,3.487000706425436,78.68498816079122,64.31069285902574,0.00017964839935302734
94,7810,PSO+LBFGS,-1.8357043266296387,-2.408855806861027,88.88601,70.87978,89.00549888019492,70.14298626148116,0.19062840938568115,0.5057972983338785,-0.3151688889481974,0.19512710246799367,0.2865743964159497,0.0,1.1920928952302567e-08,True,0.0,0.0,0.07163450000007288,840,0.11180341886699591,120.64803907590522,89.87487237322875,3.4871418373796814,78.68556385716602,64.31088382789812,1.6927719116210938e-05
95,7136,Adam,0.25083065032958984,0.35865210285393845,89.194305,74.22235,89.83005709674694,74.88818153749472,0.45499515533447266,0.13363846172043986,0.3213566936140328,0.32954607756765913,0.41705937992556974,0.35662003470948667,0.06182655702596662,False,0.0,0.06182655702596662,0.1946327999994537,60,0.09862801151288438,112.49010467529297,90.4196548461914,3.697521686553955,82.69850158691406,66.35948944091797,0.0553109347820282
95,7136,LBFGS,0.19552037119865417,0.3620933588559132,89.24405,74.17874,89.86100346818844,74.89748728320038,0.5103054344654083,0.1301972057184651,0.3801082287469432,0.32954607756765913,0.4294396199157149,0.3600612907114614,0.07113230273162685,False,0.0,0.07113230273162685,1.1896424000005936,481,0.11180256944762834,112.6243667602539,90.33394622802734,3.6917920112609863,82.65612030029297,66.39055633544922,6.556510925292969e-07
95,7136,PSO,0.19551971554756165,0.36209949048758094,89.24406,74.17874,89.8610057172267,74.89749088363088,0.5103060901165009,0.13019107408679736,0.3801150160297035,0.32954607756765913,0.4294392337703672,0.36006742234312916,0.07113590316212992,False,0.0,0.07113590316212992,0.02204170000004524,1220,0.11180342553099698,112.62438334332705,90.33394385204383,3.691791520096217,82.65611849921152,66.3905574216592,0.0
95,7136,DE,0.1962745189666748,0.3546888374099094,89.24102,74.17743,89.85939459886586,74.89330744313298,0.5095512866973877,0.1376017271644689,0.3719495595329188,0.32954607756765913,0.4288889275827495,0.35265676926545764,0.06695246266423283,False,0.0,0.06695246266423283,0.058122200000070734,1220,0.1112624785691418,112.61058388910024,90.33403585914603,3.692175730017219,82.65632089020308,66.38996310364281,0.0007548034191131592
95,7136,PSO+LBFGS,0.19551971554756165,0.36209949048758094,89.24406,74.17874,89.8610057172267,74.89749088363088,0.5103060901165009,0.13019107408679736,0.3801150160297035,0.32954607756765913,0.4294392337703672,0.36006742234312916,0.07113590316212992,False,0.0,0.07113590316212992,0.07202420000066923,840,0.11180342553099698,112.62438334332705,90.33394385204383,3.691791520096217,82.65611849921152,66.3905574216592,0.0
96,6945,Adam,-1.9678298234939575,-2.3306437329377387,88.860016,70.67018,89.22642117860497,70.459658374457,0.1457918882369995,0.3930084995269776,-0.24721661128997807,0.059498148066080114,0.18140757610760294,0.059000633448495154,0.0,True,0.0,0.0,0.2324949000012566,60,0.09578885578302299,116.74746704101562,85.5892105102539,3.683683156967163,79.21617889404297,64.04316711425781,0.01588618755340576
96,6945,LBFGS,-1.9837156534194946,-2.3896411619646107,88.90688,70.68073,89.30621870802976,70.43585795900407,0.16167771816253662,0.4520059285538496,-0.29032821039131296,0.059498148066080114,0.20296369749618925,3.2044216231597034e-06,0.0,True,0.0,0.0,0.23314269999900716,83,0.11180267025319533,116.61775207519531,85.72894287109375,3.689995765686035,79.27720642089844,64.07439422607422,3.5762786865234375e-07
96,6945,PSO,-1.9837160110473633,-2.389644366386234,88.90688,70.68073,89.30622391652949,70.43585745917777,0.16167807579040527,0.45200913297547274,-0.29033105718506746,0.059498148066080114,0.2029654277630263,0.0,1.1920928952302567e-08,True,0.0,0.0,0.02674719999959052,1220,0.11180341886699591,116.61775066631981,85.72896007787472,3.689995786285749,79.2772080988425,64.07439548015873,0.0
96,6945,DE,-1.9835805892944336,-2.386624142624828,88.904655,70.67929,89.30063368117048,70.43570082801864,0.16154265403747559,0.44898890921406664,-0.28744625517659106,0.059498148066080114,0.20152076267227237,0.0030202237614060934,0.0,True,0.0,0.0,0.06045730000005278,1220,0.1111311458118654,116.61787516037425,85.70809078663072,3.6898725600634927,79.2770448715599,64.07438799623112,0.0001354217529296875
96,6945,PSO+LBFGS,-1.9837160110473633,-2.389644366386234,88.90688,70.68073,89.30622391652949,70.43585745917777,0.16167807579040527,0.45200913297547274,-0.29033105718506746,0.059498148066080114,0.2029654277630263,0.0,1.1920928952302567e-08,True,0.0,0.0,0.06612549999954354,840,0.11180341886699591,116.61775066631981,85.72896007787472,3.689995786285749,79.2772080988425,64.07439548015873,0.0
97,7605,Adam,-1.756609320640564,-2.4033123907685123,88.871864,70.99354,89.59873082896175,70.68319950794458,0.10245621204376221,0.12683661956165748,-0.024380407517895275,0.31116048291510523,0.3233533348593701,0.1617148395810979,0.0,True,0.0,0.0,0.3198753000015131,60,0.08911988084510994,113.26994323730469,86.26517486572266,3.633333444595337,79.61067199707031,65.16734313964844,0.01081693172454834
97,7605,LBFGS,-1.7674262523651123,-2.4195946040589678,88.9149,71.00982,89.64763076801738,70.6966225309547,0.11327314376831055,0.1431188328521129,-0.029845689083802363,0.31116048291510523,0.3260821908993204,0.14543262629064246,0.0,True,0.0,0.0,1.0570296000005328,446,0.10248537165757596,113.32913208007812,86.3647689819336,3.639887571334839,79.66384887695312,65.19940185546875,0.0
97,7605,PSO,-1.7673851251602173,-2.423037557816777,88.91831,71.012,89.65638639840617,70.6983798506615,0.11323201656341553,0.14656178660992225,-0.033329770046506724,0.31116048291510523,0.3278278568581231,0.14198967253283312,1.1920928952302567e-08,True,0.0,0.0,0.04142829999909736,1220,0.1044486612938124,113.34673723701921,86.42101478740096,3.639887587867179,79.66385052458008,65.19940306298031,4.112720489501953e-05
97,7605,DE,-1.767408847808838,-2.422408628122869,88.913414,71.00881,89.6474999832522,70.69264383368797,0.11325573921203613,0.14593285691601432,-0.03267711770397819,0.31116048291510523,0.32750009304179156,0.14261860222674105,0.0,True,0.0,0.0,0.08173229999920295,1220,0.10187364328402548,113.29790992155345,86.3591197904431,3.639867979470624,79.66384071394059,65.19937764909182,1.7404556274414062e-05
97,7605,PSO+LBFGS,-1.7673851251602173,-2.4235446925029063,88.91814,71.01187,89.6565141152746,70.69777713664116,0.11323201656341553,0.14706892129605142,-0.0338369047326359,0.31116048291510523,0.3280796738076875,0.14148253784670395,1.1920928952302567e-08,True,0.0,0.0,0.06901949999883072,840,0.1043821511190936,113.34208258727199,86.42101478740096,3.639887587867179,79.66385052458008,65.19940306298031,4.112720489501953e-05
98,7442,Adam,-1.9162436723709106,-1.9354529123697937,89.67926,71.467514,89.80962735681199,71.55402782643242,0.09367597103118896,-0.12462996752056954,0.2183059385517585,0.11875761412759275,0.06849643572019139,0.35694677078600856,0.0,True,0.0,0.0,0.1863499999999476,60,0.09445790220359211,114.66120147705078,85.01268768310547,3.7910773754119873,80.3258285522461,66.18824005126953,0.009547591209411621
98,7442,LBFGS,-1.9257912635803223,-1.9005460526101474,89.70696,71.472374,89.79190316127067,71.58420576537391,0.10322356224060059,-0.1595368272802158,0.2627603895208164,0.11875761412759275,0.0635069410261354,0.3918536305456548,0.0,True,0.0,0.0,1.774832900000547,473,0.10690380204547663,114.81504821777344,84.90371704101562,3.7970988750457764,80.32453918457031,66.22041320800781,0.0
98,7442,PSO,-1.9257910251617432,-1.900510856817029,89.707054,71.47246,89.79195807555008,71.58431529980652,0.10322332382202148,-0.15957202307333418,0.26279534689535566,0.11875761412759275,0.06350468364428262,0.3918888263387732,1.1920928952302567e-08,True,0.0,0.0,0.04070700000011129,1220,0.10688435530435263,114.81504988369716,84.90371525185105,3.797099115340643,80.32495365620524,66.22041448680693,2.384185791015625e-07
98,7442,DE,-1.9257467985153198,-1.9020309075468522,89.70311,71.46866,89.78968398823449,71.57968150546859,0.10317909717559814,-0.15805197234351098,0.2612310695191091,0.11875761412759275,0.06372101562412599,0.39036877560895,0.0,True,0.0,0.0,0.06607269999949494,1220,0.10769566916276799,114.81464406297833,84.90405279810645,3.797055969188754,80.30747461457858,66.22036116452686,4.4465065002441406e-05
98,7442,PSO+LBFGS,-1.9257910251617432,-1.9005107860002552,89.707054,71.47246,89.79195818708749,71.58431552162949,0.10322332382202148,-0.15957209389010796,0.26279541771212944,0.11875761412759275,0.06350479255552308,0.391888897155547,1.1920928952302567e-08,True,0.0,0.0,0.08197040000050038,840,0.10688431510517524,114.81504988369716,84.90371525185105,3.797099115340643,80.32495449980695,66.22041448680693,2.384185791015625e-07
99,7715,Adam,-2.1642701625823975,-2.4976254081152693,89.53337,70.97813,89.64019589397473,70.58243964427136,0.11941742897033691,0.255068551763058,-0.13565112279272107,0.10904314522551478,0.16667750409283832,0.08189590202776076,0.0,True,0.0,0.0,0.32633829999940644,60,0.08623897603034343,116.88410186767578,88.85020446777344,3.4537487030029297,79.384521484375,66.19120788574219,0.01365971565246582
99,7715,LBFGS,-2.1779298782348633,-2.5318195315253065,89.57043,70.98489,89.6975751897815,70.57692373677314,0.13307714462280273,0.2892626751730951,-0.15618553055029238,0.10904314522551478,0.17694591488816389,0.04770177861772362,0.0,True,0.0,0.0,1.4681663999999728,426,0.10042796031229928,116.73655700683594,88.96179962158203,3.4612843990325928,79.35975646972656,66.2225112915039,0.0
99,7715,PSO,-2.177929639816284,-2.5318206229243208,89.57043,70.98489,89.69757712880032,70.57692371101817,0.13307690620422363,0.2892637665721094,-0.15618686036788576,0.10904314522551478,0.17694650446343346,0.04770068721870935,1.1920928952302567e-08,True,0.0,0.0,0.030336699999679695,1220,0.10042825333771485,116.73655585184224,88.96180174911501,3.4612846375014783,79.35975874272556,66.2225124292031,2.384185791015625e-07
99,7715,DE,-2.177900791168213,-2.5300071631441234,89.56942,70.98399,89.69557602244029,70.57777389208029,0.13304805755615234,0.2874503067919121,-0.15440224923575974,0.10904314522551478,0.17605295797261356,0.04951414699890666,0.0,True,0.0,0.0,0.06756289999975706,1220,0.1005409774134568,116.73713051202293,88.96177432025883,3.461261670262293,79.34899181210103,66.22245554227453,2.9087066650390625e-05
99,7715,PSO+LBFGS,-2.177929401397705,-2.531850889343743,89.57044,70.98491,89.69761026821541,70.57690951602025,0.13307666778564453,0.28929403299153167,-0.15621736520588714,0.10904314522551478,0.17696188553017317,0.04767042079928707,1.1920928952302567e-08,True,0.0,0.0,0.0770474999990256,840,0.1004258516974782,116.73655585184224,88.96180174911501,3.4612846375014783,79.35995191693121,66.2225124292031,4.76837158203125e-07
